time,Measurement,DA_1,DA_2,DA_3,HA,RT,HA_ub,HA_lb
1989-01-01 00:00:00,0.0,0.0,0,0,0,0,0,0
1989-01-01 01:00:00,0.0,0.0,0,0,0,0,0,0
1989-01-01 02:00:00,0.0,0.0,0,0,0,0,0,0
1989-01-01 03:00:00,0.0,0.0,0,0,0,0,0,0
1989-01-01 04:00:00,0.0,0.0,0,0,0,0,0,0
1989-01-01 05:00:00,0.0,0.0,0,0,0,0,0,0
1989-01-01 06:00:00,0.0,0.0,0,0,0,0,0,0
1989-01-01 07:00:00,0.0,0.0,0,0,0,0,0,0
1989-01-01 08:00:00,0.1001,0.1001,0,0,0,0,0,0
1989-01-01 09:00:00,0.3356,0.3356,0,0,0,0,0,0
1989-01-01 10:00:00,0.517,0.517,0,0,0,0,0,0
1989-01-01 11:00:00,0.6317,0.6317,0,0,0,0,0,0
1989-01-01 12:00:00,0.65,0.65,0,0,0,0,0,0
1989-01-01 13:00:00,0.6104,0.6104,0,0,0,0,0,0
1989-01-01 14:00:00,0.5037,0.5037,0,0,0,0,0,0
1989-01-01 15:00:00,0.3125,0.3125,0,0,0,0,0,0
1989-01-01 16:00:00,0.0326,0.0326,0,0,0,0,0,0
1989-01-01 17:00:00,0.0,0.0,0,0,0,0,0,0
1989-01-01 18:00:00,0.0,0.0,0,0,0,0,0,0
1989-01-01 19:00:00,0.0,0.0,0,0,0,0,0,0
1989-01-01 20:00:00,0.0,0.0,0,0,0,0,0,0
1989-01-01 21:00:00,0.0,0.0,0,0,0,0,0,0
1989-01-01 22:00:00,0.0,0.0,0,0,0,0,0,0
1989-01-01 23:00:00,0.0,0.0,0,0,0,0,0,0
1989-01-02 00:00:00,0.0,0.0,0,0,0,0,0,0
1989-01-02 01:00:00,0.0,0.0,0,0,0,0,0,0
1989-01-02 02:00:00,0.0,0.0,0,0,0,0,0,0
1989-01-02 03:00:00,0.0,0.0,0,0,0,0,0,0
1989-01-02 04:00:00,0.0,0.0,0,0,0,0,0,0
1989-01-02 05:00:00,0.0,0.0,0,0,0,0,0,0
1989-01-02 06:00:00,0.0,0.0,0,0,0,0,0,0
1989-01-02 07:00:00,0.0,0.0,0,0,0,0,0,0
1989-01-02 08:00:00,0.0948,0.0948,0,0,0,0,0,0
1989-01-02 09:00:00,0.3382,0.3382,0,0,0,0,0,0
1989-01-02 10:00:00,0.5276,0.5276,0,0,0,0,0,0
1989-01-02 11:00:00,0.6165,0.6165,0,0,0,0,0,0
1989-01-02 12:00:00,0.6455,0.6455,0,0,0,0,0,0
1989-01-02 13:00:00,0.6208,0.6208,0,0,0,0,0,0
1989-01-02 14:00:00,0.5081,0.5081,0,0,0,0,0,0
1989-01-02 15:00:00,0.3154,0.3154,0,0,0,0,0,0
1989-01-02 16:00:00,0.041,0.041,0,0,0,0,0,0
1989-01-02 17:00:00,0.0,0.0,0,0,0,0,0,0
1989-01-02 18:00:00,0.0,0.0,0,0,0,0,0,0
1989-01-02 19:00:00,0.0,0.0,0,0,0,0,0,0
1989-01-02 20:00:00,0.0,0.0,0,0,0,0,0,0
1989-01-02 21:00:00,0.0,0.0,0,0,0,0,0,0
1989-01-02 22:00:00,0.0,0.0,0,0,0,0,0,0
1989-01-02 23:00:00,0.0,0.0,0,0,0,0,0,0
1989-01-03 00:00:00,0.0,0.0,0,0,0,0,0,0
1989-01-03 01:00:00,0.0,0.0,0,0,0,0,0,0
1989-01-03 02:00:00,0.0,0.0,0,0,0,0,0,0
1989-01-03 03:00:00,0.0,0.0,0,0,0,0,0,0
1989-01-03 04:00:00,0.0,0.0,0,0,0,0,0,0
1989-01-03 05:00:00,0.0,0.0,0,0,0,0,0,0
1989-01-03 06:00:00,0.0,0.0,0,0,0,0,0,0
1989-01-03 07:00:00,0.0,0.0,0,0,0,0,0,0
1989-01-03 08:00:00,0.0113,0.0113,0,0,0,0,0,0
1989-01-03 09:00:00,0.0617,0.0617,0,0,0,0,0,0
1989-01-03 10:00:00,0.1143,0.1143,0,0,0,0,0,0
1989-01-03 11:00:00,0.1543,0.1543,0,0,0,0,0,0
1989-01-03 12:00:00,0.1603,0.1603,0,0,0,0,0,0
1989-01-03 13:00:00,0.1486,0.1486,0,0,0,0,0,0
1989-01-03 14:00:00,0.1838,0.1838,0,0,0,0,0,0
1989-01-03 15:00:00,0.1749,0.1749,0,0,0,0,0,0
1989-01-03 16:00:00,0.0279,0.0279,0,0,0,0,0,0
1989-01-03 17:00:00,0.0,0.0,0,0,0,0,0,0
1989-01-03 18:00:00,0.0,0.0,0,0,0,0,0,0
1989-01-03 19:00:00,0.0,0.0,0,0,0,0,0,0
1989-01-03 20:00:00,0.0,0.0,0,0,0,0,0,0
1989-01-03 21:00:00,0.0,0.0,0,0,0,0,0,0
1989-01-03 22:00:00,0.0,0.0,0,0,0,0,0,0
1989-01-03 23:00:00,0.0,0.0,0,0,0,0,0,0
1989-01-04 00:00:00,0.0,0.0,0,0,0,0,0,0
1989-01-04 01:00:00,0.0,0.0,0,0,0,0,0,0
1989-01-04 02:00:00,0.0,0.0,0,0,0,0,0,0
1989-01-04 03:00:00,0.0,0.0,0,0,0,0,0,0
1989-01-04 04:00:00,0.0,0.0,0,0,0,0,0,0
1989-01-04 05:00:00,0.0,0.0,0,0,0,0,0,0
1989-01-04 06:00:00,0.0,0.0,0,0,0,0,0,0
1989-01-04 07:00:00,0.0,0.0,0,0,0,0,0,0
1989-01-04 08:00:00,0.0617,0.0617,0,0,0,0,0,0
1989-01-04 09:00:00,0.193,0.193,0,0,0,0,0,0
1989-01-04 10:00:00,0.2753,0.2753,0,0,0,0,0,0
1989-01-04 11:00:00,0.3078,0.3078,0,0,0,0,0,0
1989-01-04 12:00:00,0.2932,0.2932,0,0,0,0,0,0
1989-01-04 13:00:00,0.3322,0.3322,0,0,0,0,0,0
1989-01-04 14:00:00,0.3168,0.3168,0,0,0,0,0,0
1989-01-04 15:00:00,0.221,0.221,0,0,0,0,0,0
1989-01-04 16:00:00,0.0406,0.0406,0,0,0,0,0,0
1989-01-04 17:00:00,0.0,0.0,0,0,0,0,0,0
1989-01-04 18:00:00,0.0,0.0,0,0,0,0,0,0
1989-01-04 19:00:00,0.0,0.0,0,0,0,0,0,0
1989-01-04 20:00:00,0.0,0.0,0,0,0,0,0,0
1989-01-04 21:00:00,0.0,0.0,0,0,0,0,0,0
1989-01-04 22:00:00,0.0,0.0,0,0,0,0,0,0
1989-01-04 23:00:00,0.0,0.0,0,0,0,0,0,0
1989-01-05 00:00:00,0.0,0.0,0,0,0,0,0,0
1989-01-05 01:00:00,0.0,0.0,0,0,0,0,0,0
1989-01-05 02:00:00,0.0,0.0,0,0,0,0,0,0
1989-01-05 03:00:00,0.0,0.0,0,0,0,0,0,0
1989-01-05 04:00:00,0.0,0.0,0,0,0,0,0,0
1989-01-05 05:00:00,0.0,0.0,0,0,0,0,0,0
1989-01-05 06:00:00,0.0,0.0,0,0,0,0,0,0
1989-01-05 07:00:00,0.0,0.0,0,0,0,0,0,0
1989-01-05 08:00:00,0.0564,0.0564,0,0,0,0,0,0
1989-01-05 09:00:00,0.1641,0.1641,0,0,0,0,0,0
1989-01-05 10:00:00,0.237,0.237,0,0,0,0,0,0
1989-01-05 11:00:00,0.3444,0.3444,0,0,0,0,0,0
1989-01-05 12:00:00,0.4165,0.4165,0,0,0,0,0,0
1989-01-05 13:00:00,0.4021,0.4021,0,0,0,0,0,0
1989-01-05 14:00:00,0.3672,0.3672,0,0,0,0,0,0
1989-01-05 15:00:00,0.2398,0.2398,0,0,0,0,0,0
1989-01-05 16:00:00,0.0346,0.0346,0,0,0,0,0,0
1989-01-05 17:00:00,0.0,0.0,0,0,0,0,0,0
1989-01-05 18:00:00,0.0,0.0,0,0,0,0,0,0
1989-01-05 19:00:00,0.0,0.0,0,0,0,0,0,0
1989-01-05 20:00:00,0.0,0.0,0,0,0,0,0,0
1989-01-05 21:00:00,0.0,0.0,0,0,0,0,0,0
1989-01-05 22:00:00,0.0,0.0,0,0,0,0,0,0
1989-01-05 23:00:00,0.0,0.0,0,0,0,0,0,0
1989-01-06 00:00:00,0.0,0.0,0,0,0,0,0,0
1989-01-06 01:00:00,0.0,0.0,0,0,0,0,0,0
1989-01-06 02:00:00,0.0,0.0,0,0,0,0,0,0
1989-01-06 03:00:00,0.0,0.0,0,0,0,0,0,0
1989-01-06 04:00:00,0.0,0.0,0,0,0,0,0,0
1989-01-06 05:00:00,0.0,0.0,0,0,0,0,0,0
1989-01-06 06:00:00,0.0,0.0,0,0,0,0,0,0
1989-01-06 07:00:00,0.0,0.0,0,0,0,0,0,0
1989-01-06 08:00:00,0.0075,0.0075,0,0,0,0,0,0
1989-01-06 09:00:00,0.0288,0.0288,0,0,0,0,0,0
1989-01-06 10:00:00,0.0406,0.0406,0,0,0,0,0,0
1989-01-06 11:00:00,0.0479,0.0479,0,0,0,0,0,0
1989-01-06 12:00:00,0.0442,0.0442,0,0,0,0,0,0
1989-01-06 13:00:00,0.0293,0.0293,0,0,0,0,0,0
1989-01-06 14:00:00,0.017,0.017,0,0,0,0,0,0
1989-01-06 15:00:00,0.0103,0.0103,0,0,0,0,0,0
1989-01-06 16:00:00,0.0,0.0,0,0,0,0,0,0
1989-01-06 17:00:00,0.0,0.0,0,0,0,0,0,0
1989-01-06 18:00:00,0.0,0.0,0,0,0,0,0,0
1989-01-06 19:00:00,0.0,0.0,0,0,0,0,0,0
1989-01-06 20:00:00,0.0,0.0,0,0,0,0,0,0
1989-01-06 21:00:00,0.0,0.0,0,0,0,0,0,0
1989-01-06 22:00:00,0.0,0.0,0,0,0,0,0,0
1989-01-06 23:00:00,0.0,0.0,0,0,0,0,0,0
1989-01-07 00:00:00,0.0,0.0,0,0,0,0,0,0
1989-01-07 01:00:00,0.0,0.0,0,0,0,0,0,0
1989-01-07 02:00:00,0.0,0.0,0,0,0,0,0,0
1989-01-07 03:00:00,0.0,0.0,0,0,0,0,0,0
1989-01-07 04:00:00,0.0,0.0,0,0,0,0,0,0
1989-01-07 05:00:00,0.0,0.0,0,0,0,0,0,0
1989-01-07 06:00:00,0.0,0.0,0,0,0,0,0,0
1989-01-07 07:00:00,0.0,0.0,0,0,0,0,0,0
1989-01-07 08:00:00,0.1127,0.1127,0,0,0,0,0,0
1989-01-07 09:00:00,0.3564,0.3564,0,0,0,0,0,0
1989-01-07 10:00:00,0.4895,0.4895,0,0,0,0,0,0
1989-01-07 11:00:00,0.5753,0.5753,0,0,0,0,0,0
1989-01-07 12:00:00,0.6152,0.6152,0,0,0,0,0,0
1989-01-07 13:00:00,0.5468,0.5468,0,0,0,0,0,0
1989-01-07 14:00:00,0.4415,0.4415,0,0,0,0,0,0
1989-01-07 15:00:00,0.2874,0.2874,0,0,0,0,0,0
1989-01-07 16:00:00,0.0586,0.0586,0,0,0,0,0,0
1989-01-07 17:00:00,0.0,0.0,0,0,0,0,0,0
1989-01-07 18:00:00,0.0,0.0,0,0,0,0,0,0
1989-01-07 19:00:00,0.0,0.0,0,0,0,0,0,0
1989-01-07 20:00:00,0.0,0.0,0,0,0,0,0,0
1989-01-07 21:00:00,0.0,0.0,0,0,0,0,0,0
1989-01-07 22:00:00,0.0,0.0,0,0,0,0,0,0
1989-01-07 23:00:00,0.0,0.0,0,0,0,0,0,0
1989-01-08 00:00:00,0.0,0.0,0,0,0,0,0,0
1989-01-08 01:00:00,0.0,0.0,0,0,0,0,0,0
1989-01-08 02:00:00,0.0,0.0,0,0,0,0,0,0
1989-01-08 03:00:00,0.0,0.0,0,0,0,0,0,0
1989-01-08 04:00:00,0.0,0.0,0,0,0,0,0,0
1989-01-08 05:00:00,0.0,0.0,0,0,0,0,0,0
1989-01-08 06:00:00,0.0,0.0,0,0,0,0,0,0
1989-01-08 07:00:00,0.0,0.0,0,0,0,0,0,0
1989-01-08 08:00:00,0.0767,0.0767,0,0,0,0,0,0
1989-01-08 09:00:00,0.2778,0.2778,0,0,0,0,0,0
1989-01-08 10:00:00,0.4674,0.4674,0,0,0,0,0,0
1989-01-08 11:00:00,0.6063,0.6063,0,0,0,0,0,0
1989-01-08 12:00:00,0.6233,0.6233,0,0,0,0,0,0
1989-01-08 13:00:00,0.5819,0.5819,0,0,0,0,0,0
1989-01-08 14:00:00,0.492,0.492,0,0,0,0,0,0
1989-01-08 15:00:00,0.3137,0.3137,0,0,0,0,0,0
1989-01-08 16:00:00,0.0709,0.0709,0,0,0,0,0,0
1989-01-08 17:00:00,0.0,0.0,0,0,0,0,0,0
1989-01-08 18:00:00,0.0,0.0,0,0,0,0,0,0
1989-01-08 19:00:00,0.0,0.0,0,0,0,0,0,0
1989-01-08 20:00:00,0.0,0.0,0,0,0,0,0,0
1989-01-08 21:00:00,0.0,0.0,0,0,0,0,0,0
1989-01-08 22:00:00,0.0,0.0,0,0,0,0,0,0
1989-01-08 23:00:00,0.0,0.0,0,0,0,0,0,0
1989-01-09 00:00:00,0.0,0.0,0,0,0,0,0,0
1989-01-09 01:00:00,0.0,0.0,0,0,0,0,0,0
1989-01-09 02:00:00,0.0,0.0,0,0,0,0,0,0
1989-01-09 03:00:00,0.0,0.0,0,0,0,0,0,0
1989-01-09 04:00:00,0.0,0.0,0,0,0,0,0,0
1989-01-09 05:00:00,0.0,0.0,0,0,0,0,0,0
1989-01-09 06:00:00,0.0,0.0,0,0,0,0,0,0
1989-01-09 07:00:00,0.0,0.0,0,0,0,0,0,0
1989-01-09 08:00:00,0.044,0.044,0,0,0,0,0,0
1989-01-09 09:00:00,0.1178,0.1178,0,0,0,0,0,0
1989-01-09 10:00:00,0.1428,0.1428,0,0,0,0,0,0
1989-01-09 11:00:00,0.1396,0.1396,0,0,0,0,0,0
1989-01-09 12:00:00,0.1229,0.1229,0,0,0,0,0,0
1989-01-09 13:00:00,0.1114,0.1114,0,0,0,0,0,0
1989-01-09 14:00:00,0.088,0.088,0,0,0,0,0,0
1989-01-09 15:00:00,0.0541,0.0541,0,0,0,0,0,0
1989-01-09 16:00:00,0.0059,0.0059,0,0,0,0,0,0
1989-01-09 17:00:00,0.0,0.0,0,0,0,0,0,0
1989-01-09 18:00:00,0.0,0.0,0,0,0,0,0,0
1989-01-09 19:00:00,0.0,0.0,0,0,0,0,0,0
1989-01-09 20:00:00,0.0,0.0,0,0,0,0,0,0
1989-01-09 21:00:00,0.0,0.0,0,0,0,0,0,0
1989-01-09 22:00:00,0.0,0.0,0,0,0,0,0,0
1989-01-09 23:00:00,0.0,0.0,0,0,0,0,0,0
1989-01-10 00:00:00,0.0,0.0,0,0,0,0,0,0
1989-01-10 01:00:00,0.0,0.0,0,0,0,0,0,0
1989-01-10 02:00:00,0.0,0.0,0,0,0,0,0,0
1989-01-10 03:00:00,0.0,0.0,0,0,0,0,0,0
1989-01-10 04:00:00,0.0,0.0,0,0,0,0,0,0
1989-01-10 05:00:00,0.0,0.0,0,0,0,0,0,0
1989-01-10 06:00:00,0.0,0.0,0,0,0,0,0,0
1989-01-10 07:00:00,0.0,0.0,0,0,0,0,0,0
1989-01-10 08:00:00,0.0065,0.0065,0,0,0,0,0,0
1989-01-10 09:00:00,0.0426,0.0426,0,0,0,0,0,0
1989-01-10 10:00:00,0.0971,0.0971,0,0,0,0,0,0
1989-01-10 11:00:00,0.1392,0.1392,0,0,0,0,0,0
1989-01-10 12:00:00,0.1729,0.1729,0,0,0,0,0,0
1989-01-10 13:00:00,0.1783,0.1783,0,0,0,0,0,0
1989-01-10 14:00:00,0.1191,0.1191,0,0,0,0,0,0
1989-01-10 15:00:00,0.0556,0.0556,0,0,0,0,0,0
1989-01-10 16:00:00,0.0085,0.0085,0,0,0,0,0,0
1989-01-10 17:00:00,0.0,0.0,0,0,0,0,0,0
1989-01-10 18:00:00,0.0,0.0,0,0,0,0,0,0
1989-01-10 19:00:00,0.0,0.0,0,0,0,0,0,0
1989-01-10 20:00:00,0.0,0.0,0,0,0,0,0,0
1989-01-10 21:00:00,0.0,0.0,0,0,0,0,0,0
1989-01-10 22:00:00,0.0,0.0,0,0,0,0,0,0
1989-01-10 23:00:00,0.0,0.0,0,0,0,0,0,0
1989-01-11 00:00:00,0.0,0.0,0,0,0,0,0,0
1989-01-11 01:00:00,0.0,0.0,0,0,0,0,0,0
1989-01-11 02:00:00,0.0,0.0,0,0,0,0,0,0
1989-01-11 03:00:00,0.0,0.0,0,0,0,0,0,0
1989-01-11 04:00:00,0.0,0.0,0,0,0,0,0,0
1989-01-11 05:00:00,0.0,0.0,0,0,0,0,0,0
1989-01-11 06:00:00,0.0,0.0,0,0,0,0,0,0
1989-01-11 07:00:00,0.0,0.0,0,0,0,0,0,0
1989-01-11 08:00:00,0.0051,0.0051,0,0,0,0,0,0
1989-01-11 09:00:00,0.0335,0.0335,0,0,0,0,0,0
1989-01-11 10:00:00,0.0528,0.0528,0,0,0,0,0,0
1989-01-11 11:00:00,0.0783,0.0783,0,0,0,0,0,0
1989-01-11 12:00:00,0.0975,0.0975,0,0,0,0,0,0
1989-01-11 13:00:00,0.0781,0.0781,0,0,0,0,0,0
1989-01-11 14:00:00,0.0498,0.0498,0,0,0,0,0,0
1989-01-11 15:00:00,0.027,0.027,0,0,0,0,0,0
1989-01-11 16:00:00,0.0022,0.0022,0,0,0,0,0,0
1989-01-11 17:00:00,0.0,0.0,0,0,0,0,0,0
1989-01-11 18:00:00,0.0,0.0,0,0,0,0,0,0
1989-01-11 19:00:00,0.0,0.0,0,0,0,0,0,0
1989-01-11 20:00:00,0.0,0.0,0,0,0,0,0,0
1989-01-11 21:00:00,0.0,0.0,0,0,0,0,0,0
1989-01-11 22:00:00,0.0,0.0,0,0,0,0,0,0
1989-01-11 23:00:00,0.0,0.0,0,0,0,0,0,0
1989-01-12 00:00:00,0.0,0.0,0,0,0,0,0,0
1989-01-12 01:00:00,0.0,0.0,0,0,0,0,0,0
1989-01-12 02:00:00,0.0,0.0,0,0,0,0,0,0
1989-01-12 03:00:00,0.0,0.0,0,0,0,0,0,0
1989-01-12 04:00:00,0.0,0.0,0,0,0,0,0,0
1989-01-12 05:00:00,0.0,0.0,0,0,0,0,0,0
1989-01-12 06:00:00,0.0,0.0,0,0,0,0,0,0
1989-01-12 07:00:00,0.0,0.0,0,0,0,0,0,0
1989-01-12 08:00:00,0.0185,0.0185,0,0,0,0,0,0
1989-01-12 09:00:00,0.1028,0.1028,0,0,0,0,0,0
1989-01-12 10:00:00,0.1691,0.1691,0,0,0,0,0,0
1989-01-12 11:00:00,0.2588,0.2588,0,0,0,0,0,0
1989-01-12 12:00:00,0.3161,0.3161,0,0,0,0,0,0
1989-01-12 13:00:00,0.2628,0.2628,0,0,0,0,0,0
1989-01-12 14:00:00,0.1686,0.1686,0,0,0,0,0,0
1989-01-12 15:00:00,0.0755,0.0755,0,0,0,0,0,0
1989-01-12 16:00:00,0.0169,0.0169,0,0,0,0,0,0
1989-01-12 17:00:00,0.0,0.0,0,0,0,0,0,0
1989-01-12 18:00:00,0.0,0.0,0,0,0,0,0,0
1989-01-12 19:00:00,0.0,0.0,0,0,0,0,0,0
1989-01-12 20:00:00,0.0,0.0,0,0,0,0,0,0
1989-01-12 21:00:00,0.0,0.0,0,0,0,0,0,0
1989-01-12 22:00:00,0.0,0.0,0,0,0,0,0,0
1989-01-12 23:00:00,0.0,0.0,0,0,0,0,0,0
1989-01-13 00:00:00,0.0,0.0,0,0,0,0,0,0
1989-01-13 01:00:00,0.0,0.0,0,0,0,0,0,0
1989-01-13 02:00:00,0.0,0.0,0,0,0,0,0,0
1989-01-13 03:00:00,0.0,0.0,0,0,0,0,0,0
1989-01-13 04:00:00,0.0,0.0,0,0,0,0,0,0
1989-01-13 05:00:00,0.0,0.0,0,0,0,0,0,0
1989-01-13 06:00:00,0.0,0.0,0,0,0,0,0,0
1989-01-13 07:00:00,0.0,0.0,0,0,0,0,0,0
1989-01-13 08:00:00,0.0339,0.0339,0,0,0,0,0,0
1989-01-13 09:00:00,0.1804,0.1804,0,0,0,0,0,0
1989-01-13 10:00:00,0.409,0.409,0,0,0,0,0,0
1989-01-13 11:00:00,0.5668,0.5668,0,0,0,0,0,0
1989-01-13 12:00:00,0.6006,0.6006,0,0,0,0,0,0
1989-01-13 13:00:00,0.5779,0.5779,0,0,0,0,0,0
1989-01-13 14:00:00,0.4869,0.4869,0,0,0,0,0,0
1989-01-13 15:00:00,0.3222,0.3222,0,0,0,0,0,0
1989-01-13 16:00:00,0.0905,0.0905,0,0,0,0,0,0
1989-01-13 17:00:00,0.0,0.0,0,0,0,0,0,0
1989-01-13 18:00:00,0.0,0.0,0,0,0,0,0,0
1989-01-13 19:00:00,0.0,0.0,0,0,0,0,0,0
1989-01-13 20:00:00,0.0,0.0,0,0,0,0,0,0
1989-01-13 21:00:00,0.0,0.0,0,0,0,0,0,0
1989-01-13 22:00:00,0.0,0.0,0,0,0,0,0,0
1989-01-13 23:00:00,0.0,0.0,0,0,0,0,0,0
1989-01-14 00:00:00,0.0,0.0,0,0,0,0,0,0
1989-01-14 01:00:00,0.0,0.0,0,0,0,0,0,0
1989-01-14 02:00:00,0.0,0.0,0,0,0,0,0,0
1989-01-14 03:00:00,0.0,0.0,0,0,0,0,0,0
1989-01-14 04:00:00,0.0,0.0,0,0,0,0,0,0
1989-01-14 05:00:00,0.0,0.0,0,0,0,0,0,0
1989-01-14 06:00:00,0.0,0.0,0,0,0,0,0,0
1989-01-14 07:00:00,0.0,0.0,0,0,0,0,0,0
1989-01-14 08:00:00,0.0213,0.0213,0,0,0,0,0,0
1989-01-14 09:00:00,0.0728,0.0728,0,0,0,0,0,0
1989-01-14 10:00:00,0.1019,0.1019,0,0,0,0,0,0
1989-01-14 11:00:00,0.1418,0.1418,0,0,0,0,0,0
1989-01-14 12:00:00,0.2204,0.2204,0,0,0,0,0,0
1989-01-14 13:00:00,0.258,0.258,0,0,0,0,0,0
1989-01-14 14:00:00,0.3232,0.3232,0,0,0,0,0,0
1989-01-14 15:00:00,0.3002,0.3002,0,0,0,0,0,0
1989-01-14 16:00:00,0.0921,0.0921,0,0,0,0,0,0
1989-01-14 17:00:00,0.0,0.0,0,0,0,0,0,0
1989-01-14 18:00:00,0.0,0.0,0,0,0,0,0,0
1989-01-14 19:00:00,0.0,0.0,0,0,0,0,0,0
1989-01-14 20:00:00,0.0,0.0,0,0,0,0,0,0
1989-01-14 21:00:00,0.0,0.0,0,0,0,0,0,0
1989-01-14 22:00:00,0.0,0.0,0,0,0,0,0,0
1989-01-14 23:00:00,0.0,0.0,0,0,0,0,0,0
1989-01-15 00:00:00,0.0,0.0,0,0,0,0,0,0
1989-01-15 01:00:00,0.0,0.0,0,0,0,0,0,0
1989-01-15 02:00:00,0.0,0.0,0,0,0,0,0,0
1989-01-15 03:00:00,0.0,0.0,0,0,0,0,0,0
1989-01-15 04:00:00,0.0,0.0,0,0,0,0,0,0
1989-01-15 05:00:00,0.0,0.0,0,0,0,0,0,0
1989-01-15 06:00:00,0.0,0.0,0,0,0,0,0,0
1989-01-15 07:00:00,0.0,0.0,0,0,0,0,0,0
1989-01-15 08:00:00,0.1246,0.1246,0,0,0,0,0,0
1989-01-15 09:00:00,0.3659,0.3659,0,0,0,0,0,0
1989-01-15 10:00:00,0.5194,0.5194,0,0,0,0,0,0
1989-01-15 11:00:00,0.6108,0.6108,0,0,0,0,0,0
1989-01-15 12:00:00,0.6429,0.6429,0,0,0,0,0,0
1989-01-15 13:00:00,0.6107,0.6107,0,0,0,0,0,0
1989-01-15 14:00:00,0.4988,0.4988,0,0,0,0,0,0
1989-01-15 15:00:00,0.316,0.316,0,0,0,0,0,0
1989-01-15 16:00:00,0.0888,0.0888,0,0,0,0,0,0
1989-01-15 17:00:00,0.0,0.0,0,0,0,0,0,0
1989-01-15 18:00:00,0.0,0.0,0,0,0,0,0,0
1989-01-15 19:00:00,0.0,0.0,0,0,0,0,0,0
1989-01-15 20:00:00,0.0,0.0,0,0,0,0,0,0
1989-01-15 21:00:00,0.0,0.0,0,0,0,0,0,0
1989-01-15 22:00:00,0.0,0.0,0,0,0,0,0,0
1989-01-15 23:00:00,0.0,0.0,0,0,0,0,0,0
1989-01-16 00:00:00,0.0,0.0,0,0,0,0,0,0
1989-01-16 01:00:00,0.0,0.0,0,0,0,0,0,0
1989-01-16 02:00:00,0.0,0.0,0,0,0,0,0,0
1989-01-16 03:00:00,0.0,0.0,0,0,0,0,0,0
1989-01-16 04:00:00,0.0,0.0,0,0,0,0,0,0
1989-01-16 05:00:00,0.0,0.0,0,0,0,0,0,0
1989-01-16 06:00:00,0.0,0.0,0,0,0,0,0,0
1989-01-16 07:00:00,0.0,0.0,0,0,0,0,0,0
1989-01-16 08:00:00,0.0161,0.0161,0,0,0,0,0,0
1989-01-16 09:00:00,0.0624,0.0624,0,0,0,0,0,0
1989-01-16 10:00:00,0.1285,0.1285,0,0,0,0,0,0
1989-01-16 11:00:00,0.1565,0.1565,0,0,0,0,0,0
1989-01-16 12:00:00,0.1163,0.1163,0,0,0,0,0,0
1989-01-16 13:00:00,0.0901,0.0901,0,0,0,0,0,0
1989-01-16 14:00:00,0.0718,0.0718,0,0,0,0,0,0
1989-01-16 15:00:00,0.0404,0.0404,0,0,0,0,0,0
1989-01-16 16:00:00,0.0062,0.0062,0,0,0,0,0,0
1989-01-16 17:00:00,0.0,0.0,0,0,0,0,0,0
1989-01-16 18:00:00,0.0,0.0,0,0,0,0,0,0
1989-01-16 19:00:00,0.0,0.0,0,0,0,0,0,0
1989-01-16 20:00:00,0.0,0.0,0,0,0,0,0,0
1989-01-16 21:00:00,0.0,0.0,0,0,0,0,0,0
1989-01-16 22:00:00,0.0,0.0,0,0,0,0,0,0
1989-01-16 23:00:00,0.0,0.0,0,0,0,0,0,0
1989-01-17 00:00:00,0.0,0.0,0,0,0,0,0,0
1989-01-17 01:00:00,0.0,0.0,0,0,0,0,0,0
1989-01-17 02:00:00,0.0,0.0,0,0,0,0,0,0
1989-01-17 03:00:00,0.0,0.0,0,0,0,0,0,0
1989-01-17 04:00:00,0.0,0.0,0,0,0,0,0,0
1989-01-17 05:00:00,0.0,0.0,0,0,0,0,0,0
1989-01-17 06:00:00,0.0,0.0,0,0,0,0,0,0
1989-01-17 07:00:00,0.0,0.0,0,0,0,0,0,0
1989-01-17 08:00:00,0.0282,0.0282,0,0,0,0,0,0
1989-01-17 09:00:00,0.1376,0.1376,0,0,0,0,0,0
1989-01-17 10:00:00,0.3194,0.3194,0,0,0,0,0,0
1989-01-17 11:00:00,0.4963,0.4963,0,0,0,0,0,0
1989-01-17 12:00:00,0.5824,0.5824,0,0,0,0,0,0
1989-01-17 13:00:00,0.5909,0.5909,0,0,0,0,0,0
1989-01-17 14:00:00,0.5183,0.5183,0,0,0,0,0,0
1989-01-17 15:00:00,0.3461,0.3461,0,0,0,0,0,0
1989-01-17 16:00:00,0.1004,0.1004,0,0,0,0,0,0
1989-01-17 17:00:00,0.0,0.0,0,0,0,0,0,0
1989-01-17 18:00:00,0.0,0.0,0,0,0,0,0,0
1989-01-17 19:00:00,0.0,0.0,0,0,0,0,0,0
1989-01-17 20:00:00,0.0,0.0,0,0,0,0,0,0
1989-01-17 21:00:00,0.0,0.0,0,0,0,0,0,0
1989-01-17 22:00:00,0.0,0.0,0,0,0,0,0,0
1989-01-17 23:00:00,0.0,0.0,0,0,0,0,0,0
1989-01-18 00:00:00,0.0,0.0,0,0,0,0,0,0
1989-01-18 01:00:00,0.0,0.0,0,0,0,0,0,0
1989-01-18 02:00:00,0.0,0.0,0,0,0,0,0,0
1989-01-18 03:00:00,0.0,0.0,0,0,0,0,0,0
1989-01-18 04:00:00,0.0,0.0,0,0,0,0,0,0
1989-01-18 05:00:00,0.0,0.0,0,0,0,0,0,0
1989-01-18 06:00:00,0.0,0.0,0,0,0,0,0,0
1989-01-18 07:00:00,0.0,0.0,0,0,0,0,0,0
1989-01-18 08:00:00,0.0778,0.0778,0,0,0,0,0,0
1989-01-18 09:00:00,0.2232,0.2232,0,0,0,0,0,0
1989-01-18 10:00:00,0.352,0.352,0,0,0,0,0,0
1989-01-18 11:00:00,0.4893,0.4893,0,0,0,0,0,0
1989-01-18 12:00:00,0.4424,0.4424,0,0,0,0,0,0
1989-01-18 13:00:00,0.3789,0.3789,0,0,0,0,0,0
1989-01-18 14:00:00,0.3708,0.3708,0,0,0,0,0,0
1989-01-18 15:00:00,0.2761,0.2761,0,0,0,0,0,0
1989-01-18 16:00:00,0.088,0.088,0,0,0,0,0,0
1989-01-18 17:00:00,0.0,0.0,0,0,0,0,0,0
1989-01-18 18:00:00,0.0,0.0,0,0,0,0,0,0
1989-01-18 19:00:00,0.0,0.0,0,0,0,0,0,0
1989-01-18 20:00:00,0.0,0.0,0,0,0,0,0,0
1989-01-18 21:00:00,0.0,0.0,0,0,0,0,0,0
1989-01-18 22:00:00,0.0,0.0,0,0,0,0,0,0
1989-01-18 23:00:00,0.0,0.0,0,0,0,0,0,0
1989-01-19 00:00:00,0.0,0.0,0,0,0,0,0,0
1989-01-19 01:00:00,0.0,0.0,0,0,0,0,0,0
1989-01-19 02:00:00,0.0,0.0,0,0,0,0,0,0
1989-01-19 03:00:00,0.0,0.0,0,0,0,0,0,0
1989-01-19 04:00:00,0.0,0.0,0,0,0,0,0,0
1989-01-19 05:00:00,0.0,0.0,0,0,0,0,0,0
1989-01-19 06:00:00,0.0,0.0,0,0,0,0,0,0
1989-01-19 07:00:00,0.0,0.0,0,0,0,0,0,0
1989-01-19 08:00:00,0.0002,0.0002,0,0,0,0,0,0
1989-01-19 09:00:00,0.0193,0.0193,0,0,0,0,0,0
1989-01-19 10:00:00,0.0336,0.0336,0,0,0,0,0,0
1989-01-19 11:00:00,0.0723,0.0723,0,0,0,0,0,0
1989-01-19 12:00:00,0.1004,0.1004,0,0,0,0,0,0
1989-01-19 13:00:00,0.0793,0.0793,0,0,0,0,0,0
1989-01-19 14:00:00,0.0663,0.0663,0,0,0,0,0,0
1989-01-19 15:00:00,0.0455,0.0455,0,0,0,0,0,0
1989-01-19 16:00:00,0.0092,0.0092,0,0,0,0,0,0
1989-01-19 17:00:00,0.0,0.0,0,0,0,0,0,0
1989-01-19 18:00:00,0.0,0.0,0,0,0,0,0,0
1989-01-19 19:00:00,0.0,0.0,0,0,0,0,0,0
1989-01-19 20:00:00,0.0,0.0,0,0,0,0,0,0
1989-01-19 21:00:00,0.0,0.0,0,0,0,0,0,0
1989-01-19 22:00:00,0.0,0.0,0,0,0,0,0,0
1989-01-19 23:00:00,0.0,0.0,0,0,0,0,0,0
1989-01-20 00:00:00,0.0,0.0,0,0,0,0,0,0
1989-01-20 01:00:00,0.0,0.0,0,0,0,0,0,0
1989-01-20 02:00:00,0.0,0.0,0,0,0,0,0,0
1989-01-20 03:00:00,0.0,0.0,0,0,0,0,0,0
1989-01-20 04:00:00,0.0,0.0,0,0,0,0,0,0
1989-01-20 05:00:00,0.0,0.0,0,0,0,0,0,0
1989-01-20 06:00:00,0.0,0.0,0,0,0,0,0,0
1989-01-20 07:00:00,0.0,0.0,0,0,0,0,0,0
1989-01-20 08:00:00,0.016,0.016,0,0,0,0,0,0
1989-01-20 09:00:00,0.0776,0.0776,0,0,0,0,0,0
1989-01-20 10:00:00,0.1343,0.1343,0,0,0,0,0,0
1989-01-20 11:00:00,0.1466,0.1466,0,0,0,0,0,0
1989-01-20 12:00:00,0.1328,0.1328,0,0,0,0,0,0
1989-01-20 13:00:00,0.1183,0.1183,0,0,0,0,0,0
1989-01-20 14:00:00,0.1651,0.1651,0,0,0,0,0,0
1989-01-20 15:00:00,0.1454,0.1454,0,0,0,0,0,0
1989-01-20 16:00:00,0.0366,0.0366,0,0,0,0,0,0
1989-01-20 17:00:00,0.0,0.0,0,0,0,0,0,0
1989-01-20 18:00:00,0.0,0.0,0,0,0,0,0,0
1989-01-20 19:00:00,0.0,0.0,0,0,0,0,0,0
1989-01-20 20:00:00,0.0,0.0,0,0,0,0,0,0
1989-01-20 21:00:00,0.0,0.0,0,0,0,0,0,0
1989-01-20 22:00:00,0.0,0.0,0,0,0,0,0,0
1989-01-20 23:00:00,0.0,0.0,0,0,0,0,0,0
1989-01-21 00:00:00,0.0,0.0,0,0,0,0,0,0
1989-01-21 01:00:00,0.0,0.0,0,0,0,0,0,0
1989-01-21 02:00:00,0.0,0.0,0,0,0,0,0,0
1989-01-21 03:00:00,0.0,0.0,0,0,0,0,0,0
1989-01-21 04:00:00,0.0,0.0,0,0,0,0,0,0
1989-01-21 05:00:00,0.0,0.0,0,0,0,0,0,0
1989-01-21 06:00:00,0.0,0.0,0,0,0,0,0,0
1989-01-21 07:00:00,0.0,0.0,0,0,0,0,0,0
1989-01-21 08:00:00,0.0311,0.0311,0,0,0,0,0,0
1989-01-21 09:00:00,0.1255,0.1255,0,0,0,0,0,0
1989-01-21 10:00:00,0.2618,0.2618,0,0,0,0,0,0
1989-01-21 11:00:00,0.4022,0.4022,0,0,0,0,0,0
1989-01-21 12:00:00,0.4475,0.4475,0,0,0,0,0,0
1989-01-21 13:00:00,0.3904,0.3904,0,0,0,0,0,0
1989-01-21 14:00:00,0.3375,0.3375,0,0,0,0,0,0
1989-01-21 15:00:00,0.2149,0.2149,0,0,0,0,0,0
1989-01-21 16:00:00,0.0572,0.0572,0,0,0,0,0,0
1989-01-21 17:00:00,0.0,0.0,0,0,0,0,0,0
1989-01-21 18:00:00,0.0,0.0,0,0,0,0,0,0
1989-01-21 19:00:00,0.0,0.0,0,0,0,0,0,0
1989-01-21 20:00:00,0.0,0.0,0,0,0,0,0,0
1989-01-21 21:00:00,0.0,0.0,0,0,0,0,0,0
1989-01-21 22:00:00,0.0,0.0,0,0,0,0,0,0
1989-01-21 23:00:00,0.0,0.0,0,0,0,0,0,0
1989-01-22 00:00:00,0.0,0.0,0,0,0,0,0,0
1989-01-22 01:00:00,0.0,0.0,0,0,0,0,0,0
1989-01-22 02:00:00,0.0,0.0,0,0,0,0,0,0
1989-01-22 03:00:00,0.0,0.0,0,0,0,0,0,0
1989-01-22 04:00:00,0.0,0.0,0,0,0,0,0,0
1989-01-22 05:00:00,0.0,0.0,0,0,0,0,0,0
1989-01-22 06:00:00,0.0,0.0,0,0,0,0,0,0
1989-01-22 07:00:00,0.0,0.0,0,0,0,0,0,0
1989-01-22 08:00:00,0.068,0.068,0,0,0,0,0,0
1989-01-22 09:00:00,0.2393,0.2393,0,0,0,0,0,0
1989-01-22 10:00:00,0.4294,0.4294,0,0,0,0,0,0
1989-01-22 11:00:00,0.5881,0.5881,0,0,0,0,0,0
1989-01-22 12:00:00,0.6633,0.6633,0,0,0,0,0,0
1989-01-22 13:00:00,0.6542,0.6542,0,0,0,0,0,0
1989-01-22 14:00:00,0.4835,0.4835,0,0,0,0,0,0
1989-01-22 15:00:00,0.3141,0.3141,0,0,0,0,0,0
1989-01-22 16:00:00,0.1236,0.1236,0,0,0,0,0,0
1989-01-22 17:00:00,0.0,0.0,0,0,0,0,0,0
1989-01-22 18:00:00,0.0,0.0,0,0,0,0,0,0
1989-01-22 19:00:00,0.0,0.0,0,0,0,0,0,0
1989-01-22 20:00:00,0.0,0.0,0,0,0,0,0,0
1989-01-22 21:00:00,0.0,0.0,0,0,0,0,0,0
1989-01-22 22:00:00,0.0,0.0,0,0,0,0,0,0
1989-01-22 23:00:00,0.0,0.0,0,0,0,0,0,0
1989-01-23 00:00:00,0.0,0.0,0,0,0,0,0,0
1989-01-23 01:00:00,0.0,0.0,0,0,0,0,0,0
1989-01-23 02:00:00,0.0,0.0,0,0,0,0,0,0
1989-01-23 03:00:00,0.0,0.0,0,0,0,0,0,0
1989-01-23 04:00:00,0.0,0.0,0,0,0,0,0,0
1989-01-23 05:00:00,0.0,0.0,0,0,0,0,0,0
1989-01-23 06:00:00,0.0,0.0,0,0,0,0,0,0
1989-01-23 07:00:00,0.0,0.0,0,0,0,0,0,0
1989-01-23 08:00:00,0.1257,0.1257,0,0,0,0,0,0
1989-01-23 09:00:00,0.3673,0.3673,0,0,0,0,0,0
1989-01-23 10:00:00,0.5597,0.5597,0,0,0,0,0,0
1989-01-23 11:00:00,0.6619,0.6619,0,0,0,0,0,0
1989-01-23 12:00:00,0.6935,0.6935,0,0,0,0,0,0
1989-01-23 13:00:00,0.6571,0.6571,0,0,0,0,0,0
1989-01-23 14:00:00,0.5486,0.5486,0,0,0,0,0,0
1989-01-23 15:00:00,0.3813,0.3813,0,0,0,0,0,0
1989-01-23 16:00:00,0.1433,0.1433,0,0,0,0,0,0
1989-01-23 17:00:00,0.0,0.0,0,0,0,0,0,0
1989-01-23 18:00:00,0.0,0.0,0,0,0,0,0,0
1989-01-23 19:00:00,0.0,0.0,0,0,0,0,0,0
1989-01-23 20:00:00,0.0,0.0,0,0,0,0,0,0
1989-01-23 21:00:00,0.0,0.0,0,0,0,0,0,0
1989-01-23 22:00:00,0.0,0.0,0,0,0,0,0,0
1989-01-23 23:00:00,0.0,0.0,0,0,0,0,0,0
1989-01-24 00:00:00,0.0,0.0,0,0,0,0,0,0
1989-01-24 01:00:00,0.0,0.0,0,0,0,0,0,0
1989-01-24 02:00:00,0.0,0.0,0,0,0,0,0,0
1989-01-24 03:00:00,0.0,0.0,0,0,0,0,0,0
1989-01-24 04:00:00,0.0,0.0,0,0,0,0,0,0
1989-01-24 05:00:00,0.0,0.0,0,0,0,0,0,0
1989-01-24 06:00:00,0.0,0.0,0,0,0,0,0,0
1989-01-24 07:00:00,0.0,0.0,0,0,0,0,0,0
1989-01-24 08:00:00,0.1356,0.1356,0,0,0,0,0,0
1989-01-24 09:00:00,0.3569,0.3569,0,0,0,0,0,0
1989-01-24 10:00:00,0.5086,0.5086,0,0,0,0,0,0
1989-01-24 11:00:00,0.5917,0.5917,0,0,0,0,0,0
1989-01-24 12:00:00,0.6256,0.6256,0,0,0,0,0,0
1989-01-24 13:00:00,0.5976,0.5976,0,0,0,0,0,0
1989-01-24 14:00:00,0.4934,0.4934,0,0,0,0,0,0
1989-01-24 15:00:00,0.3597,0.3597,0,0,0,0,0,0
1989-01-24 16:00:00,0.1367,0.1367,0,0,0,0,0,0
1989-01-24 17:00:00,0.0,0.0,0,0,0,0,0,0
1989-01-24 18:00:00,0.0,0.0,0,0,0,0,0,0
1989-01-24 19:00:00,0.0,0.0,0,0,0,0,0,0
1989-01-24 20:00:00,0.0,0.0,0,0,0,0,0,0
1989-01-24 21:00:00,0.0,0.0,0,0,0,0,0,0
1989-01-24 22:00:00,0.0,0.0,0,0,0,0,0,0
1989-01-24 23:00:00,0.0,0.0,0,0,0,0,0,0
1989-01-25 00:00:00,0.0,0.0,0,0,0,0,0,0
1989-01-25 01:00:00,0.0,0.0,0,0,0,0,0,0
1989-01-25 02:00:00,0.0,0.0,0,0,0,0,0,0
1989-01-25 03:00:00,0.0,0.0,0,0,0,0,0,0
1989-01-25 04:00:00,0.0,0.0,0,0,0,0,0,0
1989-01-25 05:00:00,0.0,0.0,0,0,0,0,0,0
1989-01-25 06:00:00,0.0,0.0,0,0,0,0,0,0
1989-01-25 07:00:00,0.0,0.0,0,0,0,0,0,0
1989-01-25 08:00:00,0.1004,0.1004,0,0,0,0,0,0
1989-01-25 09:00:00,0.2971,0.2971,0,0,0,0,0,0
1989-01-25 10:00:00,0.4292,0.4292,0,0,0,0,0,0
1989-01-25 11:00:00,0.5767,0.5767,0,0,0,0,0,0
1989-01-25 12:00:00,0.642,0.642,0,0,0,0,0,0
1989-01-25 13:00:00,0.5927,0.5927,0,0,0,0,0,0
1989-01-25 14:00:00,0.5028,0.5028,0,0,0,0,0,0
1989-01-25 15:00:00,0.3739,0.3739,0,0,0,0,0,0
1989-01-25 16:00:00,0.147,0.147,0,0,0,0,0,0
1989-01-25 17:00:00,0.0,0.0,0,0,0,0,0,0
1989-01-25 18:00:00,0.0,0.0,0,0,0,0,0,0
1989-01-25 19:00:00,0.0,0.0,0,0,0,0,0,0
1989-01-25 20:00:00,0.0,0.0,0,0,0,0,0,0
1989-01-25 21:00:00,0.0,0.0,0,0,0,0,0,0
1989-01-25 22:00:00,0.0,0.0,0,0,0,0,0,0
1989-01-25 23:00:00,0.0,0.0,0,0,0,0,0,0
1989-01-26 00:00:00,0.0,0.0,0,0,0,0,0,0
1989-01-26 01:00:00,0.0,0.0,0,0,0,0,0,0
1989-01-26 02:00:00,0.0,0.0,0,0,0,0,0,0
1989-01-26 03:00:00,0.0,0.0,0,0,0,0,0,0
1989-01-26 04:00:00,0.0,0.0,0,0,0,0,0,0
1989-01-26 05:00:00,0.0,0.0,0,0,0,0,0,0
1989-01-26 06:00:00,0.0,0.0,0,0,0,0,0,0
1989-01-26 07:00:00,0.0,0.0,0,0,0,0,0,0
1989-01-26 08:00:00,0.1509,0.1509,0,0,0,0,0,0
1989-01-26 09:00:00,0.3758,0.3758,0,0,0,0,0,0
1989-01-26 10:00:00,0.5234,0.5234,0,0,0,0,0,0
1989-01-26 11:00:00,0.6137,0.6137,0,0,0,0,0,0
1989-01-26 12:00:00,0.5987,0.5987,0,0,0,0,0,0
1989-01-26 13:00:00,0.5538,0.5538,0,0,0,0,0,0
1989-01-26 14:00:00,0.4796,0.4796,0,0,0,0,0,0
1989-01-26 15:00:00,0.3479,0.3479,0,0,0,0,0,0
1989-01-26 16:00:00,0.1273,0.1273,0,0,0,0,0,0
1989-01-26 17:00:00,0.0,0.0,0,0,0,0,0,0
1989-01-26 18:00:00,0.0,0.0,0,0,0,0,0,0
1989-01-26 19:00:00,0.0,0.0,0,0,0,0,0,0
1989-01-26 20:00:00,0.0,0.0,0,0,0,0,0,0
1989-01-26 21:00:00,0.0,0.0,0,0,0,0,0,0
1989-01-26 22:00:00,0.0,0.0,0,0,0,0,0,0
1989-01-26 23:00:00,0.0,0.0,0,0,0,0,0,0
1989-01-27 00:00:00,0.0,0.0,0,0,0,0,0,0
1989-01-27 01:00:00,0.0,0.0,0,0,0,0,0,0
1989-01-27 02:00:00,0.0,0.0,0,0,0,0,0,0
1989-01-27 03:00:00,0.0,0.0,0,0,0,0,0,0
1989-01-27 04:00:00,0.0,0.0,0,0,0,0,0,0
1989-01-27 05:00:00,0.0,0.0,0,0,0,0,0,0
1989-01-27 06:00:00,0.0,0.0,0,0,0,0,0,0
1989-01-27 07:00:00,0.0,0.0,0,0,0,0,0,0
1989-01-27 08:00:00,0.152,0.152,0,0,0,0,0,0
1989-01-27 09:00:00,0.3955,0.3955,0,0,0,0,0,0
1989-01-27 10:00:00,0.5437,0.5437,0,0,0,0,0,0
1989-01-27 11:00:00,0.6345,0.6345,0,0,0,0,0,0
1989-01-27 12:00:00,0.6653,0.6653,0,0,0,0,0,0
1989-01-27 13:00:00,0.6394,0.6394,0,0,0,0,0,0
1989-01-27 14:00:00,0.546,0.546,0,0,0,0,0,0
1989-01-27 15:00:00,0.3875,0.3875,0,0,0,0,0,0
1989-01-27 16:00:00,0.1499,0.1499,0,0,0,0,0,0
1989-01-27 17:00:00,0.0,0.0,0,0,0,0,0,0
1989-01-27 18:00:00,0.0,0.0,0,0,0,0,0,0
1989-01-27 19:00:00,0.0,0.0,0,0,0,0,0,0
1989-01-27 20:00:00,0.0,0.0,0,0,0,0,0,0
1989-01-27 21:00:00,0.0,0.0,0,0,0,0,0,0
1989-01-27 22:00:00,0.0,0.0,0,0,0,0,0,0
1989-01-27 23:00:00,0.0,0.0,0,0,0,0,0,0
1989-01-28 00:00:00,0.0,0.0,0,0,0,0,0,0
1989-01-28 01:00:00,0.0,0.0,0,0,0,0,0,0
1989-01-28 02:00:00,0.0,0.0,0,0,0,0,0,0
1989-01-28 03:00:00,0.0,0.0,0,0,0,0,0,0
1989-01-28 04:00:00,0.0,0.0,0,0,0,0,0,0
1989-01-28 05:00:00,0.0,0.0,0,0,0,0,0,0
1989-01-28 06:00:00,0.0,0.0,0,0,0,0,0,0
1989-01-28 07:00:00,0.0,0.0,0,0,0,0,0,0
1989-01-28 08:00:00,0.0295,0.0295,0,0,0,0,0,0
1989-01-28 09:00:00,0.1131,0.1131,0,0,0,0,0,0
1989-01-28 10:00:00,0.1922,0.1922,0,0,0,0,0,0
1989-01-28 11:00:00,0.2635,0.2635,0,0,0,0,0,0
1989-01-28 12:00:00,0.3035,0.3035,0,0,0,0,0,0
1989-01-28 13:00:00,0.3287,0.3287,0,0,0,0,0,0
1989-01-28 14:00:00,0.3024,0.3024,0,0,0,0,0,0
1989-01-28 15:00:00,0.2023,0.2023,0,0,0,0,0,0
1989-01-28 16:00:00,0.0759,0.0759,0,0,0,0,0,0
1989-01-28 17:00:00,0.0,0.0,0,0,0,0,0,0
1989-01-28 18:00:00,0.0,0.0,0,0,0,0,0,0
1989-01-28 19:00:00,0.0,0.0,0,0,0,0,0,0
1989-01-28 20:00:00,0.0,0.0,0,0,0,0,0,0
1989-01-28 21:00:00,0.0,0.0,0,0,0,0,0,0
1989-01-28 22:00:00,0.0,0.0,0,0,0,0,0,0
1989-01-28 23:00:00,0.0,0.0,0,0,0,0,0,0
1989-01-29 00:00:00,0.0,0.0,0,0,0,0,0,0
1989-01-29 01:00:00,0.0,0.0,0,0,0,0,0,0
1989-01-29 02:00:00,0.0,0.0,0,0,0,0,0,0
1989-01-29 03:00:00,0.0,0.0,0,0,0,0,0,0
1989-01-29 04:00:00,0.0,0.0,0,0,0,0,0,0
1989-01-29 05:00:00,0.0,0.0,0,0,0,0,0,0
1989-01-29 06:00:00,0.0,0.0,0,0,0,0,0,0
1989-01-29 07:00:00,0.0,0.0,0,0,0,0,0,0
1989-01-29 08:00:00,0.1627,0.1627,0,0,0,0,0,0
1989-01-29 09:00:00,0.4152,0.4152,0,0,0,0,0,0
1989-01-29 10:00:00,0.5673,0.5673,0,0,0,0,0,0
1989-01-29 11:00:00,0.6645,0.6645,0,0,0,0,0,0
1989-01-29 12:00:00,0.6948,0.6948,0,0,0,0,0,0
1989-01-29 13:00:00,0.6662,0.6662,0,0,0,0,0,0
1989-01-29 14:00:00,0.5693,0.5693,0,0,0,0,0,0
1989-01-29 15:00:00,0.407,0.407,0,0,0,0,0,0
1989-01-29 16:00:00,0.1725,0.1725,0,0,0,0,0,0
1989-01-29 17:00:00,0.0,0.0,0,0,0,0,0,0
1989-01-29 18:00:00,0.0,0.0,0,0,0,0,0,0
1989-01-29 19:00:00,0.0,0.0,0,0,0,0,0,0
1989-01-29 20:00:00,0.0,0.0,0,0,0,0,0,0
1989-01-29 21:00:00,0.0,0.0,0,0,0,0,0,0
1989-01-29 22:00:00,0.0,0.0,0,0,0,0,0,0
1989-01-29 23:00:00,0.0,0.0,0,0,0,0,0,0
1989-01-30 00:00:00,0.0,0.0,0,0,0,0,0,0
1989-01-30 01:00:00,0.0,0.0,0,0,0,0,0,0
1989-01-30 02:00:00,0.0,0.0,0,0,0,0,0,0
1989-01-30 03:00:00,0.0,0.0,0,0,0,0,0,0
1989-01-30 04:00:00,0.0,0.0,0,0,0,0,0,0
1989-01-30 05:00:00,0.0,0.0,0,0,0,0,0,0
1989-01-30 06:00:00,0.0,0.0,0,0,0,0,0,0
1989-01-30 07:00:00,0.0,0.0,0,0,0,0,0,0
1989-01-30 08:00:00,0.1652,0.1652,0,0,0,0,0,0
1989-01-30 09:00:00,0.4208,0.4208,0,0,0,0,0,0
1989-01-30 10:00:00,0.5704,0.5704,0,0,0,0,0,0
1989-01-30 11:00:00,0.6616,0.6616,0,0,0,0,0,0
1989-01-30 12:00:00,0.6949,0.6949,0,0,0,0,0,0
1989-01-30 13:00:00,0.67,0.67,0,0,0,0,0,0
1989-01-30 14:00:00,0.5775,0.5775,0,0,0,0,0,0
1989-01-30 15:00:00,0.4159,0.4159,0,0,0,0,0,0
1989-01-30 16:00:00,0.1802,0.1802,0,0,0,0,0,0
1989-01-30 17:00:00,0.0,0.0,0,0,0,0,0,0
1989-01-30 18:00:00,0.0,0.0,0,0,0,0,0,0
1989-01-30 19:00:00,0.0,0.0,0,0,0,0,0,0
1989-01-30 20:00:00,0.0,0.0,0,0,0,0,0,0
1989-01-30 21:00:00,0.0,0.0,0,0,0,0,0,0
1989-01-30 22:00:00,0.0,0.0,0,0,0,0,0,0
1989-01-30 23:00:00,0.0,0.0,0,0,0,0,0,0
1989-01-31 00:00:00,0.0,0.0,0,0,0,0,0,0
1989-01-31 01:00:00,0.0,0.0,0,0,0,0,0,0
1989-01-31 02:00:00,0.0,0.0,0,0,0,0,0,0
1989-01-31 03:00:00,0.0,0.0,0,0,0,0,0,0
1989-01-31 04:00:00,0.0,0.0,0,0,0,0,0,0
1989-01-31 05:00:00,0.0,0.0,0,0,0,0,0,0
1989-01-31 06:00:00,0.0,0.0,0,0,0,0,0,0
1989-01-31 07:00:00,0.0,0.0,0,0,0,0,0,0
1989-01-31 08:00:00,0.162,0.162,0,0,0,0,0,0
1989-01-31 09:00:00,0.4058,0.4058,0,0,0,0,0,0
1989-01-31 10:00:00,0.5528,0.5528,0,0,0,0,0,0
1989-01-31 11:00:00,0.6315,0.6315,0,0,0,0,0,0
1989-01-31 12:00:00,0.6603,0.6603,0,0,0,0,0,0
1989-01-31 13:00:00,0.6288,0.6288,0,0,0,0,0,0
1989-01-31 14:00:00,0.5108,0.5108,0,0,0,0,0,0
1989-01-31 15:00:00,0.3349,0.3349,0,0,0,0,0,0
1989-01-31 16:00:00,0.1361,0.1361,0,0,0,0,0,0
1989-01-31 17:00:00,0.0,0.0,0,0,0,0,0,0
1989-01-31 18:00:00,0.0,0.0,0,0,0,0,0,0
1989-01-31 19:00:00,0.0,0.0,0,0,0,0,0,0
1989-01-31 20:00:00,0.0,0.0,0,0,0,0,0,0
1989-01-31 21:00:00,0.0,0.0,0,0,0,0,0,0
1989-01-31 22:00:00,0.0,0.0,0,0,0,0,0,0
1989-01-31 23:00:00,0.0,0.0,0,0,0,0,0,0
1989-02-01 00:00:00,0.0,0.0,0,0,0,0,0,0
1989-02-01 01:00:00,0.0,0.0,0,0,0,0,0,0
1989-02-01 02:00:00,0.0,0.0,0,0,0,0,0,0
1989-02-01 03:00:00,0.0,0.0,0,0,0,0,0,0
1989-02-01 04:00:00,0.0,0.0,0,0,0,0,0,0
1989-02-01 05:00:00,0.0,0.0,0,0,0,0,0,0
1989-02-01 06:00:00,0.0,0.0,0,0,0,0,0,0
1989-02-01 07:00:00,0.0,0.0,0,0,0,0,0,0
1989-02-01 08:00:00,0.041,0.041,0,0,0,0,0,0
1989-02-01 09:00:00,0.154,0.154,0,0,0,0,0,0
1989-02-01 10:00:00,0.2564,0.2564,0,0,0,0,0,0
1989-02-01 11:00:00,0.3023,0.3023,0,0,0,0,0,0
1989-02-01 12:00:00,0.3132,0.3132,0,0,0,0,0,0
1989-02-01 13:00:00,0.2784,0.2784,0,0,0,0,0,0
1989-02-01 14:00:00,0.204,0.204,0,0,0,0,0,0
1989-02-01 15:00:00,0.1339,0.1339,0,0,0,0,0,0
1989-02-01 16:00:00,0.0503,0.0503,0,0,0,0,0,0
1989-02-01 17:00:00,0.0,0.0,0,0,0,0,0,0
1989-02-01 18:00:00,0.0,0.0,0,0,0,0,0,0
1989-02-01 19:00:00,0.0,0.0,0,0,0,0,0,0
1989-02-01 20:00:00,0.0,0.0,0,0,0,0,0,0
1989-02-01 21:00:00,0.0,0.0,0,0,0,0,0,0
1989-02-01 22:00:00,0.0,0.0,0,0,0,0,0,0
1989-02-01 23:00:00,0.0,0.0,0,0,0,0,0,0
1989-02-02 00:00:00,0.0,0.0,0,0,0,0,0,0
1989-02-02 01:00:00,0.0,0.0,0,0,0,0,0,0
1989-02-02 02:00:00,0.0,0.0,0,0,0,0,0,0
1989-02-02 03:00:00,0.0,0.0,0,0,0,0,0,0
1989-02-02 04:00:00,0.0,0.0,0,0,0,0,0,0
1989-02-02 05:00:00,0.0,0.0,0,0,0,0,0,0
1989-02-02 06:00:00,0.0,0.0,0,0,0,0,0,0
1989-02-02 07:00:00,0.0,0.0,0,0,0,0,0,0
1989-02-02 08:00:00,0.1044,0.1044,0,0,0,0,0,0
1989-02-02 09:00:00,0.2722,0.2722,0,0,0,0,0,0
1989-02-02 10:00:00,0.4469,0.4469,0,0,0,0,0,0
1989-02-02 11:00:00,0.6125,0.6125,0,0,0,0,0,0
1989-02-02 12:00:00,0.6606,0.6606,0,0,0,0,0,0
1989-02-02 13:00:00,0.6483,0.6483,0,0,0,0,0,0
1989-02-02 14:00:00,0.5673,0.5673,0,0,0,0,0,0
1989-02-02 15:00:00,0.4112,0.4112,0,0,0,0,0,0
1989-02-02 16:00:00,0.1837,0.1837,0,0,0,0,0,0
1989-02-02 17:00:00,0.0,0.0,0,0,0,0,0,0
1989-02-02 18:00:00,0.0,0.0,0,0,0,0,0,0
1989-02-02 19:00:00,0.0,0.0,0,0,0,0,0,0
1989-02-02 20:00:00,0.0,0.0,0,0,0,0,0,0
1989-02-02 21:00:00,0.0,0.0,0,0,0,0,0,0
1989-02-02 22:00:00,0.0,0.0,0,0,0,0,0,0
1989-02-02 23:00:00,0.0,0.0,0,0,0,0,0,0
1989-02-03 00:00:00,0.0,0.0,0,0,0,0,0,0
1989-02-03 01:00:00,0.0,0.0,0,0,0,0,0,0
1989-02-03 02:00:00,0.0,0.0,0,0,0,0,0,0
1989-02-03 03:00:00,0.0,0.0,0,0,0,0,0,0
1989-02-03 04:00:00,0.0,0.0,0,0,0,0,0,0
1989-02-03 05:00:00,0.0,0.0,0,0,0,0,0,0
1989-02-03 06:00:00,0.0,0.0,0,0,0,0,0,0
1989-02-03 07:00:00,0.0,0.0,0,0,0,0,0,0
1989-02-03 08:00:00,0.148,0.148,0,0,0,0,0,0
1989-02-03 09:00:00,0.3543,0.3543,0,0,0,0,0,0
1989-02-03 10:00:00,0.5069,0.5069,0,0,0,0,0,0
1989-02-03 11:00:00,0.6224,0.6224,0,0,0,0,0,0
1989-02-03 12:00:00,0.6345,0.6345,0,0,0,0,0,0
1989-02-03 13:00:00,0.5729,0.5729,0,0,0,0,0,0
1989-02-03 14:00:00,0.4871,0.4871,0,0,0,0,0,0
1989-02-03 15:00:00,0.3234,0.3234,0,0,0,0,0,0
1989-02-03 16:00:00,0.1342,0.1342,0,0,0,0,0,0
1989-02-03 17:00:00,0.0,0.0,0,0,0,0,0,0
1989-02-03 18:00:00,0.0,0.0,0,0,0,0,0,0
1989-02-03 19:00:00,0.0,0.0,0,0,0,0,0,0
1989-02-03 20:00:00,0.0,0.0,0,0,0,0,0,0
1989-02-03 21:00:00,0.0,0.0,0,0,0,0,0,0
1989-02-03 22:00:00,0.0,0.0,0,0,0,0,0,0
1989-02-03 23:00:00,0.0,0.0,0,0,0,0,0,0
1989-02-04 00:00:00,0.0,0.0,0,0,0,0,0,0
1989-02-04 01:00:00,0.0,0.0,0,0,0,0,0,0
1989-02-04 02:00:00,0.0,0.0,0,0,0,0,0,0
1989-02-04 03:00:00,0.0,0.0,0,0,0,0,0,0
1989-02-04 04:00:00,0.0,0.0,0,0,0,0,0,0
1989-02-04 05:00:00,0.0,0.0,0,0,0,0,0,0
1989-02-04 06:00:00,0.0,0.0,0,0,0,0,0,0
1989-02-04 07:00:00,0.0,0.0,0,0,0,0,0,0
1989-02-04 08:00:00,0.0127,0.0127,0,0,0,0,0,0
1989-02-04 09:00:00,0.0499,0.0499,0,0,0,0,0,0
1989-02-04 10:00:00,0.0929,0.0929,0,0,0,0,0,0
1989-02-04 11:00:00,0.1264,0.1264,0,0,0,0,0,0
1989-02-04 12:00:00,0.1372,0.1372,0,0,0,0,0,0
1989-02-04 13:00:00,0.1318,0.1318,0,0,0,0,0,0
1989-02-04 14:00:00,0.1027,0.1027,0,0,0,0,0,0
1989-02-04 15:00:00,0.0615,0.0615,0,0,0,0,0,0
1989-02-04 16:00:00,0.022,0.022,0,0,0,0,0,0
1989-02-04 17:00:00,0.0,0.0,0,0,0,0,0,0
1989-02-04 18:00:00,0.0,0.0,0,0,0,0,0,0
1989-02-04 19:00:00,0.0,0.0,0,0,0,0,0,0
1989-02-04 20:00:00,0.0,0.0,0,0,0,0,0,0
1989-02-04 21:00:00,0.0,0.0,0,0,0,0,0,0
1989-02-04 22:00:00,0.0,0.0,0,0,0,0,0,0
1989-02-04 23:00:00,0.0,0.0,0,0,0,0,0,0
1989-02-05 00:00:00,0.0,0.0,0,0,0,0,0,0
1989-02-05 01:00:00,0.0,0.0,0,0,0,0,0,0
1989-02-05 02:00:00,0.0,0.0,0,0,0,0,0,0
1989-02-05 03:00:00,0.0,0.0,0,0,0,0,0,0
1989-02-05 04:00:00,0.0,0.0,0,0,0,0,0,0
1989-02-05 05:00:00,0.0,0.0,0,0,0,0,0,0
1989-02-05 06:00:00,0.0,0.0,0,0,0,0,0,0
1989-02-05 07:00:00,0.0,0.0,0,0,0,0,0,0
1989-02-05 08:00:00,0.1661,0.1661,0,0,0,0,0,0
1989-02-05 09:00:00,0.3973,0.3973,0,0,0,0,0,0
1989-02-05 10:00:00,0.5616,0.5616,0,0,0,0,0,0
1989-02-05 11:00:00,0.6717,0.6717,0,0,0,0,0,0
1989-02-05 12:00:00,0.7072,0.7072,0,0,0,0,0,0
1989-02-05 13:00:00,0.6792,0.6792,0,0,0,0,0,0
1989-02-05 14:00:00,0.5856,0.5856,0,0,0,0,0,0
1989-02-05 15:00:00,0.4288,0.4288,0,0,0,0,0,0
1989-02-05 16:00:00,0.1986,0.1986,0,0,0,0,0,0
1989-02-05 17:00:00,0.0,0.0,0,0,0,0,0,0
1989-02-05 18:00:00,0.0,0.0,0,0,0,0,0,0
1989-02-05 19:00:00,0.0,0.0,0,0,0,0,0,0
1989-02-05 20:00:00,0.0,0.0,0,0,0,0,0,0
1989-02-05 21:00:00,0.0,0.0,0,0,0,0,0,0
1989-02-05 22:00:00,0.0,0.0,0,0,0,0,0,0
1989-02-05 23:00:00,0.0,0.0,0,0,0,0,0,0
1989-02-06 00:00:00,0.0,0.0,0,0,0,0,0,0
1989-02-06 01:00:00,0.0,0.0,0,0,0,0,0,0
1989-02-06 02:00:00,0.0,0.0,0,0,0,0,0,0
1989-02-06 03:00:00,0.0,0.0,0,0,0,0,0,0
1989-02-06 04:00:00,0.0,0.0,0,0,0,0,0,0
1989-02-06 05:00:00,0.0,0.0,0,0,0,0,0,0
1989-02-06 06:00:00,0.0,0.0,0,0,0,0,0,0
1989-02-06 07:00:00,0.0,0.0,0,0,0,0,0,0
1989-02-06 08:00:00,0.1947,0.1947,0,0,0,0,0,0
1989-02-06 09:00:00,0.435,0.435,0,0,0,0,0,0
1989-02-06 10:00:00,0.5763,0.5763,0,0,0,0,0,0
1989-02-06 11:00:00,0.6641,0.6641,0,0,0,0,0,0
1989-02-06 12:00:00,0.6973,0.6973,0,0,0,0,0,0
1989-02-06 13:00:00,0.6739,0.6739,0,0,0,0,0,0
1989-02-06 14:00:00,0.5866,0.5866,0,0,0,0,0,0
1989-02-06 15:00:00,0.4342,0.4342,0,0,0,0,0,0
1989-02-06 16:00:00,0.2032,0.2032,0,0,0,0,0,0
1989-02-06 17:00:00,0.0,0.0,0,0,0,0,0,0
1989-02-06 18:00:00,0.0,0.0,0,0,0,0,0,0
1989-02-06 19:00:00,0.0,0.0,0,0,0,0,0,0
1989-02-06 20:00:00,0.0,0.0,0,0,0,0,0,0
1989-02-06 21:00:00,0.0,0.0,0,0,0,0,0,0
1989-02-06 22:00:00,0.0,0.0,0,0,0,0,0,0
1989-02-06 23:00:00,0.0,0.0,0,0,0,0,0,0
1989-02-07 00:00:00,0.0,0.0,0,0,0,0,0,0
1989-02-07 01:00:00,0.0,0.0,0,0,0,0,0,0
1989-02-07 02:00:00,0.0,0.0,0,0,0,0,0,0
1989-02-07 03:00:00,0.0,0.0,0,0,0,0,0,0
1989-02-07 04:00:00,0.0,0.0,0,0,0,0,0,0
1989-02-07 05:00:00,0.0,0.0,0,0,0,0,0,0
1989-02-07 06:00:00,0.0,0.0,0,0,0,0,0,0
1989-02-07 07:00:00,0.0,0.0,0,0,0,0,0,0
1989-02-07 08:00:00,0.0613,0.0613,0,0,0,0,0,0
1989-02-07 09:00:00,0.1616,0.1616,0,0,0,0,0,0
1989-02-07 10:00:00,0.2789,0.2789,0,0,0,0,0,0
1989-02-07 11:00:00,0.3755,0.3755,0,0,0,0,0,0
1989-02-07 12:00:00,0.4248,0.4248,0,0,0,0,0,0
1989-02-07 13:00:00,0.4693,0.4693,0,0,0,0,0,0
1989-02-07 14:00:00,0.4629,0.4629,0,0,0,0,0,0
1989-02-07 15:00:00,0.3519,0.3519,0,0,0,0,0,0
1989-02-07 16:00:00,0.1639,0.1639,0,0,0,0,0,0
1989-02-07 17:00:00,0.0,0.0,0,0,0,0,0,0
1989-02-07 18:00:00,0.0,0.0,0,0,0,0,0,0
1989-02-07 19:00:00,0.0,0.0,0,0,0,0,0,0
1989-02-07 20:00:00,0.0,0.0,0,0,0,0,0,0
1989-02-07 21:00:00,0.0,0.0,0,0,0,0,0,0
1989-02-07 22:00:00,0.0,0.0,0,0,0,0,0,0
1989-02-07 23:00:00,0.0,0.0,0,0,0,0,0,0
1989-02-08 00:00:00,0.0,0.0,0,0,0,0,0,0
1989-02-08 01:00:00,0.0,0.0,0,0,0,0,0,0
1989-02-08 02:00:00,0.0,0.0,0,0,0,0,0,0
1989-02-08 03:00:00,0.0,0.0,0,0,0,0,0,0
1989-02-08 04:00:00,0.0,0.0,0,0,0,0,0,0
1989-02-08 05:00:00,0.0,0.0,0,0,0,0,0,0
1989-02-08 06:00:00,0.0,0.0,0,0,0,0,0,0
1989-02-08 07:00:00,0.0,0.0,0,0,0,0,0,0
1989-02-08 08:00:00,0.0823,0.0823,0,0,0,0,0,0
1989-02-08 09:00:00,0.255,0.255,0,0,0,0,0,0
1989-02-08 10:00:00,0.3962,0.3962,0,0,0,0,0,0
1989-02-08 11:00:00,0.5179,0.5179,0,0,0,0,0,0
1989-02-08 12:00:00,0.6297,0.6297,0,0,0,0,0,0
1989-02-08 13:00:00,0.6341,0.6341,0,0,0,0,0,0
1989-02-08 14:00:00,0.5637,0.5637,0,0,0,0,0,0
1989-02-08 15:00:00,0.4253,0.4253,0,0,0,0,0,0
1989-02-08 16:00:00,0.2008,0.2008,0,0,0,0,0,0
1989-02-08 17:00:00,0.0,0.0,0,0,0,0,0,0
1989-02-08 18:00:00,0.0,0.0,0,0,0,0,0,0
1989-02-08 19:00:00,0.0,0.0,0,0,0,0,0,0
1989-02-08 20:00:00,0.0,0.0,0,0,0,0,0,0
1989-02-08 21:00:00,0.0,0.0,0,0,0,0,0,0
1989-02-08 22:00:00,0.0,0.0,0,0,0,0,0,0
1989-02-08 23:00:00,0.0,0.0,0,0,0,0,0,0
1989-02-09 00:00:00,0.0,0.0,0,0,0,0,0,0
1989-02-09 01:00:00,0.0,0.0,0,0,0,0,0,0
1989-02-09 02:00:00,0.0,0.0,0,0,0,0,0,0
1989-02-09 03:00:00,0.0,0.0,0,0,0,0,0,0
1989-02-09 04:00:00,0.0,0.0,0,0,0,0,0,0
1989-02-09 05:00:00,0.0,0.0,0,0,0,0,0,0
1989-02-09 06:00:00,0.0,0.0,0,0,0,0,0,0
1989-02-09 07:00:00,0.0,0.0,0,0,0,0,0,0
1989-02-09 08:00:00,0.113,0.113,0,0,0,0,0,0
1989-02-09 09:00:00,0.2913,0.2913,0,0,0,0,0,0
1989-02-09 10:00:00,0.421,0.421,0,0,0,0,0,0
1989-02-09 11:00:00,0.552,0.552,0,0,0,0,0,0
1989-02-09 12:00:00,0.6258,0.6258,0,0,0,0,0,0
1989-02-09 13:00:00,0.6406,0.6406,0,0,0,0,0,0
1989-02-09 14:00:00,0.588,0.588,0,0,0,0,0,0
1989-02-09 15:00:00,0.4299,0.4299,0,0,0,0,0,0
1989-02-09 16:00:00,0.2029,0.2029,0,0,0,0,0,0
1989-02-09 17:00:00,0.0,0.0,0,0,0,0,0,0
1989-02-09 18:00:00,0.0,0.0,0,0,0,0,0,0
1989-02-09 19:00:00,0.0,0.0,0,0,0,0,0,0
1989-02-09 20:00:00,0.0,0.0,0,0,0,0,0,0
1989-02-09 21:00:00,0.0,0.0,0,0,0,0,0,0
1989-02-09 22:00:00,0.0,0.0,0,0,0,0,0,0
1989-02-09 23:00:00,0.0,0.0,0,0,0,0,0,0
1989-02-10 00:00:00,0.0,0.0,0,0,0,0,0,0
1989-02-10 01:00:00,0.0,0.0,0,0,0,0,0,0
1989-02-10 02:00:00,0.0,0.0,0,0,0,0,0,0
1989-02-10 03:00:00,0.0,0.0,0,0,0,0,0,0
1989-02-10 04:00:00,0.0,0.0,0,0,0,0,0,0
1989-02-10 05:00:00,0.0,0.0,0,0,0,0,0,0
1989-02-10 06:00:00,0.0,0.0,0,0,0,0,0,0
1989-02-10 07:00:00,0.0,0.0,0,0,0,0,0,0
1989-02-10 08:00:00,0.1256,0.1256,0,0,0,0,0,0
1989-02-10 09:00:00,0.296,0.296,0,0,0,0,0,0
1989-02-10 10:00:00,0.3581,0.3581,0,0,0,0,0,0
1989-02-10 11:00:00,0.3325,0.3325,0,0,0,0,0,0
1989-02-10 12:00:00,0.3577,0.3577,0,0,0,0,0,0
1989-02-10 13:00:00,0.4561,0.4561,0,0,0,0,0,0
1989-02-10 14:00:00,0.4553,0.4553,0,0,0,0,0,0
1989-02-10 15:00:00,0.3313,0.3313,0,0,0,0,0,0
1989-02-10 16:00:00,0.1608,0.1608,0,0,0,0,0,0
1989-02-10 17:00:00,0.0,0.0,0,0,0,0,0,0
1989-02-10 18:00:00,0.0,0.0,0,0,0,0,0,0
1989-02-10 19:00:00,0.0,0.0,0,0,0,0,0,0
1989-02-10 20:00:00,0.0,0.0,0,0,0,0,0,0
1989-02-10 21:00:00,0.0,0.0,0,0,0,0,0,0
1989-02-10 22:00:00,0.0,0.0,0,0,0,0,0,0
1989-02-10 23:00:00,0.0,0.0,0,0,0,0,0,0
1989-02-11 00:00:00,0.0,0.0,0,0,0,0,0,0
1989-02-11 01:00:00,0.0,0.0,0,0,0,0,0,0
1989-02-11 02:00:00,0.0,0.0,0,0,0,0,0,0
1989-02-11 03:00:00,0.0,0.0,0,0,0,0,0,0
1989-02-11 04:00:00,0.0,0.0,0,0,0,0,0,0
1989-02-11 05:00:00,0.0,0.0,0,0,0,0,0,0
1989-02-11 06:00:00,0.0,0.0,0,0,0,0,0,0
1989-02-11 07:00:00,0.0,0.0,0,0,0,0,0,0
1989-02-11 08:00:00,0.0899,0.0899,0,0,0,0,0,0
1989-02-11 09:00:00,0.2102,0.2102,0,0,0,0,0,0
1989-02-11 10:00:00,0.2784,0.2784,0,0,0,0,0,0
1989-02-11 11:00:00,0.3565,0.3565,0,0,0,0,0,0
1989-02-11 12:00:00,0.3863,0.3863,0,0,0,0,0,0
1989-02-11 13:00:00,0.4396,0.4396,0,0,0,0,0,0
1989-02-11 14:00:00,0.3543,0.3543,0,0,0,0,0,0
1989-02-11 15:00:00,0.1999,0.1999,0,0,0,0,0,0
1989-02-11 16:00:00,0.1255,0.1255,0,0,0,0,0,0
1989-02-11 17:00:00,0.0,0.0,0,0,0,0,0,0
1989-02-11 18:00:00,0.0,0.0,0,0,0,0,0,0
1989-02-11 19:00:00,0.0,0.0,0,0,0,0,0,0
1989-02-11 20:00:00,0.0,0.0,0,0,0,0,0,0
1989-02-11 21:00:00,0.0,0.0,0,0,0,0,0,0
1989-02-11 22:00:00,0.0,0.0,0,0,0,0,0,0
1989-02-11 23:00:00,0.0,0.0,0,0,0,0,0,0
1989-02-12 00:00:00,0.0,0.0,0,0,0,0,0,0
1989-02-12 01:00:00,0.0,0.0,0,0,0,0,0,0
1989-02-12 02:00:00,0.0,0.0,0,0,0,0,0,0
1989-02-12 03:00:00,0.0,0.0,0,0,0,0,0,0
1989-02-12 04:00:00,0.0,0.0,0,0,0,0,0,0
1989-02-12 05:00:00,0.0,0.0,0,0,0,0,0,0
1989-02-12 06:00:00,0.0,0.0,0,0,0,0,0,0
1989-02-12 07:00:00,0.0,0.0,0,0,0,0,0,0
1989-02-12 08:00:00,0.1887,0.1887,0,0,0,0,0,0
1989-02-12 09:00:00,0.4229,0.4229,0,0,0,0,0,0
1989-02-12 10:00:00,0.5773,0.5773,0,0,0,0,0,0
1989-02-12 11:00:00,0.6767,0.6767,0,0,0,0,0,0
1989-02-12 12:00:00,0.7022,0.7022,0,0,0,0,0,0
1989-02-12 13:00:00,0.6756,0.6756,0,0,0,0,0,0
1989-02-12 14:00:00,0.5899,0.5899,0,0,0,0,0,0
1989-02-12 15:00:00,0.4424,0.4424,0,0,0,0,0,0
1989-02-12 16:00:00,0.2243,0.2243,0,0,0,0,0,0
1989-02-12 17:00:00,0.0,0.0,0,0,0,0,0,0
1989-02-12 18:00:00,0.0,0.0,0,0,0,0,0,0
1989-02-12 19:00:00,0.0,0.0,0,0,0,0,0,0
1989-02-12 20:00:00,0.0,0.0,0,0,0,0,0,0
1989-02-12 21:00:00,0.0,0.0,0,0,0,0,0,0
1989-02-12 22:00:00,0.0,0.0,0,0,0,0,0,0
1989-02-12 23:00:00,0.0,0.0,0,0,0,0,0,0
1989-02-13 00:00:00,0.0,0.0,0,0,0,0,0,0
1989-02-13 01:00:00,0.0,0.0,0,0,0,0,0,0
1989-02-13 02:00:00,0.0,0.0,0,0,0,0,0,0
1989-02-13 03:00:00,0.0,0.0,0,0,0,0,0,0
1989-02-13 04:00:00,0.0,0.0,0,0,0,0,0,0
1989-02-13 05:00:00,0.0,0.0,0,0,0,0,0,0
1989-02-13 06:00:00,0.0,0.0,0,0,0,0,0,0
1989-02-13 07:00:00,0.0,0.0,0,0,0,0,0,0
1989-02-13 08:00:00,0.2163,0.2163,0,0,0,0,0,0
1989-02-13 09:00:00,0.4495,0.4495,0,0,0,0,0,0
1989-02-13 10:00:00,0.6033,0.6033,0,0,0,0,0,0
1989-02-13 11:00:00,0.6886,0.6886,0,0,0,0,0,0
1989-02-13 12:00:00,0.7086,0.7086,0,0,0,0,0,0
1989-02-13 13:00:00,0.616,0.616,0,0,0,0,0,0
1989-02-13 14:00:00,0.4468,0.4468,0,0,0,0,0,0
1989-02-13 15:00:00,0.2878,0.2878,0,0,0,0,0,0
1989-02-13 16:00:00,0.146,0.146,0,0,0,0,0,0
1989-02-13 17:00:00,0.0,0.0,0,0,0,0,0,0
1989-02-13 18:00:00,0.0,0.0,0,0,0,0,0,0
1989-02-13 19:00:00,0.0,0.0,0,0,0,0,0,0
1989-02-13 20:00:00,0.0,0.0,0,0,0,0,0,0
1989-02-13 21:00:00,0.0,0.0,0,0,0,0,0,0
1989-02-13 22:00:00,0.0,0.0,0,0,0,0,0,0
1989-02-13 23:00:00,0.0,0.0,0,0,0,0,0,0
1989-02-14 00:00:00,0.0,0.0,0,0,0,0,0,0
1989-02-14 01:00:00,0.0,0.0,0,0,0,0,0,0
1989-02-14 02:00:00,0.0,0.0,0,0,0,0,0,0
1989-02-14 03:00:00,0.0,0.0,0,0,0,0,0,0
1989-02-14 04:00:00,0.0,0.0,0,0,0,0,0,0
1989-02-14 05:00:00,0.0,0.0,0,0,0,0,0,0
1989-02-14 06:00:00,0.0,0.0,0,0,0,0,0,0
1989-02-14 07:00:00,0.0,0.0,0,0,0,0,0,0
1989-02-14 08:00:00,0.1671,0.1671,0,0,0,0,0,0
1989-02-14 09:00:00,0.3672,0.3672,0,0,0,0,0,0
1989-02-14 10:00:00,0.4905,0.4905,0,0,0,0,0,0
1989-02-14 11:00:00,0.5715,0.5715,0,0,0,0,0,0
1989-02-14 12:00:00,0.6879,0.6879,0,0,0,0,0,0
1989-02-14 13:00:00,0.7349,0.7349,0,0,0,0,0,0
1989-02-14 14:00:00,0.6484,0.6484,0,0,0,0,0,0
1989-02-14 15:00:00,0.4953,0.4953,0,0,0,0,0,0
1989-02-14 16:00:00,0.2534,0.2534,0,0,0,0,0,0
1989-02-14 17:00:00,0.0,0.0,0,0,0,0,0,0
1989-02-14 18:00:00,0.0,0.0,0,0,0,0,0,0
1989-02-14 19:00:00,0.0,0.0,0,0,0,0,0,0
1989-02-14 20:00:00,0.0,0.0,0,0,0,0,0,0
1989-02-14 21:00:00,0.0,0.0,0,0,0,0,0,0
1989-02-14 22:00:00,0.0,0.0,0,0,0,0,0,0
1989-02-14 23:00:00,0.0,0.0,0,0,0,0,0,0
1989-02-15 00:00:00,0.0,0.0,0,0,0,0,0,0
1989-02-15 01:00:00,0.0,0.0,0,0,0,0,0,0
1989-02-15 02:00:00,0.0,0.0,0,0,0,0,0,0
1989-02-15 03:00:00,0.0,0.0,0,0,0,0,0,0
1989-02-15 04:00:00,0.0,0.0,0,0,0,0,0,0
1989-02-15 05:00:00,0.0,0.0,0,0,0,0,0,0
1989-02-15 06:00:00,0.0,0.0,0,0,0,0,0,0
1989-02-15 07:00:00,0.0,0.0,0,0,0,0,0,0
1989-02-15 08:00:00,0.2254,0.2254,0,0,0,0,0,0
1989-02-15 09:00:00,0.4643,0.4643,0,0,0,0,0,0
1989-02-15 10:00:00,0.6158,0.6158,0,0,0,0,0,0
1989-02-15 11:00:00,0.7005,0.7005,0,0,0,0,0,0
1989-02-15 12:00:00,0.7136,0.7136,0,0,0,0,0,0
1989-02-15 13:00:00,0.6988,0.6988,0,0,0,0,0,0
1989-02-15 14:00:00,0.6067,0.6067,0,0,0,0,0,0
1989-02-15 15:00:00,0.4582,0.4582,0,0,0,0,0,0
1989-02-15 16:00:00,0.2483,0.2483,0,0,0,0,0,0
1989-02-15 17:00:00,0.0014,0.0014,0,0,0,0,0,0
1989-02-15 18:00:00,0.0,0.0,0,0,0,0,0,0
1989-02-15 19:00:00,0.0,0.0,0,0,0,0,0,0
1989-02-15 20:00:00,0.0,0.0,0,0,0,0,0,0
1989-02-15 21:00:00,0.0,0.0,0,0,0,0,0,0
1989-02-15 22:00:00,0.0,0.0,0,0,0,0,0,0
1989-02-15 23:00:00,0.0,0.0,0,0,0,0,0,0
1989-02-16 00:00:00,0.0,0.0,0,0,0,0,0,0
1989-02-16 01:00:00,0.0,0.0,0,0,0,0,0,0
1989-02-16 02:00:00,0.0,0.0,0,0,0,0,0,0
1989-02-16 03:00:00,0.0,0.0,0,0,0,0,0,0
1989-02-16 04:00:00,0.0,0.0,0,0,0,0,0,0
1989-02-16 05:00:00,0.0,0.0,0,0,0,0,0,0
1989-02-16 06:00:00,0.0,0.0,0,0,0,0,0,0
1989-02-16 07:00:00,0.0,0.0,0,0,0,0,0,0
1989-02-16 08:00:00,0.2217,0.2217,0,0,0,0,0,0
1989-02-16 09:00:00,0.4514,0.4514,0,0,0,0,0,0
1989-02-16 10:00:00,0.5948,0.5948,0,0,0,0,0,0
1989-02-16 11:00:00,0.6824,0.6824,0,0,0,0,0,0
1989-02-16 12:00:00,0.7181,0.7181,0,0,0,0,0,0
1989-02-16 13:00:00,0.7039,0.7039,0,0,0,0,0,0
1989-02-16 14:00:00,0.614,0.614,0,0,0,0,0,0
1989-02-16 15:00:00,0.4617,0.4617,0,0,0,0,0,0
1989-02-16 16:00:00,0.2408,0.2408,0,0,0,0,0,0
1989-02-16 17:00:00,0.0104,0.0104,0,0,0,0,0,0
1989-02-16 18:00:00,0.0,0.0,0,0,0,0,0,0
1989-02-16 19:00:00,0.0,0.0,0,0,0,0,0,0
1989-02-16 20:00:00,0.0,0.0,0,0,0,0,0,0
1989-02-16 21:00:00,0.0,0.0,0,0,0,0,0,0
1989-02-16 22:00:00,0.0,0.0,0,0,0,0,0,0
1989-02-16 23:00:00,0.0,0.0,0,0,0,0,0,0
1989-02-17 00:00:00,0.0,0.0,0,0,0,0,0,0
1989-02-17 01:00:00,0.0,0.0,0,0,0,0,0,0
1989-02-17 02:00:00,0.0,0.0,0,0,0,0,0,0
1989-02-17 03:00:00,0.0,0.0,0,0,0,0,0,0
1989-02-17 04:00:00,0.0,0.0,0,0,0,0,0,0
1989-02-17 05:00:00,0.0,0.0,0,0,0,0,0,0
1989-02-17 06:00:00,0.0,0.0,0,0,0,0,0,0
1989-02-17 07:00:00,0.0,0.0,0,0,0,0,0,0
1989-02-17 08:00:00,0.24,0.24,0,0,0,0,0,0
1989-02-17 09:00:00,0.4608,0.4608,0,0,0,0,0,0
1989-02-17 10:00:00,0.5988,0.5988,0,0,0,0,0,0
1989-02-17 11:00:00,0.6829,0.6829,0,0,0,0,0,0
1989-02-17 12:00:00,0.7078,0.7078,0,0,0,0,0,0
1989-02-17 13:00:00,0.6819,0.6819,0,0,0,0,0,0
1989-02-17 14:00:00,0.5962,0.5962,0,0,0,0,0,0
1989-02-17 15:00:00,0.4182,0.4182,0,0,0,0,0,0
1989-02-17 16:00:00,0.2106,0.2106,0,0,0,0,0,0
1989-02-17 17:00:00,0.0174,0.0174,0,0,0,0,0,0
1989-02-17 18:00:00,0.0,0.0,0,0,0,0,0,0
1989-02-17 19:00:00,0.0,0.0,0,0,0,0,0,0
1989-02-17 20:00:00,0.0,0.0,0,0,0,0,0,0
1989-02-17 21:00:00,0.0,0.0,0,0,0,0,0,0
1989-02-17 22:00:00,0.0,0.0,0,0,0,0,0,0
1989-02-17 23:00:00,0.0,0.0,0,0,0,0,0,0
1989-02-18 00:00:00,0.0,0.0,0,0,0,0,0,0
1989-02-18 01:00:00,0.0,0.0,0,0,0,0,0,0
1989-02-18 02:00:00,0.0,0.0,0,0,0,0,0,0
1989-02-18 03:00:00,0.0,0.0,0,0,0,0,0,0
1989-02-18 04:00:00,0.0,0.0,0,0,0,0,0,0
1989-02-18 05:00:00,0.0,0.0,0,0,0,0,0,0
1989-02-18 06:00:00,0.0,0.0,0,0,0,0,0,0
1989-02-18 07:00:00,0.0,0.0,0,0,0,0,0,0
1989-02-18 08:00:00,0.1827,0.1827,0,0,0,0,0,0
1989-02-18 09:00:00,0.293,0.293,0,0,0,0,0,0
1989-02-18 10:00:00,0.4592,0.4592,0,0,0,0,0,0
1989-02-18 11:00:00,0.6212,0.6212,0,0,0,0,0,0
1989-02-18 12:00:00,0.6744,0.6744,0,0,0,0,0,0
1989-02-18 13:00:00,0.6257,0.6257,0,0,0,0,0,0
1989-02-18 14:00:00,0.5299,0.5299,0,0,0,0,0,0
1989-02-18 15:00:00,0.4099,0.4099,0,0,0,0,0,0
1989-02-18 16:00:00,0.227,0.227,0,0,0,0,0,0
1989-02-18 17:00:00,0.0239,0.0239,0,0,0,0,0,0
1989-02-18 18:00:00,0.0,0.0,0,0,0,0,0,0
1989-02-18 19:00:00,0.0,0.0,0,0,0,0,0,0
1989-02-18 20:00:00,0.0,0.0,0,0,0,0,0,0
1989-02-18 21:00:00,0.0,0.0,0,0,0,0,0,0
1989-02-18 22:00:00,0.0,0.0,0,0,0,0,0,0
1989-02-18 23:00:00,0.0,0.0,0,0,0,0,0,0
1989-02-19 00:00:00,0.0,0.0,0,0,0,0,0,0
1989-02-19 01:00:00,0.0,0.0,0,0,0,0,0,0
1989-02-19 02:00:00,0.0,0.0,0,0,0,0,0,0
1989-02-19 03:00:00,0.0,0.0,0,0,0,0,0,0
1989-02-19 04:00:00,0.0,0.0,0,0,0,0,0,0
1989-02-19 05:00:00,0.0,0.0,0,0,0,0,0,0
1989-02-19 06:00:00,0.0,0.0,0,0,0,0,0,0
1989-02-19 07:00:00,0.0093,0.0093,0,0,0,0,0,0
1989-02-19 08:00:00,0.2434,0.2434,0,0,0,0,0,0
1989-02-19 09:00:00,0.4573,0.4573,0,0,0,0,0,0
1989-02-19 10:00:00,0.579,0.579,0,0,0,0,0,0
1989-02-19 11:00:00,0.6571,0.6571,0,0,0,0,0,0
1989-02-19 12:00:00,0.6822,0.6822,0,0,0,0,0,0
1989-02-19 13:00:00,0.6603,0.6603,0,0,0,0,0,0
1989-02-19 14:00:00,0.5777,0.5777,0,0,0,0,0,0
1989-02-19 15:00:00,0.4369,0.4369,0,0,0,0,0,0
1989-02-19 16:00:00,0.2368,0.2368,0,0,0,0,0,0
1989-02-19 17:00:00,0.029,0.029,0,0,0,0,0,0
1989-02-19 18:00:00,0.0,0.0,0,0,0,0,0,0
1989-02-19 19:00:00,0.0,0.0,0,0,0,0,0,0
1989-02-19 20:00:00,0.0,0.0,0,0,0,0,0,0
1989-02-19 21:00:00,0.0,0.0,0,0,0,0,0,0
1989-02-19 22:00:00,0.0,0.0,0,0,0,0,0,0
1989-02-19 23:00:00,0.0,0.0,0,0,0,0,0,0
1989-02-20 00:00:00,0.0,0.0,0,0,0,0,0,0
1989-02-20 01:00:00,0.0,0.0,0,0,0,0,0,0
1989-02-20 02:00:00,0.0,0.0,0,0,0,0,0,0
1989-02-20 03:00:00,0.0,0.0,0,0,0,0,0,0
1989-02-20 04:00:00,0.0,0.0,0,0,0,0,0,0
1989-02-20 05:00:00,0.0,0.0,0,0,0,0,0,0
1989-02-20 06:00:00,0.0,0.0,0,0,0,0,0,0
1989-02-20 07:00:00,0.0154,0.0154,0,0,0,0,0,0
1989-02-20 08:00:00,0.1653,0.1653,0,0,0,0,0,0
1989-02-20 09:00:00,0.261,0.261,0,0,0,0,0,0
1989-02-20 10:00:00,0.4086,0.4086,0,0,0,0,0,0
1989-02-20 11:00:00,0.5033,0.5033,0,0,0,0,0,0
1989-02-20 12:00:00,0.5054,0.5054,0,0,0,0,0,0
1989-02-20 13:00:00,0.5109,0.5109,0,0,0,0,0,0
1989-02-20 14:00:00,0.468,0.468,0,0,0,0,0,0
1989-02-20 15:00:00,0.3304,0.3304,0,0,0,0,0,0
1989-02-20 16:00:00,0.1674,0.1674,0,0,0,0,0,0
1989-02-20 17:00:00,0.0235,0.0235,0,0,0,0,0,0
1989-02-20 18:00:00,0.0,0.0,0,0,0,0,0,0
1989-02-20 19:00:00,0.0,0.0,0,0,0,0,0,0
1989-02-20 20:00:00,0.0,0.0,0,0,0,0,0,0
1989-02-20 21:00:00,0.0,0.0,0,0,0,0,0,0
1989-02-20 22:00:00,0.0,0.0,0,0,0,0,0,0
1989-02-20 23:00:00,0.0,0.0,0,0,0,0,0,0
1989-02-21 00:00:00,0.0,0.0,0,0,0,0,0,0
1989-02-21 01:00:00,0.0,0.0,0,0,0,0,0,0
1989-02-21 02:00:00,0.0,0.0,0,0,0,0,0,0
1989-02-21 03:00:00,0.0,0.0,0,0,0,0,0,0
1989-02-21 04:00:00,0.0,0.0,0,0,0,0,0,0
1989-02-21 05:00:00,0.0,0.0,0,0,0,0,0,0
1989-02-21 06:00:00,0.0,0.0,0,0,0,0,0,0
1989-02-21 07:00:00,0.0,0.0,0,0,0,0,0,0
1989-02-21 08:00:00,0.0333,0.0333,0,0,0,0,0,0
1989-02-21 09:00:00,0.0787,0.0787,0,0,0,0,0,0
1989-02-21 10:00:00,0.1133,0.1133,0,0,0,0,0,0
1989-02-21 11:00:00,0.1392,0.1392,0,0,0,0,0,0
1989-02-21 12:00:00,0.1628,0.1628,0,0,0,0,0,0
1989-02-21 13:00:00,0.1754,0.1754,0,0,0,0,0,0
1989-02-21 14:00:00,0.174,0.174,0,0,0,0,0,0
1989-02-21 15:00:00,0.162,0.162,0,0,0,0,0,0
1989-02-21 16:00:00,0.1012,0.1012,0,0,0,0,0,0
1989-02-21 17:00:00,0.0148,0.0148,0,0,0,0,0,0
1989-02-21 18:00:00,0.0,0.0,0,0,0,0,0,0
1989-02-21 19:00:00,0.0,0.0,0,0,0,0,0,0
1989-02-21 20:00:00,0.0,0.0,0,0,0,0,0,0
1989-02-21 21:00:00,0.0,0.0,0,0,0,0,0,0
1989-02-21 22:00:00,0.0,0.0,0,0,0,0,0,0
1989-02-21 23:00:00,0.0,0.0,0,0,0,0,0,0
1989-02-22 00:00:00,0.0,0.0,0,0,0,0,0,0
1989-02-22 01:00:00,0.0,0.0,0,0,0,0,0,0
1989-02-22 02:00:00,0.0,0.0,0,0,0,0,0,0
1989-02-22 03:00:00,0.0,0.0,0,0,0,0,0,0
1989-02-22 04:00:00,0.0,0.0,0,0,0,0,0,0
1989-02-22 05:00:00,0.0,0.0,0,0,0,0,0,0
1989-02-22 06:00:00,0.0,0.0,0,0,0,0,0,0
1989-02-22 07:00:00,0.0217,0.0217,0,0,0,0,0,0
1989-02-22 08:00:00,0.1208,0.1208,0,0,0,0,0,0
1989-02-22 09:00:00,0.2228,0.2228,0,0,0,0,0,0
1989-02-22 10:00:00,0.4067,0.4067,0,0,0,0,0,0
1989-02-22 11:00:00,0.5102,0.5102,0,0,0,0,0,0
1989-02-22 12:00:00,0.5184,0.5184,0,0,0,0,0,0
1989-02-22 13:00:00,0.4719,0.4719,0,0,0,0,0,0
1989-02-22 14:00:00,0.3804,0.3804,0,0,0,0,0,0
1989-02-22 15:00:00,0.2821,0.2821,0,0,0,0,0,0
1989-02-22 16:00:00,0.1679,0.1679,0,0,0,0,0,0
1989-02-22 17:00:00,0.0295,0.0295,0,0,0,0,0,0
1989-02-22 18:00:00,0.0,0.0,0,0,0,0,0,0
1989-02-22 19:00:00,0.0,0.0,0,0,0,0,0,0
1989-02-22 20:00:00,0.0,0.0,0,0,0,0,0,0
1989-02-22 21:00:00,0.0,0.0,0,0,0,0,0,0
1989-02-22 22:00:00,0.0,0.0,0,0,0,0,0,0
1989-02-22 23:00:00,0.0,0.0,0,0,0,0,0,0
1989-02-23 00:00:00,0.0,0.0,0,0,0,0,0,0
1989-02-23 01:00:00,0.0,0.0,0,0,0,0,0,0
1989-02-23 02:00:00,0.0,0.0,0,0,0,0,0,0
1989-02-23 03:00:00,0.0,0.0,0,0,0,0,0,0
1989-02-23 04:00:00,0.0,0.0,0,0,0,0,0,0
1989-02-23 05:00:00,0.0,0.0,0,0,0,0,0,0
1989-02-23 06:00:00,0.0,0.0,0,0,0,0,0,0
1989-02-23 07:00:00,0.0157,0.0157,0,0,0,0,0,0
1989-02-23 08:00:00,0.1181,0.1181,0,0,0,0,0,0
1989-02-23 09:00:00,0.2229,0.2229,0,0,0,0,0,0
1989-02-23 10:00:00,0.3632,0.3632,0,0,0,0,0,0
1989-02-23 11:00:00,0.4179,0.4179,0,0,0,0,0,0
1989-02-23 12:00:00,0.4061,0.4061,0,0,0,0,0,0
1989-02-23 13:00:00,0.4349,0.4349,0,0,0,0,0,0
1989-02-23 14:00:00,0.3075,0.3075,0,0,0,0,0,0
1989-02-23 15:00:00,0.1409,0.1409,0,0,0,0,0,0
1989-02-23 16:00:00,0.0476,0.0476,0,0,0,0,0,0
1989-02-23 17:00:00,0.0019,0.0019,0,0,0,0,0,0
1989-02-23 18:00:00,0.0,0.0,0,0,0,0,0,0
1989-02-23 19:00:00,0.0,0.0,0,0,0,0,0,0
1989-02-23 20:00:00,0.0,0.0,0,0,0,0,0,0
1989-02-23 21:00:00,0.0,0.0,0,0,0,0,0,0
1989-02-23 22:00:00,0.0,0.0,0,0,0,0,0,0
1989-02-23 23:00:00,0.0,0.0,0,0,0,0,0,0
1989-02-24 00:00:00,0.0,0.0,0,0,0,0,0,0
1989-02-24 01:00:00,0.0,0.0,0,0,0,0,0,0
1989-02-24 02:00:00,0.0,0.0,0,0,0,0,0,0
1989-02-24 03:00:00,0.0,0.0,0,0,0,0,0,0
1989-02-24 04:00:00,0.0,0.0,0,0,0,0,0,0
1989-02-24 05:00:00,0.0,0.0,0,0,0,0,0,0
1989-02-24 06:00:00,0.0,0.0,0,0,0,0,0,0
1989-02-24 07:00:00,0.0051,0.0051,0,0,0,0,0,0
1989-02-24 08:00:00,0.0594,0.0594,0,0,0,0,0,0
1989-02-24 09:00:00,0.1603,0.1603,0,0,0,0,0,0
1989-02-24 10:00:00,0.2667,0.2667,0,0,0,0,0,0
1989-02-24 11:00:00,0.3666,0.3666,0,0,0,0,0,0
1989-02-24 12:00:00,0.4717,0.4717,0,0,0,0,0,0
1989-02-24 13:00:00,0.4719,0.4719,0,0,0,0,0,0
1989-02-24 14:00:00,0.3417,0.3417,0,0,0,0,0,0
1989-02-24 15:00:00,0.1991,0.1991,0,0,0,0,0,0
1989-02-24 16:00:00,0.0846,0.0846,0,0,0,0,0,0
1989-02-24 17:00:00,0.0105,0.0105,0,0,0,0,0,0
1989-02-24 18:00:00,0.0,0.0,0,0,0,0,0,0
1989-02-24 19:00:00,0.0,0.0,0,0,0,0,0,0
1989-02-24 20:00:00,0.0,0.0,0,0,0,0,0,0
1989-02-24 21:00:00,0.0,0.0,0,0,0,0,0,0
1989-02-24 22:00:00,0.0,0.0,0,0,0,0,0,0
1989-02-24 23:00:00,0.0,0.0,0,0,0,0,0,0
1989-02-25 00:00:00,0.0,0.0,0,0,0,0,0,0
1989-02-25 01:00:00,0.0,0.0,0,0,0,0,0,0
1989-02-25 02:00:00,0.0,0.0,0,0,0,0,0,0
1989-02-25 03:00:00,0.0,0.0,0,0,0,0,0,0
1989-02-25 04:00:00,0.0,0.0,0,0,0,0,0,0
1989-02-25 05:00:00,0.0,0.0,0,0,0,0,0,0
1989-02-25 06:00:00,0.0,0.0,0,0,0,0,0,0
1989-02-25 07:00:00,0.0301,0.0301,0,0,0,0,0,0
1989-02-25 08:00:00,0.0954,0.0954,0,0,0,0,0,0
1989-02-25 09:00:00,0.0862,0.0862,0,0,0,0,0,0
1989-02-25 10:00:00,0.0994,0.0994,0,0,0,0,0,0
1989-02-25 11:00:00,0.2254,0.2254,0,0,0,0,0,0
1989-02-25 12:00:00,0.3874,0.3874,0,0,0,0,0,0
1989-02-25 13:00:00,0.3096,0.3096,0,0,0,0,0,0
1989-02-25 14:00:00,0.1782,0.1782,0,0,0,0,0,0
1989-02-25 15:00:00,0.1059,0.1059,0,0,0,0,0,0
1989-02-25 16:00:00,0.0425,0.0425,0,0,0,0,0,0
1989-02-25 17:00:00,0.0128,0.0128,0,0,0,0,0,0
1989-02-25 18:00:00,0.0,0.0,0,0,0,0,0,0
1989-02-25 19:00:00,0.0,0.0,0,0,0,0,0,0
1989-02-25 20:00:00,0.0,0.0,0,0,0,0,0,0
1989-02-25 21:00:00,0.0,0.0,0,0,0,0,0,0
1989-02-25 22:00:00,0.0,0.0,0,0,0,0,0,0
1989-02-25 23:00:00,0.0,0.0,0,0,0,0,0,0
1989-02-26 00:00:00,0.0,0.0,0,0,0,0,0,0
1989-02-26 01:00:00,0.0,0.0,0,0,0,0,0,0
1989-02-26 02:00:00,0.0,0.0,0,0,0,0,0,0
1989-02-26 03:00:00,0.0,0.0,0,0,0,0,0,0
1989-02-26 04:00:00,0.0,0.0,0,0,0,0,0,0
1989-02-26 05:00:00,0.0,0.0,0,0,0,0,0,0
1989-02-26 06:00:00,0.0,0.0,0,0,0,0,0,0
1989-02-26 07:00:00,0.0433,0.0433,0,0,0,0,0,0
1989-02-26 08:00:00,0.2648,0.2648,0,0,0,0,0,0
1989-02-26 09:00:00,0.5083,0.5083,0,0,0,0,0,0
1989-02-26 10:00:00,0.6594,0.6594,0,0,0,0,0,0
1989-02-26 11:00:00,0.7279,0.7279,0,0,0,0,0,0
1989-02-26 12:00:00,0.7208,0.7208,0,0,0,0,0,0
1989-02-26 13:00:00,0.6926,0.6926,0,0,0,0,0,0
1989-02-26 14:00:00,0.5655,0.5655,0,0,0,0,0,0
1989-02-26 15:00:00,0.4292,0.4292,0,0,0,0,0,0
1989-02-26 16:00:00,0.2574,0.2574,0,0,0,0,0,0
1989-02-26 17:00:00,0.0488,0.0488,0,0,0,0,0,0
1989-02-26 18:00:00,0.0,0.0,0,0,0,0,0,0
1989-02-26 19:00:00,0.0,0.0,0,0,0,0,0,0
1989-02-26 20:00:00,0.0,0.0,0,0,0,0,0,0
1989-02-26 21:00:00,0.0,0.0,0,0,0,0,0,0
1989-02-26 22:00:00,0.0,0.0,0,0,0,0,0,0
1989-02-26 23:00:00,0.0,0.0,0,0,0,0,0,0
1989-02-27 00:00:00,0.0,0.0,0,0,0,0,0,0
1989-02-27 01:00:00,0.0,0.0,0,0,0,0,0,0
1989-02-27 02:00:00,0.0,0.0,0,0,0,0,0,0
1989-02-27 03:00:00,0.0,0.0,0,0,0,0,0,0
1989-02-27 04:00:00,0.0,0.0,0,0,0,0,0,0
1989-02-27 05:00:00,0.0,0.0,0,0,0,0,0,0
1989-02-27 06:00:00,0.0,0.0,0,0,0,0,0,0
1989-02-27 07:00:00,0.0502,0.0502,0,0,0,0,0,0
1989-02-27 08:00:00,0.2765,0.2765,0,0,0,0,0,0
1989-02-27 09:00:00,0.4939,0.4939,0,0,0,0,0,0
1989-02-27 10:00:00,0.5714,0.5714,0,0,0,0,0,0
1989-02-27 11:00:00,0.6194,0.6194,0,0,0,0,0,0
1989-02-27 12:00:00,0.6898,0.6898,0,0,0,0,0,0
1989-02-27 13:00:00,0.705,0.705,0,0,0,0,0,0
1989-02-27 14:00:00,0.614,0.614,0,0,0,0,0,0
1989-02-27 15:00:00,0.4661,0.4661,0,0,0,0,0,0
1989-02-27 16:00:00,0.28,0.28,0,0,0,0,0,0
1989-02-27 17:00:00,0.0541,0.0541,0,0,0,0,0,0
1989-02-27 18:00:00,0.0,0.0,0,0,0,0,0,0
1989-02-27 19:00:00,0.0,0.0,0,0,0,0,0,0
1989-02-27 20:00:00,0.0,0.0,0,0,0,0,0,0
1989-02-27 21:00:00,0.0,0.0,0,0,0,0,0,0
1989-02-27 22:00:00,0.0,0.0,0,0,0,0,0,0
1989-02-27 23:00:00,0.0,0.0,0,0,0,0,0,0
1989-02-28 00:00:00,0.0,0.0,0,0,0,0,0,0
1989-02-28 01:00:00,0.0,0.0,0,0,0,0,0,0
1989-02-28 02:00:00,0.0,0.0,0,0,0,0,0,0
1989-02-28 03:00:00,0.0,0.0,0,0,0,0,0,0
1989-02-28 04:00:00,0.0,0.0,0,0,0,0,0,0
1989-02-28 05:00:00,0.0,0.0,0,0,0,0,0,0
1989-02-28 06:00:00,0.0,0.0,0,0,0,0,0,0
1989-02-28 07:00:00,0.0243,0.0243,0,0,0,0,0,0
1989-02-28 08:00:00,0.1061,0.1061,0,0,0,0,0,0
1989-02-28 09:00:00,0.2113,0.2113,0,0,0,0,0,0
1989-02-28 10:00:00,0.2947,0.2947,0,0,0,0,0,0
1989-02-28 11:00:00,0.3156,0.3156,0,0,0,0,0,0
1989-02-28 12:00:00,0.3519,0.3519,0,0,0,0,0,0
1989-02-28 13:00:00,0.3214,0.3214,0,0,0,0,0,0
1989-02-28 14:00:00,0.2618,0.2618,0,0,0,0,0,0
1989-02-28 15:00:00,0.2258,0.2258,0,0,0,0,0,0
1989-02-28 16:00:00,0.122,0.122,0,0,0,0,0,0
1989-02-28 17:00:00,0.0236,0.0236,0,0,0,0,0,0
1989-02-28 18:00:00,0.0,0.0,0,0,0,0,0,0
1989-02-28 19:00:00,0.0,0.0,0,0,0,0,0,0
1989-02-28 20:00:00,0.0,0.0,0,0,0,0,0,0
1989-02-28 21:00:00,0.0,0.0,0,0,0,0,0,0
1989-02-28 22:00:00,0.0,0.0,0,0,0,0,0,0
1989-02-28 23:00:00,0.0,0.0,0,0,0,0,0,0
1989-03-01 00:00:00,0.0,0.0,0,0,0,0,0,0
1989-03-01 01:00:00,0.0,0.0,0,0,0,0,0,0
1989-03-01 02:00:00,0.0,0.0,0,0,0,0,0,0
1989-03-01 03:00:00,0.0,0.0,0,0,0,0,0,0
1989-03-01 04:00:00,0.0,0.0,0,0,0,0,0,0
1989-03-01 05:00:00,0.0,0.0,0,0,0,0,0,0
1989-03-01 06:00:00,0.0,0.0,0,0,0,0,0,0
1989-03-01 07:00:00,0.0,0.0,0,0,0,0,0,0
1989-03-01 08:00:00,0.0191,0.0191,0,0,0,0,0,0
1989-03-01 09:00:00,0.0592,0.0592,0,0,0,0,0,0
1989-03-01 10:00:00,0.0761,0.0761,0,0,0,0,0,0
1989-03-01 11:00:00,0.1057,0.1057,0,0,0,0,0,0
1989-03-01 12:00:00,0.3132,0.3132,0,0,0,0,0,0
1989-03-01 13:00:00,0.4866,0.4866,0,0,0,0,0,0
1989-03-01 14:00:00,0.4713,0.4713,0,0,0,0,0,0
1989-03-01 15:00:00,0.3954,0.3954,0,0,0,0,0,0
1989-03-01 16:00:00,0.2624,0.2624,0,0,0,0,0,0
1989-03-01 17:00:00,0.0605,0.0605,0,0,0,0,0,0
1989-03-01 18:00:00,0.0,0.0,0,0,0,0,0,0
1989-03-01 19:00:00,0.0,0.0,0,0,0,0,0,0
1989-03-01 20:00:00,0.0,0.0,0,0,0,0,0,0
1989-03-01 21:00:00,0.0,0.0,0,0,0,0,0,0
1989-03-01 22:00:00,0.0,0.0,0,0,0,0,0,0
1989-03-01 23:00:00,0.0,0.0,0,0,0,0,0,0
1989-03-02 00:00:00,0.0,0.0,0,0,0,0,0,0
1989-03-02 01:00:00,0.0,0.0,0,0,0,0,0,0
1989-03-02 02:00:00,0.0,0.0,0,0,0,0,0,0
1989-03-02 03:00:00,0.0,0.0,0,0,0,0,0,0
1989-03-02 04:00:00,0.0,0.0,0,0,0,0,0,0
1989-03-02 05:00:00,0.0,0.0,0,0,0,0,0,0
1989-03-02 06:00:00,0.0,0.0,0,0,0,0,0,0
1989-03-02 07:00:00,0.0162,0.0162,0,0,0,0,0,0
1989-03-02 08:00:00,0.1313,0.1313,0,0,0,0,0,0
1989-03-02 09:00:00,0.3845,0.3845,0,0,0,0,0,0
1989-03-02 10:00:00,0.585,0.585,0,0,0,0,0,0
1989-03-02 11:00:00,0.6526,0.6526,0,0,0,0,0,0
1989-03-02 12:00:00,0.6803,0.6803,0,0,0,0,0,0
1989-03-02 13:00:00,0.6604,0.6604,0,0,0,0,0,0
1989-03-02 14:00:00,0.5704,0.5704,0,0,0,0,0,0
1989-03-02 15:00:00,0.4446,0.4446,0,0,0,0,0,0
1989-03-02 16:00:00,0.2497,0.2497,0,0,0,0,0,0
1989-03-02 17:00:00,0.0514,0.0514,0,0,0,0,0,0
1989-03-02 18:00:00,0.0,0.0,0,0,0,0,0,0
1989-03-02 19:00:00,0.0,0.0,0,0,0,0,0,0
1989-03-02 20:00:00,0.0,0.0,0,0,0,0,0,0
1989-03-02 21:00:00,0.0,0.0,0,0,0,0,0,0
1989-03-02 22:00:00,0.0,0.0,0,0,0,0,0,0
1989-03-02 23:00:00,0.0,0.0,0,0,0,0,0,0
1989-03-03 00:00:00,0.0,0.0,0,0,0,0,0,0
1989-03-03 01:00:00,0.0,0.0,0,0,0,0,0,0
1989-03-03 02:00:00,0.0,0.0,0,0,0,0,0,0
1989-03-03 03:00:00,0.0,0.0,0,0,0,0,0,0
1989-03-03 04:00:00,0.0,0.0,0,0,0,0,0,0
1989-03-03 05:00:00,0.0,0.0,0,0,0,0,0,0
1989-03-03 06:00:00,0.0,0.0,0,0,0,0,0,0
1989-03-03 07:00:00,0.0443,0.0443,0,0,0,0,0,0
1989-03-03 08:00:00,0.2482,0.2482,0,0,0,0,0,0
1989-03-03 09:00:00,0.4578,0.4578,0,0,0,0,0,0
1989-03-03 10:00:00,0.5889,0.5889,0,0,0,0,0,0
1989-03-03 11:00:00,0.6373,0.6373,0,0,0,0,0,0
1989-03-03 12:00:00,0.5272,0.5272,0,0,0,0,0,0
1989-03-03 13:00:00,0.5302,0.5302,0,0,0,0,0,0
1989-03-03 14:00:00,0.5845,0.5845,0,0,0,0,0,0
1989-03-03 15:00:00,0.4586,0.4586,0,0,0,0,0,0
1989-03-03 16:00:00,0.2634,0.2634,0,0,0,0,0,0
1989-03-03 17:00:00,0.0582,0.0582,0,0,0,0,0,0
1989-03-03 18:00:00,0.0,0.0,0,0,0,0,0,0
1989-03-03 19:00:00,0.0,0.0,0,0,0,0,0,0
1989-03-03 20:00:00,0.0,0.0,0,0,0,0,0,0
1989-03-03 21:00:00,0.0,0.0,0,0,0,0,0,0
1989-03-03 22:00:00,0.0,0.0,0,0,0,0,0,0
1989-03-03 23:00:00,0.0,0.0,0,0,0,0,0,0
1989-03-04 00:00:00,0.0,0.0,0,0,0,0,0,0
1989-03-04 01:00:00,0.0,0.0,0,0,0,0,0,0
1989-03-04 02:00:00,0.0,0.0,0,0,0,0,0,0
1989-03-04 03:00:00,0.0,0.0,0,0,0,0,0,0
1989-03-04 04:00:00,0.0,0.0,0,0,0,0,0,0
1989-03-04 05:00:00,0.0,0.0,0,0,0,0,0,0
1989-03-04 06:00:00,0.0,0.0,0,0,0,0,0,0
1989-03-04 07:00:00,0.0522,0.0522,0,0,0,0,0,0
1989-03-04 08:00:00,0.2201,0.2201,0,0,0,0,0,0
1989-03-04 09:00:00,0.3728,0.3728,0,0,0,0,0,0
1989-03-04 10:00:00,0.4861,0.4861,0,0,0,0,0,0
1989-03-04 11:00:00,0.6545,0.6545,0,0,0,0,0,0
1989-03-04 12:00:00,0.742,0.742,0,0,0,0,0,0
1989-03-04 13:00:00,0.6165,0.6165,0,0,0,0,0,0
1989-03-04 14:00:00,0.4481,0.4481,0,0,0,0,0,0
1989-03-04 15:00:00,0.2882,0.2882,0,0,0,0,0,0
1989-03-04 16:00:00,0.1688,0.1688,0,0,0,0,0,0
1989-03-04 17:00:00,0.0516,0.0516,0,0,0,0,0,0
1989-03-04 18:00:00,0.0,0.0,0,0,0,0,0,0
1989-03-04 19:00:00,0.0,0.0,0,0,0,0,0,0
1989-03-04 20:00:00,0.0,0.0,0,0,0,0,0,0
1989-03-04 21:00:00,0.0,0.0,0,0,0,0,0,0
1989-03-04 22:00:00,0.0,0.0,0,0,0,0,0,0
1989-03-04 23:00:00,0.0,0.0,0,0,0,0,0,0
1989-03-05 00:00:00,0.0,0.0,0,0,0,0,0,0
1989-03-05 01:00:00,0.0,0.0,0,0,0,0,0,0
1989-03-05 02:00:00,0.0,0.0,0,0,0,0,0,0
1989-03-05 03:00:00,0.0,0.0,0,0,0,0,0,0
1989-03-05 04:00:00,0.0,0.0,0,0,0,0,0,0
1989-03-05 05:00:00,0.0,0.0,0,0,0,0,0,0
1989-03-05 06:00:00,0.0,0.0,0,0,0,0,0,0
1989-03-05 07:00:00,0.0534,0.0534,0,0,0,0,0,0
1989-03-05 08:00:00,0.2411,0.2411,0,0,0,0,0,0
1989-03-05 09:00:00,0.4515,0.4515,0,0,0,0,0,0
1989-03-05 10:00:00,0.6079,0.6079,0,0,0,0,0,0
1989-03-05 11:00:00,0.7043,0.7043,0,0,0,0,0,0
1989-03-05 12:00:00,0.7328,0.7328,0,0,0,0,0,0
1989-03-05 13:00:00,0.6755,0.6755,0,0,0,0,0,0
1989-03-05 14:00:00,0.5646,0.5646,0,0,0,0,0,0
1989-03-05 15:00:00,0.4605,0.4605,0,0,0,0,0,0
1989-03-05 16:00:00,0.2802,0.2802,0,0,0,0,0,0
1989-03-05 17:00:00,0.0641,0.0641,0,0,0,0,0,0
1989-03-05 18:00:00,0.0,0.0,0,0,0,0,0,0
1989-03-05 19:00:00,0.0,0.0,0,0,0,0,0,0
1989-03-05 20:00:00,0.0,0.0,0,0,0,0,0,0
1989-03-05 21:00:00,0.0,0.0,0,0,0,0,0,0
1989-03-05 22:00:00,0.0,0.0,0,0,0,0,0,0
1989-03-05 23:00:00,0.0,0.0,0,0,0,0,0,0
1989-03-06 00:00:00,0.0,0.0,0,0,0,0,0,0
1989-03-06 01:00:00,0.0,0.0,0,0,0,0,0,0
1989-03-06 02:00:00,0.0,0.0,0,0,0,0,0,0
1989-03-06 03:00:00,0.0,0.0,0,0,0,0,0,0
1989-03-06 04:00:00,0.0,0.0,0,0,0,0,0,0
1989-03-06 05:00:00,0.0,0.0,0,0,0,0,0,0
1989-03-06 06:00:00,0.0,0.0,0,0,0,0,0,0
1989-03-06 07:00:00,0.0405,0.0405,0,0,0,0,0,0
1989-03-06 08:00:00,0.1402,0.1402,0,0,0,0,0,0
1989-03-06 09:00:00,0.2315,0.2315,0,0,0,0,0,0
1989-03-06 10:00:00,0.3037,0.3037,0,0,0,0,0,0
1989-03-06 11:00:00,0.3291,0.3291,0,0,0,0,0,0
1989-03-06 12:00:00,0.3587,0.3587,0,0,0,0,0,0
1989-03-06 13:00:00,0.3391,0.3391,0,0,0,0,0,0
1989-03-06 14:00:00,0.2566,0.2566,0,0,0,0,0,0
1989-03-06 15:00:00,0.1959,0.1959,0,0,0,0,0,0
1989-03-06 16:00:00,0.1285,0.1285,0,0,0,0,0,0
1989-03-06 17:00:00,0.0352,0.0352,0,0,0,0,0,0
1989-03-06 18:00:00,0.0,0.0,0,0,0,0,0,0
1989-03-06 19:00:00,0.0,0.0,0,0,0,0,0,0
1989-03-06 20:00:00,0.0,0.0,0,0,0,0,0,0
1989-03-06 21:00:00,0.0,0.0,0,0,0,0,0,0
1989-03-06 22:00:00,0.0,0.0,0,0,0,0,0,0
1989-03-06 23:00:00,0.0,0.0,0,0,0,0,0,0
1989-03-07 00:00:00,0.0,0.0,0,0,0,0,0,0
1989-03-07 01:00:00,0.0,0.0,0,0,0,0,0,0
1989-03-07 02:00:00,0.0,0.0,0,0,0,0,0,0
1989-03-07 03:00:00,0.0,0.0,0,0,0,0,0,0
1989-03-07 04:00:00,0.0,0.0,0,0,0,0,0,0
1989-03-07 05:00:00,0.0,0.0,0,0,0,0,0,0
1989-03-07 06:00:00,0.0,0.0,0,0,0,0,0,0
1989-03-07 07:00:00,0.0439,0.0439,0,0,0,0,0,0
1989-03-07 08:00:00,0.1652,0.1652,0,0,0,0,0,0
1989-03-07 09:00:00,0.264,0.264,0,0,0,0,0,0
1989-03-07 10:00:00,0.3357,0.3357,0,0,0,0,0,0
1989-03-07 11:00:00,0.4287,0.4287,0,0,0,0,0,0
1989-03-07 12:00:00,0.4648,0.4648,0,0,0,0,0,0
1989-03-07 13:00:00,0.4148,0.4148,0,0,0,0,0,0
1989-03-07 14:00:00,0.3041,0.3041,0,0,0,0,0,0
1989-03-07 15:00:00,0.1841,0.1841,0,0,0,0,0,0
1989-03-07 16:00:00,0.1068,0.1068,0,0,0,0,0,0
1989-03-07 17:00:00,0.0341,0.0341,0,0,0,0,0,0
1989-03-07 18:00:00,0.0,0.0,0,0,0,0,0,0
1989-03-07 19:00:00,0.0,0.0,0,0,0,0,0,0
1989-03-07 20:00:00,0.0,0.0,0,0,0,0,0,0
1989-03-07 21:00:00,0.0,0.0,0,0,0,0,0,0
1989-03-07 22:00:00,0.0,0.0,0,0,0,0,0,0
1989-03-07 23:00:00,0.0,0.0,0,0,0,0,0,0
1989-03-08 00:00:00,0.0,0.0,0,0,0,0,0,0
1989-03-08 01:00:00,0.0,0.0,0,0,0,0,0,0
1989-03-08 02:00:00,0.0,0.0,0,0,0,0,0,0
1989-03-08 03:00:00,0.0,0.0,0,0,0,0,0,0
1989-03-08 04:00:00,0.0,0.0,0,0,0,0,0,0
1989-03-08 05:00:00,0.0,0.0,0,0,0,0,0,0
1989-03-08 06:00:00,0.0,0.0,0,0,0,0,0,0
1989-03-08 07:00:00,0.0548,0.0548,0,0,0,0,0,0
1989-03-08 08:00:00,0.2216,0.2216,0,0,0,0,0,0
1989-03-08 09:00:00,0.4255,0.4255,0,0,0,0,0,0
1989-03-08 10:00:00,0.6141,0.6141,0,0,0,0,0,0
1989-03-08 11:00:00,0.732,0.732,0,0,0,0,0,0
1989-03-08 12:00:00,0.7827,0.7827,0,0,0,0,0,0
1989-03-08 13:00:00,0.7802,0.7802,0,0,0,0,0,0
1989-03-08 14:00:00,0.6961,0.6961,0,0,0,0,0,0
1989-03-08 15:00:00,0.5417,0.5417,0,0,0,0,0,0
1989-03-08 16:00:00,0.3172,0.3172,0,0,0,0,0,0
1989-03-08 17:00:00,0.0777,0.0777,0,0,0,0,0,0
1989-03-08 18:00:00,0.0,0.0,0,0,0,0,0,0
1989-03-08 19:00:00,0.0,0.0,0,0,0,0,0,0
1989-03-08 20:00:00,0.0,0.0,0,0,0,0,0,0
1989-03-08 21:00:00,0.0,0.0,0,0,0,0,0,0
1989-03-08 22:00:00,0.0,0.0,0,0,0,0,0,0
1989-03-08 23:00:00,0.0,0.0,0,0,0,0,0,0
1989-03-09 00:00:00,0.0,0.0,0,0,0,0,0,0
1989-03-09 01:00:00,0.0,0.0,0,0,0,0,0,0
1989-03-09 02:00:00,0.0,0.0,0,0,0,0,0,0
1989-03-09 03:00:00,0.0,0.0,0,0,0,0,0,0
1989-03-09 04:00:00,0.0,0.0,0,0,0,0,0,0
1989-03-09 05:00:00,0.0,0.0,0,0,0,0,0,0
1989-03-09 06:00:00,0.0,0.0,0,0,0,0,0,0
1989-03-09 07:00:00,0.0849,0.0849,0,0,0,0,0,0
1989-03-09 08:00:00,0.3232,0.3232,0,0,0,0,0,0
1989-03-09 09:00:00,0.5264,0.5264,0,0,0,0,0,0
1989-03-09 10:00:00,0.6566,0.6566,0,0,0,0,0,0
1989-03-09 11:00:00,0.7356,0.7356,0,0,0,0,0,0
1989-03-09 12:00:00,0.7534,0.7534,0,0,0,0,0,0
1989-03-09 13:00:00,0.7141,0.7141,0,0,0,0,0,0
1989-03-09 14:00:00,0.6212,0.6212,0,0,0,0,0,0
1989-03-09 15:00:00,0.4854,0.4854,0,0,0,0,0,0
1989-03-09 16:00:00,0.2894,0.2894,0,0,0,0,0,0
1989-03-09 17:00:00,0.0732,0.0732,0,0,0,0,0,0
1989-03-09 18:00:00,0.0,0.0,0,0,0,0,0,0
1989-03-09 19:00:00,0.0,0.0,0,0,0,0,0,0
1989-03-09 20:00:00,0.0,0.0,0,0,0,0,0,0
1989-03-09 21:00:00,0.0,0.0,0,0,0,0,0,0
1989-03-09 22:00:00,0.0,0.0,0,0,0,0,0,0
1989-03-09 23:00:00,0.0,0.0,0,0,0,0,0,0
1989-03-10 00:00:00,0.0,0.0,0,0,0,0,0,0
1989-03-10 01:00:00,0.0,0.0,0,0,0,0,0,0
1989-03-10 02:00:00,0.0,0.0,0,0,0,0,0,0
1989-03-10 03:00:00,0.0,0.0,0,0,0,0,0,0
1989-03-10 04:00:00,0.0,0.0,0,0,0,0,0,0
1989-03-10 05:00:00,0.0,0.0,0,0,0,0,0,0
1989-03-10 06:00:00,0.0,0.0,0,0,0,0,0,0
1989-03-10 07:00:00,0.0849,0.0849,0,0,0,0,0,0
1989-03-10 08:00:00,0.3063,0.3063,0,0,0,0,0,0
1989-03-10 09:00:00,0.5034,0.5034,0,0,0,0,0,0
1989-03-10 10:00:00,0.6229,0.6229,0,0,0,0,0,0
1989-03-10 11:00:00,0.7011,0.7011,0,0,0,0,0,0
1989-03-10 12:00:00,0.7241,0.7241,0,0,0,0,0,0
1989-03-10 13:00:00,0.7003,0.7003,0,0,0,0,0,0
1989-03-10 14:00:00,0.6171,0.6171,0,0,0,0,0,0
1989-03-10 15:00:00,0.4794,0.4794,0,0,0,0,0,0
1989-03-10 16:00:00,0.2843,0.2843,0,0,0,0,0,0
1989-03-10 17:00:00,0.0715,0.0715,0,0,0,0,0,0
1989-03-10 18:00:00,0.0,0.0,0,0,0,0,0,0
1989-03-10 19:00:00,0.0,0.0,0,0,0,0,0,0
1989-03-10 20:00:00,0.0,0.0,0,0,0,0,0,0
1989-03-10 21:00:00,0.0,0.0,0,0,0,0,0,0
1989-03-10 22:00:00,0.0,0.0,0,0,0,0,0,0
1989-03-10 23:00:00,0.0,0.0,0,0,0,0,0,0
1989-03-11 00:00:00,0.0,0.0,0,0,0,0,0,0
1989-03-11 01:00:00,0.0,0.0,0,0,0,0,0,0
1989-03-11 02:00:00,0.0,0.0,0,0,0,0,0,0
1989-03-11 03:00:00,0.0,0.0,0,0,0,0,0,0
1989-03-11 04:00:00,0.0,0.0,0,0,0,0,0,0
1989-03-11 05:00:00,0.0,0.0,0,0,0,0,0,0
1989-03-11 06:00:00,0.0,0.0,0,0,0,0,0,0
1989-03-11 07:00:00,0.0507,0.0507,0,0,0,0,0,0
1989-03-11 08:00:00,0.1907,0.1907,0,0,0,0,0,0
1989-03-11 09:00:00,0.4081,0.4081,0,0,0,0,0,0
1989-03-11 10:00:00,0.5828,0.5828,0,0,0,0,0,0
1989-03-11 11:00:00,0.6855,0.6855,0,0,0,0,0,0
1989-03-11 12:00:00,0.7115,0.7115,0,0,0,0,0,0
1989-03-11 13:00:00,0.691,0.691,0,0,0,0,0,0
1989-03-11 14:00:00,0.6142,0.6142,0,0,0,0,0,0
1989-03-11 15:00:00,0.481,0.481,0,0,0,0,0,0
1989-03-11 16:00:00,0.2869,0.2869,0,0,0,0,0,0
1989-03-11 17:00:00,0.0738,0.0738,0,0,0,0,0,0
1989-03-11 18:00:00,0.0,0.0,0,0,0,0,0,0
1989-03-11 19:00:00,0.0,0.0,0,0,0,0,0,0
1989-03-11 20:00:00,0.0,0.0,0,0,0,0,0,0
1989-03-11 21:00:00,0.0,0.0,0,0,0,0,0,0
1989-03-11 22:00:00,0.0,0.0,0,0,0,0,0,0
1989-03-11 23:00:00,0.0,0.0,0,0,0,0,0,0
1989-03-12 00:00:00,0.0,0.0,0,0,0,0,0,0
1989-03-12 01:00:00,0.0,0.0,0,0,0,0,0,0
1989-03-12 02:00:00,0.0,0.0,0,0,0,0,0,0
1989-03-12 03:00:00,0.0,0.0,0,0,0,0,0,0
1989-03-12 04:00:00,0.0,0.0,0,0,0,0,0,0
1989-03-12 05:00:00,0.0,0.0,0,0,0,0,0,0
1989-03-12 06:00:00,0.0,0.0,0,0,0,0,0,0
1989-03-12 07:00:00,0.0656,0.0656,0,0,0,0,0,0
1989-03-12 08:00:00,0.219,0.219,0,0,0,0,0,0
1989-03-12 09:00:00,0.3598,0.3598,0,0,0,0,0,0
1989-03-12 10:00:00,0.4575,0.4575,0,0,0,0,0,0
1989-03-12 11:00:00,0.5656,0.5656,0,0,0,0,0,0
1989-03-12 12:00:00,0.6387,0.6387,0,0,0,0,0,0
1989-03-12 13:00:00,0.6497,0.6497,0,0,0,0,0,0
1989-03-12 14:00:00,0.5292,0.5292,0,0,0,0,0,0
1989-03-12 15:00:00,0.3971,0.3971,0,0,0,0,0,0
1989-03-12 16:00:00,0.2429,0.2429,0,0,0,0,0,0
1989-03-12 17:00:00,0.0659,0.0659,0,0,0,0,0,0
1989-03-12 18:00:00,0.0,0.0,0,0,0,0,0,0
1989-03-12 19:00:00,0.0,0.0,0,0,0,0,0,0
1989-03-12 20:00:00,0.0,0.0,0,0,0,0,0,0
1989-03-12 21:00:00,0.0,0.0,0,0,0,0,0,0
1989-03-12 22:00:00,0.0,0.0,0,0,0,0,0,0
1989-03-12 23:00:00,0.0,0.0,0,0,0,0,0,0
1989-03-13 00:00:00,0.0,0.0,0,0,0,0,0,0
1989-03-13 01:00:00,0.0,0.0,0,0,0,0,0,0
1989-03-13 02:00:00,0.0,0.0,0,0,0,0,0,0
1989-03-13 03:00:00,0.0,0.0,0,0,0,0,0,0
1989-03-13 04:00:00,0.0,0.0,0,0,0,0,0,0
1989-03-13 05:00:00,0.0,0.0,0,0,0,0,0,0
1989-03-13 06:00:00,0.0,0.0,0,0,0,0,0,0
1989-03-13 07:00:00,0.0471,0.0471,0,0,0,0,0,0
1989-03-13 08:00:00,0.1661,0.1661,0,0,0,0,0,0
1989-03-13 09:00:00,0.3412,0.3412,0,0,0,0,0,0
1989-03-13 10:00:00,0.4415,0.4415,0,0,0,0,0,0
1989-03-13 11:00:00,0.4718,0.4718,0,0,0,0,0,0
1989-03-13 12:00:00,0.514,0.514,0,0,0,0,0,0
1989-03-13 13:00:00,0.4993,0.4993,0,0,0,0,0,0
1989-03-13 14:00:00,0.4226,0.4226,0,0,0,0,0,0
1989-03-13 15:00:00,0.3551,0.3551,0,0,0,0,0,0
1989-03-13 16:00:00,0.2162,0.2162,0,0,0,0,0,0
1989-03-13 17:00:00,0.0554,0.0554,0,0,0,0,0,0
1989-03-13 18:00:00,0.0,0.0,0,0,0,0,0,0
1989-03-13 19:00:00,0.0,0.0,0,0,0,0,0,0
1989-03-13 20:00:00,0.0,0.0,0,0,0,0,0,0
1989-03-13 21:00:00,0.0,0.0,0,0,0,0,0,0
1989-03-13 22:00:00,0.0,0.0,0,0,0,0,0,0
1989-03-13 23:00:00,0.0,0.0,0,0,0,0,0,0
1989-03-14 00:00:00,0.0,0.0,0,0,0,0,0,0
1989-03-14 01:00:00,0.0,0.0,0,0,0,0,0,0
1989-03-14 02:00:00,0.0,0.0,0,0,0,0,0,0
1989-03-14 03:00:00,0.0,0.0,0,0,0,0,0,0
1989-03-14 04:00:00,0.0,0.0,0,0,0,0,0,0
1989-03-14 05:00:00,0.0,0.0,0,0,0,0,0,0
1989-03-14 06:00:00,0.0,0.0,0,0,0,0,0,0
1989-03-14 07:00:00,0.11,0.11,0,0,0,0,0,0
1989-03-14 08:00:00,0.3576,0.3576,0,0,0,0,0,0
1989-03-14 09:00:00,0.5642,0.5642,0,0,0,0,0,0
1989-03-14 10:00:00,0.6995,0.6995,0,0,0,0,0,0
1989-03-14 11:00:00,0.7841,0.7841,0,0,0,0,0,0
1989-03-14 12:00:00,0.8004,0.8004,0,0,0,0,0,0
1989-03-14 13:00:00,0.7707,0.7707,0,0,0,0,0,0
1989-03-14 14:00:00,0.679,0.679,0,0,0,0,0,0
1989-03-14 15:00:00,0.5281,0.5281,0,0,0,0,0,0
1989-03-14 16:00:00,0.3178,0.3178,0,0,0,0,0,0
1989-03-14 17:00:00,0.084,0.084,0,0,0,0,0,0
1989-03-14 18:00:00,0.0,0.0,0,0,0,0,0,0
1989-03-14 19:00:00,0.0,0.0,0,0,0,0,0,0
1989-03-14 20:00:00,0.0,0.0,0,0,0,0,0,0
1989-03-14 21:00:00,0.0,0.0,0,0,0,0,0,0
1989-03-14 22:00:00,0.0,0.0,0,0,0,0,0,0
1989-03-14 23:00:00,0.0,0.0,0,0,0,0,0,0
1989-03-15 00:00:00,0.0,0.0,0,0,0,0,0,0
1989-03-15 01:00:00,0.0,0.0,0,0,0,0,0,0
1989-03-15 02:00:00,0.0,0.0,0,0,0,0,0,0
1989-03-15 03:00:00,0.0,0.0,0,0,0,0,0,0
1989-03-15 04:00:00,0.0,0.0,0,0,0,0,0,0
1989-03-15 05:00:00,0.0,0.0,0,0,0,0,0,0
1989-03-15 06:00:00,0.0,0.0,0,0,0,0,0,0
1989-03-15 07:00:00,0.0616,0.0616,0,0,0,0,0,0
1989-03-15 08:00:00,0.2366,0.2366,0,0,0,0,0,0
1989-03-15 09:00:00,0.4601,0.4601,0,0,0,0,0,0
1989-03-15 10:00:00,0.6245,0.6245,0,0,0,0,0,0
1989-03-15 11:00:00,0.7071,0.7071,0,0,0,0,0,0
1989-03-15 12:00:00,0.7202,0.7202,0,0,0,0,0,0
1989-03-15 13:00:00,0.6896,0.6896,0,0,0,0,0,0
1989-03-15 14:00:00,0.5954,0.5954,0,0,0,0,0,0
1989-03-15 15:00:00,0.4539,0.4539,0,0,0,0,0,0
1989-03-15 16:00:00,0.2601,0.2601,0,0,0,0,0,0
1989-03-15 17:00:00,0.0649,0.0649,0,0,0,0,0,0
1989-03-15 18:00:00,0.0,0.0,0,0,0,0,0,0
1989-03-15 19:00:00,0.0,0.0,0,0,0,0,0,0
1989-03-15 20:00:00,0.0,0.0,0,0,0,0,0,0
1989-03-15 21:00:00,0.0,0.0,0,0,0,0,0,0
1989-03-15 22:00:00,0.0,0.0,0,0,0,0,0,0
1989-03-15 23:00:00,0.0,0.0,0,0,0,0,0,0
1989-03-16 00:00:00,0.0,0.0,0,0,0,0,0,0
1989-03-16 01:00:00,0.0,0.0,0,0,0,0,0,0
1989-03-16 02:00:00,0.0,0.0,0,0,0,0,0,0
1989-03-16 03:00:00,0.0,0.0,0,0,0,0,0,0
1989-03-16 04:00:00,0.0,0.0,0,0,0,0,0,0
1989-03-16 05:00:00,0.0,0.0,0,0,0,0,0,0
1989-03-16 06:00:00,0.0,0.0,0,0,0,0,0,0
1989-03-16 07:00:00,0.0973,0.0973,0,0,0,0,0,0
1989-03-16 08:00:00,0.2803,0.2803,0,0,0,0,0,0
1989-03-16 09:00:00,0.451,0.451,0,0,0,0,0,0
1989-03-16 10:00:00,0.5823,0.5823,0,0,0,0,0,0
1989-03-16 11:00:00,0.6549,0.6549,0,0,0,0,0,0
1989-03-16 12:00:00,0.6683,0.6683,0,0,0,0,0,0
1989-03-16 13:00:00,0.6528,0.6528,0,0,0,0,0,0
1989-03-16 14:00:00,0.569,0.569,0,0,0,0,0,0
1989-03-16 15:00:00,0.4155,0.4155,0,0,0,0,0,0
1989-03-16 16:00:00,0.2297,0.2297,0,0,0,0,0,0
1989-03-16 17:00:00,0.0638,0.0638,0,0,0,0,0,0
1989-03-16 18:00:00,0.0,0.0,0,0,0,0,0,0
1989-03-16 19:00:00,0.0,0.0,0,0,0,0,0,0
1989-03-16 20:00:00,0.0,0.0,0,0,0,0,0,0
1989-03-16 21:00:00,0.0,0.0,0,0,0,0,0,0
1989-03-16 22:00:00,0.0,0.0,0,0,0,0,0,0
1989-03-16 23:00:00,0.0,0.0,0,0,0,0,0,0
1989-03-17 00:00:00,0.0,0.0,0,0,0,0,0,0
1989-03-17 01:00:00,0.0,0.0,0,0,0,0,0,0
1989-03-17 02:00:00,0.0,0.0,0,0,0,0,0,0
1989-03-17 03:00:00,0.0,0.0,0,0,0,0,0,0
1989-03-17 04:00:00,0.0,0.0,0,0,0,0,0,0
1989-03-17 05:00:00,0.0,0.0,0,0,0,0,0,0
1989-03-17 06:00:00,0.0,0.0,0,0,0,0,0,0
1989-03-17 07:00:00,0.0241,0.0241,0,0,0,0,0,0
1989-03-17 08:00:00,0.0785,0.0785,0,0,0,0,0,0
1989-03-17 09:00:00,0.1335,0.1335,0,0,0,0,0,0
1989-03-17 10:00:00,0.2047,0.2047,0,0,0,0,0,0
1989-03-17 11:00:00,0.2797,0.2797,0,0,0,0,0,0
1989-03-17 12:00:00,0.2821,0.2821,0,0,0,0,0,0
1989-03-17 13:00:00,0.2658,0.2658,0,0,0,0,0,0
1989-03-17 14:00:00,0.2605,0.2605,0,0,0,0,0,0
1989-03-17 15:00:00,0.234,0.234,0,0,0,0,0,0
1989-03-17 16:00:00,0.1381,0.1381,0,0,0,0,0,0
1989-03-17 17:00:00,0.038,0.038,0,0,0,0,0,0
1989-03-17 18:00:00,0.0,0.0,0,0,0,0,0,0
1989-03-17 19:00:00,0.0,0.0,0,0,0,0,0,0
1989-03-17 20:00:00,0.0,0.0,0,0,0,0,0,0
1989-03-17 21:00:00,0.0,0.0,0,0,0,0,0,0
1989-03-17 22:00:00,0.0,0.0,0,0,0,0,0,0
1989-03-17 23:00:00,0.0,0.0,0,0,0,0,0,0
1989-03-18 00:00:00,0.0,0.0,0,0,0,0,0,0
1989-03-18 01:00:00,0.0,0.0,0,0,0,0,0,0
1989-03-18 02:00:00,0.0,0.0,0,0,0,0,0,0
1989-03-18 03:00:00,0.0,0.0,0,0,0,0,0,0
1989-03-18 04:00:00,0.0,0.0,0,0,0,0,0,0
1989-03-18 05:00:00,0.0,0.0,0,0,0,0,0,0
1989-03-18 06:00:00,0.0,0.0,0,0,0,0,0,0
1989-03-18 07:00:00,0.0772,0.0772,0,0,0,0,0,0
1989-03-18 08:00:00,0.2152,0.2152,0,0,0,0,0,0
1989-03-18 09:00:00,0.3695,0.3695,0,0,0,0,0,0
1989-03-18 10:00:00,0.5365,0.5365,0,0,0,0,0,0
1989-03-18 11:00:00,0.6897,0.6897,0,0,0,0,0,0
1989-03-18 12:00:00,0.7597,0.7597,0,0,0,0,0,0
1989-03-18 13:00:00,0.7525,0.7525,0,0,0,0,0,0
1989-03-18 14:00:00,0.6618,0.6618,0,0,0,0,0,0
1989-03-18 15:00:00,0.5018,0.5018,0,0,0,0,0,0
1989-03-18 16:00:00,0.303,0.303,0,0,0,0,0,0
1989-03-18 17:00:00,0.0884,0.0884,0,0,0,0,0,0
1989-03-18 18:00:00,0.0,0.0,0,0,0,0,0,0
1989-03-18 19:00:00,0.0,0.0,0,0,0,0,0,0
1989-03-18 20:00:00,0.0,0.0,0,0,0,0,0,0
1989-03-18 21:00:00,0.0,0.0,0,0,0,0,0,0
1989-03-18 22:00:00,0.0,0.0,0,0,0,0,0,0
1989-03-18 23:00:00,0.0,0.0,0,0,0,0,0,0
1989-03-19 00:00:00,0.0,0.0,0,0,0,0,0,0
1989-03-19 01:00:00,0.0,0.0,0,0,0,0,0,0
1989-03-19 02:00:00,0.0,0.0,0,0,0,0,0,0
1989-03-19 03:00:00,0.0,0.0,0,0,0,0,0,0
1989-03-19 04:00:00,0.0,0.0,0,0,0,0,0,0
1989-03-19 05:00:00,0.0,0.0,0,0,0,0,0,0
1989-03-19 06:00:00,0.0,0.0,0,0,0,0,0,0
1989-03-19 07:00:00,0.1239,0.1239,0,0,0,0,0,0
1989-03-19 08:00:00,0.3604,0.3604,0,0,0,0,0,0
1989-03-19 09:00:00,0.5579,0.5579,0,0,0,0,0,0
1989-03-19 10:00:00,0.6857,0.6857,0,0,0,0,0,0
1989-03-19 11:00:00,0.7651,0.7651,0,0,0,0,0,0
1989-03-19 12:00:00,0.7759,0.7759,0,0,0,0,0,0
1989-03-19 13:00:00,0.7245,0.7245,0,0,0,0,0,0
1989-03-19 14:00:00,0.6119,0.6119,0,0,0,0,0,0
1989-03-19 15:00:00,0.4281,0.4281,0,0,0,0,0,0
1989-03-19 16:00:00,0.2604,0.2604,0,0,0,0,0,0
1989-03-19 17:00:00,0.0819,0.0819,0,0,0,0,0,0
1989-03-19 18:00:00,0.0,0.0,0,0,0,0,0,0
1989-03-19 19:00:00,0.0,0.0,0,0,0,0,0,0
1989-03-19 20:00:00,0.0,0.0,0,0,0,0,0,0
1989-03-19 21:00:00,0.0,0.0,0,0,0,0,0,0
1989-03-19 22:00:00,0.0,0.0,0,0,0,0,0,0
1989-03-19 23:00:00,0.0,0.0,0,0,0,0,0,0
1989-03-20 00:00:00,0.0,0.0,0,0,0,0,0,0
1989-03-20 01:00:00,0.0,0.0,0,0,0,0,0,0
1989-03-20 02:00:00,0.0,0.0,0,0,0,0,0,0
1989-03-20 03:00:00,0.0,0.0,0,0,0,0,0,0
1989-03-20 04:00:00,0.0,0.0,0,0,0,0,0,0
1989-03-20 05:00:00,0.0,0.0,0,0,0,0,0,0
1989-03-20 06:00:00,0.0,0.0,0,0,0,0,0,0
1989-03-20 07:00:00,0.0604,0.0604,0,0,0,0,0,0
1989-03-20 08:00:00,0.1918,0.1918,0,0,0,0,0,0
1989-03-20 09:00:00,0.3483,0.3483,0,0,0,0,0,0
1989-03-20 10:00:00,0.4155,0.4155,0,0,0,0,0,0
1989-03-20 11:00:00,0.392,0.392,0,0,0,0,0,0
1989-03-20 12:00:00,0.3265,0.3265,0,0,0,0,0,0
1989-03-20 13:00:00,0.262,0.262,0,0,0,0,0,0
1989-03-20 14:00:00,0.2307,0.2307,0,0,0,0,0,0
1989-03-20 15:00:00,0.2576,0.2576,0,0,0,0,0,0
1989-03-20 16:00:00,0.191,0.191,0,0,0,0,0,0
1989-03-20 17:00:00,0.0678,0.0678,0,0,0,0,0,0
1989-03-20 18:00:00,0.0,0.0,0,0,0,0,0,0
1989-03-20 19:00:00,0.0,0.0,0,0,0,0,0,0
1989-03-20 20:00:00,0.0,0.0,0,0,0,0,0,0
1989-03-20 21:00:00,0.0,0.0,0,0,0,0,0,0
1989-03-20 22:00:00,0.0,0.0,0,0,0,0,0,0
1989-03-20 23:00:00,0.0,0.0,0,0,0,0,0,0
1989-03-21 00:00:00,0.0,0.0,0,0,0,0,0,0
1989-03-21 01:00:00,0.0,0.0,0,0,0,0,0,0
1989-03-21 02:00:00,0.0,0.0,0,0,0,0,0,0
1989-03-21 03:00:00,0.0,0.0,0,0,0,0,0,0
1989-03-21 04:00:00,0.0,0.0,0,0,0,0,0,0
1989-03-21 05:00:00,0.0,0.0,0,0,0,0,0,0
1989-03-21 06:00:00,0.0,0.0,0,0,0,0,0,0
1989-03-21 07:00:00,0.0731,0.0731,0,0,0,0,0,0
1989-03-21 08:00:00,0.2206,0.2206,0,0,0,0,0,0
1989-03-21 09:00:00,0.3766,0.3766,0,0,0,0,0,0
1989-03-21 10:00:00,0.5267,0.5267,0,0,0,0,0,0
1989-03-21 11:00:00,0.6931,0.6931,0,0,0,0,0,0
1989-03-21 12:00:00,0.7464,0.7464,0,0,0,0,0,0
1989-03-21 13:00:00,0.6971,0.6971,0,0,0,0,0,0
1989-03-21 14:00:00,0.6517,0.6517,0,0,0,0,0,0
1989-03-21 15:00:00,0.4681,0.4681,0,0,0,0,0,0
1989-03-21 16:00:00,0.2203,0.2203,0,0,0,0,0,0
1989-03-21 17:00:00,0.067,0.067,0,0,0,0,0,0
1989-03-21 18:00:00,0.0,0.0,0,0,0,0,0,0
1989-03-21 19:00:00,0.0,0.0,0,0,0,0,0,0
1989-03-21 20:00:00,0.0,0.0,0,0,0,0,0,0
1989-03-21 21:00:00,0.0,0.0,0,0,0,0,0,0
1989-03-21 22:00:00,0.0,0.0,0,0,0,0,0,0
1989-03-21 23:00:00,0.0,0.0,0,0,0,0,0,0
1989-03-22 00:00:00,0.0,0.0,0,0,0,0,0,0
1989-03-22 01:00:00,0.0,0.0,0,0,0,0,0,0
1989-03-22 02:00:00,0.0,0.0,0,0,0,0,0,0
1989-03-22 03:00:00,0.0,0.0,0,0,0,0,0,0
1989-03-22 04:00:00,0.0,0.0,0,0,0,0,0,0
1989-03-22 05:00:00,0.0,0.0,0,0,0,0,0,0
1989-03-22 06:00:00,0.0,0.0,0,0,0,0,0,0
1989-03-22 07:00:00,0.0557,0.0557,0,0,0,0,0,0
1989-03-22 08:00:00,0.1728,0.1728,0,0,0,0,0,0
1989-03-22 09:00:00,0.3814,0.3814,0,0,0,0,0,0
1989-03-22 10:00:00,0.548,0.548,0,0,0,0,0,0
1989-03-22 11:00:00,0.6284,0.6284,0,0,0,0,0,0
1989-03-22 12:00:00,0.6483,0.6483,0,0,0,0,0,0
1989-03-22 13:00:00,0.6553,0.6553,0,0,0,0,0,0
1989-03-22 14:00:00,0.6329,0.6329,0,0,0,0,0,0
1989-03-22 15:00:00,0.5075,0.5075,0,0,0,0,0,0
1989-03-22 16:00:00,0.3159,0.3159,0,0,0,0,0,0
1989-03-22 17:00:00,0.0949,0.0949,0,0,0,0,0,0
1989-03-22 18:00:00,0.0,0.0,0,0,0,0,0,0
1989-03-22 19:00:00,0.0,0.0,0,0,0,0,0,0
1989-03-22 20:00:00,0.0,0.0,0,0,0,0,0,0
1989-03-22 21:00:00,0.0,0.0,0,0,0,0,0,0
1989-03-22 22:00:00,0.0,0.0,0,0,0,0,0,0
1989-03-22 23:00:00,0.0,0.0,0,0,0,0,0,0
1989-03-23 00:00:00,0.0,0.0,0,0,0,0,0,0
1989-03-23 01:00:00,0.0,0.0,0,0,0,0,0,0
1989-03-23 02:00:00,0.0,0.0,0,0,0,0,0,0
1989-03-23 03:00:00,0.0,0.0,0,0,0,0,0,0
1989-03-23 04:00:00,0.0,0.0,0,0,0,0,0,0
1989-03-23 05:00:00,0.0,0.0,0,0,0,0,0,0
1989-03-23 06:00:00,0.0,0.0,0,0,0,0,0,0
1989-03-23 07:00:00,0.0957,0.0957,0,0,0,0,0,0
1989-03-23 08:00:00,0.1876,0.1876,0,0,0,0,0,0
1989-03-23 09:00:00,0.251,0.251,0,0,0,0,0,0
1989-03-23 10:00:00,0.3712,0.3712,0,0,0,0,0,0
1989-03-23 11:00:00,0.5197,0.5197,0,0,0,0,0,0
1989-03-23 12:00:00,0.676,0.676,0,0,0,0,0,0
1989-03-23 13:00:00,0.7451,0.7451,0,0,0,0,0,0
1989-03-23 14:00:00,0.6426,0.6426,0,0,0,0,0,0
1989-03-23 15:00:00,0.5157,0.5157,0,0,0,0,0,0
1989-03-23 16:00:00,0.3355,0.3355,0,0,0,0,0,0
1989-03-23 17:00:00,0.1005,0.1005,0,0,0,0,0,0
1989-03-23 18:00:00,0.0,0.0,0,0,0,0,0,0
1989-03-23 19:00:00,0.0,0.0,0,0,0,0,0,0
1989-03-23 20:00:00,0.0,0.0,0,0,0,0,0,0
1989-03-23 21:00:00,0.0,0.0,0,0,0,0,0,0
1989-03-23 22:00:00,0.0,0.0,0,0,0,0,0,0
1989-03-23 23:00:00,0.0,0.0,0,0,0,0,0,0
1989-03-24 00:00:00,0.0,0.0,0,0,0,0,0,0
1989-03-24 01:00:00,0.0,0.0,0,0,0,0,0,0
1989-03-24 02:00:00,0.0,0.0,0,0,0,0,0,0
1989-03-24 03:00:00,0.0,0.0,0,0,0,0,0,0
1989-03-24 04:00:00,0.0,0.0,0,0,0,0,0,0
1989-03-24 05:00:00,0.0,0.0,0,0,0,0,0,0
1989-03-24 06:00:00,0.0,0.0,0,0,0,0,0,0
1989-03-24 07:00:00,0.1403,0.1403,0,0,0,0,0,0
1989-03-24 08:00:00,0.3747,0.3747,0,0,0,0,0,0
1989-03-24 09:00:00,0.5717,0.5717,0,0,0,0,0,0
1989-03-24 10:00:00,0.6994,0.6994,0,0,0,0,0,0
1989-03-24 11:00:00,0.7719,0.7719,0,0,0,0,0,0
1989-03-24 12:00:00,0.7834,0.7834,0,0,0,0,0,0
1989-03-24 13:00:00,0.7497,0.7497,0,0,0,0,0,0
1989-03-24 14:00:00,0.6624,0.6624,0,0,0,0,0,0
1989-03-24 15:00:00,0.5158,0.5158,0,0,0,0,0,0
1989-03-24 16:00:00,0.3159,0.3159,0,0,0,0,0,0
1989-03-24 17:00:00,0.0956,0.0956,0,0,0,0,0,0
1989-03-24 18:00:00,0.0,0.0,0,0,0,0,0,0
1989-03-24 19:00:00,0.0,0.0,0,0,0,0,0,0
1989-03-24 20:00:00,0.0,0.0,0,0,0,0,0,0
1989-03-24 21:00:00,0.0,0.0,0,0,0,0,0,0
1989-03-24 22:00:00,0.0,0.0,0,0,0,0,0,0
1989-03-24 23:00:00,0.0,0.0,0,0,0,0,0,0
1989-03-25 00:00:00,0.0,0.0,0,0,0,0,0,0
1989-03-25 01:00:00,0.0,0.0,0,0,0,0,0,0
1989-03-25 02:00:00,0.0,0.0,0,0,0,0,0,0
1989-03-25 03:00:00,0.0,0.0,0,0,0,0,0,0
1989-03-25 04:00:00,0.0,0.0,0,0,0,0,0,0
1989-03-25 05:00:00,0.0,0.0,0,0,0,0,0,0
1989-03-25 06:00:00,0.0,0.0,0,0,0,0,0,0
1989-03-25 07:00:00,0.144,0.144,0,0,0,0,0,0
1989-03-25 08:00:00,0.3751,0.3751,0,0,0,0,0,0
1989-03-25 09:00:00,0.5717,0.5717,0,0,0,0,0,0
1989-03-25 10:00:00,0.6946,0.6946,0,0,0,0,0,0
1989-03-25 11:00:00,0.7608,0.7608,0,0,0,0,0,0
1989-03-25 12:00:00,0.7811,0.7811,0,0,0,0,0,0
1989-03-25 13:00:00,0.7582,0.7582,0,0,0,0,0,0
1989-03-25 14:00:00,0.6731,0.6731,0,0,0,0,0,0
1989-03-25 15:00:00,0.5175,0.5175,0,0,0,0,0,0
1989-03-25 16:00:00,0.3011,0.3011,0,0,0,0,0,0
1989-03-25 17:00:00,0.0929,0.0929,0,0,0,0,0,0
1989-03-25 18:00:00,0.0,0.0,0,0,0,0,0,0
1989-03-25 19:00:00,0.0,0.0,0,0,0,0,0,0
1989-03-25 20:00:00,0.0,0.0,0,0,0,0,0,0
1989-03-25 21:00:00,0.0,0.0,0,0,0,0,0,0
1989-03-25 22:00:00,0.0,0.0,0,0,0,0,0,0
1989-03-25 23:00:00,0.0,0.0,0,0,0,0,0,0
1989-03-26 00:00:00,0.0,0.0,0,0,0,0,0,0
1989-03-26 01:00:00,0.0,0.0,0,0,0,0,0,0
1989-03-26 02:00:00,0.0,0.0,0,0,0,0,0,0
1989-03-26 03:00:00,0.0,0.0,0,0,0,0,0,0
1989-03-26 04:00:00,0.0,0.0,0,0,0,0,0,0
1989-03-26 05:00:00,0.0,0.0,0,0,0,0,0,0
1989-03-26 06:00:00,0.0,0.0,0,0,0,0,0,0
1989-03-26 07:00:00,0.149,0.149,0,0,0,0,0,0
1989-03-26 08:00:00,0.369,0.369,0,0,0,0,0,0
1989-03-26 09:00:00,0.55,0.55,0,0,0,0,0,0
1989-03-26 10:00:00,0.6635,0.6635,0,0,0,0,0,0
1989-03-26 11:00:00,0.7341,0.7341,0,0,0,0,0,0
1989-03-26 12:00:00,0.7508,0.7508,0,0,0,0,0,0
1989-03-26 13:00:00,0.7253,0.7253,0,0,0,0,0,0
1989-03-26 14:00:00,0.6425,0.6425,0,0,0,0,0,0
1989-03-26 15:00:00,0.5039,0.5039,0,0,0,0,0,0
1989-03-26 16:00:00,0.3082,0.3082,0,0,0,0,0,0
1989-03-26 17:00:00,0.0943,0.0943,0,0,0,0,0,0
1989-03-26 18:00:00,0.0,0.0,0,0,0,0,0,0
1989-03-26 19:00:00,0.0,0.0,0,0,0,0,0,0
1989-03-26 20:00:00,0.0,0.0,0,0,0,0,0,0
1989-03-26 21:00:00,0.0,0.0,0,0,0,0,0,0
1989-03-26 22:00:00,0.0,0.0,0,0,0,0,0,0
1989-03-26 23:00:00,0.0,0.0,0,0,0,0,0,0
1989-03-27 00:00:00,0.0,0.0,0,0,0,0,0,0
1989-03-27 01:00:00,0.0,0.0,0,0,0,0,0,0
1989-03-27 02:00:00,0.0,0.0,0,0,0,0,0,0
1989-03-27 03:00:00,0.0,0.0,0,0,0,0,0,0
1989-03-27 04:00:00,0.0,0.0,0,0,0,0,0,0
1989-03-27 05:00:00,0.0,0.0,0,0,0,0,0,0
1989-03-27 06:00:00,0.0021,0.0021,0,0,0,0,0,0
1989-03-27 07:00:00,0.0979,0.0979,0,0,0,0,0,0
1989-03-27 08:00:00,0.2342,0.2342,0,0,0,0,0,0
1989-03-27 09:00:00,0.3985,0.3985,0,0,0,0,0,0
1989-03-27 10:00:00,0.5226,0.5226,0,0,0,0,0,0
1989-03-27 11:00:00,0.5665,0.5665,0,0,0,0,0,0
1989-03-27 12:00:00,0.654,0.654,0,0,0,0,0,0
1989-03-27 13:00:00,0.7081,0.7081,0,0,0,0,0,0
1989-03-27 14:00:00,0.6013,0.6013,0,0,0,0,0,0
1989-03-27 15:00:00,0.3875,0.3875,0,0,0,0,0,0
1989-03-27 16:00:00,0.1999,0.1999,0,0,0,0,0,0
1989-03-27 17:00:00,0.0733,0.0733,0,0,0,0,0,0
1989-03-27 18:00:00,0.0,0.0,0,0,0,0,0,0
1989-03-27 19:00:00,0.0,0.0,0,0,0,0,0,0
1989-03-27 20:00:00,0.0,0.0,0,0,0,0,0,0
1989-03-27 21:00:00,0.0,0.0,0,0,0,0,0,0
1989-03-27 22:00:00,0.0,0.0,0,0,0,0,0,0
1989-03-27 23:00:00,0.0,0.0,0,0,0,0,0,0
1989-03-28 00:00:00,0.0,0.0,0,0,0,0,0,0
1989-03-28 01:00:00,0.0,0.0,0,0,0,0,0,0
1989-03-28 02:00:00,0.0,0.0,0,0,0,0,0,0
1989-03-28 03:00:00,0.0,0.0,0,0,0,0,0,0
1989-03-28 04:00:00,0.0,0.0,0,0,0,0,0,0
1989-03-28 05:00:00,0.0,0.0,0,0,0,0,0,0
1989-03-28 06:00:00,0.0055,0.0055,0,0,0,0,0,0
1989-03-28 07:00:00,0.1319,0.1319,0,0,0,0,0,0
1989-03-28 08:00:00,0.3248,0.3248,0,0,0,0,0,0
1989-03-28 09:00:00,0.4962,0.4962,0,0,0,0,0,0
1989-03-28 10:00:00,0.6358,0.6358,0,0,0,0,0,0
1989-03-28 11:00:00,0.7329,0.7329,0,0,0,0,0,0
1989-03-28 12:00:00,0.7566,0.7566,0,0,0,0,0,0
1989-03-28 13:00:00,0.7291,0.7291,0,0,0,0,0,0
1989-03-28 14:00:00,0.6405,0.6405,0,0,0,0,0,0
1989-03-28 15:00:00,0.4798,0.4798,0,0,0,0,0,0
1989-03-28 16:00:00,0.2628,0.2628,0,0,0,0,0,0
1989-03-28 17:00:00,0.077,0.077,0,0,0,0,0,0
1989-03-28 18:00:00,0.0,0.0,0,0,0,0,0,0
1989-03-28 19:00:00,0.0,0.0,0,0,0,0,0,0
1989-03-28 20:00:00,0.0,0.0,0,0,0,0,0,0
1989-03-28 21:00:00,0.0,0.0,0,0,0,0,0,0
1989-03-28 22:00:00,0.0,0.0,0,0,0,0,0,0
1989-03-28 23:00:00,0.0,0.0,0,0,0,0,0,0
1989-03-29 00:00:00,0.0,0.0,0,0,0,0,0,0
1989-03-29 01:00:00,0.0,0.0,0,0,0,0,0,0
1989-03-29 02:00:00,0.0,0.0,0,0,0,0,0,0
1989-03-29 03:00:00,0.0,0.0,0,0,0,0,0,0
1989-03-29 04:00:00,0.0,0.0,0,0,0,0,0,0
1989-03-29 05:00:00,0.0,0.0,0,0,0,0,0,0
1989-03-29 06:00:00,0.0077,0.0077,0,0,0,0,0,0
1989-03-29 07:00:00,0.1493,0.1493,0,0,0,0,0,0
1989-03-29 08:00:00,0.3546,0.3546,0,0,0,0,0,0
1989-03-29 09:00:00,0.5287,0.5287,0,0,0,0,0,0
1989-03-29 10:00:00,0.6399,0.6399,0,0,0,0,0,0
1989-03-29 11:00:00,0.7066,0.7066,0,0,0,0,0,0
1989-03-29 12:00:00,0.7187,0.7187,0,0,0,0,0,0
1989-03-29 13:00:00,0.6847,0.6847,0,0,0,0,0,0
1989-03-29 14:00:00,0.5945,0.5945,0,0,0,0,0,0
1989-03-29 15:00:00,0.4647,0.4647,0,0,0,0,0,0
1989-03-29 16:00:00,0.2665,0.2665,0,0,0,0,0,0
1989-03-29 17:00:00,0.0858,0.0858,0,0,0,0,0,0
1989-03-29 18:00:00,0.0,0.0,0,0,0,0,0,0
1989-03-29 19:00:00,0.0,0.0,0,0,0,0,0,0
1989-03-29 20:00:00,0.0,0.0,0,0,0,0,0,0
1989-03-29 21:00:00,0.0,0.0,0,0,0,0,0,0
1989-03-29 22:00:00,0.0,0.0,0,0,0,0,0,0
1989-03-29 23:00:00,0.0,0.0,0,0,0,0,0,0
1989-03-30 00:00:00,0.0,0.0,0,0,0,0,0,0
1989-03-30 01:00:00,0.0,0.0,0,0,0,0,0,0
1989-03-30 02:00:00,0.0,0.0,0,0,0,0,0,0
1989-03-30 03:00:00,0.0,0.0,0,0,0,0,0,0
1989-03-30 04:00:00,0.0,0.0,0,0,0,0,0,0
1989-03-30 05:00:00,0.0,0.0,0,0,0,0,0,0
1989-03-30 06:00:00,0.0122,0.0122,0,0,0,0,0,0
1989-03-30 07:00:00,0.095,0.095,0,0,0,0,0,0
1989-03-30 08:00:00,0.1806,0.1806,0,0,0,0,0,0
1989-03-30 09:00:00,0.3295,0.3295,0,0,0,0,0,0
1989-03-30 10:00:00,0.4586,0.4586,0,0,0,0,0,0
1989-03-30 11:00:00,0.459,0.459,0,0,0,0,0,0
1989-03-30 12:00:00,0.4157,0.4157,0,0,0,0,0,0
1989-03-30 13:00:00,0.3807,0.3807,0,0,0,0,0,0
1989-03-30 14:00:00,0.2506,0.2506,0,0,0,0,0,0
1989-03-30 15:00:00,0.1201,0.1201,0,0,0,0,0,0
1989-03-30 16:00:00,0.064,0.064,0,0,0,0,0,0
1989-03-30 17:00:00,0.0233,0.0233,0,0,0,0,0,0
1989-03-30 18:00:00,0.0,0.0,0,0,0,0,0,0
1989-03-30 19:00:00,0.0,0.0,0,0,0,0,0,0
1989-03-30 20:00:00,0.0,0.0,0,0,0,0,0,0
1989-03-30 21:00:00,0.0,0.0,0,0,0,0,0,0
1989-03-30 22:00:00,0.0,0.0,0,0,0,0,0,0
1989-03-30 23:00:00,0.0,0.0,0,0,0,0,0,0
1989-03-31 00:00:00,0.0,0.0,0,0,0,0,0,0
1989-03-31 01:00:00,0.0,0.0,0,0,0,0,0,0
1989-03-31 02:00:00,0.0,0.0,0,0,0,0,0,0
1989-03-31 03:00:00,0.0,0.0,0,0,0,0,0,0
1989-03-31 04:00:00,0.0,0.0,0,0,0,0,0,0
1989-03-31 05:00:00,0.0,0.0,0,0,0,0,0,0
1989-03-31 06:00:00,0.004,0.004,0,0,0,0,0,0
1989-03-31 07:00:00,0.0496,0.0496,0,0,0,0,0,0
1989-03-31 08:00:00,0.0755,0.0755,0,0,0,0,0,0
1989-03-31 09:00:00,0.0837,0.0837,0,0,0,0,0,0
1989-03-31 10:00:00,0.1175,0.1175,0,0,0,0,0,0
1989-03-31 11:00:00,0.2121,0.2121,0,0,0,0,0,0
1989-03-31 12:00:00,0.3208,0.3208,0,0,0,0,0,0
1989-03-31 13:00:00,0.4488,0.4488,0,0,0,0,0,0
1989-03-31 14:00:00,0.4625,0.4625,0,0,0,0,0,0
1989-03-31 15:00:00,0.3519,0.3519,0,0,0,0,0,0
1989-03-31 16:00:00,0.2322,0.2322,0,0,0,0,0,0
1989-03-31 17:00:00,0.0929,0.0929,0,0,0,0,0,0
1989-03-31 18:00:00,0.0,0.0,0,0,0,0,0,0
1989-03-31 19:00:00,0.0,0.0,0,0,0,0,0,0
1989-03-31 20:00:00,0.0,0.0,0,0,0,0,0,0
1989-03-31 21:00:00,0.0,0.0,0,0,0,0,0,0
1989-03-31 22:00:00,0.0,0.0,0,0,0,0,0,0
1989-03-31 23:00:00,0.0,0.0,0,0,0,0,0,0
1989-04-01 00:00:00,0.0,0.0,0,0,0,0,0,0
1989-04-01 01:00:00,0.0,0.0,0,0,0,0,0,0
1989-04-01 02:00:00,0.0,0.0,0,0,0,0,0,0
1989-04-01 03:00:00,0.0,0.0,0,0,0,0,0,0
1989-04-01 04:00:00,0.0,0.0,0,0,0,0,0,0
1989-04-01 05:00:00,0.0,0.0,0,0,0,0,0,0
1989-04-01 06:00:00,0.0162,0.0162,0,0,0,0,0,0
1989-04-01 07:00:00,0.0933,0.0933,0,0,0,0,0,0
1989-04-01 08:00:00,0.1851,0.1851,0,0,0,0,0,0
1989-04-01 09:00:00,0.2612,0.2612,0,0,0,0,0,0
1989-04-01 10:00:00,0.3136,0.3136,0,0,0,0,0,0
1989-04-01 11:00:00,0.2977,0.2977,0,0,0,0,0,0
1989-04-01 12:00:00,0.2681,0.2681,0,0,0,0,0,0
1989-04-01 13:00:00,0.4019,0.4019,0,0,0,0,0,0
1989-04-01 14:00:00,0.4498,0.4498,0,0,0,0,0,0
1989-04-01 15:00:00,0.3113,0.3113,0,0,0,0,0,0
1989-04-01 16:00:00,0.1816,0.1816,0,0,0,0,0,0
1989-04-01 17:00:00,0.0817,0.0817,0,0,0,0,0,0
1989-04-01 18:00:00,0.0,0.0,0,0,0,0,0,0
1989-04-01 19:00:00,0.0,0.0,0,0,0,0,0,0
1989-04-01 20:00:00,0.0,0.0,0,0,0,0,0,0
1989-04-01 21:00:00,0.0,0.0,0,0,0,0,0,0
1989-04-01 22:00:00,0.0,0.0,0,0,0,0,0,0
1989-04-01 23:00:00,0.0,0.0,0,0,0,0,0,0
1989-04-02 00:00:00,0.0,0.0,0,0,0,0,0,0
1989-04-02 01:00:00,0.0,0.0,0,0,0,0,0,0
1989-04-02 02:00:00,0.0,0.0,0,0,0,0,0,0
1989-04-02 03:00:00,0.0,0.0,0,0,0,0,0,0
1989-04-02 04:00:00,0.0,0.0,0,0,0,0,0,0
1989-04-02 05:00:00,0.0,0.0,0,0,0,0,0,0
1989-04-02 06:00:00,0.0166,0.0166,0,0,0,0,0,0
1989-04-02 07:00:00,0.148,0.148,0,0,0,0,0,0
1989-04-02 08:00:00,0.2948,0.2948,0,0,0,0,0,0
1989-04-02 09:00:00,0.4418,0.4418,0,0,0,0,0,0
1989-04-02 10:00:00,0.553,0.553,0,0,0,0,0,0
1989-04-02 11:00:00,0.5734,0.5734,0,0,0,0,0,0
1989-04-02 12:00:00,0.5941,0.5941,0,0,0,0,0,0
1989-04-02 13:00:00,0.5695,0.5695,0,0,0,0,0,0
1989-04-02 14:00:00,0.4499,0.4499,0,0,0,0,0,0
1989-04-02 15:00:00,0.2909,0.2909,0,0,0,0,0,0
1989-04-02 16:00:00,0.1826,0.1826,0,0,0,0,0,0
1989-04-02 17:00:00,0.0843,0.0843,0,0,0,0,0,0
1989-04-02 18:00:00,0.0,0.0,0,0,0,0,0,0
1989-04-02 19:00:00,0.0,0.0,0,0,0,0,0,0
1989-04-02 20:00:00,0.0,0.0,0,0,0,0,0,0
1989-04-02 21:00:00,0.0,0.0,0,0,0,0,0,0
1989-04-02 22:00:00,0.0,0.0,0,0,0,0,0,0
1989-04-02 23:00:00,0.0,0.0,0,0,0,0,0,0
1989-04-03 00:00:00,0.0,0.0,0,0,0,0,0,0
1989-04-03 01:00:00,0.0,0.0,0,0,0,0,0,0
1989-04-03 02:00:00,0.0,0.0,0,0,0,0,0,0
1989-04-03 03:00:00,0.0,0.0,0,0,0,0,0,0
1989-04-03 04:00:00,0.0,0.0,0,0,0,0,0,0
1989-04-03 05:00:00,0.0,0.0,0,0,0,0,0,0
1989-04-03 06:00:00,0.0183,0.0183,0,0,0,0,0,0
1989-04-03 07:00:00,0.1045,0.1045,0,0,0,0,0,0
1989-04-03 08:00:00,0.2065,0.2065,0,0,0,0,0,0
1989-04-03 09:00:00,0.2997,0.2997,0,0,0,0,0,0
1989-04-03 10:00:00,0.364,0.364,0,0,0,0,0,0
1989-04-03 11:00:00,0.3543,0.3543,0,0,0,0,0,0
1989-04-03 12:00:00,0.3838,0.3838,0,0,0,0,0,0
1989-04-03 13:00:00,0.4036,0.4036,0,0,0,0,0,0
1989-04-03 14:00:00,0.3551,0.3551,0,0,0,0,0,0
1989-04-03 15:00:00,0.2873,0.2873,0,0,0,0,0,0
1989-04-03 16:00:00,0.161,0.161,0,0,0,0,0,0
1989-04-03 17:00:00,0.0667,0.0667,0,0,0,0,0,0
1989-04-03 18:00:00,0.0,0.0,0,0,0,0,0,0
1989-04-03 19:00:00,0.0,0.0,0,0,0,0,0,0
1989-04-03 20:00:00,0.0,0.0,0,0,0,0,0,0
1989-04-03 21:00:00,0.0,0.0,0,0,0,0,0,0
1989-04-03 22:00:00,0.0,0.0,0,0,0,0,0,0
1989-04-03 23:00:00,0.0,0.0,0,0,0,0,0,0
1989-04-04 00:00:00,0.0,0.0,0,0,0,0,0,0
1989-04-04 01:00:00,0.0,0.0,0,0,0,0,0,0
1989-04-04 02:00:00,0.0,0.0,0,0,0,0,0,0
1989-04-04 03:00:00,0.0,0.0,0,0,0,0,0,0
1989-04-04 04:00:00,0.0,0.0,0,0,0,0,0,0
1989-04-04 05:00:00,0.0,0.0,0,0,0,0,0,0
1989-04-04 06:00:00,0.0173,0.0173,0,0,0,0,0,0
1989-04-04 07:00:00,0.1876,0.1876,0,0,0,0,0,0
1989-04-04 08:00:00,0.4225,0.4225,0,0,0,0,0,0
1989-04-04 09:00:00,0.6102,0.6102,0,0,0,0,0,0
1989-04-04 10:00:00,0.737,0.737,0,0,0,0,0,0
1989-04-04 11:00:00,0.8035,0.8035,0,0,0,0,0,0
1989-04-04 12:00:00,0.7611,0.7611,0,0,0,0,0,0
1989-04-04 13:00:00,0.6114,0.6114,0,0,0,0,0,0
1989-04-04 14:00:00,0.5255,0.5255,0,0,0,0,0,0
1989-04-04 15:00:00,0.4558,0.4558,0,0,0,0,0,0
1989-04-04 16:00:00,0.3132,0.3132,0,0,0,0,0,0
1989-04-04 17:00:00,0.109,0.109,0,0,0,0,0,0
1989-04-04 18:00:00,0.0,0.0,0,0,0,0,0,0
1989-04-04 19:00:00,0.0,0.0,0,0,0,0,0,0
1989-04-04 20:00:00,0.0,0.0,0,0,0,0,0,0
1989-04-04 21:00:00,0.0,0.0,0,0,0,0,0,0
1989-04-04 22:00:00,0.0,0.0,0,0,0,0,0,0
1989-04-04 23:00:00,0.0,0.0,0,0,0,0,0,0
1989-04-05 00:00:00,0.0,0.0,0,0,0,0,0,0
1989-04-05 01:00:00,0.0,0.0,0,0,0,0,0,0
1989-04-05 02:00:00,0.0,0.0,0,0,0,0,0,0
1989-04-05 03:00:00,0.0,0.0,0,0,0,0,0,0
1989-04-05 04:00:00,0.0,0.0,0,0,0,0,0,0
1989-04-05 05:00:00,0.0,0.0,0,0,0,0,0,0
1989-04-05 06:00:00,0.0202,0.0202,0,0,0,0,0,0
1989-04-05 07:00:00,0.1711,0.1711,0,0,0,0,0,0
1989-04-05 08:00:00,0.3579,0.3579,0,0,0,0,0,0
1989-04-05 09:00:00,0.4711,0.4711,0,0,0,0,0,0
1989-04-05 10:00:00,0.5268,0.5268,0,0,0,0,0,0
1989-04-05 11:00:00,0.578,0.578,0,0,0,0,0,0
1989-04-05 12:00:00,0.5891,0.5891,0,0,0,0,0,0
1989-04-05 13:00:00,0.5455,0.5455,0,0,0,0,0,0
1989-04-05 14:00:00,0.4489,0.4489,0,0,0,0,0,0
1989-04-05 15:00:00,0.3478,0.3478,0,0,0,0,0,0
1989-04-05 16:00:00,0.2226,0.2226,0,0,0,0,0,0
1989-04-05 17:00:00,0.081,0.081,0,0,0,0,0,0
1989-04-05 18:00:00,0.0,0.0,0,0,0,0,0,0
1989-04-05 19:00:00,0.0,0.0,0,0,0,0,0,0
1989-04-05 20:00:00,0.0,0.0,0,0,0,0,0,0
1989-04-05 21:00:00,0.0,0.0,0,0,0,0,0,0
1989-04-05 22:00:00,0.0,0.0,0,0,0,0,0,0
1989-04-05 23:00:00,0.0,0.0,0,0,0,0,0,0
1989-04-06 00:00:00,0.0,0.0,0,0,0,0,0,0
1989-04-06 01:00:00,0.0,0.0,0,0,0,0,0,0
1989-04-06 02:00:00,0.0,0.0,0,0,0,0,0,0
1989-04-06 03:00:00,0.0,0.0,0,0,0,0,0,0
1989-04-06 04:00:00,0.0,0.0,0,0,0,0,0,0
1989-04-06 05:00:00,0.0,0.0,0,0,0,0,0,0
1989-04-06 06:00:00,0.0207,0.0207,0,0,0,0,0,0
1989-04-06 07:00:00,0.181,0.181,0,0,0,0,0,0
1989-04-06 08:00:00,0.3828,0.3828,0,0,0,0,0,0
1989-04-06 09:00:00,0.5544,0.5544,0,0,0,0,0,0
1989-04-06 10:00:00,0.6663,0.6663,0,0,0,0,0,0
1989-04-06 11:00:00,0.6773,0.6773,0,0,0,0,0,0
1989-04-06 12:00:00,0.581,0.581,0,0,0,0,0,0
1989-04-06 13:00:00,0.4583,0.4583,0,0,0,0,0,0
1989-04-06 14:00:00,0.4154,0.4154,0,0,0,0,0,0
1989-04-06 15:00:00,0.3575,0.3575,0,0,0,0,0,0
1989-04-06 16:00:00,0.2432,0.2432,0,0,0,0,0,0
1989-04-06 17:00:00,0.1049,0.1049,0,0,0,0,0,0
1989-04-06 18:00:00,0.0,0.0,0,0,0,0,0,0
1989-04-06 19:00:00,0.0,0.0,0,0,0,0,0,0
1989-04-06 20:00:00,0.0,0.0,0,0,0,0,0,0
1989-04-06 21:00:00,0.0,0.0,0,0,0,0,0,0
1989-04-06 22:00:00,0.0,0.0,0,0,0,0,0,0
1989-04-06 23:00:00,0.0,0.0,0,0,0,0,0,0
1989-04-07 00:00:00,0.0,0.0,0,0,0,0,0,0
1989-04-07 01:00:00,0.0,0.0,0,0,0,0,0,0
1989-04-07 02:00:00,0.0,0.0,0,0,0,0,0,0
1989-04-07 03:00:00,0.0,0.0,0,0,0,0,0,0
1989-04-07 04:00:00,0.0,0.0,0,0,0,0,0,0
1989-04-07 05:00:00,0.0,0.0,0,0,0,0,0,0
1989-04-07 06:00:00,0.0267,0.0267,0,0,0,0,0,0
1989-04-07 07:00:00,0.1453,0.1453,0,0,0,0,0,0
1989-04-07 08:00:00,0.3283,0.3283,0,0,0,0,0,0
1989-04-07 09:00:00,0.4953,0.4953,0,0,0,0,0,0
1989-04-07 10:00:00,0.5948,0.5948,0,0,0,0,0,0
1989-04-07 11:00:00,0.6028,0.6028,0,0,0,0,0,0
1989-04-07 12:00:00,0.5252,0.5252,0,0,0,0,0,0
1989-04-07 13:00:00,0.4715,0.4715,0,0,0,0,0,0
1989-04-07 14:00:00,0.3862,0.3862,0,0,0,0,0,0
1989-04-07 15:00:00,0.2908,0.2908,0,0,0,0,0,0
1989-04-07 16:00:00,0.2003,0.2003,0,0,0,0,0,0
1989-04-07 17:00:00,0.0829,0.0829,0,0,0,0,0,0
1989-04-07 18:00:00,0.0015,0.0015,0,0,0,0,0,0
1989-04-07 19:00:00,0.0,0.0,0,0,0,0,0,0
1989-04-07 20:00:00,0.0,0.0,0,0,0,0,0,0
1989-04-07 21:00:00,0.0,0.0,0,0,0,0,0,0
1989-04-07 22:00:00,0.0,0.0,0,0,0,0,0,0
1989-04-07 23:00:00,0.0,0.0,0,0,0,0,0,0
1989-04-08 00:00:00,0.0,0.0,0,0,0,0,0,0
1989-04-08 01:00:00,0.0,0.0,0,0,0,0,0,0
1989-04-08 02:00:00,0.0,0.0,0,0,0,0,0,0
1989-04-08 03:00:00,0.0,0.0,0,0,0,0,0,0
1989-04-08 04:00:00,0.0,0.0,0,0,0,0,0,0
1989-04-08 05:00:00,0.0,0.0,0,0,0,0,0,0
1989-04-08 06:00:00,0.0277,0.0277,0,0,0,0,0,0
1989-04-08 07:00:00,0.1452,0.1452,0,0,0,0,0,0
1989-04-08 08:00:00,0.3367,0.3367,0,0,0,0,0,0
1989-04-08 09:00:00,0.5229,0.5229,0,0,0,0,0,0
1989-04-08 10:00:00,0.6015,0.6015,0,0,0,0,0,0
1989-04-08 11:00:00,0.6285,0.6285,0,0,0,0,0,0
1989-04-08 12:00:00,0.6509,0.6509,0,0,0,0,0,0
1989-04-08 13:00:00,0.6209,0.6209,0,0,0,0,0,0
1989-04-08 14:00:00,0.5617,0.5617,0,0,0,0,0,0
1989-04-08 15:00:00,0.4728,0.4728,0,0,0,0,0,0
1989-04-08 16:00:00,0.3137,0.3137,0,0,0,0,0,0
1989-04-08 17:00:00,0.1088,0.1088,0,0,0,0,0,0
1989-04-08 18:00:00,0.0017,0.0017,0,0,0,0,0,0
1989-04-08 19:00:00,0.0,0.0,0,0,0,0,0,0
1989-04-08 20:00:00,0.0,0.0,0,0,0,0,0,0
1989-04-08 21:00:00,0.0,0.0,0,0,0,0,0,0
1989-04-08 22:00:00,0.0,0.0,0,0,0,0,0,0
1989-04-08 23:00:00,0.0,0.0,0,0,0,0,0,0
1989-04-09 00:00:00,0.0,0.0,0,0,0,0,0,0
1989-04-09 01:00:00,0.0,0.0,0,0,0,0,0,0
1989-04-09 02:00:00,0.0,0.0,0,0,0,0,0,0
1989-04-09 03:00:00,0.0,0.0,0,0,0,0,0,0
1989-04-09 04:00:00,0.0,0.0,0,0,0,0,0,0
1989-04-09 05:00:00,0.0,0.0,0,0,0,0,0,0
1989-04-09 06:00:00,0.0253,0.0253,0,0,0,0,0,0
1989-04-09 07:00:00,0.0901,0.0901,0,0,0,0,0,0
1989-04-09 08:00:00,0.148,0.148,0,0,0,0,0,0
1989-04-09 09:00:00,0.1991,0.1991,0,0,0,0,0,0
1989-04-09 10:00:00,0.2678,0.2678,0,0,0,0,0,0
1989-04-09 11:00:00,0.3917,0.3917,0,0,0,0,0,0
1989-04-09 12:00:00,0.4977,0.4977,0,0,0,0,0,0
1989-04-09 13:00:00,0.493,0.493,0,0,0,0,0,0
1989-04-09 14:00:00,0.4006,0.4006,0,0,0,0,0,0
1989-04-09 15:00:00,0.2924,0.2924,0,0,0,0,0,0
1989-04-09 16:00:00,0.1755,0.1755,0,0,0,0,0,0
1989-04-09 17:00:00,0.0689,0.0689,0,0,0,0,0,0
1989-04-09 18:00:00,0.0032,0.0032,0,0,0,0,0,0
1989-04-09 19:00:00,0.0,0.0,0,0,0,0,0,0
1989-04-09 20:00:00,0.0,0.0,0,0,0,0,0,0
1989-04-09 21:00:00,0.0,0.0,0,0,0,0,0,0
1989-04-09 22:00:00,0.0,0.0,0,0,0,0,0,0
1989-04-09 23:00:00,0.0,0.0,0,0,0,0,0,0
1989-04-10 00:00:00,0.0,0.0,0,0,0,0,0,0
1989-04-10 01:00:00,0.0,0.0,0,0,0,0,0,0
1989-04-10 02:00:00,0.0,0.0,0,0,0,0,0,0
1989-04-10 03:00:00,0.0,0.0,0,0,0,0,0,0
1989-04-10 04:00:00,0.0,0.0,0,0,0,0,0,0
1989-04-10 05:00:00,0.0,0.0,0,0,0,0,0,0
1989-04-10 06:00:00,0.0,0.0,0,0,0,0,0,0
1989-04-10 07:00:00,0.0304,0.0304,0,0,0,0,0,0
1989-04-10 08:00:00,0.0502,0.0502,0,0,0,0,0,0
1989-04-10 09:00:00,0.0701,0.0701,0,0,0,0,0,0
1989-04-10 10:00:00,0.0873,0.0873,0,0,0,0,0,0
1989-04-10 11:00:00,0.0862,0.0862,0,0,0,0,0,0
1989-04-10 12:00:00,0.0905,0.0905,0,0,0,0,0,0
1989-04-10 13:00:00,0.0855,0.0855,0,0,0,0,0,0
1989-04-10 14:00:00,0.0974,0.0974,0,0,0,0,0,0
1989-04-10 15:00:00,0.0953,0.0953,0,0,0,0,0,0
1989-04-10 16:00:00,0.056,0.056,0,0,0,0,0,0
1989-04-10 17:00:00,0.0192,0.0192,0,0,0,0,0,0
1989-04-10 18:00:00,0.0,0.0,0,0,0,0,0,0
1989-04-10 19:00:00,0.0,0.0,0,0,0,0,0,0
1989-04-10 20:00:00,0.0,0.0,0,0,0,0,0,0
1989-04-10 21:00:00,0.0,0.0,0,0,0,0,0,0
1989-04-10 22:00:00,0.0,0.0,0,0,0,0,0,0
1989-04-10 23:00:00,0.0,0.0,0,0,0,0,0,0
1989-04-11 00:00:00,0.0,0.0,0,0,0,0,0,0
1989-04-11 01:00:00,0.0,0.0,0,0,0,0,0,0
1989-04-11 02:00:00,0.0,0.0,0,0,0,0,0,0
1989-04-11 03:00:00,0.0,0.0,0,0,0,0,0,0
1989-04-11 04:00:00,0.0,0.0,0,0,0,0,0,0
1989-04-11 05:00:00,0.0,0.0,0,0,0,0,0,0
1989-04-11 06:00:00,0.0285,0.0285,0,0,0,0,0,0
1989-04-11 07:00:00,0.1785,0.1785,0,0,0,0,0,0
1989-04-11 08:00:00,0.3792,0.3792,0,0,0,0,0,0
1989-04-11 09:00:00,0.5391,0.5391,0,0,0,0,0,0
1989-04-11 10:00:00,0.6314,0.6314,0,0,0,0,0,0
1989-04-11 11:00:00,0.7232,0.7232,0,0,0,0,0,0
1989-04-11 12:00:00,0.7437,0.7437,0,0,0,0,0,0
1989-04-11 13:00:00,0.6981,0.6981,0,0,0,0,0,0
1989-04-11 14:00:00,0.6108,0.6108,0,0,0,0,0,0
1989-04-11 15:00:00,0.4533,0.4533,0,0,0,0,0,0
1989-04-11 16:00:00,0.2474,0.2474,0,0,0,0,0,0
1989-04-11 17:00:00,0.0915,0.0915,0,0,0,0,0,0
1989-04-11 18:00:00,0.009,0.009,0,0,0,0,0,0
1989-04-11 19:00:00,0.0,0.0,0,0,0,0,0,0
1989-04-11 20:00:00,0.0,0.0,0,0,0,0,0,0
1989-04-11 21:00:00,0.0,0.0,0,0,0,0,0,0
1989-04-11 22:00:00,0.0,0.0,0,0,0,0,0,0
1989-04-11 23:00:00,0.0,0.0,0,0,0,0,0,0
1989-04-12 00:00:00,0.0,0.0,0,0,0,0,0,0
1989-04-12 01:00:00,0.0,0.0,0,0,0,0,0,0
1989-04-12 02:00:00,0.0,0.0,0,0,0,0,0,0
1989-04-12 03:00:00,0.0,0.0,0,0,0,0,0,0
1989-04-12 04:00:00,0.0,0.0,0,0,0,0,0,0
1989-04-12 05:00:00,0.0,0.0,0,0,0,0,0,0
1989-04-12 06:00:00,0.0324,0.0324,0,0,0,0,0,0
1989-04-12 07:00:00,0.1213,0.1213,0,0,0,0,0,0
1989-04-12 08:00:00,0.2086,0.2086,0,0,0,0,0,0
1989-04-12 09:00:00,0.2723,0.2723,0,0,0,0,0,0
1989-04-12 10:00:00,0.3151,0.3151,0,0,0,0,0,0
1989-04-12 11:00:00,0.3394,0.3394,0,0,0,0,0,0
1989-04-12 12:00:00,0.2772,0.2772,0,0,0,0,0,0
1989-04-12 13:00:00,0.1917,0.1917,0,0,0,0,0,0
1989-04-12 14:00:00,0.1704,0.1704,0,0,0,0,0,0
1989-04-12 15:00:00,0.1992,0.1992,0,0,0,0,0,0
1989-04-12 16:00:00,0.1943,0.1943,0,0,0,0,0,0
1989-04-12 17:00:00,0.1051,0.1051,0,0,0,0,0,0
1989-04-12 18:00:00,0.009,0.009,0,0,0,0,0,0
1989-04-12 19:00:00,0.0,0.0,0,0,0,0,0,0
1989-04-12 20:00:00,0.0,0.0,0,0,0,0,0,0
1989-04-12 21:00:00,0.0,0.0,0,0,0,0,0,0
1989-04-12 22:00:00,0.0,0.0,0,0,0,0,0,0
1989-04-12 23:00:00,0.0,0.0,0,0,0,0,0,0
1989-04-13 00:00:00,0.0,0.0,0,0,0,0,0,0
1989-04-13 01:00:00,0.0,0.0,0,0,0,0,0,0
1989-04-13 02:00:00,0.0,0.0,0,0,0,0,0,0
1989-04-13 03:00:00,0.0,0.0,0,0,0,0,0,0
1989-04-13 04:00:00,0.0,0.0,0,0,0,0,0,0
1989-04-13 05:00:00,0.0,0.0,0,0,0,0,0,0
1989-04-13 06:00:00,0.0303,0.0303,0,0,0,0,0,0
1989-04-13 07:00:00,0.1856,0.1856,0,0,0,0,0,0
1989-04-13 08:00:00,0.3801,0.3801,0,0,0,0,0,0
1989-04-13 09:00:00,0.5403,0.5403,0,0,0,0,0,0
1989-04-13 10:00:00,0.6415,0.6415,0,0,0,0,0,0
1989-04-13 11:00:00,0.6789,0.6789,0,0,0,0,0,0
1989-04-13 12:00:00,0.6723,0.6723,0,0,0,0,0,0
1989-04-13 13:00:00,0.6739,0.6739,0,0,0,0,0,0
1989-04-13 14:00:00,0.5655,0.5655,0,0,0,0,0,0
1989-04-13 15:00:00,0.4056,0.4056,0,0,0,0,0,0
1989-04-13 16:00:00,0.2317,0.2317,0,0,0,0,0,0
1989-04-13 17:00:00,0.1051,0.1051,0,0,0,0,0,0
1989-04-13 18:00:00,0.0104,0.0104,0,0,0,0,0,0
1989-04-13 19:00:00,0.0,0.0,0,0,0,0,0,0
1989-04-13 20:00:00,0.0,0.0,0,0,0,0,0,0
1989-04-13 21:00:00,0.0,0.0,0,0,0,0,0,0
1989-04-13 22:00:00,0.0,0.0,0,0,0,0,0,0
1989-04-13 23:00:00,0.0,0.0,0,0,0,0,0,0
1989-04-14 00:00:00,0.0,0.0,0,0,0,0,0,0
1989-04-14 01:00:00,0.0,0.0,0,0,0,0,0,0
1989-04-14 02:00:00,0.0,0.0,0,0,0,0,0,0
1989-04-14 03:00:00,0.0,0.0,0,0,0,0,0,0
1989-04-14 04:00:00,0.0,0.0,0,0,0,0,0,0
1989-04-14 05:00:00,0.0,0.0,0,0,0,0,0,0
1989-04-14 06:00:00,0.0366,0.0366,0,0,0,0,0,0
1989-04-14 07:00:00,0.1667,0.1667,0,0,0,0,0,0
1989-04-14 08:00:00,0.3432,0.3432,0,0,0,0,0,0
1989-04-14 09:00:00,0.5188,0.5188,0,0,0,0,0,0
1989-04-14 10:00:00,0.654,0.654,0,0,0,0,0,0
1989-04-14 11:00:00,0.7554,0.7554,0,0,0,0,0,0
1989-04-14 12:00:00,0.7291,0.7291,0,0,0,0,0,0
1989-04-14 13:00:00,0.6954,0.6954,0,0,0,0,0,0
1989-04-14 14:00:00,0.6264,0.6264,0,0,0,0,0,0
1989-04-14 15:00:00,0.4697,0.4697,0,0,0,0,0,0
1989-04-14 16:00:00,0.2931,0.2931,0,0,0,0,0,0
1989-04-14 17:00:00,0.1111,0.1111,0,0,0,0,0,0
1989-04-14 18:00:00,0.0117,0.0117,0,0,0,0,0,0
1989-04-14 19:00:00,0.0,0.0,0,0,0,0,0,0
1989-04-14 20:00:00,0.0,0.0,0,0,0,0,0,0
1989-04-14 21:00:00,0.0,0.0,0,0,0,0,0,0
1989-04-14 22:00:00,0.0,0.0,0,0,0,0,0,0
1989-04-14 23:00:00,0.0,0.0,0,0,0,0,0,0
1989-04-15 00:00:00,0.0,0.0,0,0,0,0,0,0
1989-04-15 01:00:00,0.0,0.0,0,0,0,0,0,0
1989-04-15 02:00:00,0.0,0.0,0,0,0,0,0,0
1989-04-15 03:00:00,0.0,0.0,0,0,0,0,0,0
1989-04-15 04:00:00,0.0,0.0,0,0,0,0,0,0
1989-04-15 05:00:00,0.0,0.0,0,0,0,0,0,0
1989-04-15 06:00:00,0.031,0.031,0,0,0,0,0,0
1989-04-15 07:00:00,0.2083,0.2083,0,0,0,0,0,0
1989-04-15 08:00:00,0.4288,0.4288,0,0,0,0,0,0
1989-04-15 09:00:00,0.603,0.603,0,0,0,0,0,0
1989-04-15 10:00:00,0.7125,0.7125,0,0,0,0,0,0
1989-04-15 11:00:00,0.7653,0.7653,0,0,0,0,0,0
1989-04-15 12:00:00,0.7692,0.7692,0,0,0,0,0,0
1989-04-15 13:00:00,0.7236,0.7236,0,0,0,0,0,0
1989-04-15 14:00:00,0.6344,0.6344,0,0,0,0,0,0
1989-04-15 15:00:00,0.5025,0.5025,0,0,0,0,0,0
1989-04-15 16:00:00,0.3166,0.3166,0,0,0,0,0,0
1989-04-15 17:00:00,0.1142,0.1142,0,0,0,0,0,0
1989-04-15 18:00:00,0.0095,0.0095,0,0,0,0,0,0
1989-04-15 19:00:00,0.0,0.0,0,0,0,0,0,0
1989-04-15 20:00:00,0.0,0.0,0,0,0,0,0,0
1989-04-15 21:00:00,0.0,0.0,0,0,0,0,0,0
1989-04-15 22:00:00,0.0,0.0,0,0,0,0,0,0
1989-04-15 23:00:00,0.0,0.0,0,0,0,0,0,0
1989-04-16 00:00:00,0.0,0.0,0,0,0,0,0,0
1989-04-16 01:00:00,0.0,0.0,0,0,0,0,0,0
1989-04-16 02:00:00,0.0,0.0,0,0,0,0,0,0
1989-04-16 03:00:00,0.0,0.0,0,0,0,0,0,0
1989-04-16 04:00:00,0.0,0.0,0,0,0,0,0,0
1989-04-16 05:00:00,0.0,0.0,0,0,0,0,0,0
1989-04-16 06:00:00,0.0341,0.0341,0,0,0,0,0,0
1989-04-16 07:00:00,0.1068,0.1068,0,0,0,0,0,0
1989-04-16 08:00:00,0.1733,0.1733,0,0,0,0,0,0
1989-04-16 09:00:00,0.1948,0.1948,0,0,0,0,0,0
1989-04-16 10:00:00,0.2598,0.2598,0,0,0,0,0,0
1989-04-16 11:00:00,0.3809,0.3809,0,0,0,0,0,0
1989-04-16 12:00:00,0.5063,0.5063,0,0,0,0,0,0
1989-04-16 13:00:00,0.5622,0.5622,0,0,0,0,0,0
1989-04-16 14:00:00,0.4898,0.4898,0,0,0,0,0,0
1989-04-16 15:00:00,0.3785,0.3785,0,0,0,0,0,0
1989-04-16 16:00:00,0.2569,0.2569,0,0,0,0,0,0
1989-04-16 17:00:00,0.1106,0.1106,0,0,0,0,0,0
1989-04-16 18:00:00,0.0133,0.0133,0,0,0,0,0,0
1989-04-16 19:00:00,0.0,0.0,0,0,0,0,0,0
1989-04-16 20:00:00,0.0,0.0,0,0,0,0,0,0
1989-04-16 21:00:00,0.0,0.0,0,0,0,0,0,0
1989-04-16 22:00:00,0.0,0.0,0,0,0,0,0,0
1989-04-16 23:00:00,0.0,0.0,0,0,0,0,0,0
1989-04-17 00:00:00,0.0,0.0,0,0,0,0,0,0
1989-04-17 01:00:00,0.0,0.0,0,0,0,0,0,0
1989-04-17 02:00:00,0.0,0.0,0,0,0,0,0,0
1989-04-17 03:00:00,0.0,0.0,0,0,0,0,0,0
1989-04-17 04:00:00,0.0,0.0,0,0,0,0,0,0
1989-04-17 05:00:00,0.0,0.0,0,0,0,0,0,0
1989-04-17 06:00:00,0.037,0.037,0,0,0,0,0,0
1989-04-17 07:00:00,0.1957,0.1957,0,0,0,0,0,0
1989-04-17 08:00:00,0.3802,0.3802,0,0,0,0,0,0
1989-04-17 09:00:00,0.4605,0.4605,0,0,0,0,0,0
1989-04-17 10:00:00,0.3896,0.3896,0,0,0,0,0,0
1989-04-17 11:00:00,0.283,0.283,0,0,0,0,0,0
1989-04-17 12:00:00,0.265,0.265,0,0,0,0,0,0
1989-04-17 13:00:00,0.2533,0.2533,0,0,0,0,0,0
1989-04-17 14:00:00,0.1765,0.1765,0,0,0,0,0,0
1989-04-17 15:00:00,0.1762,0.1762,0,0,0,0,0,0
1989-04-17 16:00:00,0.1491,0.1491,0,0,0,0,0,0
1989-04-17 17:00:00,0.0629,0.0629,0,0,0,0,0,0
1989-04-17 18:00:00,0.0142,0.0142,0,0,0,0,0,0
1989-04-17 19:00:00,0.0,0.0,0,0,0,0,0,0
1989-04-17 20:00:00,0.0,0.0,0,0,0,0,0,0
1989-04-17 21:00:00,0.0,0.0,0,0,0,0,0,0
1989-04-17 22:00:00,0.0,0.0,0,0,0,0,0,0
1989-04-17 23:00:00,0.0,0.0,0,0,0,0,0,0
1989-04-18 00:00:00,0.0,0.0,0,0,0,0,0,0
1989-04-18 01:00:00,0.0,0.0,0,0,0,0,0,0
1989-04-18 02:00:00,0.0,0.0,0,0,0,0,0,0
1989-04-18 03:00:00,0.0,0.0,0,0,0,0,0,0
1989-04-18 04:00:00,0.0,0.0,0,0,0,0,0,0
1989-04-18 05:00:00,0.0,0.0,0,0,0,0,0,0
1989-04-18 06:00:00,0.0411,0.0411,0,0,0,0,0,0
1989-04-18 07:00:00,0.1863,0.1863,0,0,0,0,0,0
1989-04-18 08:00:00,0.3713,0.3713,0,0,0,0,0,0
1989-04-18 09:00:00,0.5082,0.5082,0,0,0,0,0,0
1989-04-18 10:00:00,0.5449,0.5449,0,0,0,0,0,0
1989-04-18 11:00:00,0.5286,0.5286,0,0,0,0,0,0
1989-04-18 12:00:00,0.6306,0.6306,0,0,0,0,0,0
1989-04-18 13:00:00,0.6445,0.6445,0,0,0,0,0,0
1989-04-18 14:00:00,0.4806,0.4806,0,0,0,0,0,0
1989-04-18 15:00:00,0.4241,0.4241,0,0,0,0,0,0
1989-04-18 16:00:00,0.3025,0.3025,0,0,0,0,0,0
1989-04-18 17:00:00,0.1149,0.1149,0,0,0,0,0,0
1989-04-18 18:00:00,0.0121,0.0121,0,0,0,0,0,0
1989-04-18 19:00:00,0.0,0.0,0,0,0,0,0,0
1989-04-18 20:00:00,0.0,0.0,0,0,0,0,0,0
1989-04-18 21:00:00,0.0,0.0,0,0,0,0,0,0
1989-04-18 22:00:00,0.0,0.0,0,0,0,0,0,0
1989-04-18 23:00:00,0.0,0.0,0,0,0,0,0,0
1989-04-19 00:00:00,0.0,0.0,0,0,0,0,0,0
1989-04-19 01:00:00,0.0,0.0,0,0,0,0,0,0
1989-04-19 02:00:00,0.0,0.0,0,0,0,0,0,0
1989-04-19 03:00:00,0.0,0.0,0,0,0,0,0,0
1989-04-19 04:00:00,0.0,0.0,0,0,0,0,0,0
1989-04-19 05:00:00,0.0,0.0,0,0,0,0,0,0
1989-04-19 06:00:00,0.0427,0.0427,0,0,0,0,0,0
1989-04-19 07:00:00,0.1889,0.1889,0,0,0,0,0,0
1989-04-19 08:00:00,0.3842,0.3842,0,0,0,0,0,0
1989-04-19 09:00:00,0.5693,0.5693,0,0,0,0,0,0
1989-04-19 10:00:00,0.6673,0.6673,0,0,0,0,0,0
1989-04-19 11:00:00,0.7182,0.7182,0,0,0,0,0,0
1989-04-19 12:00:00,0.7152,0.7152,0,0,0,0,0,0
1989-04-19 13:00:00,0.6852,0.6852,0,0,0,0,0,0
1989-04-19 14:00:00,0.6226,0.6226,0,0,0,0,0,0
1989-04-19 15:00:00,0.4945,0.4945,0,0,0,0,0,0
1989-04-19 16:00:00,0.3132,0.3132,0,0,0,0,0,0
1989-04-19 17:00:00,0.114,0.114,0,0,0,0,0,0
1989-04-19 18:00:00,0.0139,0.0139,0,0,0,0,0,0
1989-04-19 19:00:00,0.0,0.0,0,0,0,0,0,0
1989-04-19 20:00:00,0.0,0.0,0,0,0,0,0,0
1989-04-19 21:00:00,0.0,0.0,0,0,0,0,0,0
1989-04-19 22:00:00,0.0,0.0,0,0,0,0,0,0
1989-04-19 23:00:00,0.0,0.0,0,0,0,0,0,0
1989-04-20 00:00:00,0.0,0.0,0,0,0,0,0,0
1989-04-20 01:00:00,0.0,0.0,0,0,0,0,0,0
1989-04-20 02:00:00,0.0,0.0,0,0,0,0,0,0
1989-04-20 03:00:00,0.0,0.0,0,0,0,0,0,0
1989-04-20 04:00:00,0.0,0.0,0,0,0,0,0,0
1989-04-20 05:00:00,0.0,0.0,0,0,0,0,0,0
1989-04-20 06:00:00,0.0399,0.0399,0,0,0,0,0,0
1989-04-20 07:00:00,0.1174,0.1174,0,0,0,0,0,0
1989-04-20 08:00:00,0.2209,0.2209,0,0,0,0,0,0
1989-04-20 09:00:00,0.3264,0.3264,0,0,0,0,0,0
1989-04-20 10:00:00,0.3859,0.3859,0,0,0,0,0,0
1989-04-20 11:00:00,0.4277,0.4277,0,0,0,0,0,0
1989-04-20 12:00:00,0.3952,0.3952,0,0,0,0,0,0
1989-04-20 13:00:00,0.3564,0.3564,0,0,0,0,0,0
1989-04-20 14:00:00,0.3016,0.3016,0,0,0,0,0,0
1989-04-20 15:00:00,0.2317,0.2317,0,0,0,0,0,0
1989-04-20 16:00:00,0.1704,0.1704,0,0,0,0,0,0
1989-04-20 17:00:00,0.0828,0.0828,0,0,0,0,0,0
1989-04-20 18:00:00,0.0156,0.0156,0,0,0,0,0,0
1989-04-20 19:00:00,0.0,0.0,0,0,0,0,0,0
1989-04-20 20:00:00,0.0,0.0,0,0,0,0,0,0
1989-04-20 21:00:00,0.0,0.0,0,0,0,0,0,0
1989-04-20 22:00:00,0.0,0.0,0,0,0,0,0,0
1989-04-20 23:00:00,0.0,0.0,0,0,0,0,0,0
1989-04-21 00:00:00,0.0,0.0,0,0,0,0,0,0
1989-04-21 01:00:00,0.0,0.0,0,0,0,0,0,0
1989-04-21 02:00:00,0.0,0.0,0,0,0,0,0,0
1989-04-21 03:00:00,0.0,0.0,0,0,0,0,0,0
1989-04-21 04:00:00,0.0,0.0,0,0,0,0,0,0
1989-04-21 05:00:00,0.0,0.0,0,0,0,0,0,0
1989-04-21 06:00:00,0.0435,0.0435,0,0,0,0,0,0
1989-04-21 07:00:00,0.1536,0.1536,0,0,0,0,0,0
1989-04-21 08:00:00,0.3087,0.3087,0,0,0,0,0,0
1989-04-21 09:00:00,0.4383,0.4383,0,0,0,0,0,0
1989-04-21 10:00:00,0.4347,0.4347,0,0,0,0,0,0
1989-04-21 11:00:00,0.5556,0.5556,0,0,0,0,0,0
1989-04-21 12:00:00,0.6128,0.6128,0,0,0,0,0,0
1989-04-21 13:00:00,0.537,0.537,0,0,0,0,0,0
1989-04-21 14:00:00,0.506,0.506,0,0,0,0,0,0
1989-04-21 15:00:00,0.3965,0.3965,0,0,0,0,0,0
1989-04-21 16:00:00,0.252,0.252,0,0,0,0,0,0
1989-04-21 17:00:00,0.1144,0.1144,0,0,0,0,0,0
1989-04-21 18:00:00,0.0166,0.0166,0,0,0,0,0,0
1989-04-21 19:00:00,0.0,0.0,0,0,0,0,0,0
1989-04-21 20:00:00,0.0,0.0,0,0,0,0,0,0
1989-04-21 21:00:00,0.0,0.0,0,0,0,0,0,0
1989-04-21 22:00:00,0.0,0.0,0,0,0,0,0,0
1989-04-21 23:00:00,0.0,0.0,0,0,0,0,0,0
1989-04-22 00:00:00,0.0,0.0,0,0,0,0,0,0
1989-04-22 01:00:00,0.0,0.0,0,0,0,0,0,0
1989-04-22 02:00:00,0.0,0.0,0,0,0,0,0,0
1989-04-22 03:00:00,0.0,0.0,0,0,0,0,0,0
1989-04-22 04:00:00,0.0,0.0,0,0,0,0,0,0
1989-04-22 05:00:00,0.0,0.0,0,0,0,0,0,0
1989-04-22 06:00:00,0.0441,0.0441,0,0,0,0,0,0
1989-04-22 07:00:00,0.2021,0.2021,0,0,0,0,0,0
1989-04-22 08:00:00,0.3521,0.3521,0,0,0,0,0,0
1989-04-22 09:00:00,0.4697,0.4697,0,0,0,0,0,0
1989-04-22 10:00:00,0.5837,0.5837,0,0,0,0,0,0
1989-04-22 11:00:00,0.6534,0.6534,0,0,0,0,0,0
1989-04-22 12:00:00,0.7041,0.7041,0,0,0,0,0,0
1989-04-22 13:00:00,0.6721,0.6721,0,0,0,0,0,0
1989-04-22 14:00:00,0.5772,0.5772,0,0,0,0,0,0
1989-04-22 15:00:00,0.4577,0.4577,0,0,0,0,0,0
1989-04-22 16:00:00,0.2869,0.2869,0,0,0,0,0,0
1989-04-22 17:00:00,0.1167,0.1167,0,0,0,0,0,0
1989-04-22 18:00:00,0.0174,0.0174,0,0,0,0,0,0
1989-04-22 19:00:00,0.0,0.0,0,0,0,0,0,0
1989-04-22 20:00:00,0.0,0.0,0,0,0,0,0,0
1989-04-22 21:00:00,0.0,0.0,0,0,0,0,0,0
1989-04-22 22:00:00,0.0,0.0,0,0,0,0,0,0
1989-04-22 23:00:00,0.0,0.0,0,0,0,0,0,0
1989-04-23 00:00:00,0.0,0.0,0,0,0,0,0,0
1989-04-23 01:00:00,0.0,0.0,0,0,0,0,0,0
1989-04-23 02:00:00,0.0,0.0,0,0,0,0,0,0
1989-04-23 03:00:00,0.0,0.0,0,0,0,0,0,0
1989-04-23 04:00:00,0.0,0.0,0,0,0,0,0,0
1989-04-23 05:00:00,0.0,0.0,0,0,0,0,0,0
1989-04-23 06:00:00,0.041,0.041,0,0,0,0,0,0
1989-04-23 07:00:00,0.2211,0.2211,0,0,0,0,0,0
1989-04-23 08:00:00,0.4186,0.4186,0,0,0,0,0,0
1989-04-23 09:00:00,0.5674,0.5674,0,0,0,0,0,0
1989-04-23 10:00:00,0.6602,0.6602,0,0,0,0,0,0
1989-04-23 11:00:00,0.6496,0.6496,0,0,0,0,0,0
1989-04-23 12:00:00,0.6109,0.6109,0,0,0,0,0,0
1989-04-23 13:00:00,0.5121,0.5121,0,0,0,0,0,0
1989-04-23 14:00:00,0.3953,0.3953,0,0,0,0,0,0
1989-04-23 15:00:00,0.2955,0.2955,0,0,0,0,0,0
1989-04-23 16:00:00,0.1479,0.1479,0,0,0,0,0,0
1989-04-23 17:00:00,0.0543,0.0543,0,0,0,0,0,0
1989-04-23 18:00:00,0.0106,0.0106,0,0,0,0,0,0
1989-04-23 19:00:00,0.0,0.0,0,0,0,0,0,0
1989-04-23 20:00:00,0.0,0.0,0,0,0,0,0,0
1989-04-23 21:00:00,0.0,0.0,0,0,0,0,0,0
1989-04-23 22:00:00,0.0,0.0,0,0,0,0,0,0
1989-04-23 23:00:00,0.0,0.0,0,0,0,0,0,0
1989-04-24 00:00:00,0.0,0.0,0,0,0,0,0,0
1989-04-24 01:00:00,0.0,0.0,0,0,0,0,0,0
1989-04-24 02:00:00,0.0,0.0,0,0,0,0,0,0
1989-04-24 03:00:00,0.0,0.0,0,0,0,0,0,0
1989-04-24 04:00:00,0.0,0.0,0,0,0,0,0,0
1989-04-24 05:00:00,0.0,0.0,0,0,0,0,0,0
1989-04-24 06:00:00,0.0492,0.0492,0,0,0,0,0,0
1989-04-24 07:00:00,0.1453,0.1453,0,0,0,0,0,0
1989-04-24 08:00:00,0.2491,0.2491,0,0,0,0,0,0
1989-04-24 09:00:00,0.3299,0.3299,0,0,0,0,0,0
1989-04-24 10:00:00,0.3862,0.3862,0,0,0,0,0,0
1989-04-24 11:00:00,0.4198,0.4198,0,0,0,0,0,0
1989-04-24 12:00:00,0.4756,0.4756,0,0,0,0,0,0
1989-04-24 13:00:00,0.5282,0.5282,0,0,0,0,0,0
1989-04-24 14:00:00,0.4721,0.4721,0,0,0,0,0,0
1989-04-24 15:00:00,0.3171,0.3171,0,0,0,0,0,0
1989-04-24 16:00:00,0.1769,0.1769,0,0,0,0,0,0
1989-04-24 17:00:00,0.073,0.073,0,0,0,0,0,0
1989-04-24 18:00:00,0.0087,0.0087,0,0,0,0,0,0
1989-04-24 19:00:00,0.0,0.0,0,0,0,0,0,0
1989-04-24 20:00:00,0.0,0.0,0,0,0,0,0,0
1989-04-24 21:00:00,0.0,0.0,0,0,0,0,0,0
1989-04-24 22:00:00,0.0,0.0,0,0,0,0,0,0
1989-04-24 23:00:00,0.0,0.0,0,0,0,0,0,0
1989-04-25 00:00:00,0.0,0.0,0,0,0,0,0,0
1989-04-25 01:00:00,0.0,0.0,0,0,0,0,0,0
1989-04-25 02:00:00,0.0,0.0,0,0,0,0,0,0
1989-04-25 03:00:00,0.0,0.0,0,0,0,0,0,0
1989-04-25 04:00:00,0.0,0.0,0,0,0,0,0,0
1989-04-25 05:00:00,0.0,0.0,0,0,0,0,0,0
1989-04-25 06:00:00,0.0007,0.0007,0,0,0,0,0,0
1989-04-25 07:00:00,0.0154,0.0154,0,0,0,0,0,0
1989-04-25 08:00:00,0.025,0.025,0,0,0,0,0,0
1989-04-25 09:00:00,0.0332,0.0332,0,0,0,0,0,0
1989-04-25 10:00:00,0.0345,0.0345,0,0,0,0,0,0
1989-04-25 11:00:00,0.0492,0.0492,0,0,0,0,0,0
1989-04-25 12:00:00,0.0718,0.0718,0,0,0,0,0,0
1989-04-25 13:00:00,0.0844,0.0844,0,0,0,0,0,0
1989-04-25 14:00:00,0.0944,0.0944,0,0,0,0,0,0
1989-04-25 15:00:00,0.0838,0.0838,0,0,0,0,0,0
1989-04-25 16:00:00,0.0609,0.0609,0,0,0,0,0,0
1989-04-25 17:00:00,0.0305,0.0305,0,0,0,0,0,0
1989-04-25 18:00:00,0.0015,0.0015,0,0,0,0,0,0
1989-04-25 19:00:00,0.0,0.0,0,0,0,0,0,0
1989-04-25 20:00:00,0.0,0.0,0,0,0,0,0,0
1989-04-25 21:00:00,0.0,0.0,0,0,0,0,0,0
1989-04-25 22:00:00,0.0,0.0,0,0,0,0,0,0
1989-04-25 23:00:00,0.0,0.0,0,0,0,0,0,0
1989-04-26 00:00:00,0.0,0.0,0,0,0,0,0,0
1989-04-26 01:00:00,0.0,0.0,0,0,0,0,0,0
1989-04-26 02:00:00,0.0,0.0,0,0,0,0,0,0
1989-04-26 03:00:00,0.0,0.0,0,0,0,0,0,0
1989-04-26 04:00:00,0.0,0.0,0,0,0,0,0,0
1989-04-26 05:00:00,0.0,0.0,0,0,0,0,0,0
1989-04-26 06:00:00,0.0299,0.0299,0,0,0,0,0,0
1989-04-26 07:00:00,0.1036,0.1036,0,0,0,0,0,0
1989-04-26 08:00:00,0.2013,0.2013,0,0,0,0,0,0
1989-04-26 09:00:00,0.3077,0.3077,0,0,0,0,0,0
1989-04-26 10:00:00,0.3528,0.3528,0,0,0,0,0,0
1989-04-26 11:00:00,0.3486,0.3486,0,0,0,0,0,0
1989-04-26 12:00:00,0.3345,0.3345,0,0,0,0,0,0
1989-04-26 13:00:00,0.3385,0.3385,0,0,0,0,0,0
1989-04-26 14:00:00,0.3143,0.3143,0,0,0,0,0,0
1989-04-26 15:00:00,0.1951,0.1951,0,0,0,0,0,0
1989-04-26 16:00:00,0.1005,0.1005,0,0,0,0,0,0
1989-04-26 17:00:00,0.0534,0.0534,0,0,0,0,0,0
1989-04-26 18:00:00,0.0159,0.0159,0,0,0,0,0,0
1989-04-26 19:00:00,0.0,0.0,0,0,0,0,0,0
1989-04-26 20:00:00,0.0,0.0,0,0,0,0,0,0
1989-04-26 21:00:00,0.0,0.0,0,0,0,0,0,0
1989-04-26 22:00:00,0.0,0.0,0,0,0,0,0,0
1989-04-26 23:00:00,0.0,0.0,0,0,0,0,0,0
1989-04-27 00:00:00,0.0,0.0,0,0,0,0,0,0
1989-04-27 01:00:00,0.0,0.0,0,0,0,0,0,0
1989-04-27 02:00:00,0.0,0.0,0,0,0,0,0,0
1989-04-27 03:00:00,0.0,0.0,0,0,0,0,0,0
1989-04-27 04:00:00,0.0,0.0,0,0,0,0,0,0
1989-04-27 05:00:00,0.0,0.0,0,0,0,0,0,0
1989-04-27 06:00:00,0.047,0.047,0,0,0,0,0,0
1989-04-27 07:00:00,0.2352,0.2352,0,0,0,0,0,0
1989-04-27 08:00:00,0.4436,0.4436,0,0,0,0,0,0
1989-04-27 09:00:00,0.5631,0.5631,0,0,0,0,0,0
1989-04-27 10:00:00,0.6042,0.6042,0,0,0,0,0,0
1989-04-27 11:00:00,0.6534,0.6534,0,0,0,0,0,0
1989-04-27 12:00:00,0.6695,0.6695,0,0,0,0,0,0
1989-04-27 13:00:00,0.6214,0.6214,0,0,0,0,0,0
1989-04-27 14:00:00,0.5103,0.5103,0,0,0,0,0,0
1989-04-27 15:00:00,0.3767,0.3767,0,0,0,0,0,0
1989-04-27 16:00:00,0.2511,0.2511,0,0,0,0,0,0
1989-04-27 17:00:00,0.1165,0.1165,0,0,0,0,0,0
1989-04-27 18:00:00,0.0248,0.0248,0,0,0,0,0,0
1989-04-27 19:00:00,0.0,0.0,0,0,0,0,0,0
1989-04-27 20:00:00,0.0,0.0,0,0,0,0,0,0
1989-04-27 21:00:00,0.0,0.0,0,0,0,0,0,0
1989-04-27 22:00:00,0.0,0.0,0,0,0,0,0,0
1989-04-27 23:00:00,0.0,0.0,0,0,0,0,0,0
1989-04-28 00:00:00,0.0,0.0,0,0,0,0,0,0
1989-04-28 01:00:00,0.0,0.0,0,0,0,0,0,0
1989-04-28 02:00:00,0.0,0.0,0,0,0,0,0,0
1989-04-28 03:00:00,0.0,0.0,0,0,0,0,0,0
1989-04-28 04:00:00,0.0,0.0,0,0,0,0,0,0
1989-04-28 05:00:00,0.0,0.0,0,0,0,0,0,0
1989-04-28 06:00:00,0.054,0.054,0,0,0,0,0,0
1989-04-28 07:00:00,0.2025,0.2025,0,0,0,0,0,0
1989-04-28 08:00:00,0.3204,0.3204,0,0,0,0,0,0
1989-04-28 09:00:00,0.484,0.484,0,0,0,0,0,0
1989-04-28 10:00:00,0.6833,0.6833,0,0,0,0,0,0
1989-04-28 11:00:00,0.7651,0.7651,0,0,0,0,0,0
1989-04-28 12:00:00,0.7715,0.7715,0,0,0,0,0,0
1989-04-28 13:00:00,0.7306,0.7306,0,0,0,0,0,0
1989-04-28 14:00:00,0.6408,0.6408,0,0,0,0,0,0
1989-04-28 15:00:00,0.4853,0.4853,0,0,0,0,0,0
1989-04-28 16:00:00,0.296,0.296,0,0,0,0,0,0
1989-04-28 17:00:00,0.1216,0.1216,0,0,0,0,0,0
1989-04-28 18:00:00,0.0234,0.0234,0,0,0,0,0,0
1989-04-28 19:00:00,0.0,0.0,0,0,0,0,0,0
1989-04-28 20:00:00,0.0,0.0,0,0,0,0,0,0
1989-04-28 21:00:00,0.0,0.0,0,0,0,0,0,0
1989-04-28 22:00:00,0.0,0.0,0,0,0,0,0,0
1989-04-28 23:00:00,0.0,0.0,0,0,0,0,0,0
1989-04-29 00:00:00,0.0,0.0,0,0,0,0,0,0
1989-04-29 01:00:00,0.0,0.0,0,0,0,0,0,0
1989-04-29 02:00:00,0.0,0.0,0,0,0,0,0,0
1989-04-29 03:00:00,0.0,0.0,0,0,0,0,0,0
1989-04-29 04:00:00,0.0,0.0,0,0,0,0,0,0
1989-04-29 05:00:00,0.0,0.0,0,0,0,0,0,0
1989-04-29 06:00:00,0.0537,0.0537,0,0,0,0,0,0
1989-04-29 07:00:00,0.2078,0.2078,0,0,0,0,0,0
1989-04-29 08:00:00,0.3625,0.3625,0,0,0,0,0,0
1989-04-29 09:00:00,0.5488,0.5488,0,0,0,0,0,0
1989-04-29 10:00:00,0.7001,0.7001,0,0,0,0,0,0
1989-04-29 11:00:00,0.7677,0.7677,0,0,0,0,0,0
1989-04-29 12:00:00,0.7823,0.7823,0,0,0,0,0,0
1989-04-29 13:00:00,0.7551,0.7551,0,0,0,0,0,0
1989-04-29 14:00:00,0.6272,0.6272,0,0,0,0,0,0
1989-04-29 15:00:00,0.474,0.474,0,0,0,0,0,0
1989-04-29 16:00:00,0.2913,0.2913,0,0,0,0,0,0
1989-04-29 17:00:00,0.1221,0.1221,0,0,0,0,0,0
1989-04-29 18:00:00,0.0235,0.0235,0,0,0,0,0,0
1989-04-29 19:00:00,0.0,0.0,0,0,0,0,0,0
1989-04-29 20:00:00,0.0,0.0,0,0,0,0,0,0
1989-04-29 21:00:00,0.0,0.0,0,0,0,0,0,0
1989-04-29 22:00:00,0.0,0.0,0,0,0,0,0,0
1989-04-29 23:00:00,0.0,0.0,0,0,0,0,0,0
1989-04-30 00:00:00,0.0,0.0,0,0,0,0,0,0
1989-04-30 01:00:00,0.0,0.0,0,0,0,0,0,0
1989-04-30 02:00:00,0.0,0.0,0,0,0,0,0,0
1989-04-30 03:00:00,0.0,0.0,0,0,0,0,0,0
1989-04-30 04:00:00,0.0,0.0,0,0,0,0,0,0
1989-04-30 05:00:00,0.0,0.0,0,0,0,0,0,0
1989-04-30 06:00:00,0.0508,0.0508,0,0,0,0,0,0
1989-04-30 07:00:00,0.2346,0.2346,0,0,0,0,0,0
1989-04-30 08:00:00,0.4448,0.4448,0,0,0,0,0,0
1989-04-30 09:00:00,0.6146,0.6146,0,0,0,0,0,0
1989-04-30 10:00:00,0.7065,0.7065,0,0,0,0,0,0
1989-04-30 11:00:00,0.6845,0.6845,0,0,0,0,0,0
1989-04-30 12:00:00,0.6372,0.6372,0,0,0,0,0,0
1989-04-30 13:00:00,0.5769,0.5769,0,0,0,0,0,0
1989-04-30 14:00:00,0.5135,0.5135,0,0,0,0,0,0
1989-04-30 15:00:00,0.4108,0.4108,0,0,0,0,0,0
1989-04-30 16:00:00,0.2887,0.2887,0,0,0,0,0,0
1989-04-30 17:00:00,0.1264,0.1264,0,0,0,0,0,0
1989-04-30 18:00:00,0.0161,0.0161,0,0,0,0,0,0
1989-04-30 19:00:00,0.0,0.0,0,0,0,0,0,0
1989-04-30 20:00:00,0.0,0.0,0,0,0,0,0,0
1989-04-30 21:00:00,0.0,0.0,0,0,0,0,0,0
1989-04-30 22:00:00,0.0,0.0,0,0,0,0,0,0
1989-04-30 23:00:00,0.0,0.0,0,0,0,0,0,0
1989-05-01 00:00:00,0.0,0.0,0,0,0,0,0,0
1989-05-01 01:00:00,0.0,0.0,0,0,0,0,0,0
1989-05-01 02:00:00,0.0,0.0,0,0,0,0,0,0
1989-05-01 03:00:00,0.0,0.0,0,0,0,0,0,0
1989-05-01 04:00:00,0.0,0.0,0,0,0,0,0,0
1989-05-01 05:00:00,0.0,0.0,0,0,0,0,0,0
1989-05-01 06:00:00,0.0502,0.0502,0,0,0,0,0,0
1989-05-01 07:00:00,0.2347,0.2347,0,0,0,0,0,0
1989-05-01 08:00:00,0.4453,0.4453,0,0,0,0,0,0
1989-05-01 09:00:00,0.6162,0.6162,0,0,0,0,0,0
1989-05-01 10:00:00,0.717,0.717,0,0,0,0,0,0
1989-05-01 11:00:00,0.7792,0.7792,0,0,0,0,0,0
1989-05-01 12:00:00,0.7939,0.7939,0,0,0,0,0,0
1989-05-01 13:00:00,0.7544,0.7544,0,0,0,0,0,0
1989-05-01 14:00:00,0.6621,0.6621,0,0,0,0,0,0
1989-05-01 15:00:00,0.5251,0.5251,0,0,0,0,0,0
1989-05-01 16:00:00,0.3192,0.3192,0,0,0,0,0,0
1989-05-01 17:00:00,0.1247,0.1247,0,0,0,0,0,0
1989-05-01 18:00:00,0.0162,0.0162,0,0,0,0,0,0
1989-05-01 19:00:00,0.0,0.0,0,0,0,0,0,0
1989-05-01 20:00:00,0.0,0.0,0,0,0,0,0,0
1989-05-01 21:00:00,0.0,0.0,0,0,0,0,0,0
1989-05-01 22:00:00,0.0,0.0,0,0,0,0,0,0
1989-05-01 23:00:00,0.0,0.0,0,0,0,0,0,0
1989-05-02 00:00:00,0.0,0.0,0,0,0,0,0,0
1989-05-02 01:00:00,0.0,0.0,0,0,0,0,0,0
1989-05-02 02:00:00,0.0,0.0,0,0,0,0,0,0
1989-05-02 03:00:00,0.0,0.0,0,0,0,0,0,0
1989-05-02 04:00:00,0.0,0.0,0,0,0,0,0,0
1989-05-02 05:00:00,0.0,0.0,0,0,0,0,0,0
1989-05-02 06:00:00,0.0518,0.0518,0,0,0,0,0,0
1989-05-02 07:00:00,0.2273,0.2273,0,0,0,0,0,0
1989-05-02 08:00:00,0.4182,0.4182,0,0,0,0,0,0
1989-05-02 09:00:00,0.5718,0.5718,0,0,0,0,0,0
1989-05-02 10:00:00,0.6689,0.6689,0,0,0,0,0,0
1989-05-02 11:00:00,0.7261,0.7261,0,0,0,0,0,0
1989-05-02 12:00:00,0.7398,0.7398,0,0,0,0,0,0
1989-05-02 13:00:00,0.7065,0.7065,0,0,0,0,0,0
1989-05-02 14:00:00,0.6193,0.6193,0,0,0,0,0,0
1989-05-02 15:00:00,0.4418,0.4418,0,0,0,0,0,0
1989-05-02 16:00:00,0.285,0.285,0,0,0,0,0,0
1989-05-02 17:00:00,0.1213,0.1213,0,0,0,0,0,0
1989-05-02 18:00:00,0.0183,0.0183,0,0,0,0,0,0
1989-05-02 19:00:00,0.0,0.0,0,0,0,0,0,0
1989-05-02 20:00:00,0.0,0.0,0,0,0,0,0,0
1989-05-02 21:00:00,0.0,0.0,0,0,0,0,0,0
1989-05-02 22:00:00,0.0,0.0,0,0,0,0,0,0
1989-05-02 23:00:00,0.0,0.0,0,0,0,0,0,0
1989-05-03 00:00:00,0.0,0.0,0,0,0,0,0,0
1989-05-03 01:00:00,0.0,0.0,0,0,0,0,0,0
1989-05-03 02:00:00,0.0,0.0,0,0,0,0,0,0
1989-05-03 03:00:00,0.0,0.0,0,0,0,0,0,0
1989-05-03 04:00:00,0.0,0.0,0,0,0,0,0,0
1989-05-03 05:00:00,0.0,0.0,0,0,0,0,0,0
1989-05-03 06:00:00,0.0532,0.0532,0,0,0,0,0,0
1989-05-03 07:00:00,0.2223,0.2223,0,0,0,0,0,0
1989-05-03 08:00:00,0.4123,0.4123,0,0,0,0,0,0
1989-05-03 09:00:00,0.5615,0.5615,0,0,0,0,0,0
1989-05-03 10:00:00,0.6526,0.6526,0,0,0,0,0,0
1989-05-03 11:00:00,0.6995,0.6995,0,0,0,0,0,0
1989-05-03 12:00:00,0.7145,0.7145,0,0,0,0,0,0
1989-05-03 13:00:00,0.693,0.693,0,0,0,0,0,0
1989-05-03 14:00:00,0.6056,0.6056,0,0,0,0,0,0
1989-05-03 15:00:00,0.4816,0.4816,0,0,0,0,0,0
1989-05-03 16:00:00,0.3104,0.3104,0,0,0,0,0,0
1989-05-03 17:00:00,0.1224,0.1224,0,0,0,0,0,0
1989-05-03 18:00:00,0.0177,0.0177,0,0,0,0,0,0
1989-05-03 19:00:00,0.0,0.0,0,0,0,0,0,0
1989-05-03 20:00:00,0.0,0.0,0,0,0,0,0,0
1989-05-03 21:00:00,0.0,0.0,0,0,0,0,0,0
1989-05-03 22:00:00,0.0,0.0,0,0,0,0,0,0
1989-05-03 23:00:00,0.0,0.0,0,0,0,0,0,0
1989-05-04 00:00:00,0.0,0.0,0,0,0,0,0,0
1989-05-04 01:00:00,0.0,0.0,0,0,0,0,0,0
1989-05-04 02:00:00,0.0,0.0,0,0,0,0,0,0
1989-05-04 03:00:00,0.0,0.0,0,0,0,0,0,0
1989-05-04 04:00:00,0.0,0.0,0,0,0,0,0,0
1989-05-04 05:00:00,0.0,0.0,0,0,0,0,0,0
1989-05-04 06:00:00,0.054,0.054,0,0,0,0,0,0
1989-05-04 07:00:00,0.2272,0.2272,0,0,0,0,0,0
1989-05-04 08:00:00,0.4139,0.4139,0,0,0,0,0,0
1989-05-04 09:00:00,0.566,0.566,0,0,0,0,0,0
1989-05-04 10:00:00,0.662,0.662,0,0,0,0,0,0
1989-05-04 11:00:00,0.7169,0.7169,0,0,0,0,0,0
1989-05-04 12:00:00,0.7266,0.7266,0,0,0,0,0,0
1989-05-04 13:00:00,0.7002,0.7002,0,0,0,0,0,0
1989-05-04 14:00:00,0.6164,0.6164,0,0,0,0,0,0
1989-05-04 15:00:00,0.4883,0.4883,0,0,0,0,0,0
1989-05-04 16:00:00,0.3149,0.3149,0,0,0,0,0,0
1989-05-04 17:00:00,0.1225,0.1225,0,0,0,0,0,0
1989-05-04 18:00:00,0.0182,0.0182,0,0,0,0,0,0
1989-05-04 19:00:00,0.0,0.0,0,0,0,0,0,0
1989-05-04 20:00:00,0.0,0.0,0,0,0,0,0,0
1989-05-04 21:00:00,0.0,0.0,0,0,0,0,0,0
1989-05-04 22:00:00,0.0,0.0,0,0,0,0,0,0
1989-05-04 23:00:00,0.0,0.0,0,0,0,0,0,0
1989-05-05 00:00:00,0.0,0.0,0,0,0,0,0,0
1989-05-05 01:00:00,0.0,0.0,0,0,0,0,0,0
1989-05-05 02:00:00,0.0,0.0,0,0,0,0,0,0
1989-05-05 03:00:00,0.0,0.0,0,0,0,0,0,0
1989-05-05 04:00:00,0.0,0.0,0,0,0,0,0,0
1989-05-05 05:00:00,0.0014,0.0014,0,0,0,0,0,0
1989-05-05 06:00:00,0.0553,0.0553,0,0,0,0,0,0
1989-05-05 07:00:00,0.2256,0.2256,0,0,0,0,0,0
1989-05-05 08:00:00,0.4077,0.4077,0,0,0,0,0,0
1989-05-05 09:00:00,0.5569,0.5569,0,0,0,0,0,0
1989-05-05 10:00:00,0.6445,0.6445,0,0,0,0,0,0
1989-05-05 11:00:00,0.6973,0.6973,0,0,0,0,0,0
1989-05-05 12:00:00,0.708,0.708,0,0,0,0,0,0
1989-05-05 13:00:00,0.6782,0.6782,0,0,0,0,0,0
1989-05-05 14:00:00,0.5839,0.5839,0,0,0,0,0,0
1989-05-05 15:00:00,0.4441,0.4441,0,0,0,0,0,0
1989-05-05 16:00:00,0.2848,0.2848,0,0,0,0,0,0
1989-05-05 17:00:00,0.1202,0.1202,0,0,0,0,0,0
1989-05-05 18:00:00,0.0206,0.0206,0,0,0,0,0,0
1989-05-05 19:00:00,0.0,0.0,0,0,0,0,0,0
1989-05-05 20:00:00,0.0,0.0,0,0,0,0,0,0
1989-05-05 21:00:00,0.0,0.0,0,0,0,0,0,0
1989-05-05 22:00:00,0.0,0.0,0,0,0,0,0,0
1989-05-05 23:00:00,0.0,0.0,0,0,0,0,0,0
1989-05-06 00:00:00,0.0,0.0,0,0,0,0,0,0
1989-05-06 01:00:00,0.0,0.0,0,0,0,0,0,0
1989-05-06 02:00:00,0.0,0.0,0,0,0,0,0,0
1989-05-06 03:00:00,0.0,0.0,0,0,0,0,0,0
1989-05-06 04:00:00,0.0,0.0,0,0,0,0,0,0
1989-05-06 05:00:00,0.0032,0.0032,0,0,0,0,0,0
1989-05-06 06:00:00,0.0563,0.0563,0,0,0,0,0,0
1989-05-06 07:00:00,0.2214,0.2214,0,0,0,0,0,0
1989-05-06 08:00:00,0.3992,0.3992,0,0,0,0,0,0
1989-05-06 09:00:00,0.5428,0.5428,0,0,0,0,0,0
1989-05-06 10:00:00,0.6311,0.6311,0,0,0,0,0,0
1989-05-06 11:00:00,0.6803,0.6803,0,0,0,0,0,0
1989-05-06 12:00:00,0.6822,0.6822,0,0,0,0,0,0
1989-05-06 13:00:00,0.6544,0.6544,0,0,0,0,0,0
1989-05-06 14:00:00,0.578,0.578,0,0,0,0,0,0
1989-05-06 15:00:00,0.4325,0.4325,0,0,0,0,0,0
1989-05-06 16:00:00,0.2838,0.2838,0,0,0,0,0,0
1989-05-06 17:00:00,0.1167,0.1167,0,0,0,0,0,0
1989-05-06 18:00:00,0.0202,0.0202,0,0,0,0,0,0
1989-05-06 19:00:00,0.0,0.0,0,0,0,0,0,0
1989-05-06 20:00:00,0.0,0.0,0,0,0,0,0,0
1989-05-06 21:00:00,0.0,0.0,0,0,0,0,0,0
1989-05-06 22:00:00,0.0,0.0,0,0,0,0,0,0
1989-05-06 23:00:00,0.0,0.0,0,0,0,0,0,0
1989-05-07 00:00:00,0.0,0.0,0,0,0,0,0,0
1989-05-07 01:00:00,0.0,0.0,0,0,0,0,0,0
1989-05-07 02:00:00,0.0,0.0,0,0,0,0,0,0
1989-05-07 03:00:00,0.0,0.0,0,0,0,0,0,0
1989-05-07 04:00:00,0.0,0.0,0,0,0,0,0,0
1989-05-07 05:00:00,0.004,0.004,0,0,0,0,0,0
1989-05-07 06:00:00,0.0544,0.0544,0,0,0,0,0,0
1989-05-07 07:00:00,0.2254,0.2254,0,0,0,0,0,0
1989-05-07 08:00:00,0.4109,0.4109,0,0,0,0,0,0
1989-05-07 09:00:00,0.5571,0.5571,0,0,0,0,0,0
1989-05-07 10:00:00,0.6487,0.6487,0,0,0,0,0,0
1989-05-07 11:00:00,0.6951,0.6951,0,0,0,0,0,0
1989-05-07 12:00:00,0.6933,0.6933,0,0,0,0,0,0
1989-05-07 13:00:00,0.6644,0.6644,0,0,0,0,0,0
1989-05-07 14:00:00,0.5906,0.5906,0,0,0,0,0,0
1989-05-07 15:00:00,0.4792,0.4792,0,0,0,0,0,0
1989-05-07 16:00:00,0.3094,0.3094,0,0,0,0,0,0
1989-05-07 17:00:00,0.1241,0.1241,0,0,0,0,0,0
1989-05-07 18:00:00,0.0209,0.0209,0,0,0,0,0,0
1989-05-07 19:00:00,0.0,0.0,0,0,0,0,0,0
1989-05-07 20:00:00,0.0,0.0,0,0,0,0,0,0
1989-05-07 21:00:00,0.0,0.0,0,0,0,0,0,0
1989-05-07 22:00:00,0.0,0.0,0,0,0,0,0,0
1989-05-07 23:00:00,0.0,0.0,0,0,0,0,0,0
1989-05-08 00:00:00,0.0,0.0,0,0,0,0,0,0
1989-05-08 01:00:00,0.0,0.0,0,0,0,0,0,0
1989-05-08 02:00:00,0.0,0.0,0,0,0,0,0,0
1989-05-08 03:00:00,0.0,0.0,0,0,0,0,0,0
1989-05-08 04:00:00,0.0,0.0,0,0,0,0,0,0
1989-05-08 05:00:00,0.0061,0.0061,0,0,0,0,0,0
1989-05-08 06:00:00,0.0576,0.0576,0,0,0,0,0,0
1989-05-08 07:00:00,0.2271,0.2271,0,0,0,0,0,0
1989-05-08 08:00:00,0.41,0.41,0,0,0,0,0,0
1989-05-08 09:00:00,0.5611,0.5611,0,0,0,0,0,0
1989-05-08 10:00:00,0.6619,0.6619,0,0,0,0,0,0
1989-05-08 11:00:00,0.7203,0.7203,0,0,0,0,0,0
1989-05-08 12:00:00,0.7287,0.7287,0,0,0,0,0,0
1989-05-08 13:00:00,0.6774,0.6774,0,0,0,0,0,0
1989-05-08 14:00:00,0.5874,0.5874,0,0,0,0,0,0
1989-05-08 15:00:00,0.4614,0.4614,0,0,0,0,0,0
1989-05-08 16:00:00,0.2908,0.2908,0,0,0,0,0,0
1989-05-08 17:00:00,0.1196,0.1196,0,0,0,0,0,0
1989-05-08 18:00:00,0.0329,0.0329,0,0,0,0,0,0
1989-05-08 19:00:00,0.0,0.0,0,0,0,0,0,0
1989-05-08 20:00:00,0.0,0.0,0,0,0,0,0,0
1989-05-08 21:00:00,0.0,0.0,0,0,0,0,0,0
1989-05-08 22:00:00,0.0,0.0,0,0,0,0,0,0
1989-05-08 23:00:00,0.0,0.0,0,0,0,0,0,0
1989-05-09 00:00:00,0.0,0.0,0,0,0,0,0,0
1989-05-09 01:00:00,0.0,0.0,0,0,0,0,0,0
1989-05-09 02:00:00,0.0,0.0,0,0,0,0,0,0
1989-05-09 03:00:00,0.0,0.0,0,0,0,0,0,0
1989-05-09 04:00:00,0.0,0.0,0,0,0,0,0,0
1989-05-09 05:00:00,0.0089,0.0089,0,0,0,0,0,0
1989-05-09 06:00:00,0.0664,0.0664,0,0,0,0,0,0
1989-05-09 07:00:00,0.1514,0.1514,0,0,0,0,0,0
1989-05-09 08:00:00,0.243,0.243,0,0,0,0,0,0
1989-05-09 09:00:00,0.3433,0.3433,0,0,0,0,0,0
1989-05-09 10:00:00,0.4227,0.4227,0,0,0,0,0,0
1989-05-09 11:00:00,0.4392,0.4392,0,0,0,0,0,0
1989-05-09 12:00:00,0.5171,0.5171,0,0,0,0,0,0
1989-05-09 13:00:00,0.52,0.52,0,0,0,0,0,0
1989-05-09 14:00:00,0.3715,0.3715,0,0,0,0,0,0
1989-05-09 15:00:00,0.2618,0.2618,0,0,0,0,0,0
1989-05-09 16:00:00,0.1782,0.1782,0,0,0,0,0,0
1989-05-09 17:00:00,0.1014,0.1014,0,0,0,0,0,0
1989-05-09 18:00:00,0.0339,0.0339,0,0,0,0,0,0
1989-05-09 19:00:00,0.0,0.0,0,0,0,0,0,0
1989-05-09 20:00:00,0.0,0.0,0,0,0,0,0,0
1989-05-09 21:00:00,0.0,0.0,0,0,0,0,0,0
1989-05-09 22:00:00,0.0,0.0,0,0,0,0,0,0
1989-05-09 23:00:00,0.0,0.0,0,0,0,0,0,0
1989-05-10 00:00:00,0.0,0.0,0,0,0,0,0,0
1989-05-10 01:00:00,0.0,0.0,0,0,0,0,0,0
1989-05-10 02:00:00,0.0,0.0,0,0,0,0,0,0
1989-05-10 03:00:00,0.0,0.0,0,0,0,0,0,0
1989-05-10 04:00:00,0.0,0.0,0,0,0,0,0,0
1989-05-10 05:00:00,0.0052,0.0052,0,0,0,0,0,0
1989-05-10 06:00:00,0.049,0.049,0,0,0,0,0,0
1989-05-10 07:00:00,0.1253,0.1253,0,0,0,0,0,0
1989-05-10 08:00:00,0.1934,0.1934,0,0,0,0,0,0
1989-05-10 09:00:00,0.2511,0.2511,0,0,0,0,0,0
1989-05-10 10:00:00,0.3309,0.3309,0,0,0,0,0,0
1989-05-10 11:00:00,0.3816,0.3816,0,0,0,0,0,0
1989-05-10 12:00:00,0.3746,0.3746,0,0,0,0,0,0
1989-05-10 13:00:00,0.3174,0.3174,0,0,0,0,0,0
1989-05-10 14:00:00,0.268,0.268,0,0,0,0,0,0
1989-05-10 15:00:00,0.2075,0.2075,0,0,0,0,0,0
1989-05-10 16:00:00,0.1314,0.1314,0,0,0,0,0,0
1989-05-10 17:00:00,0.0748,0.0748,0,0,0,0,0,0
1989-05-10 18:00:00,0.0242,0.0242,0,0,0,0,0,0
1989-05-10 19:00:00,0.0,0.0,0,0,0,0,0,0
1989-05-10 20:00:00,0.0,0.0,0,0,0,0,0,0
1989-05-10 21:00:00,0.0,0.0,0,0,0,0,0,0
1989-05-10 22:00:00,0.0,0.0,0,0,0,0,0,0
1989-05-10 23:00:00,0.0,0.0,0,0,0,0,0,0
1989-05-11 00:00:00,0.0,0.0,0,0,0,0,0,0
1989-05-11 01:00:00,0.0,0.0,0,0,0,0,0,0
1989-05-11 02:00:00,0.0,0.0,0,0,0,0,0,0
1989-05-11 03:00:00,0.0,0.0,0,0,0,0,0,0
1989-05-11 04:00:00,0.0,0.0,0,0,0,0,0,0
1989-05-11 05:00:00,0.0018,0.0018,0,0,0,0,0,0
1989-05-11 06:00:00,0.0399,0.0399,0,0,0,0,0,0
1989-05-11 07:00:00,0.1096,0.1096,0,0,0,0,0,0
1989-05-11 08:00:00,0.1713,0.1713,0,0,0,0,0,0
1989-05-11 09:00:00,0.2167,0.2167,0,0,0,0,0,0
1989-05-11 10:00:00,0.2622,0.2622,0,0,0,0,0,0
1989-05-11 11:00:00,0.2906,0.2906,0,0,0,0,0,0
1989-05-11 12:00:00,0.3334,0.3334,0,0,0,0,0,0
1989-05-11 13:00:00,0.3475,0.3475,0,0,0,0,0,0
1989-05-11 14:00:00,0.2705,0.2705,0,0,0,0,0,0
1989-05-11 15:00:00,0.2057,0.2057,0,0,0,0,0,0
1989-05-11 16:00:00,0.1635,0.1635,0,0,0,0,0,0
1989-05-11 17:00:00,0.0882,0.0882,0,0,0,0,0,0
1989-05-11 18:00:00,0.0236,0.0236,0,0,0,0,0,0
1989-05-11 19:00:00,0.0,0.0,0,0,0,0,0,0
1989-05-11 20:00:00,0.0,0.0,0,0,0,0,0,0
1989-05-11 21:00:00,0.0,0.0,0,0,0,0,0,0
1989-05-11 22:00:00,0.0,0.0,0,0,0,0,0,0
1989-05-11 23:00:00,0.0,0.0,0,0,0,0,0,0
1989-05-12 00:00:00,0.0,0.0,0,0,0,0,0,0
1989-05-12 01:00:00,0.0,0.0,0,0,0,0,0,0
1989-05-12 02:00:00,0.0,0.0,0,0,0,0,0,0
1989-05-12 03:00:00,0.0,0.0,0,0,0,0,0,0
1989-05-12 04:00:00,0.0,0.0,0,0,0,0,0,0
1989-05-12 05:00:00,0.0078,0.0078,0,0,0,0,0,0
1989-05-12 06:00:00,0.0592,0.0592,0,0,0,0,0,0
1989-05-12 07:00:00,0.126,0.126,0,0,0,0,0,0
1989-05-12 08:00:00,0.2183,0.2183,0,0,0,0,0,0
1989-05-12 09:00:00,0.325,0.325,0,0,0,0,0,0
1989-05-12 10:00:00,0.3315,0.3315,0,0,0,0,0,0
1989-05-12 11:00:00,0.3343,0.3343,0,0,0,0,0,0
1989-05-12 12:00:00,0.3607,0.3607,0,0,0,0,0,0
1989-05-12 13:00:00,0.3487,0.3487,0,0,0,0,0,0
1989-05-12 14:00:00,0.3337,0.3337,0,0,0,0,0,0
1989-05-12 15:00:00,0.2733,0.2733,0,0,0,0,0,0
1989-05-12 16:00:00,0.18,0.18,0,0,0,0,0,0
1989-05-12 17:00:00,0.0938,0.0938,0,0,0,0,0,0
1989-05-12 18:00:00,0.0312,0.0312,0,0,0,0,0,0
1989-05-12 19:00:00,0.0,0.0,0,0,0,0,0,0
1989-05-12 20:00:00,0.0,0.0,0,0,0,0,0,0
1989-05-12 21:00:00,0.0,0.0,0,0,0,0,0,0
1989-05-12 22:00:00,0.0,0.0,0,0,0,0,0,0
1989-05-12 23:00:00,0.0,0.0,0,0,0,0,0,0
1989-05-13 00:00:00,0.0,0.0,0,0,0,0,0,0
1989-05-13 01:00:00,0.0,0.0,0,0,0,0,0,0
1989-05-13 02:00:00,0.0,0.0,0,0,0,0,0,0
1989-05-13 03:00:00,0.0,0.0,0,0,0,0,0,0
1989-05-13 04:00:00,0.0,0.0,0,0,0,0,0,0
1989-05-13 05:00:00,0.0135,0.0135,0,0,0,0,0,0
1989-05-13 06:00:00,0.0721,0.0721,0,0,0,0,0,0
1989-05-13 07:00:00,0.21,0.21,0,0,0,0,0,0
1989-05-13 08:00:00,0.3494,0.3494,0,0,0,0,0,0
1989-05-13 09:00:00,0.4523,0.4523,0,0,0,0,0,0
1989-05-13 10:00:00,0.4772,0.4772,0,0,0,0,0,0
1989-05-13 11:00:00,0.537,0.537,0,0,0,0,0,0
1989-05-13 12:00:00,0.56,0.56,0,0,0,0,0,0
1989-05-13 13:00:00,0.4213,0.4213,0,0,0,0,0,0
1989-05-13 14:00:00,0.2947,0.2947,0,0,0,0,0,0
1989-05-13 15:00:00,0.2149,0.2149,0,0,0,0,0,0
1989-05-13 16:00:00,0.1547,0.1547,0,0,0,0,0,0
1989-05-13 17:00:00,0.1014,0.1014,0,0,0,0,0,0
1989-05-13 18:00:00,0.0379,0.0379,0,0,0,0,0,0
1989-05-13 19:00:00,0.0,0.0,0,0,0,0,0,0
1989-05-13 20:00:00,0.0,0.0,0,0,0,0,0,0
1989-05-13 21:00:00,0.0,0.0,0,0,0,0,0,0
1989-05-13 22:00:00,0.0,0.0,0,0,0,0,0,0
1989-05-13 23:00:00,0.0,0.0,0,0,0,0,0,0
1989-05-14 00:00:00,0.0,0.0,0,0,0,0,0,0
1989-05-14 01:00:00,0.0,0.0,0,0,0,0,0,0
1989-05-14 02:00:00,0.0,0.0,0,0,0,0,0,0
1989-05-14 03:00:00,0.0,0.0,0,0,0,0,0,0
1989-05-14 04:00:00,0.0,0.0,0,0,0,0,0,0
1989-05-14 05:00:00,0.0118,0.0118,0,0,0,0,0,0
1989-05-14 06:00:00,0.0669,0.0669,0,0,0,0,0,0
1989-05-14 07:00:00,0.2261,0.2261,0,0,0,0,0,0
1989-05-14 08:00:00,0.4153,0.4153,0,0,0,0,0,0
1989-05-14 09:00:00,0.5604,0.5604,0,0,0,0,0,0
1989-05-14 10:00:00,0.6411,0.6411,0,0,0,0,0,0
1989-05-14 11:00:00,0.6712,0.6712,0,0,0,0,0,0
1989-05-14 12:00:00,0.6571,0.6571,0,0,0,0,0,0
1989-05-14 13:00:00,0.6444,0.6444,0,0,0,0,0,0
1989-05-14 14:00:00,0.573,0.573,0,0,0,0,0,0
1989-05-14 15:00:00,0.4658,0.4658,0,0,0,0,0,0
1989-05-14 16:00:00,0.3241,0.3241,0,0,0,0,0,0
1989-05-14 17:00:00,0.1317,0.1317,0,0,0,0,0,0
1989-05-14 18:00:00,0.0225,0.0225,0,0,0,0,0,0
1989-05-14 19:00:00,0.0,0.0,0,0,0,0,0,0
1989-05-14 20:00:00,0.0,0.0,0,0,0,0,0,0
1989-05-14 21:00:00,0.0,0.0,0,0,0,0,0,0
1989-05-14 22:00:00,0.0,0.0,0,0,0,0,0,0
1989-05-14 23:00:00,0.0,0.0,0,0,0,0,0,0
1989-05-15 00:00:00,0.0,0.0,0,0,0,0,0,0
1989-05-15 01:00:00,0.0,0.0,0,0,0,0,0,0
1989-05-15 02:00:00,0.0,0.0,0,0,0,0,0,0
1989-05-15 03:00:00,0.0,0.0,0,0,0,0,0,0
1989-05-15 04:00:00,0.0,0.0,0,0,0,0,0,0
1989-05-15 05:00:00,0.0109,0.0109,0,0,0,0,0,0
1989-05-15 06:00:00,0.062,0.062,0,0,0,0,0,0
1989-05-15 07:00:00,0.2376,0.2376,0,0,0,0,0,0
1989-05-15 08:00:00,0.4267,0.4267,0,0,0,0,0,0
1989-05-15 09:00:00,0.5786,0.5786,0,0,0,0,0,0
1989-05-15 10:00:00,0.6765,0.6765,0,0,0,0,0,0
1989-05-15 11:00:00,0.7281,0.7281,0,0,0,0,0,0
1989-05-15 12:00:00,0.7323,0.7323,0,0,0,0,0,0
1989-05-15 13:00:00,0.6983,0.6983,0,0,0,0,0,0
1989-05-15 14:00:00,0.6135,0.6135,0,0,0,0,0,0
1989-05-15 15:00:00,0.4832,0.4832,0,0,0,0,0,0
1989-05-15 16:00:00,0.3119,0.3119,0,0,0,0,0,0
1989-05-15 17:00:00,0.1261,0.1261,0,0,0,0,0,0
1989-05-15 18:00:00,0.0242,0.0242,0,0,0,0,0,0
1989-05-15 19:00:00,0.0,0.0,0,0,0,0,0,0
1989-05-15 20:00:00,0.0,0.0,0,0,0,0,0,0
1989-05-15 21:00:00,0.0,0.0,0,0,0,0,0,0
1989-05-15 22:00:00,0.0,0.0,0,0,0,0,0,0
1989-05-15 23:00:00,0.0,0.0,0,0,0,0,0,0
1989-05-16 00:00:00,0.0,0.0,0,0,0,0,0,0
1989-05-16 01:00:00,0.0,0.0,0,0,0,0,0,0
1989-05-16 02:00:00,0.0,0.0,0,0,0,0,0,0
1989-05-16 03:00:00,0.0,0.0,0,0,0,0,0,0
1989-05-16 04:00:00,0.0,0.0,0,0,0,0,0,0
1989-05-16 05:00:00,0.012,0.012,0,0,0,0,0,0
1989-05-16 06:00:00,0.0651,0.0651,0,0,0,0,0,0
1989-05-16 07:00:00,0.2297,0.2297,0,0,0,0,0,0
1989-05-16 08:00:00,0.4077,0.4077,0,0,0,0,0,0
1989-05-16 09:00:00,0.5594,0.5594,0,0,0,0,0,0
1989-05-16 10:00:00,0.6627,0.6627,0,0,0,0,0,0
1989-05-16 11:00:00,0.7181,0.7181,0,0,0,0,0,0
1989-05-16 12:00:00,0.7249,0.7249,0,0,0,0,0,0
1989-05-16 13:00:00,0.6845,0.6845,0,0,0,0,0,0
1989-05-16 14:00:00,0.5953,0.5953,0,0,0,0,0,0
1989-05-16 15:00:00,0.4719,0.4719,0,0,0,0,0,0
1989-05-16 16:00:00,0.3077,0.3077,0,0,0,0,0,0
1989-05-16 17:00:00,0.1286,0.1286,0,0,0,0,0,0
1989-05-16 18:00:00,0.0235,0.0235,0,0,0,0,0,0
1989-05-16 19:00:00,0.0,0.0,0,0,0,0,0,0
1989-05-16 20:00:00,0.0,0.0,0,0,0,0,0,0
1989-05-16 21:00:00,0.0,0.0,0,0,0,0,0,0
1989-05-16 22:00:00,0.0,0.0,0,0,0,0,0,0
1989-05-16 23:00:00,0.0,0.0,0,0,0,0,0,0
1989-05-17 00:00:00,0.0,0.0,0,0,0,0,0,0
1989-05-17 01:00:00,0.0,0.0,0,0,0,0,0,0
1989-05-17 02:00:00,0.0,0.0,0,0,0,0,0,0
1989-05-17 03:00:00,0.0,0.0,0,0,0,0,0,0
1989-05-17 04:00:00,0.0,0.0,0,0,0,0,0,0
1989-05-17 05:00:00,0.0128,0.0128,0,0,0,0,0,0
1989-05-17 06:00:00,0.0648,0.0648,0,0,0,0,0,0
1989-05-17 07:00:00,0.2285,0.2285,0,0,0,0,0,0
1989-05-17 08:00:00,0.4079,0.4079,0,0,0,0,0,0
1989-05-17 09:00:00,0.5536,0.5536,0,0,0,0,0,0
1989-05-17 10:00:00,0.6466,0.6466,0,0,0,0,0,0
1989-05-17 11:00:00,0.69,0.69,0,0,0,0,0,0
1989-05-17 12:00:00,0.6414,0.6414,0,0,0,0,0,0
1989-05-17 13:00:00,0.5553,0.5553,0,0,0,0,0,0
1989-05-17 14:00:00,0.4678,0.4678,0,0,0,0,0,0
1989-05-17 15:00:00,0.4017,0.4017,0,0,0,0,0,0
1989-05-17 16:00:00,0.2907,0.2907,0,0,0,0,0,0
1989-05-17 17:00:00,0.1265,0.1265,0,0,0,0,0,0
1989-05-17 18:00:00,0.0269,0.0269,0,0,0,0,0,0
1989-05-17 19:00:00,0.0,0.0,0,0,0,0,0,0
1989-05-17 20:00:00,0.0,0.0,0,0,0,0,0,0
1989-05-17 21:00:00,0.0,0.0,0,0,0,0,0,0
1989-05-17 22:00:00,0.0,0.0,0,0,0,0,0,0
1989-05-17 23:00:00,0.0,0.0,0,0,0,0,0,0
1989-05-18 00:00:00,0.0,0.0,0,0,0,0,0,0
1989-05-18 01:00:00,0.0,0.0,0,0,0,0,0,0
1989-05-18 02:00:00,0.0,0.0,0,0,0,0,0,0
1989-05-18 03:00:00,0.0,0.0,0,0,0,0,0,0
1989-05-18 04:00:00,0.0,0.0,0,0,0,0,0,0
1989-05-18 05:00:00,0.0139,0.0139,0,0,0,0,0,0
1989-05-18 06:00:00,0.0685,0.0685,0,0,0,0,0,0
1989-05-18 07:00:00,0.2247,0.2247,0,0,0,0,0,0
1989-05-18 08:00:00,0.3898,0.3898,0,0,0,0,0,0
1989-05-18 09:00:00,0.5302,0.5302,0,0,0,0,0,0
1989-05-18 10:00:00,0.6164,0.6164,0,0,0,0,0,0
1989-05-18 11:00:00,0.6562,0.6562,0,0,0,0,0,0
1989-05-18 12:00:00,0.6398,0.6398,0,0,0,0,0,0
1989-05-18 13:00:00,0.6148,0.6148,0,0,0,0,0,0
1989-05-18 14:00:00,0.5652,0.5652,0,0,0,0,0,0
1989-05-18 15:00:00,0.4475,0.4475,0,0,0,0,0,0
1989-05-18 16:00:00,0.2973,0.2973,0,0,0,0,0,0
1989-05-18 17:00:00,0.1289,0.1289,0,0,0,0,0,0
1989-05-18 18:00:00,0.0291,0.0291,0,0,0,0,0,0
1989-05-18 19:00:00,0.0,0.0,0,0,0,0,0,0
1989-05-18 20:00:00,0.0,0.0,0,0,0,0,0,0
1989-05-18 21:00:00,0.0,0.0,0,0,0,0,0,0
1989-05-18 22:00:00,0.0,0.0,0,0,0,0,0,0
1989-05-18 23:00:00,0.0,0.0,0,0,0,0,0,0
1989-05-19 00:00:00,0.0,0.0,0,0,0,0,0,0
1989-05-19 01:00:00,0.0,0.0,0,0,0,0,0,0
1989-05-19 02:00:00,0.0,0.0,0,0,0,0,0,0
1989-05-19 03:00:00,0.0,0.0,0,0,0,0,0,0
1989-05-19 04:00:00,0.0,0.0,0,0,0,0,0,0
1989-05-19 05:00:00,0.015,0.015,0,0,0,0,0,0
1989-05-19 06:00:00,0.069,0.069,0,0,0,0,0,0
1989-05-19 07:00:00,0.2242,0.2242,0,0,0,0,0,0
1989-05-19 08:00:00,0.3923,0.3923,0,0,0,0,0,0
1989-05-19 09:00:00,0.5423,0.5423,0,0,0,0,0,0
1989-05-19 10:00:00,0.6322,0.6322,0,0,0,0,0,0
1989-05-19 11:00:00,0.6828,0.6828,0,0,0,0,0,0
1989-05-19 12:00:00,0.6941,0.6941,0,0,0,0,0,0
1989-05-19 13:00:00,0.6664,0.6664,0,0,0,0,0,0
1989-05-19 14:00:00,0.5816,0.5816,0,0,0,0,0,0
1989-05-19 15:00:00,0.4607,0.4607,0,0,0,0,0,0
1989-05-19 16:00:00,0.3016,0.3016,0,0,0,0,0,0
1989-05-19 17:00:00,0.1298,0.1298,0,0,0,0,0,0
1989-05-19 18:00:00,0.0291,0.0291,0,0,0,0,0,0
1989-05-19 19:00:00,0.0,0.0,0,0,0,0,0,0
1989-05-19 20:00:00,0.0,0.0,0,0,0,0,0,0
1989-05-19 21:00:00,0.0,0.0,0,0,0,0,0,0
1989-05-19 22:00:00,0.0,0.0,0,0,0,0,0,0
1989-05-19 23:00:00,0.0,0.0,0,0,0,0,0,0
1989-05-20 00:00:00,0.0,0.0,0,0,0,0,0,0
1989-05-20 01:00:00,0.0,0.0,0,0,0,0,0,0
1989-05-20 02:00:00,0.0,0.0,0,0,0,0,0,0
1989-05-20 03:00:00,0.0,0.0,0,0,0,0,0,0
1989-05-20 04:00:00,0.0,0.0,0,0,0,0,0,0
1989-05-20 05:00:00,0.016,0.016,0,0,0,0,0,0
1989-05-20 06:00:00,0.0707,0.0707,0,0,0,0,0,0
1989-05-20 07:00:00,0.2239,0.2239,0,0,0,0,0,0
1989-05-20 08:00:00,0.3935,0.3935,0,0,0,0,0,0
1989-05-20 09:00:00,0.5349,0.5349,0,0,0,0,0,0
1989-05-20 10:00:00,0.6213,0.6213,0,0,0,0,0,0
1989-05-20 11:00:00,0.6742,0.6742,0,0,0,0,0,0
1989-05-20 12:00:00,0.6852,0.6852,0,0,0,0,0,0
1989-05-20 13:00:00,0.6364,0.6364,0,0,0,0,0,0
1989-05-20 14:00:00,0.5577,0.5577,0,0,0,0,0,0
1989-05-20 15:00:00,0.4326,0.4326,0,0,0,0,0,0
1989-05-20 16:00:00,0.2617,0.2617,0,0,0,0,0,0
1989-05-20 17:00:00,0.1216,0.1216,0,0,0,0,0,0
1989-05-20 18:00:00,0.0402,0.0402,0,0,0,0,0,0
1989-05-20 19:00:00,0.0,0.0,0,0,0,0,0,0
1989-05-20 20:00:00,0.0,0.0,0,0,0,0,0,0
1989-05-20 21:00:00,0.0,0.0,0,0,0,0,0,0
1989-05-20 22:00:00,0.0,0.0,0,0,0,0,0,0
1989-05-20 23:00:00,0.0,0.0,0,0,0,0,0,0
1989-05-21 00:00:00,0.0,0.0,0,0,0,0,0,0
1989-05-21 01:00:00,0.0,0.0,0,0,0,0,0,0
1989-05-21 02:00:00,0.0,0.0,0,0,0,0,0,0
1989-05-21 03:00:00,0.0,0.0,0,0,0,0,0,0
1989-05-21 04:00:00,0.0,0.0,0,0,0,0,0,0
1989-05-21 05:00:00,0.0135,0.0135,0,0,0,0,0,0
1989-05-21 06:00:00,0.0707,0.0707,0,0,0,0,0,0
1989-05-21 07:00:00,0.1496,0.1496,0,0,0,0,0,0
1989-05-21 08:00:00,0.2574,0.2574,0,0,0,0,0,0
1989-05-21 09:00:00,0.402,0.402,0,0,0,0,0,0
1989-05-21 10:00:00,0.524,0.524,0,0,0,0,0,0
1989-05-21 11:00:00,0.6278,0.6278,0,0,0,0,0,0
1989-05-21 12:00:00,0.6457,0.6457,0,0,0,0,0,0
1989-05-21 13:00:00,0.5548,0.5548,0,0,0,0,0,0
1989-05-21 14:00:00,0.4284,0.4284,0,0,0,0,0,0
1989-05-21 15:00:00,0.3228,0.3228,0,0,0,0,0,0
1989-05-21 16:00:00,0.2341,0.2341,0,0,0,0,0,0
1989-05-21 17:00:00,0.1344,0.1344,0,0,0,0,0,0
1989-05-21 18:00:00,0.0362,0.0362,0,0,0,0,0,0
1989-05-21 19:00:00,0.0,0.0,0,0,0,0,0,0
1989-05-21 20:00:00,0.0,0.0,0,0,0,0,0,0
1989-05-21 21:00:00,0.0,0.0,0,0,0,0,0,0
1989-05-21 22:00:00,0.0,0.0,0,0,0,0,0,0
1989-05-21 23:00:00,0.0,0.0,0,0,0,0,0,0
1989-05-22 00:00:00,0.0,0.0,0,0,0,0,0,0
1989-05-22 01:00:00,0.0,0.0,0,0,0,0,0,0
1989-05-22 02:00:00,0.0,0.0,0,0,0,0,0,0
1989-05-22 03:00:00,0.0,0.0,0,0,0,0,0,0
1989-05-22 04:00:00,0.0,0.0,0,0,0,0,0,0
1989-05-22 05:00:00,0.0087,0.0087,0,0,0,0,0,0
1989-05-22 06:00:00,0.0348,0.0348,0,0,0,0,0,0
1989-05-22 07:00:00,0.0564,0.0564,0,0,0,0,0,0
1989-05-22 08:00:00,0.1666,0.1666,0,0,0,0,0,0
1989-05-22 09:00:00,0.3715,0.3715,0,0,0,0,0,0
1989-05-22 10:00:00,0.5406,0.5406,0,0,0,0,0,0
1989-05-22 11:00:00,0.6481,0.6481,0,0,0,0,0,0
1989-05-22 12:00:00,0.688,0.688,0,0,0,0,0,0
1989-05-22 13:00:00,0.6567,0.6567,0,0,0,0,0,0
1989-05-22 14:00:00,0.5837,0.5837,0,0,0,0,0,0
1989-05-22 15:00:00,0.4626,0.4626,0,0,0,0,0,0
1989-05-22 16:00:00,0.3054,0.3054,0,0,0,0,0,0
1989-05-22 17:00:00,0.1339,0.1339,0,0,0,0,0,0
1989-05-22 18:00:00,0.0303,0.0303,0,0,0,0,0,0
1989-05-22 19:00:00,0.0,0.0,0,0,0,0,0,0
1989-05-22 20:00:00,0.0,0.0,0,0,0,0,0,0
1989-05-22 21:00:00,0.0,0.0,0,0,0,0,0,0
1989-05-22 22:00:00,0.0,0.0,0,0,0,0,0,0
1989-05-22 23:00:00,0.0,0.0,0,0,0,0,0,0
1989-05-23 00:00:00,0.0,0.0,0,0,0,0,0,0
1989-05-23 01:00:00,0.0,0.0,0,0,0,0,0,0
1989-05-23 02:00:00,0.0,0.0,0,0,0,0,0,0
1989-05-23 03:00:00,0.0,0.0,0,0,0,0,0,0
1989-05-23 04:00:00,0.0,0.0,0,0,0,0,0,0
1989-05-23 05:00:00,0.0189,0.0189,0,0,0,0,0,0
1989-05-23 06:00:00,0.0768,0.0768,0,0,0,0,0,0
1989-05-23 07:00:00,0.2116,0.2116,0,0,0,0,0,0
1989-05-23 08:00:00,0.3591,0.3591,0,0,0,0,0,0
1989-05-23 09:00:00,0.4645,0.4645,0,0,0,0,0,0
1989-05-23 10:00:00,0.5201,0.5201,0,0,0,0,0,0
1989-05-23 11:00:00,0.5585,0.5585,0,0,0,0,0,0
1989-05-23 12:00:00,0.573,0.573,0,0,0,0,0,0
1989-05-23 13:00:00,0.5625,0.5625,0,0,0,0,0,0
1989-05-23 14:00:00,0.5132,0.5132,0,0,0,0,0,0
1989-05-23 15:00:00,0.4174,0.4174,0,0,0,0,0,0
1989-05-23 16:00:00,0.2759,0.2759,0,0,0,0,0,0
1989-05-23 17:00:00,0.1344,0.1344,0,0,0,0,0,0
1989-05-23 18:00:00,0.0407,0.0407,0,0,0,0,0,0
1989-05-23 19:00:00,0.0,0.0,0,0,0,0,0,0
1989-05-23 20:00:00,0.0,0.0,0,0,0,0,0,0
1989-05-23 21:00:00,0.0,0.0,0,0,0,0,0,0
1989-05-23 22:00:00,0.0,0.0,0,0,0,0,0,0
1989-05-23 23:00:00,0.0,0.0,0,0,0,0,0,0
1989-05-24 00:00:00,0.0,0.0,0,0,0,0,0,0
1989-05-24 01:00:00,0.0,0.0,0,0,0,0,0,0
1989-05-24 02:00:00,0.0,0.0,0,0,0,0,0,0
1989-05-24 03:00:00,0.0,0.0,0,0,0,0,0,0
1989-05-24 04:00:00,0.0,0.0,0,0,0,0,0,0
1989-05-24 05:00:00,0.0165,0.0165,0,0,0,0,0,0
1989-05-24 06:00:00,0.078,0.078,0,0,0,0,0,0
1989-05-24 07:00:00,0.1836,0.1836,0,0,0,0,0,0
1989-05-24 08:00:00,0.3052,0.3052,0,0,0,0,0,0
1989-05-24 09:00:00,0.4128,0.4128,0,0,0,0,0,0
1989-05-24 10:00:00,0.4857,0.4857,0,0,0,0,0,0
1989-05-24 11:00:00,0.48,0.48,0,0,0,0,0,0
1989-05-24 12:00:00,0.4241,0.4241,0,0,0,0,0,0
1989-05-24 13:00:00,0.3735,0.3735,0,0,0,0,0,0
1989-05-24 14:00:00,0.2983,0.2983,0,0,0,0,0,0
1989-05-24 15:00:00,0.207,0.207,0,0,0,0,0,0
1989-05-24 16:00:00,0.1785,0.1785,0,0,0,0,0,0
1989-05-24 17:00:00,0.1309,0.1309,0,0,0,0,0,0
1989-05-24 18:00:00,0.0431,0.0431,0,0,0,0,0,0
1989-05-24 19:00:00,0.0,0.0,0,0,0,0,0,0
1989-05-24 20:00:00,0.0,0.0,0,0,0,0,0,0
1989-05-24 21:00:00,0.0,0.0,0,0,0,0,0,0
1989-05-24 22:00:00,0.0,0.0,0,0,0,0,0,0
1989-05-24 23:00:00,0.0,0.0,0,0,0,0,0,0
1989-05-25 00:00:00,0.0,0.0,0,0,0,0,0,0
1989-05-25 01:00:00,0.0,0.0,0,0,0,0,0,0
1989-05-25 02:00:00,0.0,0.0,0,0,0,0,0,0
1989-05-25 03:00:00,0.0,0.0,0,0,0,0,0,0
1989-05-25 04:00:00,0.0,0.0,0,0,0,0,0,0
1989-05-25 05:00:00,0.0158,0.0158,0,0,0,0,0,0
1989-05-25 06:00:00,0.0743,0.0743,0,0,0,0,0,0
1989-05-25 07:00:00,0.1745,0.1745,0,0,0,0,0,0
1989-05-25 08:00:00,0.2854,0.2854,0,0,0,0,0,0
1989-05-25 09:00:00,0.3503,0.3503,0,0,0,0,0,0
1989-05-25 10:00:00,0.4317,0.4317,0,0,0,0,0,0
1989-05-25 11:00:00,0.4512,0.4512,0,0,0,0,0,0
1989-05-25 12:00:00,0.4806,0.4806,0,0,0,0,0,0
1989-05-25 13:00:00,0.5069,0.5069,0,0,0,0,0,0
1989-05-25 14:00:00,0.4236,0.4236,0,0,0,0,0,0
1989-05-25 15:00:00,0.3274,0.3274,0,0,0,0,0,0
1989-05-25 16:00:00,0.198,0.198,0,0,0,0,0,0
1989-05-25 17:00:00,0.1022,0.1022,0,0,0,0,0,0
1989-05-25 18:00:00,0.042,0.042,0,0,0,0,0,0
1989-05-25 19:00:00,0.0,0.0,0,0,0,0,0,0
1989-05-25 20:00:00,0.0,0.0,0,0,0,0,0,0
1989-05-25 21:00:00,0.0,0.0,0,0,0,0,0,0
1989-05-25 22:00:00,0.0,0.0,0,0,0,0,0,0
1989-05-25 23:00:00,0.0,0.0,0,0,0,0,0,0
1989-05-26 00:00:00,0.0,0.0,0,0,0,0,0,0
1989-05-26 01:00:00,0.0,0.0,0,0,0,0,0,0
1989-05-26 02:00:00,0.0,0.0,0,0,0,0,0,0
1989-05-26 03:00:00,0.0,0.0,0,0,0,0,0,0
1989-05-26 04:00:00,0.0,0.0,0,0,0,0,0,0
1989-05-26 05:00:00,0.0216,0.0216,0,0,0,0,0,0
1989-05-26 06:00:00,0.081,0.081,0,0,0,0,0,0
1989-05-26 07:00:00,0.2106,0.2106,0,0,0,0,0,0
1989-05-26 08:00:00,0.3558,0.3558,0,0,0,0,0,0
1989-05-26 09:00:00,0.4841,0.4841,0,0,0,0,0,0
1989-05-26 10:00:00,0.5687,0.5687,0,0,0,0,0,0
1989-05-26 11:00:00,0.6254,0.6254,0,0,0,0,0,0
1989-05-26 12:00:00,0.6323,0.6323,0,0,0,0,0,0
1989-05-26 13:00:00,0.5885,0.5885,0,0,0,0,0,0
1989-05-26 14:00:00,0.5354,0.5354,0,0,0,0,0,0
1989-05-26 15:00:00,0.4484,0.4484,0,0,0,0,0,0
1989-05-26 16:00:00,0.3062,0.3062,0,0,0,0,0,0
1989-05-26 17:00:00,0.1368,0.1368,0,0,0,0,0,0
1989-05-26 18:00:00,0.032,0.032,0,0,0,0,0,0
1989-05-26 19:00:00,0.0,0.0,0,0,0,0,0,0
1989-05-26 20:00:00,0.0,0.0,0,0,0,0,0,0
1989-05-26 21:00:00,0.0,0.0,0,0,0,0,0,0
1989-05-26 22:00:00,0.0,0.0,0,0,0,0,0,0
1989-05-26 23:00:00,0.0,0.0,0,0,0,0,0,0
1989-05-27 00:00:00,0.0,0.0,0,0,0,0,0,0
1989-05-27 01:00:00,0.0,0.0,0,0,0,0,0,0
1989-05-27 02:00:00,0.0,0.0,0,0,0,0,0,0
1989-05-27 03:00:00,0.0,0.0,0,0,0,0,0,0
1989-05-27 04:00:00,0.0,0.0,0,0,0,0,0,0
1989-05-27 05:00:00,0.02,0.02,0,0,0,0,0,0
1989-05-27 06:00:00,0.085,0.085,0,0,0,0,0,0
1989-05-27 07:00:00,0.2017,0.2017,0,0,0,0,0,0
1989-05-27 08:00:00,0.3828,0.3828,0,0,0,0,0,0
1989-05-27 09:00:00,0.5321,0.5321,0,0,0,0,0,0
1989-05-27 10:00:00,0.6208,0.6208,0,0,0,0,0,0
1989-05-27 11:00:00,0.6669,0.6669,0,0,0,0,0,0
1989-05-27 12:00:00,0.6821,0.6821,0,0,0,0,0,0
1989-05-27 13:00:00,0.662,0.662,0,0,0,0,0,0
1989-05-27 14:00:00,0.5947,0.5947,0,0,0,0,0,0
1989-05-27 15:00:00,0.475,0.475,0,0,0,0,0,0
1989-05-27 16:00:00,0.3125,0.3125,0,0,0,0,0,0
1989-05-27 17:00:00,0.1356,0.1356,0,0,0,0,0,0
1989-05-27 18:00:00,0.0314,0.0314,0,0,0,0,0,0
1989-05-27 19:00:00,0.0,0.0,0,0,0,0,0,0
1989-05-27 20:00:00,0.0,0.0,0,0,0,0,0,0
1989-05-27 21:00:00,0.0,0.0,0,0,0,0,0,0
1989-05-27 22:00:00,0.0,0.0,0,0,0,0,0,0
1989-05-27 23:00:00,0.0,0.0,0,0,0,0,0,0
1989-05-28 00:00:00,0.0,0.0,0,0,0,0,0,0
1989-05-28 01:00:00,0.0,0.0,0,0,0,0,0,0
1989-05-28 02:00:00,0.0,0.0,0,0,0,0,0,0
1989-05-28 03:00:00,0.0,0.0,0,0,0,0,0,0
1989-05-28 04:00:00,0.0,0.0,0,0,0,0,0,0
1989-05-28 05:00:00,0.0179,0.0179,0,0,0,0,0,0
1989-05-28 06:00:00,0.0711,0.0711,0,0,0,0,0,0
1989-05-28 07:00:00,0.2273,0.2273,0,0,0,0,0,0
1989-05-28 08:00:00,0.3977,0.3977,0,0,0,0,0,0
1989-05-28 09:00:00,0.5411,0.5411,0,0,0,0,0,0
1989-05-28 10:00:00,0.6338,0.6338,0,0,0,0,0,0
1989-05-28 11:00:00,0.6913,0.6913,0,0,0,0,0,0
1989-05-28 12:00:00,0.6921,0.6921,0,0,0,0,0,0
1989-05-28 13:00:00,0.6497,0.6497,0,0,0,0,0,0
1989-05-28 14:00:00,0.568,0.568,0,0,0,0,0,0
1989-05-28 15:00:00,0.4407,0.4407,0,0,0,0,0,0
1989-05-28 16:00:00,0.2839,0.2839,0,0,0,0,0,0
1989-05-28 17:00:00,0.1381,0.1381,0,0,0,0,0,0
1989-05-28 18:00:00,0.043,0.043,0,0,0,0,0,0
1989-05-28 19:00:00,0.0,0.0,0,0,0,0,0,0
1989-05-28 20:00:00,0.0,0.0,0,0,0,0,0,0
1989-05-28 21:00:00,0.0,0.0,0,0,0,0,0,0
1989-05-28 22:00:00,0.0,0.0,0,0,0,0,0,0
1989-05-28 23:00:00,0.0,0.0,0,0,0,0,0,0
1989-05-29 00:00:00,0.0,0.0,0,0,0,0,0,0
1989-05-29 01:00:00,0.0,0.0,0,0,0,0,0,0
1989-05-29 02:00:00,0.0,0.0,0,0,0,0,0,0
1989-05-29 03:00:00,0.0,0.0,0,0,0,0,0,0
1989-05-29 04:00:00,0.0,0.0,0,0,0,0,0,0
1989-05-29 05:00:00,0.0234,0.0234,0,0,0,0,0,0
1989-05-29 06:00:00,0.0804,0.0804,0,0,0,0,0,0
1989-05-29 07:00:00,0.2164,0.2164,0,0,0,0,0,0
1989-05-29 08:00:00,0.3767,0.3767,0,0,0,0,0,0
1989-05-29 09:00:00,0.5183,0.5183,0,0,0,0,0,0
1989-05-29 10:00:00,0.6144,0.6144,0,0,0,0,0,0
1989-05-29 11:00:00,0.6759,0.6759,0,0,0,0,0,0
1989-05-29 12:00:00,0.6821,0.6821,0,0,0,0,0,0
1989-05-29 13:00:00,0.5858,0.5858,0,0,0,0,0,0
1989-05-29 14:00:00,0.4533,0.4533,0,0,0,0,0,0
1989-05-29 15:00:00,0.3664,0.3664,0,0,0,0,0,0
1989-05-29 16:00:00,0.2607,0.2607,0,0,0,0,0,0
1989-05-29 17:00:00,0.1369,0.1369,0,0,0,0,0,0
1989-05-29 18:00:00,0.0484,0.0484,0,0,0,0,0,0
1989-05-29 19:00:00,0.0,0.0,0,0,0,0,0,0
1989-05-29 20:00:00,0.0,0.0,0,0,0,0,0,0
1989-05-29 21:00:00,0.0,0.0,0,0,0,0,0,0
1989-05-29 22:00:00,0.0,0.0,0,0,0,0,0,0
1989-05-29 23:00:00,0.0,0.0,0,0,0,0,0,0
1989-05-30 00:00:00,0.0,0.0,0,0,0,0,0,0
1989-05-30 01:00:00,0.0,0.0,0,0,0,0,0,0
1989-05-30 02:00:00,0.0,0.0,0,0,0,0,0,0
1989-05-30 03:00:00,0.0,0.0,0,0,0,0,0,0
1989-05-30 04:00:00,0.0,0.0,0,0,0,0,0,0
1989-05-30 05:00:00,0.0224,0.0224,0,0,0,0,0,0
1989-05-30 06:00:00,0.0857,0.0857,0,0,0,0,0,0
1989-05-30 07:00:00,0.1887,0.1887,0,0,0,0,0,0
1989-05-30 08:00:00,0.2925,0.2925,0,0,0,0,0,0
1989-05-30 09:00:00,0.3572,0.3572,0,0,0,0,0,0
1989-05-30 10:00:00,0.3748,0.3748,0,0,0,0,0,0
1989-05-30 11:00:00,0.3606,0.3606,0,0,0,0,0,0
1989-05-30 12:00:00,0.3188,0.3188,0,0,0,0,0,0
1989-05-30 13:00:00,0.3006,0.3006,0,0,0,0,0,0
1989-05-30 14:00:00,0.296,0.296,0,0,0,0,0,0
1989-05-30 15:00:00,0.2828,0.2828,0,0,0,0,0,0
1989-05-30 16:00:00,0.2148,0.2148,0,0,0,0,0,0
1989-05-30 17:00:00,0.1254,0.1254,0,0,0,0,0,0
1989-05-30 18:00:00,0.0488,0.0488,0,0,0,0,0,0
1989-05-30 19:00:00,0.0,0.0,0,0,0,0,0,0
1989-05-30 20:00:00,0.0,0.0,0,0,0,0,0,0
1989-05-30 21:00:00,0.0,0.0,0,0,0,0,0,0
1989-05-30 22:00:00,0.0,0.0,0,0,0,0,0,0
1989-05-30 23:00:00,0.0,0.0,0,0,0,0,0,0
1989-05-31 00:00:00,0.0,0.0,0,0,0,0,0,0
1989-05-31 01:00:00,0.0,0.0,0,0,0,0,0,0
1989-05-31 02:00:00,0.0,0.0,0,0,0,0,0,0
1989-05-31 03:00:00,0.0,0.0,0,0,0,0,0,0
1989-05-31 04:00:00,0.0,0.0,0,0,0,0,0,0
1989-05-31 05:00:00,0.0232,0.0232,0,0,0,0,0,0
1989-05-31 06:00:00,0.0863,0.0863,0,0,0,0,0,0
1989-05-31 07:00:00,0.182,0.182,0,0,0,0,0,0
1989-05-31 08:00:00,0.2805,0.2805,0,0,0,0,0,0
1989-05-31 09:00:00,0.4263,0.4263,0,0,0,0,0,0
1989-05-31 10:00:00,0.5727,0.5727,0,0,0,0,0,0
1989-05-31 11:00:00,0.6142,0.6142,0,0,0,0,0,0
1989-05-31 12:00:00,0.5859,0.5859,0,0,0,0,0,0
1989-05-31 13:00:00,0.5003,0.5003,0,0,0,0,0,0
1989-05-31 14:00:00,0.3415,0.3415,0,0,0,0,0,0
1989-05-31 15:00:00,0.2374,0.2374,0,0,0,0,0,0
1989-05-31 16:00:00,0.166,0.166,0,0,0,0,0,0
1989-05-31 17:00:00,0.0914,0.0914,0,0,0,0,0,0
1989-05-31 18:00:00,0.0452,0.0452,0,0,0,0,0,0
1989-05-31 19:00:00,0.0,0.0,0,0,0,0,0,0
1989-05-31 20:00:00,0.0,0.0,0,0,0,0,0,0
1989-05-31 21:00:00,0.0,0.0,0,0,0,0,0,0
1989-05-31 22:00:00,0.0,0.0,0,0,0,0,0,0
1989-05-31 23:00:00,0.0,0.0,0,0,0,0,0,0
1989-06-01 00:00:00,0.0,0.0,0,0,0,0,0,0
1989-06-01 01:00:00,0.0,0.0,0,0,0,0,0,0
1989-06-01 02:00:00,0.0,0.0,0,0,0,0,0,0
1989-06-01 03:00:00,0.0,0.0,0,0,0,0,0,0
1989-06-01 04:00:00,0.0,0.0,0,0,0,0,0,0
1989-06-01 05:00:00,0.0243,0.0243,0,0,0,0,0,0
1989-06-01 06:00:00,0.0872,0.0872,0,0,0,0,0,0
1989-06-01 07:00:00,0.1748,0.1748,0,0,0,0,0,0
1989-06-01 08:00:00,0.2428,0.2428,0,0,0,0,0,0
1989-06-01 09:00:00,0.3234,0.3234,0,0,0,0,0,0
1989-06-01 10:00:00,0.4824,0.4824,0,0,0,0,0,0
1989-06-01 11:00:00,0.5551,0.5551,0,0,0,0,0,0
1989-06-01 12:00:00,0.5109,0.5109,0,0,0,0,0,0
1989-06-01 13:00:00,0.4146,0.4146,0,0,0,0,0,0
1989-06-01 14:00:00,0.3372,0.3372,0,0,0,0,0,0
1989-06-01 15:00:00,0.2807,0.2807,0,0,0,0,0,0
1989-06-01 16:00:00,0.2105,0.2105,0,0,0,0,0,0
1989-06-01 17:00:00,0.1296,0.1296,0,0,0,0,0,0
1989-06-01 18:00:00,0.0487,0.0487,0,0,0,0,0,0
1989-06-01 19:00:00,0.0,0.0,0,0,0,0,0,0
1989-06-01 20:00:00,0.0,0.0,0,0,0,0,0,0
1989-06-01 21:00:00,0.0,0.0,0,0,0,0,0,0
1989-06-01 22:00:00,0.0,0.0,0,0,0,0,0,0
1989-06-01 23:00:00,0.0,0.0,0,0,0,0,0,0
1989-06-02 00:00:00,0.0,0.0,0,0,0,0,0,0
1989-06-02 01:00:00,0.0,0.0,0,0,0,0,0,0
1989-06-02 02:00:00,0.0,0.0,0,0,0,0,0,0
1989-06-02 03:00:00,0.0,0.0,0,0,0,0,0,0
1989-06-02 04:00:00,0.0,0.0,0,0,0,0,0,0
1989-06-02 05:00:00,0.0207,0.0207,0,0,0,0,0,0
1989-06-02 06:00:00,0.0748,0.0748,0,0,0,0,0,0
1989-06-02 07:00:00,0.2266,0.2266,0,0,0,0,0,0
1989-06-02 08:00:00,0.3864,0.3864,0,0,0,0,0,0
1989-06-02 09:00:00,0.5136,0.5136,0,0,0,0,0,0
1989-06-02 10:00:00,0.5932,0.5932,0,0,0,0,0,0
1989-06-02 11:00:00,0.5942,0.5942,0,0,0,0,0,0
1989-06-02 12:00:00,0.552,0.552,0,0,0,0,0,0
1989-06-02 13:00:00,0.465,0.465,0,0,0,0,0,0
1989-06-02 14:00:00,0.3122,0.3122,0,0,0,0,0,0
1989-06-02 15:00:00,0.1971,0.1971,0,0,0,0,0,0
1989-06-02 16:00:00,0.1426,0.1426,0,0,0,0,0,0
1989-06-02 17:00:00,0.0956,0.0956,0,0,0,0,0,0
1989-06-02 18:00:00,0.0433,0.0433,0,0,0,0,0,0
1989-06-02 19:00:00,0.0,0.0,0,0,0,0,0,0
1989-06-02 20:00:00,0.0,0.0,0,0,0,0,0,0
1989-06-02 21:00:00,0.0,0.0,0,0,0,0,0,0
1989-06-02 22:00:00,0.0,0.0,0,0,0,0,0,0
1989-06-02 23:00:00,0.0,0.0,0,0,0,0,0,0
1989-06-03 00:00:00,0.0,0.0,0,0,0,0,0,0
1989-06-03 01:00:00,0.0,0.0,0,0,0,0,0,0
1989-06-03 02:00:00,0.0,0.0,0,0,0,0,0,0
1989-06-03 03:00:00,0.0,0.0,0,0,0,0,0,0
1989-06-03 04:00:00,0.0,0.0,0,0,0,0,0,0
1989-06-03 05:00:00,0.0237,0.0237,0,0,0,0,0,0
1989-06-03 06:00:00,0.0833,0.0833,0,0,0,0,0,0
1989-06-03 07:00:00,0.2174,0.2174,0,0,0,0,0,0
1989-06-03 08:00:00,0.3527,0.3527,0,0,0,0,0,0
1989-06-03 09:00:00,0.4474,0.4474,0,0,0,0,0,0
1989-06-03 10:00:00,0.4804,0.4804,0,0,0,0,0,0
1989-06-03 11:00:00,0.4964,0.4964,0,0,0,0,0,0
1989-06-03 12:00:00,0.5633,0.5633,0,0,0,0,0,0
1989-06-03 13:00:00,0.5744,0.5744,0,0,0,0,0,0
1989-06-03 14:00:00,0.5052,0.5052,0,0,0,0,0,0
1989-06-03 15:00:00,0.4015,0.4015,0,0,0,0,0,0
1989-06-03 16:00:00,0.2486,0.2486,0,0,0,0,0,0
1989-06-03 17:00:00,0.1389,0.1389,0,0,0,0,0,0
1989-06-03 18:00:00,0.0504,0.0504,0,0,0,0,0,0
1989-06-03 19:00:00,0.0,0.0,0,0,0,0,0,0
1989-06-03 20:00:00,0.0,0.0,0,0,0,0,0,0
1989-06-03 21:00:00,0.0,0.0,0,0,0,0,0,0
1989-06-03 22:00:00,0.0,0.0,0,0,0,0,0,0
1989-06-03 23:00:00,0.0,0.0,0,0,0,0,0,0
1989-06-04 00:00:00,0.0,0.0,0,0,0,0,0,0
1989-06-04 01:00:00,0.0,0.0,0,0,0,0,0,0
1989-06-04 02:00:00,0.0,0.0,0,0,0,0,0,0
1989-06-04 03:00:00,0.0,0.0,0,0,0,0,0,0
1989-06-04 04:00:00,0.0,0.0,0,0,0,0,0,0
1989-06-04 05:00:00,0.0199,0.0199,0,0,0,0,0,0
1989-06-04 06:00:00,0.0726,0.0726,0,0,0,0,0,0
1989-06-04 07:00:00,0.2296,0.2296,0,0,0,0,0,0
1989-06-04 08:00:00,0.3938,0.3938,0,0,0,0,0,0
1989-06-04 09:00:00,0.5139,0.5139,0,0,0,0,0,0
1989-06-04 10:00:00,0.5579,0.5579,0,0,0,0,0,0
1989-06-04 11:00:00,0.5341,0.5341,0,0,0,0,0,0
1989-06-04 12:00:00,0.5311,0.5311,0,0,0,0,0,0
1989-06-04 13:00:00,0.4811,0.4811,0,0,0,0,0,0
1989-06-04 14:00:00,0.4205,0.4205,0,0,0,0,0,0
1989-06-04 15:00:00,0.3087,0.3087,0,0,0,0,0,0
1989-06-04 16:00:00,0.1816,0.1816,0,0,0,0,0,0
1989-06-04 17:00:00,0.1049,0.1049,0,0,0,0,0,0
1989-06-04 18:00:00,0.0441,0.0441,0,0,0,0,0,0
1989-06-04 19:00:00,0.0,0.0,0,0,0,0,0,0
1989-06-04 20:00:00,0.0,0.0,0,0,0,0,0,0
1989-06-04 21:00:00,0.0,0.0,0,0,0,0,0,0
1989-06-04 22:00:00,0.0,0.0,0,0,0,0,0,0
1989-06-04 23:00:00,0.0,0.0,0,0,0,0,0,0
1989-06-05 00:00:00,0.0,0.0,0,0,0,0,0,0
1989-06-05 01:00:00,0.0,0.0,0,0,0,0,0,0
1989-06-05 02:00:00,0.0,0.0,0,0,0,0,0,0
1989-06-05 03:00:00,0.0,0.0,0,0,0,0,0,0
1989-06-05 04:00:00,0.0,0.0,0,0,0,0,0,0
1989-06-05 05:00:00,0.023,0.023,0,0,0,0,0,0
1989-06-05 06:00:00,0.0837,0.0837,0,0,0,0,0,0
1989-06-05 07:00:00,0.22,0.22,0,0,0,0,0,0
1989-06-05 08:00:00,0.3773,0.3773,0,0,0,0,0,0
1989-06-05 09:00:00,0.4406,0.4406,0,0,0,0,0,0
1989-06-05 10:00:00,0.5254,0.5254,0,0,0,0,0,0
1989-06-05 11:00:00,0.6143,0.6143,0,0,0,0,0,0
1989-06-05 12:00:00,0.5884,0.5884,0,0,0,0,0,0
1989-06-05 13:00:00,0.5862,0.5862,0,0,0,0,0,0
1989-06-05 14:00:00,0.5753,0.5753,0,0,0,0,0,0
1989-06-05 15:00:00,0.4715,0.4715,0,0,0,0,0,0
1989-06-05 16:00:00,0.3043,0.3043,0,0,0,0,0,0
1989-06-05 17:00:00,0.1481,0.1481,0,0,0,0,0,0
1989-06-05 18:00:00,0.0376,0.0376,0,0,0,0,0,0
1989-06-05 19:00:00,0.0,0.0,0,0,0,0,0,0
1989-06-05 20:00:00,0.0,0.0,0,0,0,0,0,0
1989-06-05 21:00:00,0.0,0.0,0,0,0,0,0,0
1989-06-05 22:00:00,0.0,0.0,0,0,0,0,0,0
1989-06-05 23:00:00,0.0,0.0,0,0,0,0,0,0
1989-06-06 00:00:00,0.0,0.0,0,0,0,0,0,0
1989-06-06 01:00:00,0.0,0.0,0,0,0,0,0,0
1989-06-06 02:00:00,0.0,0.0,0,0,0,0,0,0
1989-06-06 03:00:00,0.0,0.0,0,0,0,0,0,0
1989-06-06 04:00:00,0.0,0.0,0,0,0,0,0,0
1989-06-06 05:00:00,0.0246,0.0246,0,0,0,0,0,0
1989-06-06 06:00:00,0.0897,0.0897,0,0,0,0,0,0
1989-06-06 07:00:00,0.2052,0.2052,0,0,0,0,0,0
1989-06-06 08:00:00,0.356,0.356,0,0,0,0,0,0
1989-06-06 09:00:00,0.4798,0.4798,0,0,0,0,0,0
1989-06-06 10:00:00,0.583,0.583,0,0,0,0,0,0
1989-06-06 11:00:00,0.5948,0.5948,0,0,0,0,0,0
1989-06-06 12:00:00,0.5031,0.5031,0,0,0,0,0,0
1989-06-06 13:00:00,0.4379,0.4379,0,0,0,0,0,0
1989-06-06 14:00:00,0.414,0.414,0,0,0,0,0,0
1989-06-06 15:00:00,0.3821,0.3821,0,0,0,0,0,0
1989-06-06 16:00:00,0.2824,0.2824,0,0,0,0,0,0
1989-06-06 17:00:00,0.1417,0.1417,0,0,0,0,0,0
1989-06-06 18:00:00,0.0547,0.0547,0,0,0,0,0,0
1989-06-06 19:00:00,0.0,0.0,0,0,0,0,0,0
1989-06-06 20:00:00,0.0,0.0,0,0,0,0,0,0
1989-06-06 21:00:00,0.0,0.0,0,0,0,0,0,0
1989-06-06 22:00:00,0.0,0.0,0,0,0,0,0,0
1989-06-06 23:00:00,0.0,0.0,0,0,0,0,0,0
1989-06-07 00:00:00,0.0,0.0,0,0,0,0,0,0
1989-06-07 01:00:00,0.0,0.0,0,0,0,0,0,0
1989-06-07 02:00:00,0.0,0.0,0,0,0,0,0,0
1989-06-07 03:00:00,0.0,0.0,0,0,0,0,0,0
1989-06-07 04:00:00,0.0,0.0,0,0,0,0,0,0
1989-06-07 05:00:00,0.0256,0.0256,0,0,0,0,0,0
1989-06-07 06:00:00,0.0862,0.0862,0,0,0,0,0,0
1989-06-07 07:00:00,0.1701,0.1701,0,0,0,0,0,0
1989-06-07 08:00:00,0.2768,0.2768,0,0,0,0,0,0
1989-06-07 09:00:00,0.3902,0.3902,0,0,0,0,0,0
1989-06-07 10:00:00,0.4362,0.4362,0,0,0,0,0,0
1989-06-07 11:00:00,0.4968,0.4968,0,0,0,0,0,0
1989-06-07 12:00:00,0.54,0.54,0,0,0,0,0,0
1989-06-07 13:00:00,0.4839,0.4839,0,0,0,0,0,0
1989-06-07 14:00:00,0.4084,0.4084,0,0,0,0,0,0
1989-06-07 15:00:00,0.2906,0.2906,0,0,0,0,0,0
1989-06-07 16:00:00,0.1801,0.1801,0,0,0,0,0,0
1989-06-07 17:00:00,0.1102,0.1102,0,0,0,0,0,0
1989-06-07 18:00:00,0.0409,0.0409,0,0,0,0,0,0
1989-06-07 19:00:00,0.0,0.0,0,0,0,0,0,0
1989-06-07 20:00:00,0.0,0.0,0,0,0,0,0,0
1989-06-07 21:00:00,0.0,0.0,0,0,0,0,0,0
1989-06-07 22:00:00,0.0,0.0,0,0,0,0,0,0
1989-06-07 23:00:00,0.0,0.0,0,0,0,0,0,0
1989-06-08 00:00:00,0.0,0.0,0,0,0,0,0,0
1989-06-08 01:00:00,0.0,0.0,0,0,0,0,0,0
1989-06-08 02:00:00,0.0,0.0,0,0,0,0,0,0
1989-06-08 03:00:00,0.0,0.0,0,0,0,0,0,0
1989-06-08 04:00:00,0.0,0.0,0,0,0,0,0,0
1989-06-08 05:00:00,0.0203,0.0203,0,0,0,0,0,0
1989-06-08 06:00:00,0.0842,0.0842,0,0,0,0,0,0
1989-06-08 07:00:00,0.1865,0.1865,0,0,0,0,0,0
1989-06-08 08:00:00,0.2778,0.2778,0,0,0,0,0,0
1989-06-08 09:00:00,0.3904,0.3904,0,0,0,0,0,0
1989-06-08 10:00:00,0.5061,0.5061,0,0,0,0,0,0
1989-06-08 11:00:00,0.5735,0.5735,0,0,0,0,0,0
1989-06-08 12:00:00,0.5714,0.5714,0,0,0,0,0,0
1989-06-08 13:00:00,0.5051,0.5051,0,0,0,0,0,0
1989-06-08 14:00:00,0.3991,0.3991,0,0,0,0,0,0
1989-06-08 15:00:00,0.2876,0.2876,0,0,0,0,0,0
1989-06-08 16:00:00,0.2128,0.2128,0,0,0,0,0,0
1989-06-08 17:00:00,0.1405,0.1405,0,0,0,0,0,0
1989-06-08 18:00:00,0.0506,0.0506,0,0,0,0,0,0
1989-06-08 19:00:00,0.0015,0.0015,0,0,0,0,0,0
1989-06-08 20:00:00,0.0,0.0,0,0,0,0,0,0
1989-06-08 21:00:00,0.0,0.0,0,0,0,0,0,0
1989-06-08 22:00:00,0.0,0.0,0,0,0,0,0,0
1989-06-08 23:00:00,0.0,0.0,0,0,0,0,0,0
1989-06-09 00:00:00,0.0,0.0,0,0,0,0,0,0
1989-06-09 01:00:00,0.0,0.0,0,0,0,0,0,0
1989-06-09 02:00:00,0.0,0.0,0,0,0,0,0,0
1989-06-09 03:00:00,0.0,0.0,0,0,0,0,0,0
1989-06-09 04:00:00,0.0,0.0,0,0,0,0,0,0
1989-06-09 05:00:00,0.0236,0.0236,0,0,0,0,0,0
1989-06-09 06:00:00,0.0829,0.0829,0,0,0,0,0,0
1989-06-09 07:00:00,0.1822,0.1822,0,0,0,0,0,0
1989-06-09 08:00:00,0.2965,0.2965,0,0,0,0,0,0
1989-06-09 09:00:00,0.3166,0.3166,0,0,0,0,0,0
1989-06-09 10:00:00,0.2944,0.2944,0,0,0,0,0,0
1989-06-09 11:00:00,0.3174,0.3174,0,0,0,0,0,0
1989-06-09 12:00:00,0.3601,0.3601,0,0,0,0,0,0
1989-06-09 13:00:00,0.3519,0.3519,0,0,0,0,0,0
1989-06-09 14:00:00,0.3028,0.3028,0,0,0,0,0,0
1989-06-09 15:00:00,0.2018,0.2018,0,0,0,0,0,0
1989-06-09 16:00:00,0.1451,0.1451,0,0,0,0,0,0
1989-06-09 17:00:00,0.1102,0.1102,0,0,0,0,0,0
1989-06-09 18:00:00,0.0462,0.0462,0,0,0,0,0,0
1989-06-09 19:00:00,0.0,0.0,0,0,0,0,0,0
1989-06-09 20:00:00,0.0,0.0,0,0,0,0,0,0
1989-06-09 21:00:00,0.0,0.0,0,0,0,0,0,0
1989-06-09 22:00:00,0.0,0.0,0,0,0,0,0,0
1989-06-09 23:00:00,0.0,0.0,0,0,0,0,0,0
1989-06-10 00:00:00,0.0,0.0,0,0,0,0,0,0
1989-06-10 01:00:00,0.0,0.0,0,0,0,0,0,0
1989-06-10 02:00:00,0.0,0.0,0,0,0,0,0,0
1989-06-10 03:00:00,0.0,0.0,0,0,0,0,0,0
1989-06-10 04:00:00,0.0,0.0,0,0,0,0,0,0
1989-06-10 05:00:00,0.0167,0.0167,0,0,0,0,0,0
1989-06-10 06:00:00,0.0711,0.0711,0,0,0,0,0,0
1989-06-10 07:00:00,0.1475,0.1475,0,0,0,0,0,0
1989-06-10 08:00:00,0.2259,0.2259,0,0,0,0,0,0
1989-06-10 09:00:00,0.3143,0.3143,0,0,0,0,0,0
1989-06-10 10:00:00,0.3588,0.3588,0,0,0,0,0,0
1989-06-10 11:00:00,0.3901,0.3901,0,0,0,0,0,0
1989-06-10 12:00:00,0.4348,0.4348,0,0,0,0,0,0
1989-06-10 13:00:00,0.4071,0.4071,0,0,0,0,0,0
1989-06-10 14:00:00,0.3729,0.3729,0,0,0,0,0,0
1989-06-10 15:00:00,0.3759,0.3759,0,0,0,0,0,0
1989-06-10 16:00:00,0.284,0.284,0,0,0,0,0,0
1989-06-10 17:00:00,0.1459,0.1459,0,0,0,0,0,0
1989-06-10 18:00:00,0.0478,0.0478,0,0,0,0,0,0
1989-06-10 19:00:00,0.0027,0.0027,0,0,0,0,0,0
1989-06-10 20:00:00,0.0,0.0,0,0,0,0,0,0
1989-06-10 21:00:00,0.0,0.0,0,0,0,0,0,0
1989-06-10 22:00:00,0.0,0.0,0,0,0,0,0,0
1989-06-10 23:00:00,0.0,0.0,0,0,0,0,0,0
1989-06-11 00:00:00,0.0,0.0,0,0,0,0,0,0
1989-06-11 01:00:00,0.0,0.0,0,0,0,0,0,0
1989-06-11 02:00:00,0.0,0.0,0,0,0,0,0,0
1989-06-11 03:00:00,0.0,0.0,0,0,0,0,0,0
1989-06-11 04:00:00,0.0,0.0,0,0,0,0,0,0
1989-06-11 05:00:00,0.0249,0.0249,0,0,0,0,0,0
1989-06-11 06:00:00,0.0869,0.0869,0,0,0,0,0,0
1989-06-11 07:00:00,0.2026,0.2026,0,0,0,0,0,0
1989-06-11 08:00:00,0.3405,0.3405,0,0,0,0,0,0
1989-06-11 09:00:00,0.4562,0.4562,0,0,0,0,0,0
1989-06-11 10:00:00,0.5583,0.5583,0,0,0,0,0,0
1989-06-11 11:00:00,0.6334,0.6334,0,0,0,0,0,0
1989-06-11 12:00:00,0.6491,0.6491,0,0,0,0,0,0
1989-06-11 13:00:00,0.6247,0.6247,0,0,0,0,0,0
1989-06-11 14:00:00,0.5606,0.5606,0,0,0,0,0,0
1989-06-11 15:00:00,0.4509,0.4509,0,0,0,0,0,0
1989-06-11 16:00:00,0.3028,0.3028,0,0,0,0,0,0
1989-06-11 17:00:00,0.1394,0.1394,0,0,0,0,0,0
1989-06-11 18:00:00,0.041,0.041,0,0,0,0,0,0
1989-06-11 19:00:00,0.002,0.002,0,0,0,0,0,0
1989-06-11 20:00:00,0.0,0.0,0,0,0,0,0,0
1989-06-11 21:00:00,0.0,0.0,0,0,0,0,0,0
1989-06-11 22:00:00,0.0,0.0,0,0,0,0,0,0
1989-06-11 23:00:00,0.0,0.0,0,0,0,0,0,0
1989-06-12 00:00:00,0.0,0.0,0,0,0,0,0,0
1989-06-12 01:00:00,0.0,0.0,0,0,0,0,0,0
1989-06-12 02:00:00,0.0,0.0,0,0,0,0,0,0
1989-06-12 03:00:00,0.0,0.0,0,0,0,0,0,0
1989-06-12 04:00:00,0.0,0.0,0,0,0,0,0,0
1989-06-12 05:00:00,0.0206,0.0206,0,0,0,0,0,0
1989-06-12 06:00:00,0.0714,0.0714,0,0,0,0,0,0
1989-06-12 07:00:00,0.216,0.216,0,0,0,0,0,0
1989-06-12 08:00:00,0.3738,0.3738,0,0,0,0,0,0
1989-06-12 09:00:00,0.5035,0.5035,0,0,0,0,0,0
1989-06-12 10:00:00,0.5817,0.5817,0,0,0,0,0,0
1989-06-12 11:00:00,0.6296,0.6296,0,0,0,0,0,0
1989-06-12 12:00:00,0.6412,0.6412,0,0,0,0,0,0
1989-06-12 13:00:00,0.6143,0.6143,0,0,0,0,0,0
1989-06-12 14:00:00,0.5477,0.5477,0,0,0,0,0,0
1989-06-12 15:00:00,0.4331,0.4331,0,0,0,0,0,0
1989-06-12 16:00:00,0.2941,0.2941,0,0,0,0,0,0
1989-06-12 17:00:00,0.1402,0.1402,0,0,0,0,0,0
1989-06-12 18:00:00,0.0347,0.0347,0,0,0,0,0,0
1989-06-12 19:00:00,0.0024,0.0024,0,0,0,0,0,0
1989-06-12 20:00:00,0.0,0.0,0,0,0,0,0,0
1989-06-12 21:00:00,0.0,0.0,0,0,0,0,0,0
1989-06-12 22:00:00,0.0,0.0,0,0,0,0,0,0
1989-06-12 23:00:00,0.0,0.0,0,0,0,0,0,0
1989-06-13 00:00:00,0.0,0.0,0,0,0,0,0,0
1989-06-13 01:00:00,0.0,0.0,0,0,0,0,0,0
1989-06-13 02:00:00,0.0,0.0,0,0,0,0,0,0
1989-06-13 03:00:00,0.0,0.0,0,0,0,0,0,0
1989-06-13 04:00:00,0.0,0.0,0,0,0,0,0,0
1989-06-13 05:00:00,0.0227,0.0227,0,0,0,0,0,0
1989-06-13 06:00:00,0.08,0.08,0,0,0,0,0,0
1989-06-13 07:00:00,0.2065,0.2065,0,0,0,0,0,0
1989-06-13 08:00:00,0.3513,0.3513,0,0,0,0,0,0
1989-06-13 09:00:00,0.4898,0.4898,0,0,0,0,0,0
1989-06-13 10:00:00,0.5539,0.5539,0,0,0,0,0,0
1989-06-13 11:00:00,0.5491,0.5491,0,0,0,0,0,0
1989-06-13 12:00:00,0.5592,0.5592,0,0,0,0,0,0
1989-06-13 13:00:00,0.5528,0.5528,0,0,0,0,0,0
1989-06-13 14:00:00,0.4798,0.4798,0,0,0,0,0,0
1989-06-13 15:00:00,0.3896,0.3896,0,0,0,0,0,0
1989-06-13 16:00:00,0.2735,0.2735,0,0,0,0,0,0
1989-06-13 17:00:00,0.1466,0.1466,0,0,0,0,0,0
1989-06-13 18:00:00,0.0412,0.0412,0,0,0,0,0,0
1989-06-13 19:00:00,0.0033,0.0033,0,0,0,0,0,0
1989-06-13 20:00:00,0.0,0.0,0,0,0,0,0,0
1989-06-13 21:00:00,0.0,0.0,0,0,0,0,0,0
1989-06-13 22:00:00,0.0,0.0,0,0,0,0,0,0
1989-06-13 23:00:00,0.0,0.0,0,0,0,0,0,0
1989-06-14 00:00:00,0.0,0.0,0,0,0,0,0,0
1989-06-14 01:00:00,0.0,0.0,0,0,0,0,0,0
1989-06-14 02:00:00,0.0,0.0,0,0,0,0,0,0
1989-06-14 03:00:00,0.0,0.0,0,0,0,0,0,0
1989-06-14 04:00:00,0.0,0.0,0,0,0,0,0,0
1989-06-14 05:00:00,0.0228,0.0228,0,0,0,0,0,0
1989-06-14 06:00:00,0.0771,0.0771,0,0,0,0,0,0
1989-06-14 07:00:00,0.2119,0.2119,0,0,0,0,0,0
1989-06-14 08:00:00,0.3734,0.3734,0,0,0,0,0,0
1989-06-14 09:00:00,0.5139,0.5139,0,0,0,0,0,0
1989-06-14 10:00:00,0.5951,0.5951,0,0,0,0,0,0
1989-06-14 11:00:00,0.5979,0.5979,0,0,0,0,0,0
1989-06-14 12:00:00,0.5853,0.5853,0,0,0,0,0,0
1989-06-14 13:00:00,0.5675,0.5675,0,0,0,0,0,0
1989-06-14 14:00:00,0.4945,0.4945,0,0,0,0,0,0
1989-06-14 15:00:00,0.406,0.406,0,0,0,0,0,0
1989-06-14 16:00:00,0.2802,0.2802,0,0,0,0,0,0
1989-06-14 17:00:00,0.1419,0.1419,0,0,0,0,0,0
1989-06-14 18:00:00,0.0482,0.0482,0,0,0,0,0,0
1989-06-14 19:00:00,0.0035,0.0035,0,0,0,0,0,0
1989-06-14 20:00:00,0.0,0.0,0,0,0,0,0,0
1989-06-14 21:00:00,0.0,0.0,0,0,0,0,0,0
1989-06-14 22:00:00,0.0,0.0,0,0,0,0,0,0
1989-06-14 23:00:00,0.0,0.0,0,0,0,0,0,0
1989-06-15 00:00:00,0.0,0.0,0,0,0,0,0,0
1989-06-15 01:00:00,0.0,0.0,0,0,0,0,0,0
1989-06-15 02:00:00,0.0,0.0,0,0,0,0,0,0
1989-06-15 03:00:00,0.0,0.0,0,0,0,0,0,0
1989-06-15 04:00:00,0.0,0.0,0,0,0,0,0,0
1989-06-15 05:00:00,0.0202,0.0202,0,0,0,0,0,0
1989-06-15 06:00:00,0.0699,0.0699,0,0,0,0,0,0
1989-06-15 07:00:00,0.2146,0.2146,0,0,0,0,0,0
1989-06-15 08:00:00,0.3711,0.3711,0,0,0,0,0,0
1989-06-15 09:00:00,0.5016,0.5016,0,0,0,0,0,0
1989-06-15 10:00:00,0.5729,0.5729,0,0,0,0,0,0
1989-06-15 11:00:00,0.6008,0.6008,0,0,0,0,0,0
1989-06-15 12:00:00,0.6169,0.6169,0,0,0,0,0,0
1989-06-15 13:00:00,0.5872,0.5872,0,0,0,0,0,0
1989-06-15 14:00:00,0.5186,0.5186,0,0,0,0,0,0
1989-06-15 15:00:00,0.4159,0.4159,0,0,0,0,0,0
1989-06-15 16:00:00,0.2803,0.2803,0,0,0,0,0,0
1989-06-15 17:00:00,0.1449,0.1449,0,0,0,0,0,0
1989-06-15 18:00:00,0.0404,0.0404,0,0,0,0,0,0
1989-06-15 19:00:00,0.0041,0.0041,0,0,0,0,0,0
1989-06-15 20:00:00,0.0,0.0,0,0,0,0,0,0
1989-06-15 21:00:00,0.0,0.0,0,0,0,0,0,0
1989-06-15 22:00:00,0.0,0.0,0,0,0,0,0,0
1989-06-15 23:00:00,0.0,0.0,0,0,0,0,0,0
1989-06-16 00:00:00,0.0,0.0,0,0,0,0,0,0
1989-06-16 01:00:00,0.0,0.0,0,0,0,0,0,0
1989-06-16 02:00:00,0.0,0.0,0,0,0,0,0,0
1989-06-16 03:00:00,0.0,0.0,0,0,0,0,0,0
1989-06-16 04:00:00,0.0,0.0,0,0,0,0,0,0
1989-06-16 05:00:00,0.0192,0.0192,0,0,0,0,0,0
1989-06-16 06:00:00,0.066,0.066,0,0,0,0,0,0
1989-06-16 07:00:00,0.2137,0.2137,0,0,0,0,0,0
1989-06-16 08:00:00,0.3728,0.3728,0,0,0,0,0,0
1989-06-16 09:00:00,0.5023,0.5023,0,0,0,0,0,0
1989-06-16 10:00:00,0.5945,0.5945,0,0,0,0,0,0
1989-06-16 11:00:00,0.6398,0.6398,0,0,0,0,0,0
1989-06-16 12:00:00,0.6213,0.6213,0,0,0,0,0,0
1989-06-16 13:00:00,0.6076,0.6076,0,0,0,0,0,0
1989-06-16 14:00:00,0.5669,0.5669,0,0,0,0,0,0
1989-06-16 15:00:00,0.4579,0.4579,0,0,0,0,0,0
1989-06-16 16:00:00,0.3089,0.3089,0,0,0,0,0,0
1989-06-16 17:00:00,0.1424,0.1424,0,0,0,0,0,0
1989-06-16 18:00:00,0.0328,0.0328,0,0,0,0,0,0
1989-06-16 19:00:00,0.0034,0.0034,0,0,0,0,0,0
1989-06-16 20:00:00,0.0,0.0,0,0,0,0,0,0
1989-06-16 21:00:00,0.0,0.0,0,0,0,0,0,0
1989-06-16 22:00:00,0.0,0.0,0,0,0,0,0,0
1989-06-16 23:00:00,0.0,0.0,0,0,0,0,0,0
1989-06-17 00:00:00,0.0,0.0,0,0,0,0,0,0
1989-06-17 01:00:00,0.0,0.0,0,0,0,0,0,0
1989-06-17 02:00:00,0.0,0.0,0,0,0,0,0,0
1989-06-17 03:00:00,0.0,0.0,0,0,0,0,0,0
1989-06-17 04:00:00,0.0,0.0,0,0,0,0,0,0
1989-06-17 05:00:00,0.0181,0.0181,0,0,0,0,0,0
1989-06-17 06:00:00,0.0648,0.0648,0,0,0,0,0,0
1989-06-17 07:00:00,0.2148,0.2148,0,0,0,0,0,0
1989-06-17 08:00:00,0.3809,0.3809,0,0,0,0,0,0
1989-06-17 09:00:00,0.5181,0.5181,0,0,0,0,0,0
1989-06-17 10:00:00,0.612,0.612,0,0,0,0,0,0
1989-06-17 11:00:00,0.6657,0.6657,0,0,0,0,0,0
1989-06-17 12:00:00,0.6778,0.6778,0,0,0,0,0,0
1989-06-17 13:00:00,0.6517,0.6517,0,0,0,0,0,0
1989-06-17 14:00:00,0.5799,0.5799,0,0,0,0,0,0
1989-06-17 15:00:00,0.4624,0.4624,0,0,0,0,0,0
1989-06-17 16:00:00,0.3098,0.3098,0,0,0,0,0,0
1989-06-17 17:00:00,0.1484,0.1484,0,0,0,0,0,0
1989-06-17 18:00:00,0.0388,0.0388,0,0,0,0,0,0
1989-06-17 19:00:00,0.0048,0.0048,0,0,0,0,0,0
1989-06-17 20:00:00,0.0,0.0,0,0,0,0,0,0
1989-06-17 21:00:00,0.0,0.0,0,0,0,0,0,0
1989-06-17 22:00:00,0.0,0.0,0,0,0,0,0,0
1989-06-17 23:00:00,0.0,0.0,0,0,0,0,0,0
1989-06-18 00:00:00,0.0,0.0,0,0,0,0,0,0
1989-06-18 01:00:00,0.0,0.0,0,0,0,0,0,0
1989-06-18 02:00:00,0.0,0.0,0,0,0,0,0,0
1989-06-18 03:00:00,0.0,0.0,0,0,0,0,0,0
1989-06-18 04:00:00,0.0,0.0,0,0,0,0,0,0
1989-06-18 05:00:00,0.0232,0.0232,0,0,0,0,0,0
1989-06-18 06:00:00,0.0857,0.0857,0,0,0,0,0,0
1989-06-18 07:00:00,0.1889,0.1889,0,0,0,0,0,0
1989-06-18 08:00:00,0.3312,0.3312,0,0,0,0,0,0
1989-06-18 09:00:00,0.4798,0.4798,0,0,0,0,0,0
1989-06-18 10:00:00,0.5822,0.5822,0,0,0,0,0,0
1989-06-18 11:00:00,0.6445,0.6445,0,0,0,0,0,0
1989-06-18 12:00:00,0.658,0.658,0,0,0,0,0,0
1989-06-18 13:00:00,0.6299,0.6299,0,0,0,0,0,0
1989-06-18 14:00:00,0.5519,0.5519,0,0,0,0,0,0
1989-06-18 15:00:00,0.4314,0.4314,0,0,0,0,0,0
1989-06-18 16:00:00,0.2911,0.2911,0,0,0,0,0,0
1989-06-18 17:00:00,0.1483,0.1483,0,0,0,0,0,0
1989-06-18 18:00:00,0.0511,0.0511,0,0,0,0,0,0
1989-06-18 19:00:00,0.0059,0.0059,0,0,0,0,0,0
1989-06-18 20:00:00,0.0,0.0,0,0,0,0,0,0
1989-06-18 21:00:00,0.0,0.0,0,0,0,0,0,0
1989-06-18 22:00:00,0.0,0.0,0,0,0,0,0,0
1989-06-18 23:00:00,0.0,0.0,0,0,0,0,0,0
1989-06-19 00:00:00,0.0,0.0,0,0,0,0,0,0
1989-06-19 01:00:00,0.0,0.0,0,0,0,0,0,0
1989-06-19 02:00:00,0.0,0.0,0,0,0,0,0,0
1989-06-19 03:00:00,0.0,0.0,0,0,0,0,0,0
1989-06-19 04:00:00,0.0,0.0,0,0,0,0,0,0
1989-06-19 05:00:00,0.0239,0.0239,0,0,0,0,0,0
1989-06-19 06:00:00,0.0752,0.0752,0,0,0,0,0,0
1989-06-19 07:00:00,0.2069,0.2069,0,0,0,0,0,0
1989-06-19 08:00:00,0.3474,0.3474,0,0,0,0,0,0
1989-06-19 09:00:00,0.4661,0.4661,0,0,0,0,0,0
1989-06-19 10:00:00,0.5385,0.5385,0,0,0,0,0,0
1989-06-19 11:00:00,0.5826,0.5826,0,0,0,0,0,0
1989-06-19 12:00:00,0.6024,0.6024,0,0,0,0,0,0
1989-06-19 13:00:00,0.5609,0.5609,0,0,0,0,0,0
1989-06-19 14:00:00,0.4689,0.4689,0,0,0,0,0,0
1989-06-19 15:00:00,0.4101,0.4101,0,0,0,0,0,0
1989-06-19 16:00:00,0.2875,0.2875,0,0,0,0,0,0
1989-06-19 17:00:00,0.1508,0.1508,0,0,0,0,0,0
1989-06-19 18:00:00,0.0431,0.0431,0,0,0,0,0,0
1989-06-19 19:00:00,0.0057,0.0057,0,0,0,0,0,0
1989-06-19 20:00:00,0.0,0.0,0,0,0,0,0,0
1989-06-19 21:00:00,0.0,0.0,0,0,0,0,0,0
1989-06-19 22:00:00,0.0,0.0,0,0,0,0,0,0
1989-06-19 23:00:00,0.0,0.0,0,0,0,0,0,0
1989-06-20 00:00:00,0.0,0.0,0,0,0,0,0,0
1989-06-20 01:00:00,0.0,0.0,0,0,0,0,0,0
1989-06-20 02:00:00,0.0,0.0,0,0,0,0,0,0
1989-06-20 03:00:00,0.0,0.0,0,0,0,0,0,0
1989-06-20 04:00:00,0.0,0.0,0,0,0,0,0,0
1989-06-20 05:00:00,0.0242,0.0242,0,0,0,0,0,0
1989-06-20 06:00:00,0.086,0.086,0,0,0,0,0,0
1989-06-20 07:00:00,0.1862,0.1862,0,0,0,0,0,0
1989-06-20 08:00:00,0.3218,0.3218,0,0,0,0,0,0
1989-06-20 09:00:00,0.4819,0.4819,0,0,0,0,0,0
1989-06-20 10:00:00,0.5689,0.5689,0,0,0,0,0,0
1989-06-20 11:00:00,0.556,0.556,0,0,0,0,0,0
1989-06-20 12:00:00,0.5188,0.5188,0,0,0,0,0,0
1989-06-20 13:00:00,0.5487,0.5487,0,0,0,0,0,0
1989-06-20 14:00:00,0.4933,0.4933,0,0,0,0,0,0
1989-06-20 15:00:00,0.3366,0.3366,0,0,0,0,0,0
1989-06-20 16:00:00,0.2475,0.2475,0,0,0,0,0,0
1989-06-20 17:00:00,0.1404,0.1404,0,0,0,0,0,0
1989-06-20 18:00:00,0.0524,0.0524,0,0,0,0,0,0
1989-06-20 19:00:00,0.0057,0.0057,0,0,0,0,0,0
1989-06-20 20:00:00,0.0,0.0,0,0,0,0,0,0
1989-06-20 21:00:00,0.0,0.0,0,0,0,0,0,0
1989-06-20 22:00:00,0.0,0.0,0,0,0,0,0,0
1989-06-20 23:00:00,0.0,0.0,0,0,0,0,0,0
1989-06-21 00:00:00,0.0,0.0,0,0,0,0,0,0
1989-06-21 01:00:00,0.0,0.0,0,0,0,0,0,0
1989-06-21 02:00:00,0.0,0.0,0,0,0,0,0,0
1989-06-21 03:00:00,0.0,0.0,0,0,0,0,0,0
1989-06-21 04:00:00,0.0,0.0,0,0,0,0,0,0
1989-06-21 05:00:00,0.0185,0.0185,0,0,0,0,0,0
1989-06-21 06:00:00,0.0657,0.0657,0,0,0,0,0,0
1989-06-21 07:00:00,0.2091,0.2091,0,0,0,0,0,0
1989-06-21 08:00:00,0.3688,0.3688,0,0,0,0,0,0
1989-06-21 09:00:00,0.5037,0.5037,0,0,0,0,0,0
1989-06-21 10:00:00,0.5878,0.5878,0,0,0,0,0,0
1989-06-21 11:00:00,0.6368,0.6368,0,0,0,0,0,0
1989-06-21 12:00:00,0.652,0.652,0,0,0,0,0,0
1989-06-21 13:00:00,0.6192,0.6192,0,0,0,0,0,0
1989-06-21 14:00:00,0.5423,0.5423,0,0,0,0,0,0
1989-06-21 15:00:00,0.4233,0.4233,0,0,0,0,0,0
1989-06-21 16:00:00,0.292,0.292,0,0,0,0,0,0
1989-06-21 17:00:00,0.1423,0.1423,0,0,0,0,0,0
1989-06-21 18:00:00,0.0421,0.0421,0,0,0,0,0,0
1989-06-21 19:00:00,0.0044,0.0044,0,0,0,0,0,0
1989-06-21 20:00:00,0.0,0.0,0,0,0,0,0,0
1989-06-21 21:00:00,0.0,0.0,0,0,0,0,0,0
1989-06-21 22:00:00,0.0,0.0,0,0,0,0,0,0
1989-06-21 23:00:00,0.0,0.0,0,0,0,0,0,0
1989-06-22 00:00:00,0.0,0.0,0,0,0,0,0,0
1989-06-22 01:00:00,0.0,0.0,0,0,0,0,0,0
1989-06-22 02:00:00,0.0,0.0,0,0,0,0,0,0
1989-06-22 03:00:00,0.0,0.0,0,0,0,0,0,0
1989-06-22 04:00:00,0.0,0.0,0,0,0,0,0,0
1989-06-22 05:00:00,0.0182,0.0182,0,0,0,0,0,0
1989-06-22 06:00:00,0.0656,0.0656,0,0,0,0,0,0
1989-06-22 07:00:00,0.2087,0.2087,0,0,0,0,0,0
1989-06-22 08:00:00,0.3662,0.3662,0,0,0,0,0,0
1989-06-22 09:00:00,0.4997,0.4997,0,0,0,0,0,0
1989-06-22 10:00:00,0.5848,0.5848,0,0,0,0,0,0
1989-06-22 11:00:00,0.6258,0.6258,0,0,0,0,0,0
1989-06-22 12:00:00,0.6408,0.6408,0,0,0,0,0,0
1989-06-22 13:00:00,0.6094,0.6094,0,0,0,0,0,0
1989-06-22 14:00:00,0.5226,0.5226,0,0,0,0,0,0
1989-06-22 15:00:00,0.4099,0.4099,0,0,0,0,0,0
1989-06-22 16:00:00,0.2897,0.2897,0,0,0,0,0,0
1989-06-22 17:00:00,0.1442,0.1442,0,0,0,0,0,0
1989-06-22 18:00:00,0.0488,0.0488,0,0,0,0,0,0
1989-06-22 19:00:00,0.0065,0.0065,0,0,0,0,0,0
1989-06-22 20:00:00,0.0,0.0,0,0,0,0,0,0
1989-06-22 21:00:00,0.0,0.0,0,0,0,0,0,0
1989-06-22 22:00:00,0.0,0.0,0,0,0,0,0,0
1989-06-22 23:00:00,0.0,0.0,0,0,0,0,0,0
1989-06-23 00:00:00,0.0,0.0,0,0,0,0,0,0
1989-06-23 01:00:00,0.0,0.0,0,0,0,0,0,0
1989-06-23 02:00:00,0.0,0.0,0,0,0,0,0,0
1989-06-23 03:00:00,0.0,0.0,0,0,0,0,0,0
1989-06-23 04:00:00,0.0,0.0,0,0,0,0,0,0
1989-06-23 05:00:00,0.02,0.02,0,0,0,0,0,0
1989-06-23 06:00:00,0.0677,0.0677,0,0,0,0,0,0
1989-06-23 07:00:00,0.2077,0.2077,0,0,0,0,0,0
1989-06-23 08:00:00,0.3651,0.3651,0,0,0,0,0,0
1989-06-23 09:00:00,0.5049,0.5049,0,0,0,0,0,0
1989-06-23 10:00:00,0.5818,0.5818,0,0,0,0,0,0
1989-06-23 11:00:00,0.6296,0.6296,0,0,0,0,0,0
1989-06-23 12:00:00,0.638,0.638,0,0,0,0,0,0
1989-06-23 13:00:00,0.6082,0.6082,0,0,0,0,0,0
1989-06-23 14:00:00,0.5469,0.5469,0,0,0,0,0,0
1989-06-23 15:00:00,0.4423,0.4423,0,0,0,0,0,0
1989-06-23 16:00:00,0.3035,0.3035,0,0,0,0,0,0
1989-06-23 17:00:00,0.1485,0.1485,0,0,0,0,0,0
1989-06-23 18:00:00,0.0334,0.0334,0,0,0,0,0,0
1989-06-23 19:00:00,0.0049,0.0049,0,0,0,0,0,0
1989-06-23 20:00:00,0.0,0.0,0,0,0,0,0,0
1989-06-23 21:00:00,0.0,0.0,0,0,0,0,0,0
1989-06-23 22:00:00,0.0,0.0,0,0,0,0,0,0
1989-06-23 23:00:00,0.0,0.0,0,0,0,0,0,0
1989-06-24 00:00:00,0.0,0.0,0,0,0,0,0,0
1989-06-24 01:00:00,0.0,0.0,0,0,0,0,0,0
1989-06-24 02:00:00,0.0,0.0,0,0,0,0,0,0
1989-06-24 03:00:00,0.0,0.0,0,0,0,0,0,0
1989-06-24 04:00:00,0.0,0.0,0,0,0,0,0,0
1989-06-24 05:00:00,0.0182,0.0182,0,0,0,0,0,0
1989-06-24 06:00:00,0.0641,0.0641,0,0,0,0,0,0
1989-06-24 07:00:00,0.2106,0.2106,0,0,0,0,0,0
1989-06-24 08:00:00,0.369,0.369,0,0,0,0,0,0
1989-06-24 09:00:00,0.5062,0.5062,0,0,0,0,0,0
1989-06-24 10:00:00,0.6021,0.6021,0,0,0,0,0,0
1989-06-24 11:00:00,0.6534,0.6534,0,0,0,0,0,0
1989-06-24 12:00:00,0.6626,0.6626,0,0,0,0,0,0
1989-06-24 13:00:00,0.6388,0.6388,0,0,0,0,0,0
1989-06-24 14:00:00,0.5596,0.5596,0,0,0,0,0,0
1989-06-24 15:00:00,0.4515,0.4515,0,0,0,0,0,0
1989-06-24 16:00:00,0.3118,0.3118,0,0,0,0,0,0
1989-06-24 17:00:00,0.1479,0.1479,0,0,0,0,0,0
1989-06-24 18:00:00,0.0352,0.0352,0,0,0,0,0,0
1989-06-24 19:00:00,0.0049,0.0049,0,0,0,0,0,0
1989-06-24 20:00:00,0.0,0.0,0,0,0,0,0,0
1989-06-24 21:00:00,0.0,0.0,0,0,0,0,0,0
1989-06-24 22:00:00,0.0,0.0,0,0,0,0,0,0
1989-06-24 23:00:00,0.0,0.0,0,0,0,0,0,0
1989-06-25 00:00:00,0.0,0.0,0,0,0,0,0,0
1989-06-25 01:00:00,0.0,0.0,0,0,0,0,0,0
1989-06-25 02:00:00,0.0,0.0,0,0,0,0,0,0
1989-06-25 03:00:00,0.0,0.0,0,0,0,0,0,0
1989-06-25 04:00:00,0.0,0.0,0,0,0,0,0,0
1989-06-25 05:00:00,0.0186,0.0186,0,0,0,0,0,0
1989-06-25 06:00:00,0.0638,0.0638,0,0,0,0,0,0
1989-06-25 07:00:00,0.2082,0.2082,0,0,0,0,0,0
1989-06-25 08:00:00,0.3672,0.3672,0,0,0,0,0,0
1989-06-25 09:00:00,0.5012,0.5012,0,0,0,0,0,0
1989-06-25 10:00:00,0.5851,0.5851,0,0,0,0,0,0
1989-06-25 11:00:00,0.6324,0.6324,0,0,0,0,0,0
1989-06-25 12:00:00,0.6422,0.6422,0,0,0,0,0,0
1989-06-25 13:00:00,0.6195,0.6195,0,0,0,0,0,0
1989-06-25 14:00:00,0.5366,0.5366,0,0,0,0,0,0
1989-06-25 15:00:00,0.4223,0.4223,0,0,0,0,0,0
1989-06-25 16:00:00,0.2891,0.2891,0,0,0,0,0,0
1989-06-25 17:00:00,0.1456,0.1456,0,0,0,0,0,0
1989-06-25 18:00:00,0.0522,0.0522,0,0,0,0,0,0
1989-06-25 19:00:00,0.0064,0.0064,0,0,0,0,0,0
1989-06-25 20:00:00,0.0,0.0,0,0,0,0,0,0
1989-06-25 21:00:00,0.0,0.0,0,0,0,0,0,0
1989-06-25 22:00:00,0.0,0.0,0,0,0,0,0,0
1989-06-25 23:00:00,0.0,0.0,0,0,0,0,0,0
1989-06-26 00:00:00,0.0,0.0,0,0,0,0,0,0
1989-06-26 01:00:00,0.0,0.0,0,0,0,0,0,0
1989-06-26 02:00:00,0.0,0.0,0,0,0,0,0,0
1989-06-26 03:00:00,0.0,0.0,0,0,0,0,0,0
1989-06-26 04:00:00,0.0,0.0,0,0,0,0,0,0
1989-06-26 05:00:00,0.0221,0.0221,0,0,0,0,0,0
1989-06-26 06:00:00,0.0819,0.0819,0,0,0,0,0,0
1989-06-26 07:00:00,0.1856,0.1856,0,0,0,0,0,0
1989-06-26 08:00:00,0.322,0.322,0,0,0,0,0,0
1989-06-26 09:00:00,0.4255,0.4255,0,0,0,0,0,0
1989-06-26 10:00:00,0.5132,0.5132,0,0,0,0,0,0
1989-06-26 11:00:00,0.5781,0.5781,0,0,0,0,0,0
1989-06-26 12:00:00,0.6052,0.6052,0,0,0,0,0,0
1989-06-26 13:00:00,0.5705,0.5705,0,0,0,0,0,0
1989-06-26 14:00:00,0.4486,0.4486,0,0,0,0,0,0
1989-06-26 15:00:00,0.3388,0.3388,0,0,0,0,0,0
1989-06-26 16:00:00,0.2524,0.2524,0,0,0,0,0,0
1989-06-26 17:00:00,0.1451,0.1451,0,0,0,0,0,0
1989-06-26 18:00:00,0.0551,0.0551,0,0,0,0,0,0
1989-06-26 19:00:00,0.006,0.006,0,0,0,0,0,0
1989-06-26 20:00:00,0.0,0.0,0,0,0,0,0,0
1989-06-26 21:00:00,0.0,0.0,0,0,0,0,0,0
1989-06-26 22:00:00,0.0,0.0,0,0,0,0,0,0
1989-06-26 23:00:00,0.0,0.0,0,0,0,0,0,0
1989-06-27 00:00:00,0.0,0.0,0,0,0,0,0,0
1989-06-27 01:00:00,0.0,0.0,0,0,0,0,0,0
1989-06-27 02:00:00,0.0,0.0,0,0,0,0,0,0
1989-06-27 03:00:00,0.0,0.0,0,0,0,0,0,0
1989-06-27 04:00:00,0.0,0.0,0,0,0,0,0,0
1989-06-27 05:00:00,0.0193,0.0193,0,0,0,0,0,0
1989-06-27 06:00:00,0.0787,0.0787,0,0,0,0,0,0
1989-06-27 07:00:00,0.1938,0.1938,0,0,0,0,0,0
1989-06-27 08:00:00,0.3397,0.3397,0,0,0,0,0,0
1989-06-27 09:00:00,0.4966,0.4966,0,0,0,0,0,0
1989-06-27 10:00:00,0.5958,0.5958,0,0,0,0,0,0
1989-06-27 11:00:00,0.625,0.625,0,0,0,0,0,0
1989-06-27 12:00:00,0.5723,0.5723,0,0,0,0,0,0
1989-06-27 13:00:00,0.5351,0.5351,0,0,0,0,0,0
1989-06-27 14:00:00,0.4799,0.4799,0,0,0,0,0,0
1989-06-27 15:00:00,0.3953,0.3953,0,0,0,0,0,0
1989-06-27 16:00:00,0.29,0.29,0,0,0,0,0,0
1989-06-27 17:00:00,0.1546,0.1546,0,0,0,0,0,0
1989-06-27 18:00:00,0.047,0.047,0,0,0,0,0,0
1989-06-27 19:00:00,0.0077,0.0077,0,0,0,0,0,0
1989-06-27 20:00:00,0.0,0.0,0,0,0,0,0,0
1989-06-27 21:00:00,0.0,0.0,0,0,0,0,0,0
1989-06-27 22:00:00,0.0,0.0,0,0,0,0,0,0
1989-06-27 23:00:00,0.0,0.0,0,0,0,0,0,0
1989-06-28 00:00:00,0.0,0.0,0,0,0,0,0,0
1989-06-28 01:00:00,0.0,0.0,0,0,0,0,0,0
1989-06-28 02:00:00,0.0,0.0,0,0,0,0,0,0
1989-06-28 03:00:00,0.0,0.0,0,0,0,0,0,0
1989-06-28 04:00:00,0.0,0.0,0,0,0,0,0,0
1989-06-28 05:00:00,0.0179,0.0179,0,0,0,0,0,0
1989-06-28 06:00:00,0.0733,0.0733,0,0,0,0,0,0
1989-06-28 07:00:00,0.2026,0.2026,0,0,0,0,0,0
1989-06-28 08:00:00,0.3634,0.3634,0,0,0,0,0,0
1989-06-28 09:00:00,0.5088,0.5088,0,0,0,0,0,0
1989-06-28 10:00:00,0.6132,0.6132,0,0,0,0,0,0
1989-06-28 11:00:00,0.678,0.678,0,0,0,0,0,0
1989-06-28 12:00:00,0.7034,0.7034,0,0,0,0,0,0
1989-06-28 13:00:00,0.6797,0.6797,0,0,0,0,0,0
1989-06-28 14:00:00,0.6072,0.6072,0,0,0,0,0,0
1989-06-28 15:00:00,0.4798,0.4798,0,0,0,0,0,0
1989-06-28 16:00:00,0.3249,0.3249,0,0,0,0,0,0
1989-06-28 17:00:00,0.1547,0.1547,0,0,0,0,0,0
1989-06-28 18:00:00,0.0427,0.0427,0,0,0,0,0,0
1989-06-28 19:00:00,0.0067,0.0067,0,0,0,0,0,0
1989-06-28 20:00:00,0.0,0.0,0,0,0,0,0,0
1989-06-28 21:00:00,0.0,0.0,0,0,0,0,0,0
1989-06-28 22:00:00,0.0,0.0,0,0,0,0,0,0
1989-06-28 23:00:00,0.0,0.0,0,0,0,0,0,0
1989-06-29 00:00:00,0.0,0.0,0,0,0,0,0,0
1989-06-29 01:00:00,0.0,0.0,0,0,0,0,0,0
1989-06-29 02:00:00,0.0,0.0,0,0,0,0,0,0
1989-06-29 03:00:00,0.0,0.0,0,0,0,0,0,0
1989-06-29 04:00:00,0.0,0.0,0,0,0,0,0,0
1989-06-29 05:00:00,0.0218,0.0218,0,0,0,0,0,0
1989-06-29 06:00:00,0.076,0.076,0,0,0,0,0,0
1989-06-29 07:00:00,0.1991,0.1991,0,0,0,0,0,0
1989-06-29 08:00:00,0.33,0.33,0,0,0,0,0,0
1989-06-29 09:00:00,0.4537,0.4537,0,0,0,0,0,0
1989-06-29 10:00:00,0.5303,0.5303,0,0,0,0,0,0
1989-06-29 11:00:00,0.573,0.573,0,0,0,0,0,0
1989-06-29 12:00:00,0.5914,0.5914,0,0,0,0,0,0
1989-06-29 13:00:00,0.586,0.586,0,0,0,0,0,0
1989-06-29 14:00:00,0.5277,0.5277,0,0,0,0,0,0
1989-06-29 15:00:00,0.4245,0.4245,0,0,0,0,0,0
1989-06-29 16:00:00,0.3036,0.3036,0,0,0,0,0,0
1989-06-29 17:00:00,0.1529,0.1529,0,0,0,0,0,0
1989-06-29 18:00:00,0.0435,0.0435,0,0,0,0,0,0
1989-06-29 19:00:00,0.0077,0.0077,0,0,0,0,0,0
1989-06-29 20:00:00,0.0,0.0,0,0,0,0,0,0
1989-06-29 21:00:00,0.0,0.0,0,0,0,0,0,0
1989-06-29 22:00:00,0.0,0.0,0,0,0,0,0,0
1989-06-29 23:00:00,0.0,0.0,0,0,0,0,0,0
1989-06-30 00:00:00,0.0,0.0,0,0,0,0,0,0
1989-06-30 01:00:00,0.0,0.0,0,0,0,0,0,0
1989-06-30 02:00:00,0.0,0.0,0,0,0,0,0,0
1989-06-30 03:00:00,0.0,0.0,0,0,0,0,0,0
1989-06-30 04:00:00,0.0,0.0,0,0,0,0,0,0
1989-06-30 05:00:00,0.0195,0.0195,0,0,0,0,0,0
1989-06-30 06:00:00,0.07,0.07,0,0,0,0,0,0
1989-06-30 07:00:00,0.2018,0.2018,0,0,0,0,0,0
1989-06-30 08:00:00,0.3497,0.3497,0,0,0,0,0,0
1989-06-30 09:00:00,0.477,0.477,0,0,0,0,0,0
1989-06-30 10:00:00,0.5621,0.5621,0,0,0,0,0,0
1989-06-30 11:00:00,0.6156,0.6156,0,0,0,0,0,0
1989-06-30 12:00:00,0.6181,0.6181,0,0,0,0,0,0
1989-06-30 13:00:00,0.579,0.579,0,0,0,0,0,0
1989-06-30 14:00:00,0.5185,0.5185,0,0,0,0,0,0
1989-06-30 15:00:00,0.4301,0.4301,0,0,0,0,0,0
1989-06-30 16:00:00,0.2982,0.2982,0,0,0,0,0,0
1989-06-30 17:00:00,0.1497,0.1497,0,0,0,0,0,0
1989-06-30 18:00:00,0.0411,0.0411,0,0,0,0,0,0
1989-06-30 19:00:00,0.0057,0.0057,0,0,0,0,0,0
1989-06-30 20:00:00,0.0,0.0,0,0,0,0,0,0
1989-06-30 21:00:00,0.0,0.0,0,0,0,0,0,0
1989-06-30 22:00:00,0.0,0.0,0,0,0,0,0,0
1989-06-30 23:00:00,0.0,0.0,0,0,0,0,0,0
1989-07-01 00:00:00,0.0,0.0,0,0,0,0,0,0
1989-07-01 01:00:00,0.0,0.0,0,0,0,0,0,0
1989-07-01 02:00:00,0.0,0.0,0,0,0,0,0,0
1989-07-01 03:00:00,0.0,0.0,0,0,0,0,0,0
1989-07-01 04:00:00,0.0,0.0,0,0,0,0,0,0
1989-07-01 05:00:00,0.0177,0.0177,0,0,0,0,0,0
1989-07-01 06:00:00,0.0641,0.0641,0,0,0,0,0,0
1989-07-01 07:00:00,0.1989,0.1989,0,0,0,0,0,0
1989-07-01 08:00:00,0.3519,0.3519,0,0,0,0,0,0
1989-07-01 09:00:00,0.4776,0.4776,0,0,0,0,0,0
1989-07-01 10:00:00,0.562,0.562,0,0,0,0,0,0
1989-07-01 11:00:00,0.6142,0.6142,0,0,0,0,0,0
1989-07-01 12:00:00,0.6243,0.6243,0,0,0,0,0,0
1989-07-01 13:00:00,0.5579,0.5579,0,0,0,0,0,0
1989-07-01 14:00:00,0.4143,0.4143,0,0,0,0,0,0
1989-07-01 15:00:00,0.3216,0.3216,0,0,0,0,0,0
1989-07-01 16:00:00,0.2633,0.2633,0,0,0,0,0,0
1989-07-01 17:00:00,0.1446,0.1446,0,0,0,0,0,0
1989-07-01 18:00:00,0.0562,0.0562,0,0,0,0,0,0
1989-07-01 19:00:00,0.0069,0.0069,0,0,0,0,0,0
1989-07-01 20:00:00,0.0,0.0,0,0,0,0,0,0
1989-07-01 21:00:00,0.0,0.0,0,0,0,0,0,0
1989-07-01 22:00:00,0.0,0.0,0,0,0,0,0,0
1989-07-01 23:00:00,0.0,0.0,0,0,0,0,0,0
1989-07-02 00:00:00,0.0,0.0,0,0,0,0,0,0
1989-07-02 01:00:00,0.0,0.0,0,0,0,0,0,0
1989-07-02 02:00:00,0.0,0.0,0,0,0,0,0,0
1989-07-02 03:00:00,0.0,0.0,0,0,0,0,0,0
1989-07-02 04:00:00,0.0,0.0,0,0,0,0,0,0
1989-07-02 05:00:00,0.017,0.017,0,0,0,0,0,0
1989-07-02 06:00:00,0.0673,0.0673,0,0,0,0,0,0
1989-07-02 07:00:00,0.2017,0.2017,0,0,0,0,0,0
1989-07-02 08:00:00,0.3784,0.3784,0,0,0,0,0,0
1989-07-02 09:00:00,0.5134,0.5134,0,0,0,0,0,0
1989-07-02 10:00:00,0.6186,0.6186,0,0,0,0,0,0
1989-07-02 11:00:00,0.6298,0.6298,0,0,0,0,0,0
1989-07-02 12:00:00,0.6252,0.6252,0,0,0,0,0,0
1989-07-02 13:00:00,0.6755,0.6755,0,0,0,0,0,0
1989-07-02 14:00:00,0.5902,0.5902,0,0,0,0,0,0
1989-07-02 15:00:00,0.4635,0.4635,0,0,0,0,0,0
1989-07-02 16:00:00,0.3374,0.3374,0,0,0,0,0,0
1989-07-02 17:00:00,0.1596,0.1596,0,0,0,0,0,0
1989-07-02 18:00:00,0.0352,0.0352,0,0,0,0,0,0
1989-07-02 19:00:00,0.0061,0.0061,0,0,0,0,0,0
1989-07-02 20:00:00,0.0,0.0,0,0,0,0,0,0
1989-07-02 21:00:00,0.0,0.0,0,0,0,0,0,0
1989-07-02 22:00:00,0.0,0.0,0,0,0,0,0,0
1989-07-02 23:00:00,0.0,0.0,0,0,0,0,0,0
1989-07-03 00:00:00,0.0,0.0,0,0,0,0,0,0
1989-07-03 01:00:00,0.0,0.0,0,0,0,0,0,0
1989-07-03 02:00:00,0.0,0.0,0,0,0,0,0,0
1989-07-03 03:00:00,0.0,0.0,0,0,0,0,0,0
1989-07-03 04:00:00,0.0,0.0,0,0,0,0,0,0
1989-07-03 05:00:00,0.0144,0.0144,0,0,0,0,0,0
1989-07-03 06:00:00,0.0542,0.0542,0,0,0,0,0,0
1989-07-03 07:00:00,0.2134,0.2134,0,0,0,0,0,0
1989-07-03 08:00:00,0.3968,0.3968,0,0,0,0,0,0
1989-07-03 09:00:00,0.5501,0.5501,0,0,0,0,0,0
1989-07-03 10:00:00,0.6473,0.6473,0,0,0,0,0,0
1989-07-03 11:00:00,0.7036,0.7036,0,0,0,0,0,0
1989-07-03 12:00:00,0.7144,0.7144,0,0,0,0,0,0
1989-07-03 13:00:00,0.6859,0.6859,0,0,0,0,0,0
1989-07-03 14:00:00,0.6122,0.6122,0,0,0,0,0,0
1989-07-03 15:00:00,0.4854,0.4854,0,0,0,0,0,0
1989-07-03 16:00:00,0.3271,0.3271,0,0,0,0,0,0
1989-07-03 17:00:00,0.1552,0.1552,0,0,0,0,0,0
1989-07-03 18:00:00,0.0355,0.0355,0,0,0,0,0,0
1989-07-03 19:00:00,0.0052,0.0052,0,0,0,0,0,0
1989-07-03 20:00:00,0.0,0.0,0,0,0,0,0,0
1989-07-03 21:00:00,0.0,0.0,0,0,0,0,0,0
1989-07-03 22:00:00,0.0,0.0,0,0,0,0,0,0
1989-07-03 23:00:00,0.0,0.0,0,0,0,0,0,0
1989-07-04 00:00:00,0.0,0.0,0,0,0,0,0,0
1989-07-04 01:00:00,0.0,0.0,0,0,0,0,0,0
1989-07-04 02:00:00,0.0,0.0,0,0,0,0,0,0
1989-07-04 03:00:00,0.0,0.0,0,0,0,0,0,0
1989-07-04 04:00:00,0.0,0.0,0,0,0,0,0,0
1989-07-04 05:00:00,0.0172,0.0172,0,0,0,0,0,0
1989-07-04 06:00:00,0.0687,0.0687,0,0,0,0,0,0
1989-07-04 07:00:00,0.1976,0.1976,0,0,0,0,0,0
1989-07-04 08:00:00,0.3467,0.3467,0,0,0,0,0,0
1989-07-04 09:00:00,0.4817,0.4817,0,0,0,0,0,0
1989-07-04 10:00:00,0.5771,0.5771,0,0,0,0,0,0
1989-07-04 11:00:00,0.6362,0.6362,0,0,0,0,0,0
1989-07-04 12:00:00,0.6562,0.6562,0,0,0,0,0,0
1989-07-04 13:00:00,0.6332,0.6332,0,0,0,0,0,0
1989-07-04 14:00:00,0.5574,0.5574,0,0,0,0,0,0
1989-07-04 15:00:00,0.4424,0.4424,0,0,0,0,0,0
1989-07-04 16:00:00,0.3079,0.3079,0,0,0,0,0,0
1989-07-04 17:00:00,0.1549,0.1549,0,0,0,0,0,0
1989-07-04 18:00:00,0.0425,0.0425,0,0,0,0,0,0
1989-07-04 19:00:00,0.0063,0.0063,0,0,0,0,0,0
1989-07-04 20:00:00,0.0,0.0,0,0,0,0,0,0
1989-07-04 21:00:00,0.0,0.0,0,0,0,0,0,0
1989-07-04 22:00:00,0.0,0.0,0,0,0,0,0,0
1989-07-04 23:00:00,0.0,0.0,0,0,0,0,0,0
1989-07-05 00:00:00,0.0,0.0,0,0,0,0,0,0
1989-07-05 01:00:00,0.0,0.0,0,0,0,0,0,0
1989-07-05 02:00:00,0.0,0.0,0,0,0,0,0,0
1989-07-05 03:00:00,0.0,0.0,0,0,0,0,0,0
1989-07-05 04:00:00,0.0,0.0,0,0,0,0,0,0
1989-07-05 05:00:00,0.0176,0.0176,0,0,0,0,0,0
1989-07-05 06:00:00,0.0617,0.0617,0,0,0,0,0,0
1989-07-05 07:00:00,0.1104,0.1104,0,0,0,0,0,0
1989-07-05 08:00:00,0.1766,0.1766,0,0,0,0,0,0
1989-07-05 09:00:00,0.2442,0.2442,0,0,0,0,0,0
1989-07-05 10:00:00,0.3084,0.3084,0,0,0,0,0,0
1989-07-05 11:00:00,0.3459,0.3459,0,0,0,0,0,0
1989-07-05 12:00:00,0.3146,0.3146,0,0,0,0,0,0
1989-07-05 13:00:00,0.3263,0.3263,0,0,0,0,0,0
1989-07-05 14:00:00,0.3394,0.3394,0,0,0,0,0,0
1989-07-05 15:00:00,0.3314,0.3314,0,0,0,0,0,0
1989-07-05 16:00:00,0.2613,0.2613,0,0,0,0,0,0
1989-07-05 17:00:00,0.1467,0.1467,0,0,0,0,0,0
1989-07-05 18:00:00,0.0591,0.0591,0,0,0,0,0,0
1989-07-05 19:00:00,0.0074,0.0074,0,0,0,0,0,0
1989-07-05 20:00:00,0.0,0.0,0,0,0,0,0,0
1989-07-05 21:00:00,0.0,0.0,0,0,0,0,0,0
1989-07-05 22:00:00,0.0,0.0,0,0,0,0,0,0
1989-07-05 23:00:00,0.0,0.0,0,0,0,0,0,0
1989-07-06 00:00:00,0.0,0.0,0,0,0,0,0,0
1989-07-06 01:00:00,0.0,0.0,0,0,0,0,0,0
1989-07-06 02:00:00,0.0,0.0,0,0,0,0,0,0
1989-07-06 03:00:00,0.0,0.0,0,0,0,0,0,0
1989-07-06 04:00:00,0.0,0.0,0,0,0,0,0,0
1989-07-06 05:00:00,0.0152,0.0152,0,0,0,0,0,0
1989-07-06 06:00:00,0.0651,0.0651,0,0,0,0,0,0
1989-07-06 07:00:00,0.123,0.123,0,0,0,0,0,0
1989-07-06 08:00:00,0.1916,0.1916,0,0,0,0,0,0
1989-07-06 09:00:00,0.3055,0.3055,0,0,0,0,0,0
1989-07-06 10:00:00,0.4099,0.4099,0,0,0,0,0,0
1989-07-06 11:00:00,0.5006,0.5006,0,0,0,0,0,0
1989-07-06 12:00:00,0.5652,0.5652,0,0,0,0,0,0
1989-07-06 13:00:00,0.5175,0.5175,0,0,0,0,0,0
1989-07-06 14:00:00,0.4835,0.4835,0,0,0,0,0,0
1989-07-06 15:00:00,0.4322,0.4322,0,0,0,0,0,0
1989-07-06 16:00:00,0.2903,0.2903,0,0,0,0,0,0
1989-07-06 17:00:00,0.1542,0.1542,0,0,0,0,0,0
1989-07-06 18:00:00,0.0537,0.0537,0,0,0,0,0,0
1989-07-06 19:00:00,0.0063,0.0063,0,0,0,0,0,0
1989-07-06 20:00:00,0.0,0.0,0,0,0,0,0,0
1989-07-06 21:00:00,0.0,0.0,0,0,0,0,0,0
1989-07-06 22:00:00,0.0,0.0,0,0,0,0,0,0
1989-07-06 23:00:00,0.0,0.0,0,0,0,0,0,0
1989-07-07 00:00:00,0.0,0.0,0,0,0,0,0,0
1989-07-07 01:00:00,0.0,0.0,0,0,0,0,0,0
1989-07-07 02:00:00,0.0,0.0,0,0,0,0,0,0
1989-07-07 03:00:00,0.0,0.0,0,0,0,0,0,0
1989-07-07 04:00:00,0.0,0.0,0,0,0,0,0,0
1989-07-07 05:00:00,0.0077,0.0077,0,0,0,0,0,0
1989-07-07 06:00:00,0.0662,0.0662,0,0,0,0,0,0
1989-07-07 07:00:00,0.1732,0.1732,0,0,0,0,0,0
1989-07-07 08:00:00,0.2779,0.2779,0,0,0,0,0,0
1989-07-07 09:00:00,0.3296,0.3296,0,0,0,0,0,0
1989-07-07 10:00:00,0.3356,0.3356,0,0,0,0,0,0
1989-07-07 11:00:00,0.3729,0.3729,0,0,0,0,0,0
1989-07-07 12:00:00,0.4016,0.4016,0,0,0,0,0,0
1989-07-07 13:00:00,0.4368,0.4368,0,0,0,0,0,0
1989-07-07 14:00:00,0.4259,0.4259,0,0,0,0,0,0
1989-07-07 15:00:00,0.3719,0.3719,0,0,0,0,0,0
1989-07-07 16:00:00,0.2712,0.2712,0,0,0,0,0,0
1989-07-07 17:00:00,0.1434,0.1434,0,0,0,0,0,0
1989-07-07 18:00:00,0.0544,0.0544,0,0,0,0,0,0
1989-07-07 19:00:00,0.0055,0.0055,0,0,0,0,0,0
1989-07-07 20:00:00,0.0,0.0,0,0,0,0,0,0
1989-07-07 21:00:00,0.0,0.0,0,0,0,0,0,0
1989-07-07 22:00:00,0.0,0.0,0,0,0,0,0,0
1989-07-07 23:00:00,0.0,0.0,0,0,0,0,0,0
1989-07-08 00:00:00,0.0,0.0,0,0,0,0,0,0
1989-07-08 01:00:00,0.0,0.0,0,0,0,0,0,0
1989-07-08 02:00:00,0.0,0.0,0,0,0,0,0,0
1989-07-08 03:00:00,0.0,0.0,0,0,0,0,0,0
1989-07-08 04:00:00,0.0,0.0,0,0,0,0,0,0
1989-07-08 05:00:00,0.0173,0.0173,0,0,0,0,0,0
1989-07-08 06:00:00,0.0646,0.0646,0,0,0,0,0,0
1989-07-08 07:00:00,0.1962,0.1962,0,0,0,0,0,0
1989-07-08 08:00:00,0.3494,0.3494,0,0,0,0,0,0
1989-07-08 09:00:00,0.4754,0.4754,0,0,0,0,0,0
1989-07-08 10:00:00,0.5706,0.5706,0,0,0,0,0,0
1989-07-08 11:00:00,0.6021,0.6021,0,0,0,0,0,0
1989-07-08 12:00:00,0.568,0.568,0,0,0,0,0,0
1989-07-08 13:00:00,0.5181,0.5181,0,0,0,0,0,0
1989-07-08 14:00:00,0.4659,0.4659,0,0,0,0,0,0
1989-07-08 15:00:00,0.3215,0.3215,0,0,0,0,0,0
1989-07-08 16:00:00,0.2104,0.2104,0,0,0,0,0,0
1989-07-08 17:00:00,0.1382,0.1382,0,0,0,0,0,0
1989-07-08 18:00:00,0.0559,0.0559,0,0,0,0,0,0
1989-07-08 19:00:00,0.0048,0.0048,0,0,0,0,0,0
1989-07-08 20:00:00,0.0,0.0,0,0,0,0,0,0
1989-07-08 21:00:00,0.0,0.0,0,0,0,0,0,0
1989-07-08 22:00:00,0.0,0.0,0,0,0,0,0,0
1989-07-08 23:00:00,0.0,0.0,0,0,0,0,0,0
1989-07-09 00:00:00,0.0,0.0,0,0,0,0,0,0
1989-07-09 01:00:00,0.0,0.0,0,0,0,0,0,0
1989-07-09 02:00:00,0.0,0.0,0,0,0,0,0,0
1989-07-09 03:00:00,0.0,0.0,0,0,0,0,0,0
1989-07-09 04:00:00,0.0,0.0,0,0,0,0,0,0
1989-07-09 05:00:00,0.0167,0.0167,0,0,0,0,0,0
1989-07-09 06:00:00,0.0645,0.0645,0,0,0,0,0,0
1989-07-09 07:00:00,0.1958,0.1958,0,0,0,0,0,0
1989-07-09 08:00:00,0.3592,0.3592,0,0,0,0,0,0
1989-07-09 09:00:00,0.488,0.488,0,0,0,0,0,0
1989-07-09 10:00:00,0.5732,0.5732,0,0,0,0,0,0
1989-07-09 11:00:00,0.6231,0.6231,0,0,0,0,0,0
1989-07-09 12:00:00,0.607,0.607,0,0,0,0,0,0
1989-07-09 13:00:00,0.4907,0.4907,0,0,0,0,0,0
1989-07-09 14:00:00,0.3279,0.3279,0,0,0,0,0,0
1989-07-09 15:00:00,0.2125,0.2125,0,0,0,0,0,0
1989-07-09 16:00:00,0.1521,0.1521,0,0,0,0,0,0
1989-07-09 17:00:00,0.1102,0.1102,0,0,0,0,0,0
1989-07-09 18:00:00,0.0493,0.0493,0,0,0,0,0,0
1989-07-09 19:00:00,0.0005,0.0005,0,0,0,0,0,0
1989-07-09 20:00:00,0.0,0.0,0,0,0,0,0,0
1989-07-09 21:00:00,0.0,0.0,0,0,0,0,0,0
1989-07-09 22:00:00,0.0,0.0,0,0,0,0,0,0
1989-07-09 23:00:00,0.0,0.0,0,0,0,0,0,0
1989-07-10 00:00:00,0.0,0.0,0,0,0,0,0,0
1989-07-10 01:00:00,0.0,0.0,0,0,0,0,0,0
1989-07-10 02:00:00,0.0,0.0,0,0,0,0,0,0
1989-07-10 03:00:00,0.0,0.0,0,0,0,0,0,0
1989-07-10 04:00:00,0.0,0.0,0,0,0,0,0,0
1989-07-10 05:00:00,0.0174,0.0174,0,0,0,0,0,0
1989-07-10 06:00:00,0.0713,0.0713,0,0,0,0,0,0
1989-07-10 07:00:00,0.1916,0.1916,0,0,0,0,0,0
1989-07-10 08:00:00,0.3609,0.3609,0,0,0,0,0,0
1989-07-10 09:00:00,0.4762,0.4762,0,0,0,0,0,0
1989-07-10 10:00:00,0.5404,0.5404,0,0,0,0,0,0
1989-07-10 11:00:00,0.5883,0.5883,0,0,0,0,0,0
1989-07-10 12:00:00,0.6121,0.6121,0,0,0,0,0,0
1989-07-10 13:00:00,0.554,0.554,0,0,0,0,0,0
1989-07-10 14:00:00,0.4474,0.4474,0,0,0,0,0,0
1989-07-10 15:00:00,0.3703,0.3703,0,0,0,0,0,0
1989-07-10 16:00:00,0.2559,0.2559,0,0,0,0,0,0
1989-07-10 17:00:00,0.1356,0.1356,0,0,0,0,0,0
1989-07-10 18:00:00,0.0545,0.0545,0,0,0,0,0,0
1989-07-10 19:00:00,0.0047,0.0047,0,0,0,0,0,0
1989-07-10 20:00:00,0.0,0.0,0,0,0,0,0,0
1989-07-10 21:00:00,0.0,0.0,0,0,0,0,0,0
1989-07-10 22:00:00,0.0,0.0,0,0,0,0,0,0
1989-07-10 23:00:00,0.0,0.0,0,0,0,0,0,0
1989-07-11 00:00:00,0.0,0.0,0,0,0,0,0,0
1989-07-11 01:00:00,0.0,0.0,0,0,0,0,0,0
1989-07-11 02:00:00,0.0,0.0,0,0,0,0,0,0
1989-07-11 03:00:00,0.0,0.0,0,0,0,0,0,0
1989-07-11 04:00:00,0.0,0.0,0,0,0,0,0,0
1989-07-11 05:00:00,0.0148,0.0148,0,0,0,0,0,0
1989-07-11 06:00:00,0.0654,0.0654,0,0,0,0,0,0
1989-07-11 07:00:00,0.19,0.19,0,0,0,0,0,0
1989-07-11 08:00:00,0.33,0.33,0,0,0,0,0,0
1989-07-11 09:00:00,0.4675,0.4675,0,0,0,0,0,0
1989-07-11 10:00:00,0.5883,0.5883,0,0,0,0,0,0
1989-07-11 11:00:00,0.6127,0.6127,0,0,0,0,0,0
1989-07-11 12:00:00,0.5997,0.5997,0,0,0,0,0,0
1989-07-11 13:00:00,0.5726,0.5726,0,0,0,0,0,0
1989-07-11 14:00:00,0.4648,0.4648,0,0,0,0,0,0
1989-07-11 15:00:00,0.3689,0.3689,0,0,0,0,0,0
1989-07-11 16:00:00,0.2863,0.2863,0,0,0,0,0,0
1989-07-11 17:00:00,0.1464,0.1464,0,0,0,0,0,0
1989-07-11 18:00:00,0.0559,0.0559,0,0,0,0,0,0
1989-07-11 19:00:00,0.0045,0.0045,0,0,0,0,0,0
1989-07-11 20:00:00,0.0,0.0,0,0,0,0,0,0
1989-07-11 21:00:00,0.0,0.0,0,0,0,0,0,0
1989-07-11 22:00:00,0.0,0.0,0,0,0,0,0,0
1989-07-11 23:00:00,0.0,0.0,0,0,0,0,0,0
1989-07-12 00:00:00,0.0,0.0,0,0,0,0,0,0
1989-07-12 01:00:00,0.0,0.0,0,0,0,0,0,0
1989-07-12 02:00:00,0.0,0.0,0,0,0,0,0,0
1989-07-12 03:00:00,0.0,0.0,0,0,0,0,0,0
1989-07-12 04:00:00,0.0,0.0,0,0,0,0,0,0
1989-07-12 05:00:00,0.0153,0.0153,0,0,0,0,0,0
1989-07-12 06:00:00,0.064,0.064,0,0,0,0,0,0
1989-07-12 07:00:00,0.1925,0.1925,0,0,0,0,0,0
1989-07-12 08:00:00,0.3428,0.3428,0,0,0,0,0,0
1989-07-12 09:00:00,0.4806,0.4806,0,0,0,0,0,0
1989-07-12 10:00:00,0.5824,0.5824,0,0,0,0,0,0
1989-07-12 11:00:00,0.5829,0.5829,0,0,0,0,0,0
1989-07-12 12:00:00,0.4777,0.4777,0,0,0,0,0,0
1989-07-12 13:00:00,0.4011,0.4011,0,0,0,0,0,0
1989-07-12 14:00:00,0.4172,0.4172,0,0,0,0,0,0
1989-07-12 15:00:00,0.4073,0.4073,0,0,0,0,0,0
1989-07-12 16:00:00,0.309,0.309,0,0,0,0,0,0
1989-07-12 17:00:00,0.1545,0.1545,0,0,0,0,0,0
1989-07-12 18:00:00,0.0392,0.0392,0,0,0,0,0,0
1989-07-12 19:00:00,0.0027,0.0027,0,0,0,0,0,0
1989-07-12 20:00:00,0.0,0.0,0,0,0,0,0,0
1989-07-12 21:00:00,0.0,0.0,0,0,0,0,0,0
1989-07-12 22:00:00,0.0,0.0,0,0,0,0,0,0
1989-07-12 23:00:00,0.0,0.0,0,0,0,0,0,0
1989-07-13 00:00:00,0.0,0.0,0,0,0,0,0,0
1989-07-13 01:00:00,0.0,0.0,0,0,0,0,0,0
1989-07-13 02:00:00,0.0,0.0,0,0,0,0,0,0
1989-07-13 03:00:00,0.0,0.0,0,0,0,0,0,0
1989-07-13 04:00:00,0.0,0.0,0,0,0,0,0,0
1989-07-13 05:00:00,0.0121,0.0121,0,0,0,0,0,0
1989-07-13 06:00:00,0.0526,0.0526,0,0,0,0,0,0
1989-07-13 07:00:00,0.1986,0.1986,0,0,0,0,0,0
1989-07-13 08:00:00,0.3735,0.3735,0,0,0,0,0,0
1989-07-13 09:00:00,0.5193,0.5193,0,0,0,0,0,0
1989-07-13 10:00:00,0.6016,0.6016,0,0,0,0,0,0
1989-07-13 11:00:00,0.6599,0.6599,0,0,0,0,0,0
1989-07-13 12:00:00,0.6926,0.6926,0,0,0,0,0,0
1989-07-13 13:00:00,0.6683,0.6683,0,0,0,0,0,0
1989-07-13 14:00:00,0.595,0.595,0,0,0,0,0,0
1989-07-13 15:00:00,0.4784,0.4784,0,0,0,0,0,0
1989-07-13 16:00:00,0.3251,0.3251,0,0,0,0,0,0
1989-07-13 17:00:00,0.1536,0.1536,0,0,0,0,0,0
1989-07-13 18:00:00,0.036,0.036,0,0,0,0,0,0
1989-07-13 19:00:00,0.0018,0.0018,0,0,0,0,0,0
1989-07-13 20:00:00,0.0,0.0,0,0,0,0,0,0
1989-07-13 21:00:00,0.0,0.0,0,0,0,0,0,0
1989-07-13 22:00:00,0.0,0.0,0,0,0,0,0,0
1989-07-13 23:00:00,0.0,0.0,0,0,0,0,0,0
1989-07-14 00:00:00,0.0,0.0,0,0,0,0,0,0
1989-07-14 01:00:00,0.0,0.0,0,0,0,0,0,0
1989-07-14 02:00:00,0.0,0.0,0,0,0,0,0,0
1989-07-14 03:00:00,0.0,0.0,0,0,0,0,0,0
1989-07-14 04:00:00,0.0,0.0,0,0,0,0,0,0
1989-07-14 05:00:00,0.0125,0.0125,0,0,0,0,0,0
1989-07-14 06:00:00,0.0546,0.0546,0,0,0,0,0,0
1989-07-14 07:00:00,0.1961,0.1961,0,0,0,0,0,0
1989-07-14 08:00:00,0.3666,0.3666,0,0,0,0,0,0
1989-07-14 09:00:00,0.4982,0.4982,0,0,0,0,0,0
1989-07-14 10:00:00,0.5873,0.5873,0,0,0,0,0,0
1989-07-14 11:00:00,0.6585,0.6585,0,0,0,0,0,0
1989-07-14 12:00:00,0.6482,0.6482,0,0,0,0,0,0
1989-07-14 13:00:00,0.539,0.539,0,0,0,0,0,0
1989-07-14 14:00:00,0.436,0.436,0,0,0,0,0,0
1989-07-14 15:00:00,0.37,0.37,0,0,0,0,0,0
1989-07-14 16:00:00,0.283,0.283,0,0,0,0,0,0
1989-07-14 17:00:00,0.1556,0.1556,0,0,0,0,0,0
1989-07-14 18:00:00,0.0361,0.0361,0,0,0,0,0,0
1989-07-14 19:00:00,0.0011,0.0011,0,0,0,0,0,0
1989-07-14 20:00:00,0.0,0.0,0,0,0,0,0,0
1989-07-14 21:00:00,0.0,0.0,0,0,0,0,0,0
1989-07-14 22:00:00,0.0,0.0,0,0,0,0,0,0
1989-07-14 23:00:00,0.0,0.0,0,0,0,0,0,0
1989-07-15 00:00:00,0.0,0.0,0,0,0,0,0,0
1989-07-15 01:00:00,0.0,0.0,0,0,0,0,0,0
1989-07-15 02:00:00,0.0,0.0,0,0,0,0,0,0
1989-07-15 03:00:00,0.0,0.0,0,0,0,0,0,0
1989-07-15 04:00:00,0.0,0.0,0,0,0,0,0,0
1989-07-15 05:00:00,0.0118,0.0118,0,0,0,0,0,0
1989-07-15 06:00:00,0.0558,0.0558,0,0,0,0,0,0
1989-07-15 07:00:00,0.1951,0.1951,0,0,0,0,0,0
1989-07-15 08:00:00,0.3722,0.3722,0,0,0,0,0,0
1989-07-15 09:00:00,0.5169,0.5169,0,0,0,0,0,0
1989-07-15 10:00:00,0.6294,0.6294,0,0,0,0,0,0
1989-07-15 11:00:00,0.6887,0.6887,0,0,0,0,0,0
1989-07-15 12:00:00,0.6951,0.6951,0,0,0,0,0,0
1989-07-15 13:00:00,0.6656,0.6656,0,0,0,0,0,0
1989-07-15 14:00:00,0.5949,0.5949,0,0,0,0,0,0
1989-07-15 15:00:00,0.4834,0.4834,0,0,0,0,0,0
1989-07-15 16:00:00,0.3291,0.3291,0,0,0,0,0,0
1989-07-15 17:00:00,0.1533,0.1533,0,0,0,0,0,0
1989-07-15 18:00:00,0.0313,0.0313,0,0,0,0,0,0
1989-07-15 19:00:00,0.0,0.0,0,0,0,0,0,0
1989-07-15 20:00:00,0.0,0.0,0,0,0,0,0,0
1989-07-15 21:00:00,0.0,0.0,0,0,0,0,0,0
1989-07-15 22:00:00,0.0,0.0,0,0,0,0,0,0
1989-07-15 23:00:00,0.0,0.0,0,0,0,0,0,0
1989-07-16 00:00:00,0.0,0.0,0,0,0,0,0,0
1989-07-16 01:00:00,0.0,0.0,0,0,0,0,0,0
1989-07-16 02:00:00,0.0,0.0,0,0,0,0,0,0
1989-07-16 03:00:00,0.0,0.0,0,0,0,0,0,0
1989-07-16 04:00:00,0.0,0.0,0,0,0,0,0,0
1989-07-16 05:00:00,0.0118,0.0118,0,0,0,0,0,0
1989-07-16 06:00:00,0.0545,0.0545,0,0,0,0,0,0
1989-07-16 07:00:00,0.1914,0.1914,0,0,0,0,0,0
1989-07-16 08:00:00,0.3591,0.3591,0,0,0,0,0,0
1989-07-16 09:00:00,0.4938,0.4938,0,0,0,0,0,0
1989-07-16 10:00:00,0.5809,0.5809,0,0,0,0,0,0
1989-07-16 11:00:00,0.6359,0.6359,0,0,0,0,0,0
1989-07-16 12:00:00,0.6518,0.6518,0,0,0,0,0,0
1989-07-16 13:00:00,0.6299,0.6299,0,0,0,0,0,0
1989-07-16 14:00:00,0.558,0.558,0,0,0,0,0,0
1989-07-16 15:00:00,0.4579,0.4579,0,0,0,0,0,0
1989-07-16 16:00:00,0.3167,0.3167,0,0,0,0,0,0
1989-07-16 17:00:00,0.1503,0.1503,0,0,0,0,0,0
1989-07-16 18:00:00,0.0311,0.0311,0,0,0,0,0,0
1989-07-16 19:00:00,0.0,0.0,0,0,0,0,0,0
1989-07-16 20:00:00,0.0,0.0,0,0,0,0,0,0
1989-07-16 21:00:00,0.0,0.0,0,0,0,0,0,0
1989-07-16 22:00:00,0.0,0.0,0,0,0,0,0,0
1989-07-16 23:00:00,0.0,0.0,0,0,0,0,0,0
1989-07-17 00:00:00,0.0,0.0,0,0,0,0,0,0
1989-07-17 01:00:00,0.0,0.0,0,0,0,0,0,0
1989-07-17 02:00:00,0.0,0.0,0,0,0,0,0,0
1989-07-17 03:00:00,0.0,0.0,0,0,0,0,0,0
1989-07-17 04:00:00,0.0,0.0,0,0,0,0,0,0
1989-07-17 05:00:00,0.0096,0.0096,0,0,0,0,0,0
1989-07-17 06:00:00,0.0477,0.0477,0,0,0,0,0,0
1989-07-17 07:00:00,0.1952,0.1952,0,0,0,0,0,0
1989-07-17 08:00:00,0.3644,0.3644,0,0,0,0,0,0
1989-07-17 09:00:00,0.5082,0.5082,0,0,0,0,0,0
1989-07-17 10:00:00,0.5986,0.5986,0,0,0,0,0,0
1989-07-17 11:00:00,0.6532,0.6532,0,0,0,0,0,0
1989-07-17 12:00:00,0.6653,0.6653,0,0,0,0,0,0
1989-07-17 13:00:00,0.6439,0.6439,0,0,0,0,0,0
1989-07-17 14:00:00,0.5796,0.5796,0,0,0,0,0,0
1989-07-17 15:00:00,0.4705,0.4705,0,0,0,0,0,0
1989-07-17 16:00:00,0.3212,0.3212,0,0,0,0,0,0
1989-07-17 17:00:00,0.1496,0.1496,0,0,0,0,0,0
1989-07-17 18:00:00,0.0296,0.0296,0,0,0,0,0,0
1989-07-17 19:00:00,0.0,0.0,0,0,0,0,0,0
1989-07-17 20:00:00,0.0,0.0,0,0,0,0,0,0
1989-07-17 21:00:00,0.0,0.0,0,0,0,0,0,0
1989-07-17 22:00:00,0.0,0.0,0,0,0,0,0,0
1989-07-17 23:00:00,0.0,0.0,0,0,0,0,0,0
1989-07-18 00:00:00,0.0,0.0,0,0,0,0,0,0
1989-07-18 01:00:00,0.0,0.0,0,0,0,0,0,0
1989-07-18 02:00:00,0.0,0.0,0,0,0,0,0,0
1989-07-18 03:00:00,0.0,0.0,0,0,0,0,0,0
1989-07-18 04:00:00,0.0,0.0,0,0,0,0,0,0
1989-07-18 05:00:00,0.0094,0.0094,0,0,0,0,0,0
1989-07-18 06:00:00,0.0479,0.0479,0,0,0,0,0,0
1989-07-18 07:00:00,0.1918,0.1918,0,0,0,0,0,0
1989-07-18 08:00:00,0.3636,0.3636,0,0,0,0,0,0
1989-07-18 09:00:00,0.5067,0.5067,0,0,0,0,0,0
1989-07-18 10:00:00,0.6011,0.6011,0,0,0,0,0,0
1989-07-18 11:00:00,0.6563,0.6563,0,0,0,0,0,0
1989-07-18 12:00:00,0.666,0.666,0,0,0,0,0,0
1989-07-18 13:00:00,0.6447,0.6447,0,0,0,0,0,0
1989-07-18 14:00:00,0.5787,0.5787,0,0,0,0,0,0
1989-07-18 15:00:00,0.4687,0.4687,0,0,0,0,0,0
1989-07-18 16:00:00,0.3207,0.3207,0,0,0,0,0,0
1989-07-18 17:00:00,0.1493,0.1493,0,0,0,0,0,0
1989-07-18 18:00:00,0.0296,0.0296,0,0,0,0,0,0
1989-07-18 19:00:00,0.0,0.0,0,0,0,0,0,0
1989-07-18 20:00:00,0.0,0.0,0,0,0,0,0,0
1989-07-18 21:00:00,0.0,0.0,0,0,0,0,0,0
1989-07-18 22:00:00,0.0,0.0,0,0,0,0,0,0
1989-07-18 23:00:00,0.0,0.0,0,0,0,0,0,0
1989-07-19 00:00:00,0.0,0.0,0,0,0,0,0,0
1989-07-19 01:00:00,0.0,0.0,0,0,0,0,0,0
1989-07-19 02:00:00,0.0,0.0,0,0,0,0,0,0
1989-07-19 03:00:00,0.0,0.0,0,0,0,0,0,0
1989-07-19 04:00:00,0.0,0.0,0,0,0,0,0,0
1989-07-19 05:00:00,0.0088,0.0088,0,0,0,0,0,0
1989-07-19 06:00:00,0.0462,0.0462,0,0,0,0,0,0
1989-07-19 07:00:00,0.1932,0.1932,0,0,0,0,0,0
1989-07-19 08:00:00,0.366,0.366,0,0,0,0,0,0
1989-07-19 09:00:00,0.5081,0.5081,0,0,0,0,0,0
1989-07-19 10:00:00,0.6033,0.6033,0,0,0,0,0,0
1989-07-19 11:00:00,0.6559,0.6559,0,0,0,0,0,0
1989-07-19 12:00:00,0.66,0.66,0,0,0,0,0,0
1989-07-19 13:00:00,0.6311,0.6311,0,0,0,0,0,0
1989-07-19 14:00:00,0.5682,0.5682,0,0,0,0,0,0
1989-07-19 15:00:00,0.4655,0.4655,0,0,0,0,0,0
1989-07-19 16:00:00,0.3212,0.3212,0,0,0,0,0,0
1989-07-19 17:00:00,0.15,0.15,0,0,0,0,0,0
1989-07-19 18:00:00,0.0291,0.0291,0,0,0,0,0,0
1989-07-19 19:00:00,0.0,0.0,0,0,0,0,0,0
1989-07-19 20:00:00,0.0,0.0,0,0,0,0,0,0
1989-07-19 21:00:00,0.0,0.0,0,0,0,0,0,0
1989-07-19 22:00:00,0.0,0.0,0,0,0,0,0,0
1989-07-19 23:00:00,0.0,0.0,0,0,0,0,0,0
1989-07-20 00:00:00,0.0,0.0,0,0,0,0,0,0
1989-07-20 01:00:00,0.0,0.0,0,0,0,0,0,0
1989-07-20 02:00:00,0.0,0.0,0,0,0,0,0,0
1989-07-20 03:00:00,0.0,0.0,0,0,0,0,0,0
1989-07-20 04:00:00,0.0,0.0,0,0,0,0,0,0
1989-07-20 05:00:00,0.0084,0.0084,0,0,0,0,0,0
1989-07-20 06:00:00,0.0485,0.0485,0,0,0,0,0,0
1989-07-20 07:00:00,0.1917,0.1917,0,0,0,0,0,0
1989-07-20 08:00:00,0.3607,0.3607,0,0,0,0,0,0
1989-07-20 09:00:00,0.5059,0.5059,0,0,0,0,0,0
1989-07-20 10:00:00,0.6012,0.6012,0,0,0,0,0,0
1989-07-20 11:00:00,0.6605,0.6605,0,0,0,0,0,0
1989-07-20 12:00:00,0.6696,0.6696,0,0,0,0,0,0
1989-07-20 13:00:00,0.6373,0.6373,0,0,0,0,0,0
1989-07-20 14:00:00,0.5579,0.5579,0,0,0,0,0,0
1989-07-20 15:00:00,0.4512,0.4512,0,0,0,0,0,0
1989-07-20 16:00:00,0.3148,0.3148,0,0,0,0,0,0
1989-07-20 17:00:00,0.1517,0.1517,0,0,0,0,0,0
1989-07-20 18:00:00,0.0399,0.0399,0,0,0,0,0,0
1989-07-20 19:00:00,0.0,0.0,0,0,0,0,0,0
1989-07-20 20:00:00,0.0,0.0,0,0,0,0,0,0
1989-07-20 21:00:00,0.0,0.0,0,0,0,0,0,0
1989-07-20 22:00:00,0.0,0.0,0,0,0,0,0,0
1989-07-20 23:00:00,0.0,0.0,0,0,0,0,0,0
1989-07-21 00:00:00,0.0,0.0,0,0,0,0,0,0
1989-07-21 01:00:00,0.0,0.0,0,0,0,0,0,0
1989-07-21 02:00:00,0.0,0.0,0,0,0,0,0,0
1989-07-21 03:00:00,0.0,0.0,0,0,0,0,0,0
1989-07-21 04:00:00,0.0,0.0,0,0,0,0,0,0
1989-07-21 05:00:00,0.008,0.008,0,0,0,0,0,0
1989-07-21 06:00:00,0.055,0.055,0,0,0,0,0,0
1989-07-21 07:00:00,0.1247,0.1247,0,0,0,0,0,0
1989-07-21 08:00:00,0.2243,0.2243,0,0,0,0,0,0
1989-07-21 09:00:00,0.3562,0.3562,0,0,0,0,0,0
1989-07-21 10:00:00,0.4763,0.4763,0,0,0,0,0,0
1989-07-21 11:00:00,0.5897,0.5897,0,0,0,0,0,0
1989-07-21 12:00:00,0.6441,0.6441,0,0,0,0,0,0
1989-07-21 13:00:00,0.6107,0.6107,0,0,0,0,0,0
1989-07-21 14:00:00,0.5153,0.5153,0,0,0,0,0,0
1989-07-21 15:00:00,0.4038,0.4038,0,0,0,0,0,0
1989-07-21 16:00:00,0.2488,0.2488,0,0,0,0,0,0
1989-07-21 17:00:00,0.1176,0.1176,0,0,0,0,0,0
1989-07-21 18:00:00,0.039,0.039,0,0,0,0,0,0
1989-07-21 19:00:00,0.0,0.0,0,0,0,0,0,0
1989-07-21 20:00:00,0.0,0.0,0,0,0,0,0,0
1989-07-21 21:00:00,0.0,0.0,0,0,0,0,0,0
1989-07-21 22:00:00,0.0,0.0,0,0,0,0,0,0
1989-07-21 23:00:00,0.0,0.0,0,0,0,0,0,0
1989-07-22 00:00:00,0.0,0.0,0,0,0,0,0,0
1989-07-22 01:00:00,0.0,0.0,0,0,0,0,0,0
1989-07-22 02:00:00,0.0,0.0,0,0,0,0,0,0
1989-07-22 03:00:00,0.0,0.0,0,0,0,0,0,0
1989-07-22 04:00:00,0.0,0.0,0,0,0,0,0,0
1989-07-22 05:00:00,0.007,0.007,0,0,0,0,0,0
1989-07-22 06:00:00,0.0596,0.0596,0,0,0,0,0,0
1989-07-22 07:00:00,0.132,0.132,0,0,0,0,0,0
1989-07-22 08:00:00,0.2115,0.2115,0,0,0,0,0,0
1989-07-22 09:00:00,0.3217,0.3217,0,0,0,0,0,0
1989-07-22 10:00:00,0.4622,0.4622,0,0,0,0,0,0
1989-07-22 11:00:00,0.593,0.593,0,0,0,0,0,0
1989-07-22 12:00:00,0.6422,0.6422,0,0,0,0,0,0
1989-07-22 13:00:00,0.608,0.608,0,0,0,0,0,0
1989-07-22 14:00:00,0.5127,0.5127,0,0,0,0,0,0
1989-07-22 15:00:00,0.3854,0.3854,0,0,0,0,0,0
1989-07-22 16:00:00,0.2712,0.2712,0,0,0,0,0,0
1989-07-22 17:00:00,0.152,0.152,0,0,0,0,0,0
1989-07-22 18:00:00,0.0425,0.0425,0,0,0,0,0,0
1989-07-22 19:00:00,0.0,0.0,0,0,0,0,0,0
1989-07-22 20:00:00,0.0,0.0,0,0,0,0,0,0
1989-07-22 21:00:00,0.0,0.0,0,0,0,0,0,0
1989-07-22 22:00:00,0.0,0.0,0,0,0,0,0,0
1989-07-22 23:00:00,0.0,0.0,0,0,0,0,0,0
1989-07-23 00:00:00,0.0,0.0,0,0,0,0,0,0
1989-07-23 01:00:00,0.0,0.0,0,0,0,0,0,0
1989-07-23 02:00:00,0.0,0.0,0,0,0,0,0,0
1989-07-23 03:00:00,0.0,0.0,0,0,0,0,0,0
1989-07-23 04:00:00,0.0,0.0,0,0,0,0,0,0
1989-07-23 05:00:00,0.0088,0.0088,0,0,0,0,0,0
1989-07-23 06:00:00,0.0642,0.0642,0,0,0,0,0,0
1989-07-23 07:00:00,0.1562,0.1562,0,0,0,0,0,0
1989-07-23 08:00:00,0.258,0.258,0,0,0,0,0,0
1989-07-23 09:00:00,0.3585,0.3585,0,0,0,0,0,0
1989-07-23 10:00:00,0.4323,0.4323,0,0,0,0,0,0
1989-07-23 11:00:00,0.5331,0.5331,0,0,0,0,0,0
1989-07-23 12:00:00,0.5578,0.5578,0,0,0,0,0,0
1989-07-23 13:00:00,0.4926,0.4926,0,0,0,0,0,0
1989-07-23 14:00:00,0.4308,0.4308,0,0,0,0,0,0
1989-07-23 15:00:00,0.3773,0.3773,0,0,0,0,0,0
1989-07-23 16:00:00,0.2816,0.2816,0,0,0,0,0,0
1989-07-23 17:00:00,0.1456,0.1456,0,0,0,0,0,0
1989-07-23 18:00:00,0.0466,0.0466,0,0,0,0,0,0
1989-07-23 19:00:00,0.0,0.0,0,0,0,0,0,0
1989-07-23 20:00:00,0.0,0.0,0,0,0,0,0,0
1989-07-23 21:00:00,0.0,0.0,0,0,0,0,0,0
1989-07-23 22:00:00,0.0,0.0,0,0,0,0,0,0
1989-07-23 23:00:00,0.0,0.0,0,0,0,0,0,0
1989-07-24 00:00:00,0.0,0.0,0,0,0,0,0,0
1989-07-24 01:00:00,0.0,0.0,0,0,0,0,0,0
1989-07-24 02:00:00,0.0,0.0,0,0,0,0,0,0
1989-07-24 03:00:00,0.0,0.0,0,0,0,0,0,0
1989-07-24 04:00:00,0.0,0.0,0,0,0,0,0,0
1989-07-24 05:00:00,0.0068,0.0068,0,0,0,0,0,0
1989-07-24 06:00:00,0.0558,0.0558,0,0,0,0,0,0
1989-07-24 07:00:00,0.1432,0.1432,0,0,0,0,0,0
1989-07-24 08:00:00,0.2743,0.2743,0,0,0,0,0,0
1989-07-24 09:00:00,0.39,0.39,0,0,0,0,0,0
1989-07-24 10:00:00,0.4808,0.4808,0,0,0,0,0,0
1989-07-24 11:00:00,0.4783,0.4783,0,0,0,0,0,0
1989-07-24 12:00:00,0.3904,0.3904,0,0,0,0,0,0
1989-07-24 13:00:00,0.3822,0.3822,0,0,0,0,0,0
1989-07-24 14:00:00,0.3777,0.3777,0,0,0,0,0,0
1989-07-24 15:00:00,0.3356,0.3356,0,0,0,0,0,0
1989-07-24 16:00:00,0.238,0.238,0,0,0,0,0,0
1989-07-24 17:00:00,0.1318,0.1318,0,0,0,0,0,0
1989-07-24 18:00:00,0.0485,0.0485,0,0,0,0,0,0
1989-07-24 19:00:00,0.0,0.0,0,0,0,0,0,0
1989-07-24 20:00:00,0.0,0.0,0,0,0,0,0,0
1989-07-24 21:00:00,0.0,0.0,0,0,0,0,0,0
1989-07-24 22:00:00,0.0,0.0,0,0,0,0,0,0
1989-07-24 23:00:00,0.0,0.0,0,0,0,0,0,0
1989-07-25 00:00:00,0.0,0.0,0,0,0,0,0,0
1989-07-25 01:00:00,0.0,0.0,0,0,0,0,0,0
1989-07-25 02:00:00,0.0,0.0,0,0,0,0,0,0
1989-07-25 03:00:00,0.0,0.0,0,0,0,0,0,0
1989-07-25 04:00:00,0.0,0.0,0,0,0,0,0,0
1989-07-25 05:00:00,0.0072,0.0072,0,0,0,0,0,0
1989-07-25 06:00:00,0.0544,0.0544,0,0,0,0,0,0
1989-07-25 07:00:00,0.1834,0.1834,0,0,0,0,0,0
1989-07-25 08:00:00,0.3508,0.3508,0,0,0,0,0,0
1989-07-25 09:00:00,0.4832,0.4832,0,0,0,0,0,0
1989-07-25 10:00:00,0.5724,0.5724,0,0,0,0,0,0
1989-07-25 11:00:00,0.6312,0.6312,0,0,0,0,0,0
1989-07-25 12:00:00,0.6245,0.6245,0,0,0,0,0,0
1989-07-25 13:00:00,0.5798,0.5798,0,0,0,0,0,0
1989-07-25 14:00:00,0.5538,0.5538,0,0,0,0,0,0
1989-07-25 15:00:00,0.4593,0.4593,0,0,0,0,0,0
1989-07-25 16:00:00,0.3071,0.3071,0,0,0,0,0,0
1989-07-25 17:00:00,0.1494,0.1494,0,0,0,0,0,0
1989-07-25 18:00:00,0.0335,0.0335,0,0,0,0,0,0
1989-07-25 19:00:00,0.0,0.0,0,0,0,0,0,0
1989-07-25 20:00:00,0.0,0.0,0,0,0,0,0,0
1989-07-25 21:00:00,0.0,0.0,0,0,0,0,0,0
1989-07-25 22:00:00,0.0,0.0,0,0,0,0,0,0
1989-07-25 23:00:00,0.0,0.0,0,0,0,0,0,0
1989-07-26 00:00:00,0.0,0.0,0,0,0,0,0,0
1989-07-26 01:00:00,0.0,0.0,0,0,0,0,0,0
1989-07-26 02:00:00,0.0,0.0,0,0,0,0,0,0
1989-07-26 03:00:00,0.0,0.0,0,0,0,0,0,0
1989-07-26 04:00:00,0.0,0.0,0,0,0,0,0,0
1989-07-26 05:00:00,0.0058,0.0058,0,0,0,0,0,0
1989-07-26 06:00:00,0.0609,0.0609,0,0,0,0,0,0
1989-07-26 07:00:00,0.1631,0.1631,0,0,0,0,0,0
1989-07-26 08:00:00,0.2946,0.2946,0,0,0,0,0,0
1989-07-26 09:00:00,0.4317,0.4317,0,0,0,0,0,0
1989-07-26 10:00:00,0.5149,0.5149,0,0,0,0,0,0
1989-07-26 11:00:00,0.5831,0.5831,0,0,0,0,0,0
1989-07-26 12:00:00,0.6125,0.6125,0,0,0,0,0,0
1989-07-26 13:00:00,0.619,0.619,0,0,0,0,0,0
1989-07-26 14:00:00,0.568,0.568,0,0,0,0,0,0
1989-07-26 15:00:00,0.449,0.449,0,0,0,0,0,0
1989-07-26 16:00:00,0.3115,0.3115,0,0,0,0,0,0
1989-07-26 17:00:00,0.1486,0.1486,0,0,0,0,0,0
1989-07-26 18:00:00,0.0338,0.0338,0,0,0,0,0,0
1989-07-26 19:00:00,0.0,0.0,0,0,0,0,0,0
1989-07-26 20:00:00,0.0,0.0,0,0,0,0,0,0
1989-07-26 21:00:00,0.0,0.0,0,0,0,0,0,0
1989-07-26 22:00:00,0.0,0.0,0,0,0,0,0,0
1989-07-26 23:00:00,0.0,0.0,0,0,0,0,0,0
1989-07-27 00:00:00,0.0,0.0,0,0,0,0,0,0
1989-07-27 01:00:00,0.0,0.0,0,0,0,0,0,0
1989-07-27 02:00:00,0.0,0.0,0,0,0,0,0,0
1989-07-27 03:00:00,0.0,0.0,0,0,0,0,0,0
1989-07-27 04:00:00,0.0,0.0,0,0,0,0,0,0
1989-07-27 05:00:00,0.0038,0.0038,0,0,0,0,0,0
1989-07-27 06:00:00,0.0497,0.0497,0,0,0,0,0,0
1989-07-27 07:00:00,0.1848,0.1848,0,0,0,0,0,0
1989-07-27 08:00:00,0.3643,0.3643,0,0,0,0,0,0
1989-07-27 09:00:00,0.5063,0.5063,0,0,0,0,0,0
1989-07-27 10:00:00,0.6014,0.6014,0,0,0,0,0,0
1989-07-27 11:00:00,0.6798,0.6798,0,0,0,0,0,0
1989-07-27 12:00:00,0.6999,0.6999,0,0,0,0,0,0
1989-07-27 13:00:00,0.6751,0.6751,0,0,0,0,0,0
1989-07-27 14:00:00,0.6071,0.6071,0,0,0,0,0,0
1989-07-27 15:00:00,0.4835,0.4835,0,0,0,0,0,0
1989-07-27 16:00:00,0.3229,0.3229,0,0,0,0,0,0
1989-07-27 17:00:00,0.1498,0.1498,0,0,0,0,0,0
1989-07-27 18:00:00,0.0314,0.0314,0,0,0,0,0,0
1989-07-27 19:00:00,0.0,0.0,0,0,0,0,0,0
1989-07-27 20:00:00,0.0,0.0,0,0,0,0,0,0
1989-07-27 21:00:00,0.0,0.0,0,0,0,0,0,0
1989-07-27 22:00:00,0.0,0.0,0,0,0,0,0,0
1989-07-27 23:00:00,0.0,0.0,0,0,0,0,0,0
1989-07-28 00:00:00,0.0,0.0,0,0,0,0,0,0
1989-07-28 01:00:00,0.0,0.0,0,0,0,0,0,0
1989-07-28 02:00:00,0.0,0.0,0,0,0,0,0,0
1989-07-28 03:00:00,0.0,0.0,0,0,0,0,0,0
1989-07-28 04:00:00,0.0,0.0,0,0,0,0,0,0
1989-07-28 05:00:00,0.0026,0.0026,0,0,0,0,0,0
1989-07-28 06:00:00,0.0433,0.0433,0,0,0,0,0,0
1989-07-28 07:00:00,0.19,0.19,0,0,0,0,0,0
1989-07-28 08:00:00,0.3733,0.3733,0,0,0,0,0,0
1989-07-28 09:00:00,0.5259,0.5259,0,0,0,0,0,0
1989-07-28 10:00:00,0.6292,0.6292,0,0,0,0,0,0
1989-07-28 11:00:00,0.6904,0.6904,0,0,0,0,0,0
1989-07-28 12:00:00,0.7007,0.7007,0,0,0,0,0,0
1989-07-28 13:00:00,0.6688,0.6688,0,0,0,0,0,0
1989-07-28 14:00:00,0.5989,0.5989,0,0,0,0,0,0
1989-07-28 15:00:00,0.4828,0.4828,0,0,0,0,0,0
1989-07-28 16:00:00,0.3249,0.3249,0,0,0,0,0,0
1989-07-28 17:00:00,0.1481,0.1481,0,0,0,0,0,0
1989-07-28 18:00:00,0.0271,0.0271,0,0,0,0,0,0
1989-07-28 19:00:00,0.0,0.0,0,0,0,0,0,0
1989-07-28 20:00:00,0.0,0.0,0,0,0,0,0,0
1989-07-28 21:00:00,0.0,0.0,0,0,0,0,0,0
1989-07-28 22:00:00,0.0,0.0,0,0,0,0,0,0
1989-07-28 23:00:00,0.0,0.0,0,0,0,0,0,0
1989-07-29 00:00:00,0.0,0.0,0,0,0,0,0,0
1989-07-29 01:00:00,0.0,0.0,0,0,0,0,0,0
1989-07-29 02:00:00,0.0,0.0,0,0,0,0,0,0
1989-07-29 03:00:00,0.0,0.0,0,0,0,0,0,0
1989-07-29 04:00:00,0.0,0.0,0,0,0,0,0,0
1989-07-29 05:00:00,0.0016,0.0016,0,0,0,0,0,0
1989-07-29 06:00:00,0.0444,0.0444,0,0,0,0,0,0
1989-07-29 07:00:00,0.1851,0.1851,0,0,0,0,0,0
1989-07-29 08:00:00,0.3562,0.3562,0,0,0,0,0,0
1989-07-29 09:00:00,0.497,0.497,0,0,0,0,0,0
1989-07-29 10:00:00,0.5905,0.5905,0,0,0,0,0,0
1989-07-29 11:00:00,0.6453,0.6453,0,0,0,0,0,0
1989-07-29 12:00:00,0.6366,0.6366,0,0,0,0,0,0
1989-07-29 13:00:00,0.6228,0.6228,0,0,0,0,0,0
1989-07-29 14:00:00,0.5717,0.5717,0,0,0,0,0,0
1989-07-29 15:00:00,0.4587,0.4587,0,0,0,0,0,0
1989-07-29 16:00:00,0.3127,0.3127,0,0,0,0,0,0
1989-07-29 17:00:00,0.1451,0.1451,0,0,0,0,0,0
1989-07-29 18:00:00,0.0342,0.0342,0,0,0,0,0,0
1989-07-29 19:00:00,0.0,0.0,0,0,0,0,0,0
1989-07-29 20:00:00,0.0,0.0,0,0,0,0,0,0
1989-07-29 21:00:00,0.0,0.0,0,0,0,0,0,0
1989-07-29 22:00:00,0.0,0.0,0,0,0,0,0,0
1989-07-29 23:00:00,0.0,0.0,0,0,0,0,0,0
1989-07-30 00:00:00,0.0,0.0,0,0,0,0,0,0
1989-07-30 01:00:00,0.0,0.0,0,0,0,0,0,0
1989-07-30 02:00:00,0.0,0.0,0,0,0,0,0,0
1989-07-30 03:00:00,0.0,0.0,0,0,0,0,0,0
1989-07-30 04:00:00,0.0,0.0,0,0,0,0,0,0
1989-07-30 05:00:00,0.0008,0.0008,0,0,0,0,0,0
1989-07-30 06:00:00,0.0503,0.0503,0,0,0,0,0,0
1989-07-30 07:00:00,0.1798,0.1798,0,0,0,0,0,0
1989-07-30 08:00:00,0.3416,0.3416,0,0,0,0,0,0
1989-07-30 09:00:00,0.4799,0.4799,0,0,0,0,0,0
1989-07-30 10:00:00,0.5673,0.5673,0,0,0,0,0,0
1989-07-30 11:00:00,0.6154,0.6154,0,0,0,0,0,0
1989-07-30 12:00:00,0.6092,0.6092,0,0,0,0,0,0
1989-07-30 13:00:00,0.55,0.55,0,0,0,0,0,0
1989-07-30 14:00:00,0.4987,0.4987,0,0,0,0,0,0
1989-07-30 15:00:00,0.3937,0.3937,0,0,0,0,0,0
1989-07-30 16:00:00,0.2412,0.2412,0,0,0,0,0,0
1989-07-30 17:00:00,0.1124,0.1124,0,0,0,0,0,0
1989-07-30 18:00:00,0.0357,0.0357,0,0,0,0,0,0
1989-07-30 19:00:00,0.0,0.0,0,0,0,0,0,0
1989-07-30 20:00:00,0.0,0.0,0,0,0,0,0,0
1989-07-30 21:00:00,0.0,0.0,0,0,0,0,0,0
1989-07-30 22:00:00,0.0,0.0,0,0,0,0,0,0
1989-07-30 23:00:00,0.0,0.0,0,0,0,0,0,0
1989-07-31 00:00:00,0.0,0.0,0,0,0,0,0,0
1989-07-31 01:00:00,0.0,0.0,0,0,0,0,0,0
1989-07-31 02:00:00,0.0,0.0,0,0,0,0,0,0
1989-07-31 03:00:00,0.0,0.0,0,0,0,0,0,0
1989-07-31 04:00:00,0.0,0.0,0,0,0,0,0,0
1989-07-31 05:00:00,0.0,0.0,0,0,0,0,0,0
1989-07-31 06:00:00,0.0435,0.0435,0,0,0,0,0,0
1989-07-31 07:00:00,0.1868,0.1868,0,0,0,0,0,0
1989-07-31 08:00:00,0.3654,0.3654,0,0,0,0,0,0
1989-07-31 09:00:00,0.5114,0.5114,0,0,0,0,0,0
1989-07-31 10:00:00,0.6081,0.6081,0,0,0,0,0,0
1989-07-31 11:00:00,0.6463,0.6463,0,0,0,0,0,0
1989-07-31 12:00:00,0.6243,0.6243,0,0,0,0,0,0
1989-07-31 13:00:00,0.5885,0.5885,0,0,0,0,0,0
1989-07-31 14:00:00,0.5316,0.5316,0,0,0,0,0,0
1989-07-31 15:00:00,0.4286,0.4286,0,0,0,0,0,0
1989-07-31 16:00:00,0.2951,0.2951,0,0,0,0,0,0
1989-07-31 17:00:00,0.1412,0.1412,0,0,0,0,0,0
1989-07-31 18:00:00,0.0364,0.0364,0,0,0,0,0,0
1989-07-31 19:00:00,0.0,0.0,0,0,0,0,0,0
1989-07-31 20:00:00,0.0,0.0,0,0,0,0,0,0
1989-07-31 21:00:00,0.0,0.0,0,0,0,0,0,0
1989-07-31 22:00:00,0.0,0.0,0,0,0,0,0,0
1989-07-31 23:00:00,0.0,0.0,0,0,0,0,0,0
1989-08-01 00:00:00,0.0,0.0,0,0,0,0,0,0
1989-08-01 01:00:00,0.0,0.0,0,0,0,0,0,0
1989-08-01 02:00:00,0.0,0.0,0,0,0,0,0,0
1989-08-01 03:00:00,0.0,0.0,0,0,0,0,0,0
1989-08-01 04:00:00,0.0,0.0,0,0,0,0,0,0
1989-08-01 05:00:00,0.0,0.0,0,0,0,0,0,0
1989-08-01 06:00:00,0.0522,0.0522,0,0,0,0,0,0
1989-08-01 07:00:00,0.1766,0.1766,0,0,0,0,0,0
1989-08-01 08:00:00,0.3485,0.3485,0,0,0,0,0,0
1989-08-01 09:00:00,0.5157,0.5157,0,0,0,0,0,0
1989-08-01 10:00:00,0.6246,0.6246,0,0,0,0,0,0
1989-08-01 11:00:00,0.6844,0.6844,0,0,0,0,0,0
1989-08-01 12:00:00,0.7046,0.7046,0,0,0,0,0,0
1989-08-01 13:00:00,0.6787,0.6787,0,0,0,0,0,0
1989-08-01 14:00:00,0.6066,0.6066,0,0,0,0,0,0
1989-08-01 15:00:00,0.4853,0.4853,0,0,0,0,0,0
1989-08-01 16:00:00,0.31,0.31,0,0,0,0,0,0
1989-08-01 17:00:00,0.1464,0.1464,0,0,0,0,0,0
1989-08-01 18:00:00,0.0309,0.0309,0,0,0,0,0,0
1989-08-01 19:00:00,0.0,0.0,0,0,0,0,0,0
1989-08-01 20:00:00,0.0,0.0,0,0,0,0,0,0
1989-08-01 21:00:00,0.0,0.0,0,0,0,0,0,0
1989-08-01 22:00:00,0.0,0.0,0,0,0,0,0,0
1989-08-01 23:00:00,0.0,0.0,0,0,0,0,0,0
1989-08-02 00:00:00,0.0,0.0,0,0,0,0,0,0
1989-08-02 01:00:00,0.0,0.0,0,0,0,0,0,0
1989-08-02 02:00:00,0.0,0.0,0,0,0,0,0,0
1989-08-02 03:00:00,0.0,0.0,0,0,0,0,0,0
1989-08-02 04:00:00,0.0,0.0,0,0,0,0,0,0
1989-08-02 05:00:00,0.0,0.0,0,0,0,0,0,0
1989-08-02 06:00:00,0.0498,0.0498,0,0,0,0,0,0
1989-08-02 07:00:00,0.1801,0.1801,0,0,0,0,0,0
1989-08-02 08:00:00,0.3674,0.3674,0,0,0,0,0,0
1989-08-02 09:00:00,0.5135,0.5135,0,0,0,0,0,0
1989-08-02 10:00:00,0.6095,0.6095,0,0,0,0,0,0
1989-08-02 11:00:00,0.6675,0.6675,0,0,0,0,0,0
1989-08-02 12:00:00,0.6905,0.6905,0,0,0,0,0,0
1989-08-02 13:00:00,0.6728,0.6728,0,0,0,0,0,0
1989-08-02 14:00:00,0.5905,0.5905,0,0,0,0,0,0
1989-08-02 15:00:00,0.4536,0.4536,0,0,0,0,0,0
1989-08-02 16:00:00,0.3042,0.3042,0,0,0,0,0,0
1989-08-02 17:00:00,0.1446,0.1446,0,0,0,0,0,0
1989-08-02 18:00:00,0.0273,0.0273,0,0,0,0,0,0
1989-08-02 19:00:00,0.0,0.0,0,0,0,0,0,0
1989-08-02 20:00:00,0.0,0.0,0,0,0,0,0,0
1989-08-02 21:00:00,0.0,0.0,0,0,0,0,0,0
1989-08-02 22:00:00,0.0,0.0,0,0,0,0,0,0
1989-08-02 23:00:00,0.0,0.0,0,0,0,0,0,0
1989-08-03 00:00:00,0.0,0.0,0,0,0,0,0,0
1989-08-03 01:00:00,0.0,0.0,0,0,0,0,0,0
1989-08-03 02:00:00,0.0,0.0,0,0,0,0,0,0
1989-08-03 03:00:00,0.0,0.0,0,0,0,0,0,0
1989-08-03 04:00:00,0.0,0.0,0,0,0,0,0,0
1989-08-03 05:00:00,0.0,0.0,0,0,0,0,0,0
1989-08-03 06:00:00,0.0421,0.0421,0,0,0,0,0,0
1989-08-03 07:00:00,0.1866,0.1866,0,0,0,0,0,0
1989-08-03 08:00:00,0.3601,0.3601,0,0,0,0,0,0
1989-08-03 09:00:00,0.503,0.503,0,0,0,0,0,0
1989-08-03 10:00:00,0.5848,0.5848,0,0,0,0,0,0
1989-08-03 11:00:00,0.6357,0.6357,0,0,0,0,0,0
1989-08-03 12:00:00,0.6524,0.6524,0,0,0,0,0,0
1989-08-03 13:00:00,0.6317,0.6317,0,0,0,0,0,0
1989-08-03 14:00:00,0.5773,0.5773,0,0,0,0,0,0
1989-08-03 15:00:00,0.4685,0.4685,0,0,0,0,0,0
1989-08-03 16:00:00,0.3171,0.3171,0,0,0,0,0,0
1989-08-03 17:00:00,0.1422,0.1422,0,0,0,0,0,0
1989-08-03 18:00:00,0.0277,0.0277,0,0,0,0,0,0
1989-08-03 19:00:00,0.0,0.0,0,0,0,0,0,0
1989-08-03 20:00:00,0.0,0.0,0,0,0,0,0,0
1989-08-03 21:00:00,0.0,0.0,0,0,0,0,0,0
1989-08-03 22:00:00,0.0,0.0,0,0,0,0,0,0
1989-08-03 23:00:00,0.0,0.0,0,0,0,0,0,0
1989-08-04 00:00:00,0.0,0.0,0,0,0,0,0,0
1989-08-04 01:00:00,0.0,0.0,0,0,0,0,0,0
1989-08-04 02:00:00,0.0,0.0,0,0,0,0,0,0
1989-08-04 03:00:00,0.0,0.0,0,0,0,0,0,0
1989-08-04 04:00:00,0.0,0.0,0,0,0,0,0,0
1989-08-04 05:00:00,0.0,0.0,0,0,0,0,0,0
1989-08-04 06:00:00,0.0428,0.0428,0,0,0,0,0,0
1989-08-04 07:00:00,0.1793,0.1793,0,0,0,0,0,0
1989-08-04 08:00:00,0.3358,0.3358,0,0,0,0,0,0
1989-08-04 09:00:00,0.4599,0.4599,0,0,0,0,0,0
1989-08-04 10:00:00,0.5587,0.5587,0,0,0,0,0,0
1989-08-04 11:00:00,0.6111,0.6111,0,0,0,0,0,0
1989-08-04 12:00:00,0.6063,0.6063,0,0,0,0,0,0
1989-08-04 13:00:00,0.5399,0.5399,0,0,0,0,0,0
1989-08-04 14:00:00,0.437,0.437,0,0,0,0,0,0
1989-08-04 15:00:00,0.3568,0.3568,0,0,0,0,0,0
1989-08-04 16:00:00,0.2488,0.2488,0,0,0,0,0,0
1989-08-04 17:00:00,0.1288,0.1288,0,0,0,0,0,0
1989-08-04 18:00:00,0.0385,0.0385,0,0,0,0,0,0
1989-08-04 19:00:00,0.0,0.0,0,0,0,0,0,0
1989-08-04 20:00:00,0.0,0.0,0,0,0,0,0,0
1989-08-04 21:00:00,0.0,0.0,0,0,0,0,0,0
1989-08-04 22:00:00,0.0,0.0,0,0,0,0,0,0
1989-08-04 23:00:00,0.0,0.0,0,0,0,0,0,0
1989-08-05 00:00:00,0.0,0.0,0,0,0,0,0,0
1989-08-05 01:00:00,0.0,0.0,0,0,0,0,0,0
1989-08-05 02:00:00,0.0,0.0,0,0,0,0,0,0
1989-08-05 03:00:00,0.0,0.0,0,0,0,0,0,0
1989-08-05 04:00:00,0.0,0.0,0,0,0,0,0,0
1989-08-05 05:00:00,0.0,0.0,0,0,0,0,0,0
1989-08-05 06:00:00,0.0347,0.0347,0,0,0,0,0,0
1989-08-05 07:00:00,0.1049,0.1049,0,0,0,0,0,0
1989-08-05 08:00:00,0.2113,0.2113,0,0,0,0,0,0
1989-08-05 09:00:00,0.2666,0.2666,0,0,0,0,0,0
1989-08-05 10:00:00,0.2658,0.2658,0,0,0,0,0,0
1989-08-05 11:00:00,0.3229,0.3229,0,0,0,0,0,0
1989-08-05 12:00:00,0.3634,0.3634,0,0,0,0,0,0
1989-08-05 13:00:00,0.3695,0.3695,0,0,0,0,0,0
1989-08-05 14:00:00,0.2806,0.2806,0,0,0,0,0,0
1989-08-05 15:00:00,0.1797,0.1797,0,0,0,0,0,0
1989-08-05 16:00:00,0.1448,0.1448,0,0,0,0,0,0
1989-08-05 17:00:00,0.083,0.083,0,0,0,0,0,0
1989-08-05 18:00:00,0.0254,0.0254,0,0,0,0,0,0
1989-08-05 19:00:00,0.0,0.0,0,0,0,0,0,0
1989-08-05 20:00:00,0.0,0.0,0,0,0,0,0,0
1989-08-05 21:00:00,0.0,0.0,0,0,0,0,0,0
1989-08-05 22:00:00,0.0,0.0,0,0,0,0,0,0
1989-08-05 23:00:00,0.0,0.0,0,0,0,0,0,0
1989-08-06 00:00:00,0.0,0.0,0,0,0,0,0,0
1989-08-06 01:00:00,0.0,0.0,0,0,0,0,0,0
1989-08-06 02:00:00,0.0,0.0,0,0,0,0,0,0
1989-08-06 03:00:00,0.0,0.0,0,0,0,0,0,0
1989-08-06 04:00:00,0.0,0.0,0,0,0,0,0,0
1989-08-06 05:00:00,0.0,0.0,0,0,0,0,0,0
1989-08-06 06:00:00,0.033,0.033,0,0,0,0,0,0
1989-08-06 07:00:00,0.1129,0.1129,0,0,0,0,0,0
1989-08-06 08:00:00,0.2124,0.2124,0,0,0,0,0,0
1989-08-06 09:00:00,0.2874,0.2874,0,0,0,0,0,0
1989-08-06 10:00:00,0.3334,0.3334,0,0,0,0,0,0
1989-08-06 11:00:00,0.3636,0.3636,0,0,0,0,0,0
1989-08-06 12:00:00,0.4141,0.4141,0,0,0,0,0,0
1989-08-06 13:00:00,0.4875,0.4875,0,0,0,0,0,0
1989-08-06 14:00:00,0.4801,0.4801,0,0,0,0,0,0
1989-08-06 15:00:00,0.3932,0.3932,0,0,0,0,0,0
1989-08-06 16:00:00,0.2681,0.2681,0,0,0,0,0,0
1989-08-06 17:00:00,0.1325,0.1325,0,0,0,0,0,0
1989-08-06 18:00:00,0.0347,0.0347,0,0,0,0,0,0
1989-08-06 19:00:00,0.0,0.0,0,0,0,0,0,0
1989-08-06 20:00:00,0.0,0.0,0,0,0,0,0,0
1989-08-06 21:00:00,0.0,0.0,0,0,0,0,0,0
1989-08-06 22:00:00,0.0,0.0,0,0,0,0,0,0
1989-08-06 23:00:00,0.0,0.0,0,0,0,0,0,0
1989-08-07 00:00:00,0.0,0.0,0,0,0,0,0,0
1989-08-07 01:00:00,0.0,0.0,0,0,0,0,0,0
1989-08-07 02:00:00,0.0,0.0,0,0,0,0,0,0
1989-08-07 03:00:00,0.0,0.0,0,0,0,0,0,0
1989-08-07 04:00:00,0.0,0.0,0,0,0,0,0,0
1989-08-07 05:00:00,0.0,0.0,0,0,0,0,0,0
1989-08-07 06:00:00,0.0489,0.0489,0,0,0,0,0,0
1989-08-07 07:00:00,0.1354,0.1354,0,0,0,0,0,0
1989-08-07 08:00:00,0.2223,0.2223,0,0,0,0,0,0
1989-08-07 09:00:00,0.338,0.338,0,0,0,0,0,0
1989-08-07 10:00:00,0.4708,0.4708,0,0,0,0,0,0
1989-08-07 11:00:00,0.5312,0.5312,0,0,0,0,0,0
1989-08-07 12:00:00,0.5349,0.5349,0,0,0,0,0,0
1989-08-07 13:00:00,0.5168,0.5168,0,0,0,0,0,0
1989-08-07 14:00:00,0.4624,0.4624,0,0,0,0,0,0
1989-08-07 15:00:00,0.3827,0.3827,0,0,0,0,0,0
1989-08-07 16:00:00,0.2663,0.2663,0,0,0,0,0,0
1989-08-07 17:00:00,0.1298,0.1298,0,0,0,0,0,0
1989-08-07 18:00:00,0.0347,0.0347,0,0,0,0,0,0
1989-08-07 19:00:00,0.0,0.0,0,0,0,0,0,0
1989-08-07 20:00:00,0.0,0.0,0,0,0,0,0,0
1989-08-07 21:00:00,0.0,0.0,0,0,0,0,0,0
1989-08-07 22:00:00,0.0,0.0,0,0,0,0,0,0
1989-08-07 23:00:00,0.0,0.0,0,0,0,0,0,0
1989-08-08 00:00:00,0.0,0.0,0,0,0,0,0,0
1989-08-08 01:00:00,0.0,0.0,0,0,0,0,0,0
1989-08-08 02:00:00,0.0,0.0,0,0,0,0,0,0
1989-08-08 03:00:00,0.0,0.0,0,0,0,0,0,0
1989-08-08 04:00:00,0.0,0.0,0,0,0,0,0,0
1989-08-08 05:00:00,0.0,0.0,0,0,0,0,0,0
1989-08-08 06:00:00,0.047,0.047,0,0,0,0,0,0
1989-08-08 07:00:00,0.162,0.162,0,0,0,0,0,0
1989-08-08 08:00:00,0.2781,0.2781,0,0,0,0,0,0
1989-08-08 09:00:00,0.3926,0.3926,0,0,0,0,0,0
1989-08-08 10:00:00,0.5066,0.5066,0,0,0,0,0,0
1989-08-08 11:00:00,0.5456,0.5456,0,0,0,0,0,0
1989-08-08 12:00:00,0.5237,0.5237,0,0,0,0,0,0
1989-08-08 13:00:00,0.4845,0.4845,0,0,0,0,0,0
1989-08-08 14:00:00,0.4157,0.4157,0,0,0,0,0,0
1989-08-08 15:00:00,0.3341,0.3341,0,0,0,0,0,0
1989-08-08 16:00:00,0.2323,0.2323,0,0,0,0,0,0
1989-08-08 17:00:00,0.122,0.122,0,0,0,0,0,0
1989-08-08 18:00:00,0.0341,0.0341,0,0,0,0,0,0
1989-08-08 19:00:00,0.0,0.0,0,0,0,0,0,0
1989-08-08 20:00:00,0.0,0.0,0,0,0,0,0,0
1989-08-08 21:00:00,0.0,0.0,0,0,0,0,0,0
1989-08-08 22:00:00,0.0,0.0,0,0,0,0,0,0
1989-08-08 23:00:00,0.0,0.0,0,0,0,0,0,0
1989-08-09 00:00:00,0.0,0.0,0,0,0,0,0,0
1989-08-09 01:00:00,0.0,0.0,0,0,0,0,0,0
1989-08-09 02:00:00,0.0,0.0,0,0,0,0,0,0
1989-08-09 03:00:00,0.0,0.0,0,0,0,0,0,0
1989-08-09 04:00:00,0.0,0.0,0,0,0,0,0,0
1989-08-09 05:00:00,0.0,0.0,0,0,0,0,0,0
1989-08-09 06:00:00,0.0406,0.0406,0,0,0,0,0,0
1989-08-09 07:00:00,0.1774,0.1774,0,0,0,0,0,0
1989-08-09 08:00:00,0.3563,0.3563,0,0,0,0,0,0
1989-08-09 09:00:00,0.5039,0.5039,0,0,0,0,0,0
1989-08-09 10:00:00,0.5884,0.5884,0,0,0,0,0,0
1989-08-09 11:00:00,0.6305,0.6305,0,0,0,0,0,0
1989-08-09 12:00:00,0.6402,0.6402,0,0,0,0,0,0
1989-08-09 13:00:00,0.6188,0.6188,0,0,0,0,0,0
1989-08-09 14:00:00,0.5447,0.5447,0,0,0,0,0,0
1989-08-09 15:00:00,0.4403,0.4403,0,0,0,0,0,0
1989-08-09 16:00:00,0.3002,0.3002,0,0,0,0,0,0
1989-08-09 17:00:00,0.1337,0.1337,0,0,0,0,0,0
1989-08-09 18:00:00,0.0206,0.0206,0,0,0,0,0,0
1989-08-09 19:00:00,0.0,0.0,0,0,0,0,0,0
1989-08-09 20:00:00,0.0,0.0,0,0,0,0,0,0
1989-08-09 21:00:00,0.0,0.0,0,0,0,0,0,0
1989-08-09 22:00:00,0.0,0.0,0,0,0,0,0,0
1989-08-09 23:00:00,0.0,0.0,0,0,0,0,0,0
1989-08-10 00:00:00,0.0,0.0,0,0,0,0,0,0
1989-08-10 01:00:00,0.0,0.0,0,0,0,0,0,0
1989-08-10 02:00:00,0.0,0.0,0,0,0,0,0,0
1989-08-10 03:00:00,0.0,0.0,0,0,0,0,0,0
1989-08-10 04:00:00,0.0,0.0,0,0,0,0,0,0
1989-08-10 05:00:00,0.0,0.0,0,0,0,0,0,0
1989-08-10 06:00:00,0.0466,0.0466,0,0,0,0,0,0
1989-08-10 07:00:00,0.1514,0.1514,0,0,0,0,0,0
1989-08-10 08:00:00,0.3341,0.3341,0,0,0,0,0,0
1989-08-10 09:00:00,0.4821,0.4821,0,0,0,0,0,0
1989-08-10 10:00:00,0.5533,0.5533,0,0,0,0,0,0
1989-08-10 11:00:00,0.4831,0.4831,0,0,0,0,0,0
1989-08-10 12:00:00,0.4256,0.4256,0,0,0,0,0,0
1989-08-10 13:00:00,0.3419,0.3419,0,0,0,0,0,0
1989-08-10 14:00:00,0.1844,0.1844,0,0,0,0,0,0
1989-08-10 15:00:00,0.1232,0.1232,0,0,0,0,0,0
1989-08-10 16:00:00,0.0753,0.0753,0,0,0,0,0,0
1989-08-10 17:00:00,0.0336,0.0336,0,0,0,0,0,0
1989-08-10 18:00:00,0.0154,0.0154,0,0,0,0,0,0
1989-08-10 19:00:00,0.0,0.0,0,0,0,0,0,0
1989-08-10 20:00:00,0.0,0.0,0,0,0,0,0,0
1989-08-10 21:00:00,0.0,0.0,0,0,0,0,0,0
1989-08-10 22:00:00,0.0,0.0,0,0,0,0,0,0
1989-08-10 23:00:00,0.0,0.0,0,0,0,0,0,0
1989-08-11 00:00:00,0.0,0.0,0,0,0,0,0,0
1989-08-11 01:00:00,0.0,0.0,0,0,0,0,0,0
1989-08-11 02:00:00,0.0,0.0,0,0,0,0,0,0
1989-08-11 03:00:00,0.0,0.0,0,0,0,0,0,0
1989-08-11 04:00:00,0.0,0.0,0,0,0,0,0,0
1989-08-11 05:00:00,0.0,0.0,0,0,0,0,0,0
1989-08-11 06:00:00,0.0414,0.0414,0,0,0,0,0,0
1989-08-11 07:00:00,0.1752,0.1752,0,0,0,0,0,0
1989-08-11 08:00:00,0.3291,0.3291,0,0,0,0,0,0
1989-08-11 09:00:00,0.4356,0.4356,0,0,0,0,0,0
1989-08-11 10:00:00,0.4982,0.4982,0,0,0,0,0,0
1989-08-11 11:00:00,0.5638,0.5638,0,0,0,0,0,0
1989-08-11 12:00:00,0.6011,0.6011,0,0,0,0,0,0
1989-08-11 13:00:00,0.5718,0.5718,0,0,0,0,0,0
1989-08-11 14:00:00,0.4808,0.4808,0,0,0,0,0,0
1989-08-11 15:00:00,0.3925,0.3925,0,0,0,0,0,0
1989-08-11 16:00:00,0.2759,0.2759,0,0,0,0,0,0
1989-08-11 17:00:00,0.1308,0.1308,0,0,0,0,0,0
1989-08-11 18:00:00,0.0242,0.0242,0,0,0,0,0,0
1989-08-11 19:00:00,0.0,0.0,0,0,0,0,0,0
1989-08-11 20:00:00,0.0,0.0,0,0,0,0,0,0
1989-08-11 21:00:00,0.0,0.0,0,0,0,0,0,0
1989-08-11 22:00:00,0.0,0.0,0,0,0,0,0,0
1989-08-11 23:00:00,0.0,0.0,0,0,0,0,0,0
1989-08-12 00:00:00,0.0,0.0,0,0,0,0,0,0
1989-08-12 01:00:00,0.0,0.0,0,0,0,0,0,0
1989-08-12 02:00:00,0.0,0.0,0,0,0,0,0,0
1989-08-12 03:00:00,0.0,0.0,0,0,0,0,0,0
1989-08-12 04:00:00,0.0,0.0,0,0,0,0,0,0
1989-08-12 05:00:00,0.0,0.0,0,0,0,0,0,0
1989-08-12 06:00:00,0.0419,0.0419,0,0,0,0,0,0
1989-08-12 07:00:00,0.1697,0.1697,0,0,0,0,0,0
1989-08-12 08:00:00,0.3275,0.3275,0,0,0,0,0,0
1989-08-12 09:00:00,0.4632,0.4632,0,0,0,0,0,0
1989-08-12 10:00:00,0.5621,0.5621,0,0,0,0,0,0
1989-08-12 11:00:00,0.6365,0.6365,0,0,0,0,0,0
1989-08-12 12:00:00,0.6562,0.6562,0,0,0,0,0,0
1989-08-12 13:00:00,0.6203,0.6203,0,0,0,0,0,0
1989-08-12 14:00:00,0.5345,0.5345,0,0,0,0,0,0
1989-08-12 15:00:00,0.4216,0.4216,0,0,0,0,0,0
1989-08-12 16:00:00,0.2759,0.2759,0,0,0,0,0,0
1989-08-12 17:00:00,0.1254,0.1254,0,0,0,0,0,0
1989-08-12 18:00:00,0.0265,0.0265,0,0,0,0,0,0
1989-08-12 19:00:00,0.0,0.0,0,0,0,0,0,0
1989-08-12 20:00:00,0.0,0.0,0,0,0,0,0,0
1989-08-12 21:00:00,0.0,0.0,0,0,0,0,0,0
1989-08-12 22:00:00,0.0,0.0,0,0,0,0,0,0
1989-08-12 23:00:00,0.0,0.0,0,0,0,0,0,0
1989-08-13 00:00:00,0.0,0.0,0,0,0,0,0,0
1989-08-13 01:00:00,0.0,0.0,0,0,0,0,0,0
1989-08-13 02:00:00,0.0,0.0,0,0,0,0,0,0
1989-08-13 03:00:00,0.0,0.0,0,0,0,0,0,0
1989-08-13 04:00:00,0.0,0.0,0,0,0,0,0,0
1989-08-13 05:00:00,0.0,0.0,0,0,0,0,0,0
1989-08-13 06:00:00,0.046,0.046,0,0,0,0,0,0
1989-08-13 07:00:00,0.1441,0.1441,0,0,0,0,0,0
1989-08-13 08:00:00,0.269,0.269,0,0,0,0,0,0
1989-08-13 09:00:00,0.3982,0.3982,0,0,0,0,0,0
1989-08-13 10:00:00,0.5015,0.5015,0,0,0,0,0,0
1989-08-13 11:00:00,0.5612,0.5612,0,0,0,0,0,0
1989-08-13 12:00:00,0.5365,0.5365,0,0,0,0,0,0
1989-08-13 13:00:00,0.5067,0.5067,0,0,0,0,0,0
1989-08-13 14:00:00,0.4883,0.4883,0,0,0,0,0,0
1989-08-13 15:00:00,0.4169,0.4169,0,0,0,0,0,0
1989-08-13 16:00:00,0.2614,0.2614,0,0,0,0,0,0
1989-08-13 17:00:00,0.1077,0.1077,0,0,0,0,0,0
1989-08-13 18:00:00,0.0259,0.0259,0,0,0,0,0,0
1989-08-13 19:00:00,0.0,0.0,0,0,0,0,0,0
1989-08-13 20:00:00,0.0,0.0,0,0,0,0,0,0
1989-08-13 21:00:00,0.0,0.0,0,0,0,0,0,0
1989-08-13 22:00:00,0.0,0.0,0,0,0,0,0,0
1989-08-13 23:00:00,0.0,0.0,0,0,0,0,0,0
1989-08-14 00:00:00,0.0,0.0,0,0,0,0,0,0
1989-08-14 01:00:00,0.0,0.0,0,0,0,0,0,0
1989-08-14 02:00:00,0.0,0.0,0,0,0,0,0,0
1989-08-14 03:00:00,0.0,0.0,0,0,0,0,0,0
1989-08-14 04:00:00,0.0,0.0,0,0,0,0,0,0
1989-08-14 05:00:00,0.0,0.0,0,0,0,0,0,0
1989-08-14 06:00:00,0.042,0.042,0,0,0,0,0,0
1989-08-14 07:00:00,0.1201,0.1201,0,0,0,0,0,0
1989-08-14 08:00:00,0.1806,0.1806,0,0,0,0,0,0
1989-08-14 09:00:00,0.1644,0.1644,0,0,0,0,0,0
1989-08-14 10:00:00,0.1368,0.1368,0,0,0,0,0,0
1989-08-14 11:00:00,0.2615,0.2615,0,0,0,0,0,0
1989-08-14 12:00:00,0.4503,0.4503,0,0,0,0,0,0
1989-08-14 13:00:00,0.4278,0.4278,0,0,0,0,0,0
1989-08-14 14:00:00,0.2938,0.2938,0,0,0,0,0,0
1989-08-14 15:00:00,0.222,0.222,0,0,0,0,0,0
1989-08-14 16:00:00,0.1519,0.1519,0,0,0,0,0,0
1989-08-14 17:00:00,0.0795,0.0795,0,0,0,0,0,0
1989-08-14 18:00:00,0.0208,0.0208,0,0,0,0,0,0
1989-08-14 19:00:00,0.0,0.0,0,0,0,0,0,0
1989-08-14 20:00:00,0.0,0.0,0,0,0,0,0,0
1989-08-14 21:00:00,0.0,0.0,0,0,0,0,0,0
1989-08-14 22:00:00,0.0,0.0,0,0,0,0,0,0
1989-08-14 23:00:00,0.0,0.0,0,0,0,0,0,0
1989-08-15 00:00:00,0.0,0.0,0,0,0,0,0,0
1989-08-15 01:00:00,0.0,0.0,0,0,0,0,0,0
1989-08-15 02:00:00,0.0,0.0,0,0,0,0,0,0
1989-08-15 03:00:00,0.0,0.0,0,0,0,0,0,0
1989-08-15 04:00:00,0.0,0.0,0,0,0,0,0,0
1989-08-15 05:00:00,0.0,0.0,0,0,0,0,0,0
1989-08-15 06:00:00,0.0203,0.0203,0,0,0,0,0,0
1989-08-15 07:00:00,0.0736,0.0736,0,0,0,0,0,0
1989-08-15 08:00:00,0.1468,0.1468,0,0,0,0,0,0
1989-08-15 09:00:00,0.2103,0.2103,0,0,0,0,0,0
1989-08-15 10:00:00,0.2528,0.2528,0,0,0,0,0,0
1989-08-15 11:00:00,0.3022,0.3022,0,0,0,0,0,0
1989-08-15 12:00:00,0.4128,0.4128,0,0,0,0,0,0
1989-08-15 13:00:00,0.4066,0.4066,0,0,0,0,0,0
1989-08-15 14:00:00,0.2993,0.2993,0,0,0,0,0,0
1989-08-15 15:00:00,0.2364,0.2364,0,0,0,0,0,0
1989-08-15 16:00:00,0.17,0.17,0,0,0,0,0,0
1989-08-15 17:00:00,0.0908,0.0908,0,0,0,0,0,0
1989-08-15 18:00:00,0.0214,0.0214,0,0,0,0,0,0
1989-08-15 19:00:00,0.0,0.0,0,0,0,0,0,0
1989-08-15 20:00:00,0.0,0.0,0,0,0,0,0,0
1989-08-15 21:00:00,0.0,0.0,0,0,0,0,0,0
1989-08-15 22:00:00,0.0,0.0,0,0,0,0,0,0
1989-08-15 23:00:00,0.0,0.0,0,0,0,0,0,0
1989-08-16 00:00:00,0.0,0.0,0,0,0,0,0,0
1989-08-16 01:00:00,0.0,0.0,0,0,0,0,0,0
1989-08-16 02:00:00,0.0,0.0,0,0,0,0,0,0
1989-08-16 03:00:00,0.0,0.0,0,0,0,0,0,0
1989-08-16 04:00:00,0.0,0.0,0,0,0,0,0,0
1989-08-16 05:00:00,0.0,0.0,0,0,0,0,0,0
1989-08-16 06:00:00,0.0254,0.0254,0,0,0,0,0,0
1989-08-16 07:00:00,0.0929,0.0929,0,0,0,0,0,0
1989-08-16 08:00:00,0.1873,0.1873,0,0,0,0,0,0
1989-08-16 09:00:00,0.2588,0.2588,0,0,0,0,0,0
1989-08-16 10:00:00,0.3346,0.3346,0,0,0,0,0,0
1989-08-16 11:00:00,0.4497,0.4497,0,0,0,0,0,0
1989-08-16 12:00:00,0.4999,0.4999,0,0,0,0,0,0
1989-08-16 13:00:00,0.4858,0.4858,0,0,0,0,0,0
1989-08-16 14:00:00,0.442,0.442,0,0,0,0,0,0
1989-08-16 15:00:00,0.3135,0.3135,0,0,0,0,0,0
1989-08-16 16:00:00,0.1939,0.1939,0,0,0,0,0,0
1989-08-16 17:00:00,0.0977,0.0977,0,0,0,0,0,0
1989-08-16 18:00:00,0.0215,0.0215,0,0,0,0,0,0
1989-08-16 19:00:00,0.0,0.0,0,0,0,0,0,0
1989-08-16 20:00:00,0.0,0.0,0,0,0,0,0,0
1989-08-16 21:00:00,0.0,0.0,0,0,0,0,0,0
1989-08-16 22:00:00,0.0,0.0,0,0,0,0,0,0
1989-08-16 23:00:00,0.0,0.0,0,0,0,0,0,0
1989-08-17 00:00:00,0.0,0.0,0,0,0,0,0,0
1989-08-17 01:00:00,0.0,0.0,0,0,0,0,0,0
1989-08-17 02:00:00,0.0,0.0,0,0,0,0,0,0
1989-08-17 03:00:00,0.0,0.0,0,0,0,0,0,0
1989-08-17 04:00:00,0.0,0.0,0,0,0,0,0,0
1989-08-17 05:00:00,0.0,0.0,0,0,0,0,0,0
1989-08-17 06:00:00,0.0435,0.0435,0,0,0,0,0,0
1989-08-17 07:00:00,0.1416,0.1416,0,0,0,0,0,0
1989-08-17 08:00:00,0.2639,0.2639,0,0,0,0,0,0
1989-08-17 09:00:00,0.4151,0.4151,0,0,0,0,0,0
1989-08-17 10:00:00,0.4928,0.4928,0,0,0,0,0,0
1989-08-17 11:00:00,0.51,0.51,0,0,0,0,0,0
1989-08-17 12:00:00,0.4856,0.4856,0,0,0,0,0,0
1989-08-17 13:00:00,0.4321,0.4321,0,0,0,0,0,0
1989-08-17 14:00:00,0.3845,0.3845,0,0,0,0,0,0
1989-08-17 15:00:00,0.316,0.316,0,0,0,0,0,0
1989-08-17 16:00:00,0.1875,0.1875,0,0,0,0,0,0
1989-08-17 17:00:00,0.0875,0.0875,0,0,0,0,0,0
1989-08-17 18:00:00,0.0251,0.0251,0,0,0,0,0,0
1989-08-17 19:00:00,0.0,0.0,0,0,0,0,0,0
1989-08-17 20:00:00,0.0,0.0,0,0,0,0,0,0
1989-08-17 21:00:00,0.0,0.0,0,0,0,0,0,0
1989-08-17 22:00:00,0.0,0.0,0,0,0,0,0,0
1989-08-17 23:00:00,0.0,0.0,0,0,0,0,0,0
1989-08-18 00:00:00,0.0,0.0,0,0,0,0,0,0
1989-08-18 01:00:00,0.0,0.0,0,0,0,0,0,0
1989-08-18 02:00:00,0.0,0.0,0,0,0,0,0,0
1989-08-18 03:00:00,0.0,0.0,0,0,0,0,0,0
1989-08-18 04:00:00,0.0,0.0,0,0,0,0,0,0
1989-08-18 05:00:00,0.0,0.0,0,0,0,0,0,0
1989-08-18 06:00:00,0.0349,0.0349,0,0,0,0,0,0
1989-08-18 07:00:00,0.1724,0.1724,0,0,0,0,0,0
1989-08-18 08:00:00,0.3462,0.3462,0,0,0,0,0,0
1989-08-18 09:00:00,0.4881,0.4881,0,0,0,0,0,0
1989-08-18 10:00:00,0.5793,0.5793,0,0,0,0,0,0
1989-08-18 11:00:00,0.6195,0.6195,0,0,0,0,0,0
1989-08-18 12:00:00,0.6158,0.6158,0,0,0,0,0,0
1989-08-18 13:00:00,0.6024,0.6024,0,0,0,0,0,0
1989-08-18 14:00:00,0.5435,0.5435,0,0,0,0,0,0
1989-08-18 15:00:00,0.4018,0.4018,0,0,0,0,0,0
1989-08-18 16:00:00,0.2587,0.2587,0,0,0,0,0,0
1989-08-18 17:00:00,0.1173,0.1173,0,0,0,0,0,0
1989-08-18 18:00:00,0.0183,0.0183,0,0,0,0,0,0
1989-08-18 19:00:00,0.0,0.0,0,0,0,0,0,0
1989-08-18 20:00:00,0.0,0.0,0,0,0,0,0,0
1989-08-18 21:00:00,0.0,0.0,0,0,0,0,0,0
1989-08-18 22:00:00,0.0,0.0,0,0,0,0,0,0
1989-08-18 23:00:00,0.0,0.0,0,0,0,0,0,0
1989-08-19 00:00:00,0.0,0.0,0,0,0,0,0,0
1989-08-19 01:00:00,0.0,0.0,0,0,0,0,0,0
1989-08-19 02:00:00,0.0,0.0,0,0,0,0,0,0
1989-08-19 03:00:00,0.0,0.0,0,0,0,0,0,0
1989-08-19 04:00:00,0.0,0.0,0,0,0,0,0,0
1989-08-19 05:00:00,0.0,0.0,0,0,0,0,0,0
1989-08-19 06:00:00,0.0343,0.0343,0,0,0,0,0,0
1989-08-19 07:00:00,0.1729,0.1729,0,0,0,0,0,0
1989-08-19 08:00:00,0.3474,0.3474,0,0,0,0,0,0
1989-08-19 09:00:00,0.4897,0.4897,0,0,0,0,0,0
1989-08-19 10:00:00,0.5849,0.5849,0,0,0,0,0,0
1989-08-19 11:00:00,0.6169,0.6169,0,0,0,0,0,0
1989-08-19 12:00:00,0.6236,0.6236,0,0,0,0,0,0
1989-08-19 13:00:00,0.6311,0.6311,0,0,0,0,0,0
1989-08-19 14:00:00,0.559,0.559,0,0,0,0,0,0
1989-08-19 15:00:00,0.4309,0.4309,0,0,0,0,0,0
1989-08-19 16:00:00,0.2603,0.2603,0,0,0,0,0,0
1989-08-19 17:00:00,0.1159,0.1159,0,0,0,0,0,0
1989-08-19 18:00:00,0.0191,0.0191,0,0,0,0,0,0
1989-08-19 19:00:00,0.0,0.0,0,0,0,0,0,0
1989-08-19 20:00:00,0.0,0.0,0,0,0,0,0,0
1989-08-19 21:00:00,0.0,0.0,0,0,0,0,0,0
1989-08-19 22:00:00,0.0,0.0,0,0,0,0,0,0
1989-08-19 23:00:00,0.0,0.0,0,0,0,0,0,0
1989-08-20 00:00:00,0.0,0.0,0,0,0,0,0,0
1989-08-20 01:00:00,0.0,0.0,0,0,0,0,0,0
1989-08-20 02:00:00,0.0,0.0,0,0,0,0,0,0
1989-08-20 03:00:00,0.0,0.0,0,0,0,0,0,0
1989-08-20 04:00:00,0.0,0.0,0,0,0,0,0,0
1989-08-20 05:00:00,0.0,0.0,0,0,0,0,0,0
1989-08-20 06:00:00,0.0354,0.0354,0,0,0,0,0,0
1989-08-20 07:00:00,0.169,0.169,0,0,0,0,0,0
1989-08-20 08:00:00,0.336,0.336,0,0,0,0,0,0
1989-08-20 09:00:00,0.4728,0.4728,0,0,0,0,0,0
1989-08-20 10:00:00,0.5633,0.5633,0,0,0,0,0,0
1989-08-20 11:00:00,0.6125,0.6125,0,0,0,0,0,0
1989-08-20 12:00:00,0.5917,0.5917,0,0,0,0,0,0
1989-08-20 13:00:00,0.5005,0.5005,0,0,0,0,0,0
1989-08-20 14:00:00,0.3336,0.3336,0,0,0,0,0,0
1989-08-20 15:00:00,0.1918,0.1918,0,0,0,0,0,0
1989-08-20 16:00:00,0.1166,0.1166,0,0,0,0,0,0
1989-08-20 17:00:00,0.0703,0.0703,0,0,0,0,0,0
1989-08-20 18:00:00,0.0202,0.0202,0,0,0,0,0,0
1989-08-20 19:00:00,0.0,0.0,0,0,0,0,0,0
1989-08-20 20:00:00,0.0,0.0,0,0,0,0,0,0
1989-08-20 21:00:00,0.0,0.0,0,0,0,0,0,0
1989-08-20 22:00:00,0.0,0.0,0,0,0,0,0,0
1989-08-20 23:00:00,0.0,0.0,0,0,0,0,0,0
1989-08-21 00:00:00,0.0,0.0,0,0,0,0,0,0
1989-08-21 01:00:00,0.0,0.0,0,0,0,0,0,0
1989-08-21 02:00:00,0.0,0.0,0,0,0,0,0,0
1989-08-21 03:00:00,0.0,0.0,0,0,0,0,0,0
1989-08-21 04:00:00,0.0,0.0,0,0,0,0,0,0
1989-08-21 05:00:00,0.0,0.0,0,0,0,0,0,0
1989-08-21 06:00:00,0.0382,0.0382,0,0,0,0,0,0
1989-08-21 07:00:00,0.1505,0.1505,0,0,0,0,0,0
1989-08-21 08:00:00,0.3125,0.3125,0,0,0,0,0,0
1989-08-21 09:00:00,0.4548,0.4548,0,0,0,0,0,0
1989-08-21 10:00:00,0.5524,0.5524,0,0,0,0,0,0
1989-08-21 11:00:00,0.5953,0.5953,0,0,0,0,0,0
1989-08-21 12:00:00,0.5895,0.5895,0,0,0,0,0,0
1989-08-21 13:00:00,0.5348,0.5348,0,0,0,0,0,0
1989-08-21 14:00:00,0.4305,0.4305,0,0,0,0,0,0
1989-08-21 15:00:00,0.3095,0.3095,0,0,0,0,0,0
1989-08-21 16:00:00,0.2297,0.2297,0,0,0,0,0,0
1989-08-21 17:00:00,0.1072,0.1072,0,0,0,0,0,0
1989-08-21 18:00:00,0.0185,0.0185,0,0,0,0,0,0
1989-08-21 19:00:00,0.0,0.0,0,0,0,0,0,0
1989-08-21 20:00:00,0.0,0.0,0,0,0,0,0,0
1989-08-21 21:00:00,0.0,0.0,0,0,0,0,0,0
1989-08-21 22:00:00,0.0,0.0,0,0,0,0,0,0
1989-08-21 23:00:00,0.0,0.0,0,0,0,0,0,0
1989-08-22 00:00:00,0.0,0.0,0,0,0,0,0,0
1989-08-22 01:00:00,0.0,0.0,0,0,0,0,0,0
1989-08-22 02:00:00,0.0,0.0,0,0,0,0,0,0
1989-08-22 03:00:00,0.0,0.0,0,0,0,0,0,0
1989-08-22 04:00:00,0.0,0.0,0,0,0,0,0,0
1989-08-22 05:00:00,0.0,0.0,0,0,0,0,0,0
1989-08-22 06:00:00,0.032,0.032,0,0,0,0,0,0
1989-08-22 07:00:00,0.1708,0.1708,0,0,0,0,0,0
1989-08-22 08:00:00,0.3365,0.3365,0,0,0,0,0,0
1989-08-22 09:00:00,0.4585,0.4585,0,0,0,0,0,0
1989-08-22 10:00:00,0.5546,0.5546,0,0,0,0,0,0
1989-08-22 11:00:00,0.5943,0.5943,0,0,0,0,0,0
1989-08-22 12:00:00,0.579,0.579,0,0,0,0,0,0
1989-08-22 13:00:00,0.5647,0.5647,0,0,0,0,0,0
1989-08-22 14:00:00,0.5251,0.5251,0,0,0,0,0,0
1989-08-22 15:00:00,0.423,0.423,0,0,0,0,0,0
1989-08-22 16:00:00,0.2674,0.2674,0,0,0,0,0,0
1989-08-22 17:00:00,0.1072,0.1072,0,0,0,0,0,0
1989-08-22 18:00:00,0.0168,0.0168,0,0,0,0,0,0
1989-08-22 19:00:00,0.0,0.0,0,0,0,0,0,0
1989-08-22 20:00:00,0.0,0.0,0,0,0,0,0,0
1989-08-22 21:00:00,0.0,0.0,0,0,0,0,0,0
1989-08-22 22:00:00,0.0,0.0,0,0,0,0,0,0
1989-08-22 23:00:00,0.0,0.0,0,0,0,0,0,0
1989-08-23 00:00:00,0.0,0.0,0,0,0,0,0,0
1989-08-23 01:00:00,0.0,0.0,0,0,0,0,0,0
1989-08-23 02:00:00,0.0,0.0,0,0,0,0,0,0
1989-08-23 03:00:00,0.0,0.0,0,0,0,0,0,0
1989-08-23 04:00:00,0.0,0.0,0,0,0,0,0,0
1989-08-23 05:00:00,0.0,0.0,0,0,0,0,0,0
1989-08-23 06:00:00,0.0316,0.0316,0,0,0,0,0,0
1989-08-23 07:00:00,0.1703,0.1703,0,0,0,0,0,0
1989-08-23 08:00:00,0.3467,0.3467,0,0,0,0,0,0
1989-08-23 09:00:00,0.5039,0.5039,0,0,0,0,0,0
1989-08-23 10:00:00,0.6058,0.6058,0,0,0,0,0,0
1989-08-23 11:00:00,0.6668,0.6668,0,0,0,0,0,0
1989-08-23 12:00:00,0.6804,0.6804,0,0,0,0,0,0
1989-08-23 13:00:00,0.6477,0.6477,0,0,0,0,0,0
1989-08-23 14:00:00,0.5629,0.5629,0,0,0,0,0,0
1989-08-23 15:00:00,0.4367,0.4367,0,0,0,0,0,0
1989-08-23 16:00:00,0.2842,0.2842,0,0,0,0,0,0
1989-08-23 17:00:00,0.1107,0.1107,0,0,0,0,0,0
1989-08-23 18:00:00,0.0135,0.0135,0,0,0,0,0,0
1989-08-23 19:00:00,0.0,0.0,0,0,0,0,0,0
1989-08-23 20:00:00,0.0,0.0,0,0,0,0,0,0
1989-08-23 21:00:00,0.0,0.0,0,0,0,0,0,0
1989-08-23 22:00:00,0.0,0.0,0,0,0,0,0,0
1989-08-23 23:00:00,0.0,0.0,0,0,0,0,0,0
1989-08-24 00:00:00,0.0,0.0,0,0,0,0,0,0
1989-08-24 01:00:00,0.0,0.0,0,0,0,0,0,0
1989-08-24 02:00:00,0.0,0.0,0,0,0,0,0,0
1989-08-24 03:00:00,0.0,0.0,0,0,0,0,0,0
1989-08-24 04:00:00,0.0,0.0,0,0,0,0,0,0
1989-08-24 05:00:00,0.0,0.0,0,0,0,0,0,0
1989-08-24 06:00:00,0.0304,0.0304,0,0,0,0,0,0
1989-08-24 07:00:00,0.1726,0.1726,0,0,0,0,0,0
1989-08-24 08:00:00,0.3465,0.3465,0,0,0,0,0,0
1989-08-24 09:00:00,0.4896,0.4896,0,0,0,0,0,0
1989-08-24 10:00:00,0.583,0.583,0,0,0,0,0,0
1989-08-24 11:00:00,0.6426,0.6426,0,0,0,0,0,0
1989-08-24 12:00:00,0.6594,0.6594,0,0,0,0,0,0
1989-08-24 13:00:00,0.6266,0.6266,0,0,0,0,0,0
1989-08-24 14:00:00,0.5421,0.5421,0,0,0,0,0,0
1989-08-24 15:00:00,0.415,0.415,0,0,0,0,0,0
1989-08-24 16:00:00,0.2443,0.2443,0,0,0,0,0,0
1989-08-24 17:00:00,0.0972,0.0972,0,0,0,0,0,0
1989-08-24 18:00:00,0.0157,0.0157,0,0,0,0,0,0
1989-08-24 19:00:00,0.0,0.0,0,0,0,0,0,0
1989-08-24 20:00:00,0.0,0.0,0,0,0,0,0,0
1989-08-24 21:00:00,0.0,0.0,0,0,0,0,0,0
1989-08-24 22:00:00,0.0,0.0,0,0,0,0,0,0
1989-08-24 23:00:00,0.0,0.0,0,0,0,0,0,0
1989-08-25 00:00:00,0.0,0.0,0,0,0,0,0,0
1989-08-25 01:00:00,0.0,0.0,0,0,0,0,0,0
1989-08-25 02:00:00,0.0,0.0,0,0,0,0,0,0
1989-08-25 03:00:00,0.0,0.0,0,0,0,0,0,0
1989-08-25 04:00:00,0.0,0.0,0,0,0,0,0,0
1989-08-25 05:00:00,0.0,0.0,0,0,0,0,0,0
1989-08-25 06:00:00,0.0303,0.0303,0,0,0,0,0,0
1989-08-25 07:00:00,0.1711,0.1711,0,0,0,0,0,0
1989-08-25 08:00:00,0.3573,0.3573,0,0,0,0,0,0
1989-08-25 09:00:00,0.5141,0.5141,0,0,0,0,0,0
1989-08-25 10:00:00,0.5875,0.5875,0,0,0,0,0,0
1989-08-25 11:00:00,0.6427,0.6427,0,0,0,0,0,0
1989-08-25 12:00:00,0.6695,0.6695,0,0,0,0,0,0
1989-08-25 13:00:00,0.6235,0.6235,0,0,0,0,0,0
1989-08-25 14:00:00,0.5463,0.5463,0,0,0,0,0,0
1989-08-25 15:00:00,0.4407,0.4407,0,0,0,0,0,0
1989-08-25 16:00:00,0.2877,0.2877,0,0,0,0,0,0
1989-08-25 17:00:00,0.1104,0.1104,0,0,0,0,0,0
1989-08-25 18:00:00,0.0105,0.0105,0,0,0,0,0,0
1989-08-25 19:00:00,0.0,0.0,0,0,0,0,0,0
1989-08-25 20:00:00,0.0,0.0,0,0,0,0,0,0
1989-08-25 21:00:00,0.0,0.0,0,0,0,0,0,0
1989-08-25 22:00:00,0.0,0.0,0,0,0,0,0,0
1989-08-25 23:00:00,0.0,0.0,0,0,0,0,0,0
1989-08-26 00:00:00,0.0,0.0,0,0,0,0,0,0
1989-08-26 01:00:00,0.0,0.0,0,0,0,0,0,0
1989-08-26 02:00:00,0.0,0.0,0,0,0,0,0,0
1989-08-26 03:00:00,0.0,0.0,0,0,0,0,0,0
1989-08-26 04:00:00,0.0,0.0,0,0,0,0,0,0
1989-08-26 05:00:00,0.0,0.0,0,0,0,0,0,0
1989-08-26 06:00:00,0.028,0.028,0,0,0,0,0,0
1989-08-26 07:00:00,0.1821,0.1821,0,0,0,0,0,0
1989-08-26 08:00:00,0.3767,0.3767,0,0,0,0,0,0
1989-08-26 09:00:00,0.536,0.536,0,0,0,0,0,0
1989-08-26 10:00:00,0.637,0.637,0,0,0,0,0,0
1989-08-26 11:00:00,0.6958,0.6958,0,0,0,0,0,0
1989-08-26 12:00:00,0.7066,0.7066,0,0,0,0,0,0
1989-08-26 13:00:00,0.6676,0.6676,0,0,0,0,0,0
1989-08-26 14:00:00,0.5793,0.5793,0,0,0,0,0,0
1989-08-26 15:00:00,0.4583,0.4583,0,0,0,0,0,0
1989-08-26 16:00:00,0.2926,0.2926,0,0,0,0,0,0
1989-08-26 17:00:00,0.1089,0.1089,0,0,0,0,0,0
1989-08-26 18:00:00,0.0096,0.0096,0,0,0,0,0,0
1989-08-26 19:00:00,0.0,0.0,0,0,0,0,0,0
1989-08-26 20:00:00,0.0,0.0,0,0,0,0,0,0
1989-08-26 21:00:00,0.0,0.0,0,0,0,0,0,0
1989-08-26 22:00:00,0.0,0.0,0,0,0,0,0,0
1989-08-26 23:00:00,0.0,0.0,0,0,0,0,0,0
1989-08-27 00:00:00,0.0,0.0,0,0,0,0,0,0
1989-08-27 01:00:00,0.0,0.0,0,0,0,0,0,0
1989-08-27 02:00:00,0.0,0.0,0,0,0,0,0,0
1989-08-27 03:00:00,0.0,0.0,0,0,0,0,0,0
1989-08-27 04:00:00,0.0,0.0,0,0,0,0,0,0
1989-08-27 05:00:00,0.0,0.0,0,0,0,0,0,0
1989-08-27 06:00:00,0.0336,0.0336,0,0,0,0,0,0
1989-08-27 07:00:00,0.1578,0.1578,0,0,0,0,0,0
1989-08-27 08:00:00,0.3292,0.3292,0,0,0,0,0,0
1989-08-27 09:00:00,0.4424,0.4424,0,0,0,0,0,0
1989-08-27 10:00:00,0.5003,0.5003,0,0,0,0,0,0
1989-08-27 11:00:00,0.5302,0.5302,0,0,0,0,0,0
1989-08-27 12:00:00,0.5097,0.5097,0,0,0,0,0,0
1989-08-27 13:00:00,0.454,0.454,0,0,0,0,0,0
1989-08-27 14:00:00,0.409,0.409,0,0,0,0,0,0
1989-08-27 15:00:00,0.3259,0.3259,0,0,0,0,0,0
1989-08-27 16:00:00,0.2244,0.2244,0,0,0,0,0,0
1989-08-27 17:00:00,0.0973,0.0973,0,0,0,0,0,0
1989-08-27 18:00:00,0.0125,0.0125,0,0,0,0,0,0
1989-08-27 19:00:00,0.0,0.0,0,0,0,0,0,0
1989-08-27 20:00:00,0.0,0.0,0,0,0,0,0,0
1989-08-27 21:00:00,0.0,0.0,0,0,0,0,0,0
1989-08-27 22:00:00,0.0,0.0,0,0,0,0,0,0
1989-08-27 23:00:00,0.0,0.0,0,0,0,0,0,0
1989-08-28 00:00:00,0.0,0.0,0,0,0,0,0,0
1989-08-28 01:00:00,0.0,0.0,0,0,0,0,0,0
1989-08-28 02:00:00,0.0,0.0,0,0,0,0,0,0
1989-08-28 03:00:00,0.0,0.0,0,0,0,0,0,0
1989-08-28 04:00:00,0.0,0.0,0,0,0,0,0,0
1989-08-28 05:00:00,0.0,0.0,0,0,0,0,0,0
1989-08-28 06:00:00,0.0328,0.0328,0,0,0,0,0,0
1989-08-28 07:00:00,0.1529,0.1529,0,0,0,0,0,0
1989-08-28 08:00:00,0.3176,0.3176,0,0,0,0,0,0
1989-08-28 09:00:00,0.4664,0.4664,0,0,0,0,0,0
1989-08-28 10:00:00,0.5603,0.5603,0,0,0,0,0,0
1989-08-28 11:00:00,0.6618,0.6618,0,0,0,0,0,0
1989-08-28 12:00:00,0.7161,0.7161,0,0,0,0,0,0
1989-08-28 13:00:00,0.692,0.692,0,0,0,0,0,0
1989-08-28 14:00:00,0.6184,0.6184,0,0,0,0,0,0
1989-08-28 15:00:00,0.4978,0.4978,0,0,0,0,0,0
1989-08-28 16:00:00,0.3084,0.3084,0,0,0,0,0,0
1989-08-28 17:00:00,0.1101,0.1101,0,0,0,0,0,0
1989-08-28 18:00:00,0.0076,0.0076,0,0,0,0,0,0
1989-08-28 19:00:00,0.0,0.0,0,0,0,0,0,0
1989-08-28 20:00:00,0.0,0.0,0,0,0,0,0,0
1989-08-28 21:00:00,0.0,0.0,0,0,0,0,0,0
1989-08-28 22:00:00,0.0,0.0,0,0,0,0,0,0
1989-08-28 23:00:00,0.0,0.0,0,0,0,0,0,0
1989-08-29 00:00:00,0.0,0.0,0,0,0,0,0,0
1989-08-29 01:00:00,0.0,0.0,0,0,0,0,0,0
1989-08-29 02:00:00,0.0,0.0,0,0,0,0,0,0
1989-08-29 03:00:00,0.0,0.0,0,0,0,0,0,0
1989-08-29 04:00:00,0.0,0.0,0,0,0,0,0,0
1989-08-29 05:00:00,0.0,0.0,0,0,0,0,0,0
1989-08-29 06:00:00,0.0268,0.0268,0,0,0,0,0,0
1989-08-29 07:00:00,0.1906,0.1906,0,0,0,0,0,0
1989-08-29 08:00:00,0.3983,0.3983,0,0,0,0,0,0
1989-08-29 09:00:00,0.569,0.569,0,0,0,0,0,0
1989-08-29 10:00:00,0.6755,0.6755,0,0,0,0,0,0
1989-08-29 11:00:00,0.7349,0.7349,0,0,0,0,0,0
1989-08-29 12:00:00,0.7452,0.7452,0,0,0,0,0,0
1989-08-29 13:00:00,0.7131,0.7131,0,0,0,0,0,0
1989-08-29 14:00:00,0.6251,0.6251,0,0,0,0,0,0
1989-08-29 15:00:00,0.486,0.486,0,0,0,0,0,0
1989-08-29 16:00:00,0.3028,0.3028,0,0,0,0,0,0
1989-08-29 17:00:00,0.1062,0.1062,0,0,0,0,0,0
1989-08-29 18:00:00,0.0062,0.0062,0,0,0,0,0,0
1989-08-29 19:00:00,0.0,0.0,0,0,0,0,0,0
1989-08-29 20:00:00,0.0,0.0,0,0,0,0,0,0
1989-08-29 21:00:00,0.0,0.0,0,0,0,0,0,0
1989-08-29 22:00:00,0.0,0.0,0,0,0,0,0,0
1989-08-29 23:00:00,0.0,0.0,0,0,0,0,0,0
1989-08-30 00:00:00,0.0,0.0,0,0,0,0,0,0
1989-08-30 01:00:00,0.0,0.0,0,0,0,0,0,0
1989-08-30 02:00:00,0.0,0.0,0,0,0,0,0,0
1989-08-30 03:00:00,0.0,0.0,0,0,0,0,0,0
1989-08-30 04:00:00,0.0,0.0,0,0,0,0,0,0
1989-08-30 05:00:00,0.0,0.0,0,0,0,0,0,0
1989-08-30 06:00:00,0.0282,0.0282,0,0,0,0,0,0
1989-08-30 07:00:00,0.1777,0.1777,0,0,0,0,0,0
1989-08-30 08:00:00,0.3706,0.3706,0,0,0,0,0,0
1989-08-30 09:00:00,0.5253,0.5253,0,0,0,0,0,0
1989-08-30 10:00:00,0.617,0.617,0,0,0,0,0,0
1989-08-30 11:00:00,0.6775,0.6775,0,0,0,0,0,0
1989-08-30 12:00:00,0.6897,0.6897,0,0,0,0,0,0
1989-08-30 13:00:00,0.6637,0.6637,0,0,0,0,0,0
1989-08-30 14:00:00,0.5898,0.5898,0,0,0,0,0,0
1989-08-30 15:00:00,0.4625,0.4625,0,0,0,0,0,0
1989-08-30 16:00:00,0.2903,0.2903,0,0,0,0,0,0
1989-08-30 17:00:00,0.1017,0.1017,0,0,0,0,0,0
1989-08-30 18:00:00,0.0054,0.0054,0,0,0,0,0,0
1989-08-30 19:00:00,0.0,0.0,0,0,0,0,0,0
1989-08-30 20:00:00,0.0,0.0,0,0,0,0,0,0
1989-08-30 21:00:00,0.0,0.0,0,0,0,0,0,0
1989-08-30 22:00:00,0.0,0.0,0,0,0,0,0,0
1989-08-30 23:00:00,0.0,0.0,0,0,0,0,0,0
1989-08-31 00:00:00,0.0,0.0,0,0,0,0,0,0
1989-08-31 01:00:00,0.0,0.0,0,0,0,0,0,0
1989-08-31 02:00:00,0.0,0.0,0,0,0,0,0,0
1989-08-31 03:00:00,0.0,0.0,0,0,0,0,0,0
1989-08-31 04:00:00,0.0,0.0,0,0,0,0,0,0
1989-08-31 05:00:00,0.0,0.0,0,0,0,0,0,0
1989-08-31 06:00:00,0.0237,0.0237,0,0,0,0,0,0
1989-08-31 07:00:00,0.1017,0.1017,0,0,0,0,0,0
1989-08-31 08:00:00,0.1821,0.1821,0,0,0,0,0,0
1989-08-31 09:00:00,0.2173,0.2173,0,0,0,0,0,0
1989-08-31 10:00:00,0.2369,0.2369,0,0,0,0,0,0
1989-08-31 11:00:00,0.2934,0.2934,0,0,0,0,0,0
1989-08-31 12:00:00,0.355,0.355,0,0,0,0,0,0
1989-08-31 13:00:00,0.3901,0.3901,0,0,0,0,0,0
1989-08-31 14:00:00,0.3538,0.3538,0,0,0,0,0,0
1989-08-31 15:00:00,0.2681,0.2681,0,0,0,0,0,0
1989-08-31 16:00:00,0.1578,0.1578,0,0,0,0,0,0
1989-08-31 17:00:00,0.0565,0.0565,0,0,0,0,0,0
1989-08-31 18:00:00,0.002,0.002,0,0,0,0,0,0
1989-08-31 19:00:00,0.0,0.0,0,0,0,0,0,0
1989-08-31 20:00:00,0.0,0.0,0,0,0,0,0,0
1989-08-31 21:00:00,0.0,0.0,0,0,0,0,0,0
1989-08-31 22:00:00,0.0,0.0,0,0,0,0,0,0
1989-08-31 23:00:00,0.0,0.0,0,0,0,0,0,0
1989-09-01 00:00:00,0.0,0.0,0,0,0,0,0,0
1989-09-01 01:00:00,0.0,0.0,0,0,0,0,0,0
1989-09-01 02:00:00,0.0,0.0,0,0,0,0,0,0
1989-09-01 03:00:00,0.0,0.0,0,0,0,0,0,0
1989-09-01 04:00:00,0.0,0.0,0,0,0,0,0,0
1989-09-01 05:00:00,0.0,0.0,0,0,0,0,0,0
1989-09-01 06:00:00,0.011,0.011,0,0,0,0,0,0
1989-09-01 07:00:00,0.0706,0.0706,0,0,0,0,0,0
1989-09-01 08:00:00,0.1377,0.1377,0,0,0,0,0,0
1989-09-01 09:00:00,0.2006,0.2006,0,0,0,0,0,0
1989-09-01 10:00:00,0.2787,0.2787,0,0,0,0,0,0
1989-09-01 11:00:00,0.3561,0.3561,0,0,0,0,0,0
1989-09-01 12:00:00,0.5652,0.5652,0,0,0,0,0,0
1989-09-01 13:00:00,0.6451,0.6451,0,0,0,0,0,0
1989-09-01 14:00:00,0.5533,0.5533,0,0,0,0,0,0
1989-09-01 15:00:00,0.414,0.414,0,0,0,0,0,0
1989-09-01 16:00:00,0.2328,0.2328,0,0,0,0,0,0
1989-09-01 17:00:00,0.0883,0.0883,0,0,0,0,0,0
1989-09-01 18:00:00,0.0041,0.0041,0,0,0,0,0,0
1989-09-01 19:00:00,0.0,0.0,0,0,0,0,0,0
1989-09-01 20:00:00,0.0,0.0,0,0,0,0,0,0
1989-09-01 21:00:00,0.0,0.0,0,0,0,0,0,0
1989-09-01 22:00:00,0.0,0.0,0,0,0,0,0,0
1989-09-01 23:00:00,0.0,0.0,0,0,0,0,0,0
1989-09-02 00:00:00,0.0,0.0,0,0,0,0,0,0
1989-09-02 01:00:00,0.0,0.0,0,0,0,0,0,0
1989-09-02 02:00:00,0.0,0.0,0,0,0,0,0,0
1989-09-02 03:00:00,0.0,0.0,0,0,0,0,0,0
1989-09-02 04:00:00,0.0,0.0,0,0,0,0,0,0
1989-09-02 05:00:00,0.0,0.0,0,0,0,0,0,0
1989-09-02 06:00:00,0.03,0.03,0,0,0,0,0,0
1989-09-02 07:00:00,0.1479,0.1479,0,0,0,0,0,0
1989-09-02 08:00:00,0.3174,0.3174,0,0,0,0,0,0
1989-09-02 09:00:00,0.5287,0.5287,0,0,0,0,0,0
1989-09-02 10:00:00,0.6596,0.6596,0,0,0,0,0,0
1989-09-02 11:00:00,0.7118,0.7118,0,0,0,0,0,0
1989-09-02 12:00:00,0.7245,0.7245,0,0,0,0,0,0
1989-09-02 13:00:00,0.6901,0.6901,0,0,0,0,0,0
1989-09-02 14:00:00,0.6075,0.6075,0,0,0,0,0,0
1989-09-02 15:00:00,0.4776,0.4776,0,0,0,0,0,0
1989-09-02 16:00:00,0.2923,0.2923,0,0,0,0,0,0
1989-09-02 17:00:00,0.0974,0.0974,0,0,0,0,0,0
1989-09-02 18:00:00,0.0,0.0,0,0,0,0,0,0
1989-09-02 19:00:00,0.0,0.0,0,0,0,0,0,0
1989-09-02 20:00:00,0.0,0.0,0,0,0,0,0,0
1989-09-02 21:00:00,0.0,0.0,0,0,0,0,0,0
1989-09-02 22:00:00,0.0,0.0,0,0,0,0,0,0
1989-09-02 23:00:00,0.0,0.0,0,0,0,0,0,0
1989-09-03 00:00:00,0.0,0.0,0,0,0,0,0,0
1989-09-03 01:00:00,0.0,0.0,0,0,0,0,0,0
1989-09-03 02:00:00,0.0,0.0,0,0,0,0,0,0
1989-09-03 03:00:00,0.0,0.0,0,0,0,0,0,0
1989-09-03 04:00:00,0.0,0.0,0,0,0,0,0,0
1989-09-03 05:00:00,0.0,0.0,0,0,0,0,0,0
1989-09-03 06:00:00,0.0256,0.0256,0,0,0,0,0,0
1989-09-03 07:00:00,0.1778,0.1778,0,0,0,0,0,0
1989-09-03 08:00:00,0.3768,0.3768,0,0,0,0,0,0
1989-09-03 09:00:00,0.5389,0.5389,0,0,0,0,0,0
1989-09-03 10:00:00,0.6306,0.6306,0,0,0,0,0,0
1989-09-03 11:00:00,0.6791,0.6791,0,0,0,0,0,0
1989-09-03 12:00:00,0.6731,0.6731,0,0,0,0,0,0
1989-09-03 13:00:00,0.6581,0.6581,0,0,0,0,0,0
1989-09-03 14:00:00,0.5983,0.5983,0,0,0,0,0,0
1989-09-03 15:00:00,0.4611,0.4611,0,0,0,0,0,0
1989-09-03 16:00:00,0.2819,0.2819,0,0,0,0,0,0
1989-09-03 17:00:00,0.0936,0.0936,0,0,0,0,0,0
1989-09-03 18:00:00,0.0,0.0,0,0,0,0,0,0
1989-09-03 19:00:00,0.0,0.0,0,0,0,0,0,0
1989-09-03 20:00:00,0.0,0.0,0,0,0,0,0,0
1989-09-03 21:00:00,0.0,0.0,0,0,0,0,0,0
1989-09-03 22:00:00,0.0,0.0,0,0,0,0,0,0
1989-09-03 23:00:00,0.0,0.0,0,0,0,0,0,0
1989-09-04 00:00:00,0.0,0.0,0,0,0,0,0,0
1989-09-04 01:00:00,0.0,0.0,0,0,0,0,0,0
1989-09-04 02:00:00,0.0,0.0,0,0,0,0,0,0
1989-09-04 03:00:00,0.0,0.0,0,0,0,0,0,0
1989-09-04 04:00:00,0.0,0.0,0,0,0,0,0,0
1989-09-04 05:00:00,0.0,0.0,0,0,0,0,0,0
1989-09-04 06:00:00,0.0259,0.0259,0,0,0,0,0,0
1989-09-04 07:00:00,0.1697,0.1697,0,0,0,0,0,0
1989-09-04 08:00:00,0.353,0.353,0,0,0,0,0,0
1989-09-04 09:00:00,0.5075,0.5075,0,0,0,0,0,0
1989-09-04 10:00:00,0.609,0.609,0,0,0,0,0,0
1989-09-04 11:00:00,0.6933,0.6933,0,0,0,0,0,0
1989-09-04 12:00:00,0.7125,0.7125,0,0,0,0,0,0
1989-09-04 13:00:00,0.6537,0.6537,0,0,0,0,0,0
1989-09-04 14:00:00,0.5448,0.5448,0,0,0,0,0,0
1989-09-04 15:00:00,0.4322,0.4322,0,0,0,0,0,0
1989-09-04 16:00:00,0.2632,0.2632,0,0,0,0,0,0
1989-09-04 17:00:00,0.0884,0.0884,0,0,0,0,0,0
1989-09-04 18:00:00,0.0,0.0,0,0,0,0,0,0
1989-09-04 19:00:00,0.0,0.0,0,0,0,0,0,0
1989-09-04 20:00:00,0.0,0.0,0,0,0,0,0,0
1989-09-04 21:00:00,0.0,0.0,0,0,0,0,0,0
1989-09-04 22:00:00,0.0,0.0,0,0,0,0,0,0
1989-09-04 23:00:00,0.0,0.0,0,0,0,0,0,0
1989-09-05 00:00:00,0.0,0.0,0,0,0,0,0,0
1989-09-05 01:00:00,0.0,0.0,0,0,0,0,0,0
1989-09-05 02:00:00,0.0,0.0,0,0,0,0,0,0
1989-09-05 03:00:00,0.0,0.0,0,0,0,0,0,0
1989-09-05 04:00:00,0.0,0.0,0,0,0,0,0,0
1989-09-05 05:00:00,0.0,0.0,0,0,0,0,0,0
1989-09-05 06:00:00,0.0251,0.0251,0,0,0,0,0,0
1989-09-05 07:00:00,0.1797,0.1797,0,0,0,0,0,0
1989-09-05 08:00:00,0.3807,0.3807,0,0,0,0,0,0
1989-09-05 09:00:00,0.5247,0.5247,0,0,0,0,0,0
1989-09-05 10:00:00,0.6023,0.6023,0,0,0,0,0,0
1989-09-05 11:00:00,0.6351,0.6351,0,0,0,0,0,0
1989-09-05 12:00:00,0.6255,0.6255,0,0,0,0,0,0
1989-09-05 13:00:00,0.5851,0.5851,0,0,0,0,0,0
1989-09-05 14:00:00,0.4796,0.4796,0,0,0,0,0,0
1989-09-05 15:00:00,0.3288,0.3288,0,0,0,0,0,0
1989-09-05 16:00:00,0.1665,0.1665,0,0,0,0,0,0
1989-09-05 17:00:00,0.057,0.057,0,0,0,0,0,0
1989-09-05 18:00:00,0.0,0.0,0,0,0,0,0,0
1989-09-05 19:00:00,0.0,0.0,0,0,0,0,0,0
1989-09-05 20:00:00,0.0,0.0,0,0,0,0,0,0
1989-09-05 21:00:00,0.0,0.0,0,0,0,0,0,0
1989-09-05 22:00:00,0.0,0.0,0,0,0,0,0,0
1989-09-05 23:00:00,0.0,0.0,0,0,0,0,0,0
1989-09-06 00:00:00,0.0,0.0,0,0,0,0,0,0
1989-09-06 01:00:00,0.0,0.0,0,0,0,0,0,0
1989-09-06 02:00:00,0.0,0.0,0,0,0,0,0,0
1989-09-06 03:00:00,0.0,0.0,0,0,0,0,0,0
1989-09-06 04:00:00,0.0,0.0,0,0,0,0,0,0
1989-09-06 05:00:00,0.0,0.0,0,0,0,0,0,0
1989-09-06 06:00:00,0.0249,0.0249,0,0,0,0,0,0
1989-09-06 07:00:00,0.1582,0.1582,0,0,0,0,0,0
1989-09-06 08:00:00,0.3158,0.3158,0,0,0,0,0,0
1989-09-06 09:00:00,0.4482,0.4482,0,0,0,0,0,0
1989-09-06 10:00:00,0.5324,0.5324,0,0,0,0,0,0
1989-09-06 11:00:00,0.5707,0.5707,0,0,0,0,0,0
1989-09-06 12:00:00,0.5353,0.5353,0,0,0,0,0,0
1989-09-06 13:00:00,0.4342,0.4342,0,0,0,0,0,0
1989-09-06 14:00:00,0.3717,0.3717,0,0,0,0,0,0
1989-09-06 15:00:00,0.3015,0.3015,0,0,0,0,0,0
1989-09-06 16:00:00,0.1654,0.1654,0,0,0,0,0,0
1989-09-06 17:00:00,0.0614,0.0614,0,0,0,0,0,0
1989-09-06 18:00:00,0.0,0.0,0,0,0,0,0,0
1989-09-06 19:00:00,0.0,0.0,0,0,0,0,0,0
1989-09-06 20:00:00,0.0,0.0,0,0,0,0,0,0
1989-09-06 21:00:00,0.0,0.0,0,0,0,0,0,0
1989-09-06 22:00:00,0.0,0.0,0,0,0,0,0,0
1989-09-06 23:00:00,0.0,0.0,0,0,0,0,0,0
1989-09-07 00:00:00,0.0,0.0,0,0,0,0,0,0
1989-09-07 01:00:00,0.0,0.0,0,0,0,0,0,0
1989-09-07 02:00:00,0.0,0.0,0,0,0,0,0,0
1989-09-07 03:00:00,0.0,0.0,0,0,0,0,0,0
1989-09-07 04:00:00,0.0,0.0,0,0,0,0,0,0
1989-09-07 05:00:00,0.0,0.0,0,0,0,0,0,0
1989-09-07 06:00:00,0.0246,0.0246,0,0,0,0,0,0
1989-09-07 07:00:00,0.1635,0.1635,0,0,0,0,0,0
1989-09-07 08:00:00,0.3385,0.3385,0,0,0,0,0,0
1989-09-07 09:00:00,0.4935,0.4935,0,0,0,0,0,0
1989-09-07 10:00:00,0.5869,0.5869,0,0,0,0,0,0
1989-09-07 11:00:00,0.6316,0.6316,0,0,0,0,0,0
1989-09-07 12:00:00,0.6149,0.6149,0,0,0,0,0,0
1989-09-07 13:00:00,0.5696,0.5696,0,0,0,0,0,0
1989-09-07 14:00:00,0.5142,0.5142,0,0,0,0,0,0
1989-09-07 15:00:00,0.381,0.381,0,0,0,0,0,0
1989-09-07 16:00:00,0.2301,0.2301,0,0,0,0,0,0
1989-09-07 17:00:00,0.08,0.08,0,0,0,0,0,0
1989-09-07 18:00:00,0.0,0.0,0,0,0,0,0,0
1989-09-07 19:00:00,0.0,0.0,0,0,0,0,0,0
1989-09-07 20:00:00,0.0,0.0,0,0,0,0,0,0
1989-09-07 21:00:00,0.0,0.0,0,0,0,0,0,0
1989-09-07 22:00:00,0.0,0.0,0,0,0,0,0,0
1989-09-07 23:00:00,0.0,0.0,0,0,0,0,0,0
1989-09-08 00:00:00,0.0,0.0,0,0,0,0,0,0
1989-09-08 01:00:00,0.0,0.0,0,0,0,0,0,0
1989-09-08 02:00:00,0.0,0.0,0,0,0,0,0,0
1989-09-08 03:00:00,0.0,0.0,0,0,0,0,0,0
1989-09-08 04:00:00,0.0,0.0,0,0,0,0,0,0
1989-09-08 05:00:00,0.0,0.0,0,0,0,0,0,0
1989-09-08 06:00:00,0.0213,0.0213,0,0,0,0,0,0
1989-09-08 07:00:00,0.1019,0.1019,0,0,0,0,0,0
1989-09-08 08:00:00,0.183,0.183,0,0,0,0,0,0
1989-09-08 09:00:00,0.1846,0.1846,0,0,0,0,0,0
1989-09-08 10:00:00,0.165,0.165,0,0,0,0,0,0
1989-09-08 11:00:00,0.1667,0.1667,0,0,0,0,0,0
1989-09-08 12:00:00,0.1524,0.1524,0,0,0,0,0,0
1989-09-08 13:00:00,0.1473,0.1473,0,0,0,0,0,0
1989-09-08 14:00:00,0.1645,0.1645,0,0,0,0,0,0
1989-09-08 15:00:00,0.1553,0.1553,0,0,0,0,0,0
1989-09-08 16:00:00,0.0915,0.0915,0,0,0,0,0,0
1989-09-08 17:00:00,0.0302,0.0302,0,0,0,0,0,0
1989-09-08 18:00:00,0.0,0.0,0,0,0,0,0,0
1989-09-08 19:00:00,0.0,0.0,0,0,0,0,0,0
1989-09-08 20:00:00,0.0,0.0,0,0,0,0,0,0
1989-09-08 21:00:00,0.0,0.0,0,0,0,0,0,0
1989-09-08 22:00:00,0.0,0.0,0,0,0,0,0,0
1989-09-08 23:00:00,0.0,0.0,0,0,0,0,0,0
1989-09-09 00:00:00,0.0,0.0,0,0,0,0,0,0
1989-09-09 01:00:00,0.0,0.0,0,0,0,0,0,0
1989-09-09 02:00:00,0.0,0.0,0,0,0,0,0,0
1989-09-09 03:00:00,0.0,0.0,0,0,0,0,0,0
1989-09-09 04:00:00,0.0,0.0,0,0,0,0,0,0
1989-09-09 05:00:00,0.0,0.0,0,0,0,0,0,0
1989-09-09 06:00:00,0.0222,0.0222,0,0,0,0,0,0
1989-09-09 07:00:00,0.1577,0.1577,0,0,0,0,0,0
1989-09-09 08:00:00,0.3445,0.3445,0,0,0,0,0,0
1989-09-09 09:00:00,0.5055,0.5055,0,0,0,0,0,0
1989-09-09 10:00:00,0.5949,0.5949,0,0,0,0,0,0
1989-09-09 11:00:00,0.6394,0.6394,0,0,0,0,0,0
1989-09-09 12:00:00,0.6202,0.6202,0,0,0,0,0,0
1989-09-09 13:00:00,0.5133,0.5133,0,0,0,0,0,0
1989-09-09 14:00:00,0.3867,0.3867,0,0,0,0,0,0
1989-09-09 15:00:00,0.2907,0.2907,0,0,0,0,0,0
1989-09-09 16:00:00,0.1574,0.1574,0,0,0,0,0,0
1989-09-09 17:00:00,0.054,0.054,0,0,0,0,0,0
1989-09-09 18:00:00,0.0,0.0,0,0,0,0,0,0
1989-09-09 19:00:00,0.0,0.0,0,0,0,0,0,0
1989-09-09 20:00:00,0.0,0.0,0,0,0,0,0,0
1989-09-09 21:00:00,0.0,0.0,0,0,0,0,0,0
1989-09-09 22:00:00,0.0,0.0,0,0,0,0,0,0
1989-09-09 23:00:00,0.0,0.0,0,0,0,0,0,0
1989-09-10 00:00:00,0.0,0.0,0,0,0,0,0,0
1989-09-10 01:00:00,0.0,0.0,0,0,0,0,0,0
1989-09-10 02:00:00,0.0,0.0,0,0,0,0,0,0
1989-09-10 03:00:00,0.0,0.0,0,0,0,0,0,0
1989-09-10 04:00:00,0.0,0.0,0,0,0,0,0,0
1989-09-10 05:00:00,0.0,0.0,0,0,0,0,0,0
1989-09-10 06:00:00,0.0219,0.0219,0,0,0,0,0,0
1989-09-10 07:00:00,0.1496,0.1496,0,0,0,0,0,0
1989-09-10 08:00:00,0.322,0.322,0,0,0,0,0,0
1989-09-10 09:00:00,0.4688,0.4688,0,0,0,0,0,0
1989-09-10 10:00:00,0.5618,0.5618,0,0,0,0,0,0
1989-09-10 11:00:00,0.584,0.584,0,0,0,0,0,0
1989-09-10 12:00:00,0.4601,0.4601,0,0,0,0,0,0
1989-09-10 13:00:00,0.3086,0.3086,0,0,0,0,0,0
1989-09-10 14:00:00,0.2402,0.2402,0,0,0,0,0,0
1989-09-10 15:00:00,0.231,0.231,0,0,0,0,0,0
1989-09-10 16:00:00,0.1669,0.1669,0,0,0,0,0,0
1989-09-10 17:00:00,0.0497,0.0497,0,0,0,0,0,0
1989-09-10 18:00:00,0.0,0.0,0,0,0,0,0,0
1989-09-10 19:00:00,0.0,0.0,0,0,0,0,0,0
1989-09-10 20:00:00,0.0,0.0,0,0,0,0,0,0
1989-09-10 21:00:00,0.0,0.0,0,0,0,0,0,0
1989-09-10 22:00:00,0.0,0.0,0,0,0,0,0,0
1989-09-10 23:00:00,0.0,0.0,0,0,0,0,0,0
1989-09-11 00:00:00,0.0,0.0,0,0,0,0,0,0
1989-09-11 01:00:00,0.0,0.0,0,0,0,0,0,0
1989-09-11 02:00:00,0.0,0.0,0,0,0,0,0,0
1989-09-11 03:00:00,0.0,0.0,0,0,0,0,0,0
1989-09-11 04:00:00,0.0,0.0,0,0,0,0,0,0
1989-09-11 05:00:00,0.0,0.0,0,0,0,0,0,0
1989-09-11 06:00:00,0.0218,0.0218,0,0,0,0,0,0
1989-09-11 07:00:00,0.139,0.139,0,0,0,0,0,0
1989-09-11 08:00:00,0.3171,0.3171,0,0,0,0,0,0
1989-09-11 09:00:00,0.4658,0.4658,0,0,0,0,0,0
1989-09-11 10:00:00,0.5342,0.5342,0,0,0,0,0,0
1989-09-11 11:00:00,0.6009,0.6009,0,0,0,0,0,0
1989-09-11 12:00:00,0.6199,0.6199,0,0,0,0,0,0
1989-09-11 13:00:00,0.5584,0.5584,0,0,0,0,0,0
1989-09-11 14:00:00,0.4547,0.4547,0,0,0,0,0,0
1989-09-11 15:00:00,0.3487,0.3487,0,0,0,0,0,0
1989-09-11 16:00:00,0.2027,0.2027,0,0,0,0,0,0
1989-09-11 17:00:00,0.0603,0.0603,0,0,0,0,0,0
1989-09-11 18:00:00,0.0,0.0,0,0,0,0,0,0
1989-09-11 19:00:00,0.0,0.0,0,0,0,0,0,0
1989-09-11 20:00:00,0.0,0.0,0,0,0,0,0,0
1989-09-11 21:00:00,0.0,0.0,0,0,0,0,0,0
1989-09-11 22:00:00,0.0,0.0,0,0,0,0,0,0
1989-09-11 23:00:00,0.0,0.0,0,0,0,0,0,0
1989-09-12 00:00:00,0.0,0.0,0,0,0,0,0,0
1989-09-12 01:00:00,0.0,0.0,0,0,0,0,0,0
1989-09-12 02:00:00,0.0,0.0,0,0,0,0,0,0
1989-09-12 03:00:00,0.0,0.0,0,0,0,0,0,0
1989-09-12 04:00:00,0.0,0.0,0,0,0,0,0,0
1989-09-12 05:00:00,0.0,0.0,0,0,0,0,0,0
1989-09-12 06:00:00,0.0139,0.0139,0,0,0,0,0,0
1989-09-12 07:00:00,0.08,0.08,0,0,0,0,0,0
1989-09-12 08:00:00,0.1935,0.1935,0,0,0,0,0,0
1989-09-12 09:00:00,0.3652,0.3652,0,0,0,0,0,0
1989-09-12 10:00:00,0.5465,0.5465,0,0,0,0,0,0
1989-09-12 11:00:00,0.6203,0.6203,0,0,0,0,0,0
1989-09-12 12:00:00,0.5733,0.5733,0,0,0,0,0,0
1989-09-12 13:00:00,0.5414,0.5414,0,0,0,0,0,0
1989-09-12 14:00:00,0.4812,0.4812,0,0,0,0,0,0
1989-09-12 15:00:00,0.3339,0.3339,0,0,0,0,0,0
1989-09-12 16:00:00,0.1815,0.1815,0,0,0,0,0,0
1989-09-12 17:00:00,0.0563,0.0563,0,0,0,0,0,0
1989-09-12 18:00:00,0.0,0.0,0,0,0,0,0,0
1989-09-12 19:00:00,0.0,0.0,0,0,0,0,0,0
1989-09-12 20:00:00,0.0,0.0,0,0,0,0,0,0
1989-09-12 21:00:00,0.0,0.0,0,0,0,0,0,0
1989-09-12 22:00:00,0.0,0.0,0,0,0,0,0,0
1989-09-12 23:00:00,0.0,0.0,0,0,0,0,0,0
1989-09-13 00:00:00,0.0,0.0,0,0,0,0,0,0
1989-09-13 01:00:00,0.0,0.0,0,0,0,0,0,0
1989-09-13 02:00:00,0.0,0.0,0,0,0,0,0,0
1989-09-13 03:00:00,0.0,0.0,0,0,0,0,0,0
1989-09-13 04:00:00,0.0,0.0,0,0,0,0,0,0
1989-09-13 05:00:00,0.0,0.0,0,0,0,0,0,0
1989-09-13 06:00:00,0.0132,0.0132,0,0,0,0,0,0
1989-09-13 07:00:00,0.0716,0.0716,0,0,0,0,0,0
1989-09-13 08:00:00,0.1714,0.1714,0,0,0,0,0,0
1989-09-13 09:00:00,0.3276,0.3276,0,0,0,0,0,0
1989-09-13 10:00:00,0.37,0.37,0,0,0,0,0,0
1989-09-13 11:00:00,0.3323,0.3323,0,0,0,0,0,0
1989-09-13 12:00:00,0.3417,0.3417,0,0,0,0,0,0
1989-09-13 13:00:00,0.2979,0.2979,0,0,0,0,0,0
1989-09-13 14:00:00,0.274,0.274,0,0,0,0,0,0
1989-09-13 15:00:00,0.2693,0.2693,0,0,0,0,0,0
1989-09-13 16:00:00,0.173,0.173,0,0,0,0,0,0
1989-09-13 17:00:00,0.0558,0.0558,0,0,0,0,0,0
1989-09-13 18:00:00,0.0,0.0,0,0,0,0,0,0
1989-09-13 19:00:00,0.0,0.0,0,0,0,0,0,0
1989-09-13 20:00:00,0.0,0.0,0,0,0,0,0,0
1989-09-13 21:00:00,0.0,0.0,0,0,0,0,0,0
1989-09-13 22:00:00,0.0,0.0,0,0,0,0,0,0
1989-09-13 23:00:00,0.0,0.0,0,0,0,0,0,0
1989-09-14 00:00:00,0.0,0.0,0,0,0,0,0,0
1989-09-14 01:00:00,0.0,0.0,0,0,0,0,0,0
1989-09-14 02:00:00,0.0,0.0,0,0,0,0,0,0
1989-09-14 03:00:00,0.0,0.0,0,0,0,0,0,0
1989-09-14 04:00:00,0.0,0.0,0,0,0,0,0,0
1989-09-14 05:00:00,0.0,0.0,0,0,0,0,0,0
1989-09-14 06:00:00,0.0198,0.0198,0,0,0,0,0,0
1989-09-14 07:00:00,0.1309,0.1309,0,0,0,0,0,0
1989-09-14 08:00:00,0.2872,0.2872,0,0,0,0,0,0
1989-09-14 09:00:00,0.4424,0.4424,0,0,0,0,0,0
1989-09-14 10:00:00,0.5782,0.5782,0,0,0,0,0,0
1989-09-14 11:00:00,0.657,0.657,0,0,0,0,0,0
1989-09-14 12:00:00,0.6802,0.6802,0,0,0,0,0,0
1989-09-14 13:00:00,0.6506,0.6506,0,0,0,0,0,0
1989-09-14 14:00:00,0.5635,0.5635,0,0,0,0,0,0
1989-09-14 15:00:00,0.4215,0.4215,0,0,0,0,0,0
1989-09-14 16:00:00,0.2468,0.2468,0,0,0,0,0,0
1989-09-14 17:00:00,0.0644,0.0644,0,0,0,0,0,0
1989-09-14 18:00:00,0.0,0.0,0,0,0,0,0,0
1989-09-14 19:00:00,0.0,0.0,0,0,0,0,0,0
1989-09-14 20:00:00,0.0,0.0,0,0,0,0,0,0
1989-09-14 21:00:00,0.0,0.0,0,0,0,0,0,0
1989-09-14 22:00:00,0.0,0.0,0,0,0,0,0,0
1989-09-14 23:00:00,0.0,0.0,0,0,0,0,0,0
1989-09-15 00:00:00,0.0,0.0,0,0,0,0,0,0
1989-09-15 01:00:00,0.0,0.0,0,0,0,0,0,0
1989-09-15 02:00:00,0.0,0.0,0,0,0,0,0,0
1989-09-15 03:00:00,0.0,0.0,0,0,0,0,0,0
1989-09-15 04:00:00,0.0,0.0,0,0,0,0,0,0
1989-09-15 05:00:00,0.0,0.0,0,0,0,0,0,0
1989-09-15 06:00:00,0.0192,0.0192,0,0,0,0,0,0
1989-09-15 07:00:00,0.1595,0.1595,0,0,0,0,0,0
1989-09-15 08:00:00,0.3464,0.3464,0,0,0,0,0,0
1989-09-15 09:00:00,0.5143,0.5143,0,0,0,0,0,0
1989-09-15 10:00:00,0.6212,0.6212,0,0,0,0,0,0
1989-09-15 11:00:00,0.6762,0.6762,0,0,0,0,0,0
1989-09-15 12:00:00,0.6791,0.6791,0,0,0,0,0,0
1989-09-15 13:00:00,0.6407,0.6407,0,0,0,0,0,0
1989-09-15 14:00:00,0.5455,0.5455,0,0,0,0,0,0
1989-09-15 15:00:00,0.4092,0.4092,0,0,0,0,0,0
1989-09-15 16:00:00,0.224,0.224,0,0,0,0,0,0
1989-09-15 17:00:00,0.0566,0.0566,0,0,0,0,0,0
1989-09-15 18:00:00,0.0,0.0,0,0,0,0,0,0
1989-09-15 19:00:00,0.0,0.0,0,0,0,0,0,0
1989-09-15 20:00:00,0.0,0.0,0,0,0,0,0,0
1989-09-15 21:00:00,0.0,0.0,0,0,0,0,0,0
1989-09-15 22:00:00,0.0,0.0,0,0,0,0,0,0
1989-09-15 23:00:00,0.0,0.0,0,0,0,0,0,0
1989-09-16 00:00:00,0.0,0.0,0,0,0,0,0,0
1989-09-16 01:00:00,0.0,0.0,0,0,0,0,0,0
1989-09-16 02:00:00,0.0,0.0,0,0,0,0,0,0
1989-09-16 03:00:00,0.0,0.0,0,0,0,0,0,0
1989-09-16 04:00:00,0.0,0.0,0,0,0,0,0,0
1989-09-16 05:00:00,0.0,0.0,0,0,0,0,0,0
1989-09-16 06:00:00,0.0177,0.0177,0,0,0,0,0,0
1989-09-16 07:00:00,0.1668,0.1668,0,0,0,0,0,0
1989-09-16 08:00:00,0.3656,0.3656,0,0,0,0,0,0
1989-09-16 09:00:00,0.5222,0.5222,0,0,0,0,0,0
1989-09-16 10:00:00,0.6075,0.6075,0,0,0,0,0,0
1989-09-16 11:00:00,0.6604,0.6604,0,0,0,0,0,0
1989-09-16 12:00:00,0.6663,0.6663,0,0,0,0,0,0
1989-09-16 13:00:00,0.6182,0.6182,0,0,0,0,0,0
1989-09-16 14:00:00,0.5244,0.5244,0,0,0,0,0,0
1989-09-16 15:00:00,0.3876,0.3876,0,0,0,0,0,0
1989-09-16 16:00:00,0.2233,0.2233,0,0,0,0,0,0
1989-09-16 17:00:00,0.0571,0.0571,0,0,0,0,0,0
1989-09-16 18:00:00,0.0,0.0,0,0,0,0,0,0
1989-09-16 19:00:00,0.0,0.0,0,0,0,0,0,0
1989-09-16 20:00:00,0.0,0.0,0,0,0,0,0,0
1989-09-16 21:00:00,0.0,0.0,0,0,0,0,0,0
1989-09-16 22:00:00,0.0,0.0,0,0,0,0,0,0
1989-09-16 23:00:00,0.0,0.0,0,0,0,0,0,0
1989-09-17 00:00:00,0.0,0.0,0,0,0,0,0,0
1989-09-17 01:00:00,0.0,0.0,0,0,0,0,0,0
1989-09-17 02:00:00,0.0,0.0,0,0,0,0,0,0
1989-09-17 03:00:00,0.0,0.0,0,0,0,0,0,0
1989-09-17 04:00:00,0.0,0.0,0,0,0,0,0,0
1989-09-17 05:00:00,0.0,0.0,0,0,0,0,0,0
1989-09-17 06:00:00,0.0106,0.0106,0,0,0,0,0,0
1989-09-17 07:00:00,0.086,0.086,0,0,0,0,0,0
1989-09-17 08:00:00,0.1927,0.1927,0,0,0,0,0,0
1989-09-17 09:00:00,0.2897,0.2897,0,0,0,0,0,0
1989-09-17 10:00:00,0.4086,0.4086,0,0,0,0,0,0
1989-09-17 11:00:00,0.523,0.523,0,0,0,0,0,0
1989-09-17 12:00:00,0.5993,0.5993,0,0,0,0,0,0
1989-09-17 13:00:00,0.5993,0.5993,0,0,0,0,0,0
1989-09-17 14:00:00,0.5076,0.5076,0,0,0,0,0,0
1989-09-17 15:00:00,0.3768,0.3768,0,0,0,0,0,0
1989-09-17 16:00:00,0.193,0.193,0,0,0,0,0,0
1989-09-17 17:00:00,0.0468,0.0468,0,0,0,0,0,0
1989-09-17 18:00:00,0.0,0.0,0,0,0,0,0,0
1989-09-17 19:00:00,0.0,0.0,0,0,0,0,0,0
1989-09-17 20:00:00,0.0,0.0,0,0,0,0,0,0
1989-09-17 21:00:00,0.0,0.0,0,0,0,0,0,0
1989-09-17 22:00:00,0.0,0.0,0,0,0,0,0,0
1989-09-17 23:00:00,0.0,0.0,0,0,0,0,0,0
1989-09-18 00:00:00,0.0,0.0,0,0,0,0,0,0
1989-09-18 01:00:00,0.0,0.0,0,0,0,0,0,0
1989-09-18 02:00:00,0.0,0.0,0,0,0,0,0,0
1989-09-18 03:00:00,0.0,0.0,0,0,0,0,0,0
1989-09-18 04:00:00,0.0,0.0,0,0,0,0,0,0
1989-09-18 05:00:00,0.0,0.0,0,0,0,0,0,0
1989-09-18 06:00:00,0.0085,0.0085,0,0,0,0,0,0
1989-09-18 07:00:00,0.0732,0.0732,0,0,0,0,0,0
1989-09-18 08:00:00,0.1957,0.1957,0,0,0,0,0,0
1989-09-18 09:00:00,0.3063,0.3063,0,0,0,0,0,0
1989-09-18 10:00:00,0.3647,0.3647,0,0,0,0,0,0
1989-09-18 11:00:00,0.432,0.432,0,0,0,0,0,0
1989-09-18 12:00:00,0.4938,0.4938,0,0,0,0,0,0
1989-09-18 13:00:00,0.5241,0.5241,0,0,0,0,0,0
1989-09-18 14:00:00,0.4002,0.4002,0,0,0,0,0,0
1989-09-18 15:00:00,0.2171,0.2171,0,0,0,0,0,0
1989-09-18 16:00:00,0.1182,0.1182,0,0,0,0,0,0
1989-09-18 17:00:00,0.0378,0.0378,0,0,0,0,0,0
1989-09-18 18:00:00,0.0,0.0,0,0,0,0,0,0
1989-09-18 19:00:00,0.0,0.0,0,0,0,0,0,0
1989-09-18 20:00:00,0.0,0.0,0,0,0,0,0,0
1989-09-18 21:00:00,0.0,0.0,0,0,0,0,0,0
1989-09-18 22:00:00,0.0,0.0,0,0,0,0,0,0
1989-09-18 23:00:00,0.0,0.0,0,0,0,0,0,0
1989-09-19 00:00:00,0.0,0.0,0,0,0,0,0,0
1989-09-19 01:00:00,0.0,0.0,0,0,0,0,0,0
1989-09-19 02:00:00,0.0,0.0,0,0,0,0,0,0
1989-09-19 03:00:00,0.0,0.0,0,0,0,0,0,0
1989-09-19 04:00:00,0.0,0.0,0,0,0,0,0,0
1989-09-19 05:00:00,0.0,0.0,0,0,0,0,0,0
1989-09-19 06:00:00,0.0059,0.0059,0,0,0,0,0,0
1989-09-19 07:00:00,0.0471,0.0471,0,0,0,0,0,0
1989-09-19 08:00:00,0.1041,0.1041,0,0,0,0,0,0
1989-09-19 09:00:00,0.1924,0.1924,0,0,0,0,0,0
1989-09-19 10:00:00,0.2608,0.2608,0,0,0,0,0,0
1989-09-19 11:00:00,0.279,0.279,0,0,0,0,0,0
1989-09-19 12:00:00,0.2578,0.2578,0,0,0,0,0,0
1989-09-19 13:00:00,0.1909,0.1909,0,0,0,0,0,0
1989-09-19 14:00:00,0.1177,0.1177,0,0,0,0,0,0
1989-09-19 15:00:00,0.0614,0.0614,0,0,0,0,0,0
1989-09-19 16:00:00,0.0274,0.0274,0,0,0,0,0,0
1989-09-19 17:00:00,0.0067,0.0067,0,0,0,0,0,0
1989-09-19 18:00:00,0.0,0.0,0,0,0,0,0,0
1989-09-19 19:00:00,0.0,0.0,0,0,0,0,0,0
1989-09-19 20:00:00,0.0,0.0,0,0,0,0,0,0
1989-09-19 21:00:00,0.0,0.0,0,0,0,0,0,0
1989-09-19 22:00:00,0.0,0.0,0,0,0,0,0,0
1989-09-19 23:00:00,0.0,0.0,0,0,0,0,0,0
1989-09-20 00:00:00,0.0,0.0,0,0,0,0,0,0
1989-09-20 01:00:00,0.0,0.0,0,0,0,0,0,0
1989-09-20 02:00:00,0.0,0.0,0,0,0,0,0,0
1989-09-20 03:00:00,0.0,0.0,0,0,0,0,0,0
1989-09-20 04:00:00,0.0,0.0,0,0,0,0,0,0
1989-09-20 05:00:00,0.0,0.0,0,0,0,0,0,0
1989-09-20 06:00:00,0.0087,0.0087,0,0,0,0,0,0
1989-09-20 07:00:00,0.0689,0.0689,0,0,0,0,0,0
1989-09-20 08:00:00,0.1566,0.1566,0,0,0,0,0,0
1989-09-20 09:00:00,0.2678,0.2678,0,0,0,0,0,0
1989-09-20 10:00:00,0.3519,0.3519,0,0,0,0,0,0
1989-09-20 11:00:00,0.3694,0.3694,0,0,0,0,0,0
1989-09-20 12:00:00,0.3427,0.3427,0,0,0,0,0,0
1989-09-20 13:00:00,0.3156,0.3156,0,0,0,0,0,0
1989-09-20 14:00:00,0.3817,0.3817,0,0,0,0,0,0
1989-09-20 15:00:00,0.3747,0.3747,0,0,0,0,0,0
1989-09-20 16:00:00,0.2161,0.2161,0,0,0,0,0,0
1989-09-20 17:00:00,0.0478,0.0478,0,0,0,0,0,0
1989-09-20 18:00:00,0.0,0.0,0,0,0,0,0,0
1989-09-20 19:00:00,0.0,0.0,0,0,0,0,0,0
1989-09-20 20:00:00,0.0,0.0,0,0,0,0,0,0
1989-09-20 21:00:00,0.0,0.0,0,0,0,0,0,0
1989-09-20 22:00:00,0.0,0.0,0,0,0,0,0,0
1989-09-20 23:00:00,0.0,0.0,0,0,0,0,0,0
1989-09-21 00:00:00,0.0,0.0,0,0,0,0,0,0
1989-09-21 01:00:00,0.0,0.0,0,0,0,0,0,0
1989-09-21 02:00:00,0.0,0.0,0,0,0,0,0,0
1989-09-21 03:00:00,0.0,0.0,0,0,0,0,0,0
1989-09-21 04:00:00,0.0,0.0,0,0,0,0,0,0
1989-09-21 05:00:00,0.0,0.0,0,0,0,0,0,0
1989-09-21 06:00:00,0.0083,0.0083,0,0,0,0,0,0
1989-09-21 07:00:00,0.0865,0.0865,0,0,0,0,0,0
1989-09-21 08:00:00,0.2255,0.2255,0,0,0,0,0,0
1989-09-21 09:00:00,0.3574,0.3574,0,0,0,0,0,0
1989-09-21 10:00:00,0.4234,0.4234,0,0,0,0,0,0
1989-09-21 11:00:00,0.4967,0.4967,0,0,0,0,0,0
1989-09-21 12:00:00,0.5261,0.5261,0,0,0,0,0,0
1989-09-21 13:00:00,0.5575,0.5575,0,0,0,0,0,0
1989-09-21 14:00:00,0.5237,0.5237,0,0,0,0,0,0
1989-09-21 15:00:00,0.3881,0.3881,0,0,0,0,0,0
1989-09-21 16:00:00,0.2065,0.2065,0,0,0,0,0,0
1989-09-21 17:00:00,0.0439,0.0439,0,0,0,0,0,0
1989-09-21 18:00:00,0.0,0.0,0,0,0,0,0,0
1989-09-21 19:00:00,0.0,0.0,0,0,0,0,0,0
1989-09-21 20:00:00,0.0,0.0,0,0,0,0,0,0
1989-09-21 21:00:00,0.0,0.0,0,0,0,0,0,0
1989-09-21 22:00:00,0.0,0.0,0,0,0,0,0,0
1989-09-21 23:00:00,0.0,0.0,0,0,0,0,0,0
1989-09-22 00:00:00,0.0,0.0,0,0,0,0,0,0
1989-09-22 01:00:00,0.0,0.0,0,0,0,0,0,0
1989-09-22 02:00:00,0.0,0.0,0,0,0,0,0,0
1989-09-22 03:00:00,0.0,0.0,0,0,0,0,0,0
1989-09-22 04:00:00,0.0,0.0,0,0,0,0,0,0
1989-09-22 05:00:00,0.0,0.0,0,0,0,0,0,0
1989-09-22 06:00:00,0.0074,0.0074,0,0,0,0,0,0
1989-09-22 07:00:00,0.0872,0.0872,0,0,0,0,0,0
1989-09-22 08:00:00,0.1903,0.1903,0,0,0,0,0,0
1989-09-22 09:00:00,0.2467,0.2467,0,0,0,0,0,0
1989-09-22 10:00:00,0.2639,0.2639,0,0,0,0,0,0
1989-09-22 11:00:00,0.3081,0.3081,0,0,0,0,0,0
1989-09-22 12:00:00,0.341,0.341,0,0,0,0,0,0
1989-09-22 13:00:00,0.283,0.283,0,0,0,0,0,0
1989-09-22 14:00:00,0.1873,0.1873,0,0,0,0,0,0
1989-09-22 15:00:00,0.1286,0.1286,0,0,0,0,0,0
1989-09-22 16:00:00,0.0725,0.0725,0,0,0,0,0,0
1989-09-22 17:00:00,0.016,0.016,0,0,0,0,0,0
1989-09-22 18:00:00,0.0,0.0,0,0,0,0,0,0
1989-09-22 19:00:00,0.0,0.0,0,0,0,0,0,0
1989-09-22 20:00:00,0.0,0.0,0,0,0,0,0,0
1989-09-22 21:00:00,0.0,0.0,0,0,0,0,0,0
1989-09-22 22:00:00,0.0,0.0,0,0,0,0,0,0
1989-09-22 23:00:00,0.0,0.0,0,0,0,0,0,0
1989-09-23 00:00:00,0.0,0.0,0,0,0,0,0,0
1989-09-23 01:00:00,0.0,0.0,0,0,0,0,0,0
1989-09-23 02:00:00,0.0,0.0,0,0,0,0,0,0
1989-09-23 03:00:00,0.0,0.0,0,0,0,0,0,0
1989-09-23 04:00:00,0.0,0.0,0,0,0,0,0,0
1989-09-23 05:00:00,0.0,0.0,0,0,0,0,0,0
1989-09-23 06:00:00,0.0075,0.0075,0,0,0,0,0,0
1989-09-23 07:00:00,0.0962,0.0962,0,0,0,0,0,0
1989-09-23 08:00:00,0.2593,0.2593,0,0,0,0,0,0
1989-09-23 09:00:00,0.4373,0.4373,0,0,0,0,0,0
1989-09-23 10:00:00,0.4984,0.4984,0,0,0,0,0,0
1989-09-23 11:00:00,0.5425,0.5425,0,0,0,0,0,0
1989-09-23 12:00:00,0.5635,0.5635,0,0,0,0,0,0
1989-09-23 13:00:00,0.582,0.582,0,0,0,0,0,0
1989-09-23 14:00:00,0.5607,0.5607,0,0,0,0,0,0
1989-09-23 15:00:00,0.4114,0.4114,0,0,0,0,0,0
1989-09-23 16:00:00,0.2037,0.2037,0,0,0,0,0,0
1989-09-23 17:00:00,0.0402,0.0402,0,0,0,0,0,0
1989-09-23 18:00:00,0.0,0.0,0,0,0,0,0,0
1989-09-23 19:00:00,0.0,0.0,0,0,0,0,0,0
1989-09-23 20:00:00,0.0,0.0,0,0,0,0,0,0
1989-09-23 21:00:00,0.0,0.0,0,0,0,0,0,0
1989-09-23 22:00:00,0.0,0.0,0,0,0,0,0,0
1989-09-23 23:00:00,0.0,0.0,0,0,0,0,0,0
1989-09-24 00:00:00,0.0,0.0,0,0,0,0,0,0
1989-09-24 01:00:00,0.0,0.0,0,0,0,0,0,0
1989-09-24 02:00:00,0.0,0.0,0,0,0,0,0,0
1989-09-24 03:00:00,0.0,0.0,0,0,0,0,0,0
1989-09-24 04:00:00,0.0,0.0,0,0,0,0,0,0
1989-09-24 05:00:00,0.0,0.0,0,0,0,0,0,0
1989-09-24 06:00:00,0.0084,0.0084,0,0,0,0,0,0
1989-09-24 07:00:00,0.1498,0.1498,0,0,0,0,0,0
1989-09-24 08:00:00,0.3213,0.3213,0,0,0,0,0,0
1989-09-24 09:00:00,0.467,0.467,0,0,0,0,0,0
1989-09-24 10:00:00,0.5763,0.5763,0,0,0,0,0,0
1989-09-24 11:00:00,0.6573,0.6573,0,0,0,0,0,0
1989-09-24 12:00:00,0.6856,0.6856,0,0,0,0,0,0
1989-09-24 13:00:00,0.6581,0.6581,0,0,0,0,0,0
1989-09-24 14:00:00,0.5586,0.5586,0,0,0,0,0,0
1989-09-24 15:00:00,0.4157,0.4157,0,0,0,0,0,0
1989-09-24 16:00:00,0.2236,0.2236,0,0,0,0,0,0
1989-09-24 17:00:00,0.0413,0.0413,0,0,0,0,0,0
1989-09-24 18:00:00,0.0,0.0,0,0,0,0,0,0
1989-09-24 19:00:00,0.0,0.0,0,0,0,0,0,0
1989-09-24 20:00:00,0.0,0.0,0,0,0,0,0,0
1989-09-24 21:00:00,0.0,0.0,0,0,0,0,0,0
1989-09-24 22:00:00,0.0,0.0,0,0,0,0,0,0
1989-09-24 23:00:00,0.0,0.0,0,0,0,0,0,0
1989-09-25 00:00:00,0.0,0.0,0,0,0,0,0,0
1989-09-25 01:00:00,0.0,0.0,0,0,0,0,0,0
1989-09-25 02:00:00,0.0,0.0,0,0,0,0,0,0
1989-09-25 03:00:00,0.0,0.0,0,0,0,0,0,0
1989-09-25 04:00:00,0.0,0.0,0,0,0,0,0,0
1989-09-25 05:00:00,0.0,0.0,0,0,0,0,0,0
1989-09-25 06:00:00,0.0,0.0,0,0,0,0,0,0
1989-09-25 07:00:00,0.0374,0.0374,0,0,0,0,0,0
1989-09-25 08:00:00,0.1008,0.1008,0,0,0,0,0,0
1989-09-25 09:00:00,0.2005,0.2005,0,0,0,0,0,0
1989-09-25 10:00:00,0.3011,0.3011,0,0,0,0,0,0
1989-09-25 11:00:00,0.406,0.406,0,0,0,0,0,0
1989-09-25 12:00:00,0.513,0.513,0,0,0,0,0,0
1989-09-25 13:00:00,0.5515,0.5515,0,0,0,0,0,0
1989-09-25 14:00:00,0.5057,0.5057,0,0,0,0,0,0
1989-09-25 15:00:00,0.3806,0.3806,0,0,0,0,0,0
1989-09-25 16:00:00,0.1915,0.1915,0,0,0,0,0,0
1989-09-25 17:00:00,0.0357,0.0357,0,0,0,0,0,0
1989-09-25 18:00:00,0.0,0.0,0,0,0,0,0,0
1989-09-25 19:00:00,0.0,0.0,0,0,0,0,0,0
1989-09-25 20:00:00,0.0,0.0,0,0,0,0,0,0
1989-09-25 21:00:00,0.0,0.0,0,0,0,0,0,0
1989-09-25 22:00:00,0.0,0.0,0,0,0,0,0,0
1989-09-25 23:00:00,0.0,0.0,0,0,0,0,0,0
1989-09-26 00:00:00,0.0,0.0,0,0,0,0,0,0
1989-09-26 01:00:00,0.0,0.0,0,0,0,0,0,0
1989-09-26 02:00:00,0.0,0.0,0,0,0,0,0,0
1989-09-26 03:00:00,0.0,0.0,0,0,0,0,0,0
1989-09-26 04:00:00,0.0,0.0,0,0,0,0,0,0
1989-09-26 05:00:00,0.0,0.0,0,0,0,0,0,0
1989-09-26 06:00:00,0.0027,0.0027,0,0,0,0,0,0
1989-09-26 07:00:00,0.1518,0.1518,0,0,0,0,0,0
1989-09-26 08:00:00,0.3618,0.3618,0,0,0,0,0,0
1989-09-26 09:00:00,0.5072,0.5072,0,0,0,0,0,0
1989-09-26 10:00:00,0.6169,0.6169,0,0,0,0,0,0
1989-09-26 11:00:00,0.7114,0.7114,0,0,0,0,0,0
1989-09-26 12:00:00,0.7233,0.7233,0,0,0,0,0,0
1989-09-26 13:00:00,0.6883,0.6883,0,0,0,0,0,0
1989-09-26 14:00:00,0.587,0.587,0,0,0,0,0,0
1989-09-26 15:00:00,0.4321,0.4321,0,0,0,0,0,0
1989-09-26 16:00:00,0.2245,0.2245,0,0,0,0,0,0
1989-09-26 17:00:00,0.0369,0.0369,0,0,0,0,0,0
1989-09-26 18:00:00,0.0,0.0,0,0,0,0,0,0
1989-09-26 19:00:00,0.0,0.0,0,0,0,0,0,0
1989-09-26 20:00:00,0.0,0.0,0,0,0,0,0,0
1989-09-26 21:00:00,0.0,0.0,0,0,0,0,0,0
1989-09-26 22:00:00,0.0,0.0,0,0,0,0,0,0
1989-09-26 23:00:00,0.0,0.0,0,0,0,0,0,0
1989-09-27 00:00:00,0.0,0.0,0,0,0,0,0,0
1989-09-27 01:00:00,0.0,0.0,0,0,0,0,0,0
1989-09-27 02:00:00,0.0,0.0,0,0,0,0,0,0
1989-09-27 03:00:00,0.0,0.0,0,0,0,0,0,0
1989-09-27 04:00:00,0.0,0.0,0,0,0,0,0,0
1989-09-27 05:00:00,0.0,0.0,0,0,0,0,0,0
1989-09-27 06:00:00,0.0,0.0,0,0,0,0,0,0
1989-09-27 07:00:00,0.1574,0.1574,0,0,0,0,0,0
1989-09-27 08:00:00,0.3565,0.3565,0,0,0,0,0,0
1989-09-27 09:00:00,0.5056,0.5056,0,0,0,0,0,0
1989-09-27 10:00:00,0.5987,0.5987,0,0,0,0,0,0
1989-09-27 11:00:00,0.6402,0.6402,0,0,0,0,0,0
1989-09-27 12:00:00,0.6223,0.6223,0,0,0,0,0,0
1989-09-27 13:00:00,0.5898,0.5898,0,0,0,0,0,0
1989-09-27 14:00:00,0.5066,0.5066,0,0,0,0,0,0
1989-09-27 15:00:00,0.378,0.378,0,0,0,0,0,0
1989-09-27 16:00:00,0.1989,0.1989,0,0,0,0,0,0
1989-09-27 17:00:00,0.0324,0.0324,0,0,0,0,0,0
1989-09-27 18:00:00,0.0,0.0,0,0,0,0,0,0
1989-09-27 19:00:00,0.0,0.0,0,0,0,0,0,0
1989-09-27 20:00:00,0.0,0.0,0,0,0,0,0,0
1989-09-27 21:00:00,0.0,0.0,0,0,0,0,0,0
1989-09-27 22:00:00,0.0,0.0,0,0,0,0,0,0
1989-09-27 23:00:00,0.0,0.0,0,0,0,0,0,0
1989-09-28 00:00:00,0.0,0.0,0,0,0,0,0,0
1989-09-28 01:00:00,0.0,0.0,0,0,0,0,0,0
1989-09-28 02:00:00,0.0,0.0,0,0,0,0,0,0
1989-09-28 03:00:00,0.0,0.0,0,0,0,0,0,0
1989-09-28 04:00:00,0.0,0.0,0,0,0,0,0,0
1989-09-28 05:00:00,0.0,0.0,0,0,0,0,0,0
1989-09-28 06:00:00,0.0,0.0,0,0,0,0,0,0
1989-09-28 07:00:00,0.1496,0.1496,0,0,0,0,0,0
1989-09-28 08:00:00,0.3531,0.3531,0,0,0,0,0,0
1989-09-28 09:00:00,0.5289,0.5289,0,0,0,0,0,0
1989-09-28 10:00:00,0.6147,0.6147,0,0,0,0,0,0
1989-09-28 11:00:00,0.6243,0.6243,0,0,0,0,0,0
1989-09-28 12:00:00,0.6507,0.6507,0,0,0,0,0,0
1989-09-28 13:00:00,0.6279,0.6279,0,0,0,0,0,0
1989-09-28 14:00:00,0.5198,0.5198,0,0,0,0,0,0
1989-09-28 15:00:00,0.3871,0.3871,0,0,0,0,0,0
1989-09-28 16:00:00,0.2014,0.2014,0,0,0,0,0,0
1989-09-28 17:00:00,0.0316,0.0316,0,0,0,0,0,0
1989-09-28 18:00:00,0.0,0.0,0,0,0,0,0,0
1989-09-28 19:00:00,0.0,0.0,0,0,0,0,0,0
1989-09-28 20:00:00,0.0,0.0,0,0,0,0,0,0
1989-09-28 21:00:00,0.0,0.0,0,0,0,0,0,0
1989-09-28 22:00:00,0.0,0.0,0,0,0,0,0,0
1989-09-28 23:00:00,0.0,0.0,0,0,0,0,0,0
1989-09-29 00:00:00,0.0,0.0,0,0,0,0,0,0
1989-09-29 01:00:00,0.0,0.0,0,0,0,0,0,0
1989-09-29 02:00:00,0.0,0.0,0,0,0,0,0,0
1989-09-29 03:00:00,0.0,0.0,0,0,0,0,0,0
1989-09-29 04:00:00,0.0,0.0,0,0,0,0,0,0
1989-09-29 05:00:00,0.0,0.0,0,0,0,0,0,0
1989-09-29 06:00:00,0.0,0.0,0,0,0,0,0,0
1989-09-29 07:00:00,0.1369,0.1369,0,0,0,0,0,0
1989-09-29 08:00:00,0.3352,0.3352,0,0,0,0,0,0
1989-09-29 09:00:00,0.5169,0.5169,0,0,0,0,0,0
1989-09-29 10:00:00,0.6043,0.6043,0,0,0,0,0,0
1989-09-29 11:00:00,0.6198,0.6198,0,0,0,0,0,0
1989-09-29 12:00:00,0.5963,0.5963,0,0,0,0,0,0
1989-09-29 13:00:00,0.4584,0.4584,0,0,0,0,0,0
1989-09-29 14:00:00,0.2818,0.2818,0,0,0,0,0,0
1989-09-29 15:00:00,0.1729,0.1729,0,0,0,0,0,0
1989-09-29 16:00:00,0.074,0.074,0,0,0,0,0,0
1989-09-29 17:00:00,0.0112,0.0112,0,0,0,0,0,0
1989-09-29 18:00:00,0.0,0.0,0,0,0,0,0,0
1989-09-29 19:00:00,0.0,0.0,0,0,0,0,0,0
1989-09-29 20:00:00,0.0,0.0,0,0,0,0,0,0
1989-09-29 21:00:00,0.0,0.0,0,0,0,0,0,0
1989-09-29 22:00:00,0.0,0.0,0,0,0,0,0,0
1989-09-29 23:00:00,0.0,0.0,0,0,0,0,0,0
1989-09-30 00:00:00,0.0,0.0,0,0,0,0,0,0
1989-09-30 01:00:00,0.0,0.0,0,0,0,0,0,0
1989-09-30 02:00:00,0.0,0.0,0,0,0,0,0,0
1989-09-30 03:00:00,0.0,0.0,0,0,0,0,0,0
1989-09-30 04:00:00,0.0,0.0,0,0,0,0,0,0
1989-09-30 05:00:00,0.0,0.0,0,0,0,0,0,0
1989-09-30 06:00:00,0.0,0.0,0,0,0,0,0,0
1989-09-30 07:00:00,0.156,0.156,0,0,0,0,0,0
1989-09-30 08:00:00,0.3684,0.3684,0,0,0,0,0,0
1989-09-30 09:00:00,0.5401,0.5401,0,0,0,0,0,0
1989-09-30 10:00:00,0.6392,0.6392,0,0,0,0,0,0
1989-09-30 11:00:00,0.6889,0.6889,0,0,0,0,0,0
1989-09-30 12:00:00,0.6899,0.6899,0,0,0,0,0,0
1989-09-30 13:00:00,0.6478,0.6478,0,0,0,0,0,0
1989-09-30 14:00:00,0.55,0.55,0,0,0,0,0,0
1989-09-30 15:00:00,0.3986,0.3986,0,0,0,0,0,0
1989-09-30 16:00:00,0.2005,0.2005,0,0,0,0,0,0
1989-09-30 17:00:00,0.0277,0.0277,0,0,0,0,0,0
1989-09-30 18:00:00,0.0,0.0,0,0,0,0,0,0
1989-09-30 19:00:00,0.0,0.0,0,0,0,0,0,0
1989-09-30 20:00:00,0.0,0.0,0,0,0,0,0,0
1989-09-30 21:00:00,0.0,0.0,0,0,0,0,0,0
1989-09-30 22:00:00,0.0,0.0,0,0,0,0,0,0
1989-09-30 23:00:00,0.0,0.0,0,0,0,0,0,0
1989-10-01 00:00:00,0.0,0.0,0,0,0,0,0,0
1989-10-01 01:00:00,0.0,0.0,0,0,0,0,0,0
1989-10-01 02:00:00,0.0,0.0,0,0,0,0,0,0
1989-10-01 03:00:00,0.0,0.0,0,0,0,0,0,0
1989-10-01 04:00:00,0.0,0.0,0,0,0,0,0,0
1989-10-01 05:00:00,0.0,0.0,0,0,0,0,0,0
1989-10-01 06:00:00,0.0,0.0,0,0,0,0,0,0
1989-10-01 07:00:00,0.1572,0.1572,0,0,0,0,0,0
1989-10-01 08:00:00,0.3662,0.3662,0,0,0,0,0,0
1989-10-01 09:00:00,0.5364,0.5364,0,0,0,0,0,0
1989-10-01 10:00:00,0.6379,0.6379,0,0,0,0,0,0
1989-10-01 11:00:00,0.6894,0.6894,0,0,0,0,0,0
1989-10-01 12:00:00,0.6876,0.6876,0,0,0,0,0,0
1989-10-01 13:00:00,0.6463,0.6463,0,0,0,0,0,0
1989-10-01 14:00:00,0.5466,0.5466,0,0,0,0,0,0
1989-10-01 15:00:00,0.3975,0.3975,0,0,0,0,0,0
1989-10-01 16:00:00,0.2002,0.2002,0,0,0,0,0,0
1989-10-01 17:00:00,0.0256,0.0256,0,0,0,0,0,0
1989-10-01 18:00:00,0.0,0.0,0,0,0,0,0,0
1989-10-01 19:00:00,0.0,0.0,0,0,0,0,0,0
1989-10-01 20:00:00,0.0,0.0,0,0,0,0,0,0
1989-10-01 21:00:00,0.0,0.0,0,0,0,0,0,0
1989-10-01 22:00:00,0.0,0.0,0,0,0,0,0,0
1989-10-01 23:00:00,0.0,0.0,0,0,0,0,0,0
1989-10-02 00:00:00,0.0,0.0,0,0,0,0,0,0
1989-10-02 01:00:00,0.0,0.0,0,0,0,0,0,0
1989-10-02 02:00:00,0.0,0.0,0,0,0,0,0,0
1989-10-02 03:00:00,0.0,0.0,0,0,0,0,0,0
1989-10-02 04:00:00,0.0,0.0,0,0,0,0,0,0
1989-10-02 05:00:00,0.0,0.0,0,0,0,0,0,0
1989-10-02 06:00:00,0.0,0.0,0,0,0,0,0,0
1989-10-02 07:00:00,0.1561,0.1561,0,0,0,0,0,0
1989-10-02 08:00:00,0.3669,0.3669,0,0,0,0,0,0
1989-10-02 09:00:00,0.5384,0.5384,0,0,0,0,0,0
1989-10-02 10:00:00,0.6394,0.6394,0,0,0,0,0,0
1989-10-02 11:00:00,0.6919,0.6919,0,0,0,0,0,0
1989-10-02 12:00:00,0.6929,0.6929,0,0,0,0,0,0
1989-10-02 13:00:00,0.6434,0.6434,0,0,0,0,0,0
1989-10-02 14:00:00,0.5453,0.5453,0,0,0,0,0,0
1989-10-02 15:00:00,0.3998,0.3998,0,0,0,0,0,0
1989-10-02 16:00:00,0.1972,0.1972,0,0,0,0,0,0
1989-10-02 17:00:00,0.0227,0.0227,0,0,0,0,0,0
1989-10-02 18:00:00,0.0,0.0,0,0,0,0,0,0
1989-10-02 19:00:00,0.0,0.0,0,0,0,0,0,0
1989-10-02 20:00:00,0.0,0.0,0,0,0,0,0,0
1989-10-02 21:00:00,0.0,0.0,0,0,0,0,0,0
1989-10-02 22:00:00,0.0,0.0,0,0,0,0,0,0
1989-10-02 23:00:00,0.0,0.0,0,0,0,0,0,0
1989-10-03 00:00:00,0.0,0.0,0,0,0,0,0,0
1989-10-03 01:00:00,0.0,0.0,0,0,0,0,0,0
1989-10-03 02:00:00,0.0,0.0,0,0,0,0,0,0
1989-10-03 03:00:00,0.0,0.0,0,0,0,0,0,0
1989-10-03 04:00:00,0.0,0.0,0,0,0,0,0,0
1989-10-03 05:00:00,0.0,0.0,0,0,0,0,0,0
1989-10-03 06:00:00,0.0,0.0,0,0,0,0,0,0
1989-10-03 07:00:00,0.1548,0.1548,0,0,0,0,0,0
1989-10-03 08:00:00,0.3705,0.3705,0,0,0,0,0,0
1989-10-03 09:00:00,0.5447,0.5447,0,0,0,0,0,0
1989-10-03 10:00:00,0.649,0.649,0,0,0,0,0,0
1989-10-03 11:00:00,0.7052,0.7052,0,0,0,0,0,0
1989-10-03 12:00:00,0.7095,0.7095,0,0,0,0,0,0
1989-10-03 13:00:00,0.6676,0.6676,0,0,0,0,0,0
1989-10-03 14:00:00,0.566,0.566,0,0,0,0,0,0
1989-10-03 15:00:00,0.4104,0.4104,0,0,0,0,0,0
1989-10-03 16:00:00,0.2004,0.2004,0,0,0,0,0,0
1989-10-03 17:00:00,0.0204,0.0204,0,0,0,0,0,0
1989-10-03 18:00:00,0.0,0.0,0,0,0,0,0,0
1989-10-03 19:00:00,0.0,0.0,0,0,0,0,0,0
1989-10-03 20:00:00,0.0,0.0,0,0,0,0,0,0
1989-10-03 21:00:00,0.0,0.0,0,0,0,0,0,0
1989-10-03 22:00:00,0.0,0.0,0,0,0,0,0,0
1989-10-03 23:00:00,0.0,0.0,0,0,0,0,0,0
1989-10-04 00:00:00,0.0,0.0,0,0,0,0,0,0
1989-10-04 01:00:00,0.0,0.0,0,0,0,0,0,0
1989-10-04 02:00:00,0.0,0.0,0,0,0,0,0,0
1989-10-04 03:00:00,0.0,0.0,0,0,0,0,0,0
1989-10-04 04:00:00,0.0,0.0,0,0,0,0,0,0
1989-10-04 05:00:00,0.0,0.0,0,0,0,0,0,0
1989-10-04 06:00:00,0.0,0.0,0,0,0,0,0,0
1989-10-04 07:00:00,0.134,0.134,0,0,0,0,0,0
1989-10-04 08:00:00,0.2649,0.2649,0,0,0,0,0,0
1989-10-04 09:00:00,0.2846,0.2846,0,0,0,0,0,0
1989-10-04 10:00:00,0.2422,0.2422,0,0,0,0,0,0
1989-10-04 11:00:00,0.2539,0.2539,0,0,0,0,0,0
1989-10-04 12:00:00,0.3219,0.3219,0,0,0,0,0,0
1989-10-04 13:00:00,0.3299,0.3299,0,0,0,0,0,0
1989-10-04 14:00:00,0.2596,0.2596,0,0,0,0,0,0
1989-10-04 15:00:00,0.183,0.183,0,0,0,0,0,0
1989-10-04 16:00:00,0.0984,0.0984,0,0,0,0,0,0
1989-10-04 17:00:00,0.0111,0.0111,0,0,0,0,0,0
1989-10-04 18:00:00,0.0,0.0,0,0,0,0,0,0
1989-10-04 19:00:00,0.0,0.0,0,0,0,0,0,0
1989-10-04 20:00:00,0.0,0.0,0,0,0,0,0,0
1989-10-04 21:00:00,0.0,0.0,0,0,0,0,0,0
1989-10-04 22:00:00,0.0,0.0,0,0,0,0,0,0
1989-10-04 23:00:00,0.0,0.0,0,0,0,0,0,0
1989-10-05 00:00:00,0.0,0.0,0,0,0,0,0,0
1989-10-05 01:00:00,0.0,0.0,0,0,0,0,0,0
1989-10-05 02:00:00,0.0,0.0,0,0,0,0,0,0
1989-10-05 03:00:00,0.0,0.0,0,0,0,0,0,0
1989-10-05 04:00:00,0.0,0.0,0,0,0,0,0,0
1989-10-05 05:00:00,0.0,0.0,0,0,0,0,0,0
1989-10-05 06:00:00,0.0,0.0,0,0,0,0,0,0
1989-10-05 07:00:00,0.0642,0.0642,0,0,0,0,0,0
1989-10-05 08:00:00,0.1758,0.1758,0,0,0,0,0,0
1989-10-05 09:00:00,0.3108,0.3108,0,0,0,0,0,0
1989-10-05 10:00:00,0.3369,0.3369,0,0,0,0,0,0
1989-10-05 11:00:00,0.3157,0.3157,0,0,0,0,0,0
1989-10-05 12:00:00,0.4205,0.4205,0,0,0,0,0,0
1989-10-05 13:00:00,0.376,0.376,0,0,0,0,0,0
1989-10-05 14:00:00,0.2301,0.2301,0,0,0,0,0,0
1989-10-05 15:00:00,0.1366,0.1366,0,0,0,0,0,0
1989-10-05 16:00:00,0.0627,0.0627,0,0,0,0,0,0
1989-10-05 17:00:00,0.0051,0.0051,0,0,0,0,0,0
1989-10-05 18:00:00,0.0,0.0,0,0,0,0,0,0
1989-10-05 19:00:00,0.0,0.0,0,0,0,0,0,0
1989-10-05 20:00:00,0.0,0.0,0,0,0,0,0,0
1989-10-05 21:00:00,0.0,0.0,0,0,0,0,0,0
1989-10-05 22:00:00,0.0,0.0,0,0,0,0,0,0
1989-10-05 23:00:00,0.0,0.0,0,0,0,0,0,0
1989-10-06 00:00:00,0.0,0.0,0,0,0,0,0,0
1989-10-06 01:00:00,0.0,0.0,0,0,0,0,0,0
1989-10-06 02:00:00,0.0,0.0,0,0,0,0,0,0
1989-10-06 03:00:00,0.0,0.0,0,0,0,0,0,0
1989-10-06 04:00:00,0.0,0.0,0,0,0,0,0,0
1989-10-06 05:00:00,0.0,0.0,0,0,0,0,0,0
1989-10-06 06:00:00,0.0,0.0,0,0,0,0,0,0
1989-10-06 07:00:00,0.126,0.126,0,0,0,0,0,0
1989-10-06 08:00:00,0.3209,0.3209,0,0,0,0,0,0
1989-10-06 09:00:00,0.4782,0.4782,0,0,0,0,0,0
1989-10-06 10:00:00,0.5815,0.5815,0,0,0,0,0,0
1989-10-06 11:00:00,0.6464,0.6464,0,0,0,0,0,0
1989-10-06 12:00:00,0.6508,0.6508,0,0,0,0,0,0
1989-10-06 13:00:00,0.5825,0.5825,0,0,0,0,0,0
1989-10-06 14:00:00,0.4801,0.4801,0,0,0,0,0,0
1989-10-06 15:00:00,0.3538,0.3538,0,0,0,0,0,0
1989-10-06 16:00:00,0.1669,0.1669,0,0,0,0,0,0
1989-10-06 17:00:00,0.0059,0.0059,0,0,0,0,0,0
1989-10-06 18:00:00,0.0,0.0,0,0,0,0,0,0
1989-10-06 19:00:00,0.0,0.0,0,0,0,0,0,0
1989-10-06 20:00:00,0.0,0.0,0,0,0,0,0,0
1989-10-06 21:00:00,0.0,0.0,0,0,0,0,0,0
1989-10-06 22:00:00,0.0,0.0,0,0,0,0,0,0
1989-10-06 23:00:00,0.0,0.0,0,0,0,0,0,0
1989-10-07 00:00:00,0.0,0.0,0,0,0,0,0,0
1989-10-07 01:00:00,0.0,0.0,0,0,0,0,0,0
1989-10-07 02:00:00,0.0,0.0,0,0,0,0,0,0
1989-10-07 03:00:00,0.0,0.0,0,0,0,0,0,0
1989-10-07 04:00:00,0.0,0.0,0,0,0,0,0,0
1989-10-07 05:00:00,0.0,0.0,0,0,0,0,0,0
1989-10-07 06:00:00,0.0,0.0,0,0,0,0,0,0
1989-10-07 07:00:00,0.0788,0.0788,0,0,0,0,0,0
1989-10-07 08:00:00,0.1648,0.1648,0,0,0,0,0,0
1989-10-07 09:00:00,0.1816,0.1816,0,0,0,0,0,0
1989-10-07 10:00:00,0.2531,0.2531,0,0,0,0,0,0
1989-10-07 11:00:00,0.2584,0.2584,0,0,0,0,0,0
1989-10-07 12:00:00,0.2233,0.2233,0,0,0,0,0,0
1989-10-07 13:00:00,0.203,0.203,0,0,0,0,0,0
1989-10-07 14:00:00,0.1581,0.1581,0,0,0,0,0,0
1989-10-07 15:00:00,0.1236,0.1236,0,0,0,0,0,0
1989-10-07 16:00:00,0.0611,0.0611,0,0,0,0,0,0
1989-10-07 17:00:00,0.0,0.0,0,0,0,0,0,0
1989-10-07 18:00:00,0.0,0.0,0,0,0,0,0,0
1989-10-07 19:00:00,0.0,0.0,0,0,0,0,0,0
1989-10-07 20:00:00,0.0,0.0,0,0,0,0,0,0
1989-10-07 21:00:00,0.0,0.0,0,0,0,0,0,0
1989-10-07 22:00:00,0.0,0.0,0,0,0,0,0,0
1989-10-07 23:00:00,0.0,0.0,0,0,0,0,0,0
1989-10-08 00:00:00,0.0,0.0,0,0,0,0,0,0
1989-10-08 01:00:00,0.0,0.0,0,0,0,0,0,0
1989-10-08 02:00:00,0.0,0.0,0,0,0,0,0,0
1989-10-08 03:00:00,0.0,0.0,0,0,0,0,0,0
1989-10-08 04:00:00,0.0,0.0,0,0,0,0,0,0
1989-10-08 05:00:00,0.0,0.0,0,0,0,0,0,0
1989-10-08 06:00:00,0.0,0.0,0,0,0,0,0,0
1989-10-08 07:00:00,0.0359,0.0359,0,0,0,0,0,0
1989-10-08 08:00:00,0.095,0.095,0,0,0,0,0,0
1989-10-08 09:00:00,0.1425,0.1425,0,0,0,0,0,0
1989-10-08 10:00:00,0.2149,0.2149,0,0,0,0,0,0
1989-10-08 11:00:00,0.3012,0.3012,0,0,0,0,0,0
1989-10-08 12:00:00,0.3427,0.3427,0,0,0,0,0,0
1989-10-08 13:00:00,0.4928,0.4928,0,0,0,0,0,0
1989-10-08 14:00:00,0.5629,0.5629,0,0,0,0,0,0
1989-10-08 15:00:00,0.3951,0.3951,0,0,0,0,0,0
1989-10-08 16:00:00,0.167,0.167,0,0,0,0,0,0
1989-10-08 17:00:00,0.0,0.0,0,0,0,0,0,0
1989-10-08 18:00:00,0.0,0.0,0,0,0,0,0,0
1989-10-08 19:00:00,0.0,0.0,0,0,0,0,0,0
1989-10-08 20:00:00,0.0,0.0,0,0,0,0,0,0
1989-10-08 21:00:00,0.0,0.0,0,0,0,0,0,0
1989-10-08 22:00:00,0.0,0.0,0,0,0,0,0,0
1989-10-08 23:00:00,0.0,0.0,0,0,0,0,0,0
1989-10-09 00:00:00,0.0,0.0,0,0,0,0,0,0
1989-10-09 01:00:00,0.0,0.0,0,0,0,0,0,0
1989-10-09 02:00:00,0.0,0.0,0,0,0,0,0,0
1989-10-09 03:00:00,0.0,0.0,0,0,0,0,0,0
1989-10-09 04:00:00,0.0,0.0,0,0,0,0,0,0
1989-10-09 05:00:00,0.0,0.0,0,0,0,0,0,0
1989-10-09 06:00:00,0.0,0.0,0,0,0,0,0,0
1989-10-09 07:00:00,0.1411,0.1411,0,0,0,0,0,0
1989-10-09 08:00:00,0.3641,0.3641,0,0,0,0,0,0
1989-10-09 09:00:00,0.5331,0.5331,0,0,0,0,0,0
1989-10-09 10:00:00,0.6587,0.6587,0,0,0,0,0,0
1989-10-09 11:00:00,0.7466,0.7466,0,0,0,0,0,0
1989-10-09 12:00:00,0.7445,0.7445,0,0,0,0,0,0
1989-10-09 13:00:00,0.6954,0.6954,0,0,0,0,0,0
1989-10-09 14:00:00,0.5827,0.5827,0,0,0,0,0,0
1989-10-09 15:00:00,0.4084,0.4084,0,0,0,0,0,0
1989-10-09 16:00:00,0.1841,0.1841,0,0,0,0,0,0
1989-10-09 17:00:00,0.0,0.0,0,0,0,0,0,0
1989-10-09 18:00:00,0.0,0.0,0,0,0,0,0,0
1989-10-09 19:00:00,0.0,0.0,0,0,0,0,0,0
1989-10-09 20:00:00,0.0,0.0,0,0,0,0,0,0
1989-10-09 21:00:00,0.0,0.0,0,0,0,0,0,0
1989-10-09 22:00:00,0.0,0.0,0,0,0,0,0,0
1989-10-09 23:00:00,0.0,0.0,0,0,0,0,0,0
1989-10-10 00:00:00,0.0,0.0,0,0,0,0,0,0
1989-10-10 01:00:00,0.0,0.0,0,0,0,0,0,0
1989-10-10 02:00:00,0.0,0.0,0,0,0,0,0,0
1989-10-10 03:00:00,0.0,0.0,0,0,0,0,0,0
1989-10-10 04:00:00,0.0,0.0,0,0,0,0,0,0
1989-10-10 05:00:00,0.0,0.0,0,0,0,0,0,0
1989-10-10 06:00:00,0.0,0.0,0,0,0,0,0,0
1989-10-10 07:00:00,0.0737,0.0737,0,0,0,0,0,0
1989-10-10 08:00:00,0.1872,0.1872,0,0,0,0,0,0
1989-10-10 09:00:00,0.2863,0.2863,0,0,0,0,0,0
1989-10-10 10:00:00,0.4062,0.4062,0,0,0,0,0,0
1989-10-10 11:00:00,0.4664,0.4664,0,0,0,0,0,0
1989-10-10 12:00:00,0.5122,0.5122,0,0,0,0,0,0
1989-10-10 13:00:00,0.4939,0.4939,0,0,0,0,0,0
1989-10-10 14:00:00,0.3577,0.3577,0,0,0,0,0,0
1989-10-10 15:00:00,0.2397,0.2397,0,0,0,0,0,0
1989-10-10 16:00:00,0.1361,0.1361,0,0,0,0,0,0
1989-10-10 17:00:00,0.0,0.0,0,0,0,0,0,0
1989-10-10 18:00:00,0.0,0.0,0,0,0,0,0,0
1989-10-10 19:00:00,0.0,0.0,0,0,0,0,0,0
1989-10-10 20:00:00,0.0,0.0,0,0,0,0,0,0
1989-10-10 21:00:00,0.0,0.0,0,0,0,0,0,0
1989-10-10 22:00:00,0.0,0.0,0,0,0,0,0,0
1989-10-10 23:00:00,0.0,0.0,0,0,0,0,0,0
1989-10-11 00:00:00,0.0,0.0,0,0,0,0,0,0
1989-10-11 01:00:00,0.0,0.0,0,0,0,0,0,0
1989-10-11 02:00:00,0.0,0.0,0,0,0,0,0,0
1989-10-11 03:00:00,0.0,0.0,0,0,0,0,0,0
1989-10-11 04:00:00,0.0,0.0,0,0,0,0,0,0
1989-10-11 05:00:00,0.0,0.0,0,0,0,0,0,0
1989-10-11 06:00:00,0.0,0.0,0,0,0,0,0,0
1989-10-11 07:00:00,0.1463,0.1463,0,0,0,0,0,0
1989-10-11 08:00:00,0.3815,0.3815,0,0,0,0,0,0
1989-10-11 09:00:00,0.5719,0.5719,0,0,0,0,0,0
1989-10-11 10:00:00,0.6834,0.6834,0,0,0,0,0,0
1989-10-11 11:00:00,0.7384,0.7384,0,0,0,0,0,0
1989-10-11 12:00:00,0.7364,0.7364,0,0,0,0,0,0
1989-10-11 13:00:00,0.6773,0.6773,0,0,0,0,0,0
1989-10-11 14:00:00,0.5617,0.5617,0,0,0,0,0,0
1989-10-11 15:00:00,0.3976,0.3976,0,0,0,0,0,0
1989-10-11 16:00:00,0.1751,0.1751,0,0,0,0,0,0
1989-10-11 17:00:00,0.0,0.0,0,0,0,0,0,0
1989-10-11 18:00:00,0.0,0.0,0,0,0,0,0,0
1989-10-11 19:00:00,0.0,0.0,0,0,0,0,0,0
1989-10-11 20:00:00,0.0,0.0,0,0,0,0,0,0
1989-10-11 21:00:00,0.0,0.0,0,0,0,0,0,0
1989-10-11 22:00:00,0.0,0.0,0,0,0,0,0,0
1989-10-11 23:00:00,0.0,0.0,0,0,0,0,0,0
1989-10-12 00:00:00,0.0,0.0,0,0,0,0,0,0
1989-10-12 01:00:00,0.0,0.0,0,0,0,0,0,0
1989-10-12 02:00:00,0.0,0.0,0,0,0,0,0,0
1989-10-12 03:00:00,0.0,0.0,0,0,0,0,0,0
1989-10-12 04:00:00,0.0,0.0,0,0,0,0,0,0
1989-10-12 05:00:00,0.0,0.0,0,0,0,0,0,0
1989-10-12 06:00:00,0.0,0.0,0,0,0,0,0,0
1989-10-12 07:00:00,0.1352,0.1352,0,0,0,0,0,0
1989-10-12 08:00:00,0.3556,0.3556,0,0,0,0,0,0
1989-10-12 09:00:00,0.5283,0.5283,0,0,0,0,0,0
1989-10-12 10:00:00,0.627,0.627,0,0,0,0,0,0
1989-10-12 11:00:00,0.6753,0.6753,0,0,0,0,0,0
1989-10-12 12:00:00,0.6705,0.6705,0,0,0,0,0,0
1989-10-12 13:00:00,0.611,0.611,0,0,0,0,0,0
1989-10-12 14:00:00,0.5085,0.5085,0,0,0,0,0,0
1989-10-12 15:00:00,0.3681,0.3681,0,0,0,0,0,0
1989-10-12 16:00:00,0.1624,0.1624,0,0,0,0,0,0
1989-10-12 17:00:00,0.0,0.0,0,0,0,0,0,0
1989-10-12 18:00:00,0.0,0.0,0,0,0,0,0,0
1989-10-12 19:00:00,0.0,0.0,0,0,0,0,0,0
1989-10-12 20:00:00,0.0,0.0,0,0,0,0,0,0
1989-10-12 21:00:00,0.0,0.0,0,0,0,0,0,0
1989-10-12 22:00:00,0.0,0.0,0,0,0,0,0,0
1989-10-12 23:00:00,0.0,0.0,0,0,0,0,0,0
1989-10-13 00:00:00,0.0,0.0,0,0,0,0,0,0
1989-10-13 01:00:00,0.0,0.0,0,0,0,0,0,0
1989-10-13 02:00:00,0.0,0.0,0,0,0,0,0,0
1989-10-13 03:00:00,0.0,0.0,0,0,0,0,0,0
1989-10-13 04:00:00,0.0,0.0,0,0,0,0,0,0
1989-10-13 05:00:00,0.0,0.0,0,0,0,0,0,0
1989-10-13 06:00:00,0.0,0.0,0,0,0,0,0,0
1989-10-13 07:00:00,0.1073,0.1073,0,0,0,0,0,0
1989-10-13 08:00:00,0.2452,0.2452,0,0,0,0,0,0
1989-10-13 09:00:00,0.335,0.335,0,0,0,0,0,0
1989-10-13 10:00:00,0.4226,0.4226,0,0,0,0,0,0
1989-10-13 11:00:00,0.5345,0.5345,0,0,0,0,0,0
1989-10-13 12:00:00,0.585,0.585,0,0,0,0,0,0
1989-10-13 13:00:00,0.5328,0.5328,0,0,0,0,0,0
1989-10-13 14:00:00,0.4321,0.4321,0,0,0,0,0,0
1989-10-13 15:00:00,0.2813,0.2813,0,0,0,0,0,0
1989-10-13 16:00:00,0.0985,0.0985,0,0,0,0,0,0
1989-10-13 17:00:00,0.0,0.0,0,0,0,0,0,0
1989-10-13 18:00:00,0.0,0.0,0,0,0,0,0,0
1989-10-13 19:00:00,0.0,0.0,0,0,0,0,0,0
1989-10-13 20:00:00,0.0,0.0,0,0,0,0,0,0
1989-10-13 21:00:00,0.0,0.0,0,0,0,0,0,0
1989-10-13 22:00:00,0.0,0.0,0,0,0,0,0,0
1989-10-13 23:00:00,0.0,0.0,0,0,0,0,0,0
1989-10-14 00:00:00,0.0,0.0,0,0,0,0,0,0
1989-10-14 01:00:00,0.0,0.0,0,0,0,0,0,0
1989-10-14 02:00:00,0.0,0.0,0,0,0,0,0,0
1989-10-14 03:00:00,0.0,0.0,0,0,0,0,0,0
1989-10-14 04:00:00,0.0,0.0,0,0,0,0,0,0
1989-10-14 05:00:00,0.0,0.0,0,0,0,0,0,0
1989-10-14 06:00:00,0.0,0.0,0,0,0,0,0,0
1989-10-14 07:00:00,0.0665,0.0665,0,0,0,0,0,0
1989-10-14 08:00:00,0.1754,0.1754,0,0,0,0,0,0
1989-10-14 09:00:00,0.3238,0.3238,0,0,0,0,0,0
1989-10-14 10:00:00,0.4467,0.4467,0,0,0,0,0,0
1989-10-14 11:00:00,0.5133,0.5133,0,0,0,0,0,0
1989-10-14 12:00:00,0.5312,0.5312,0,0,0,0,0,0
1989-10-14 13:00:00,0.5416,0.5416,0,0,0,0,0,0
1989-10-14 14:00:00,0.4339,0.4339,0,0,0,0,0,0
1989-10-14 15:00:00,0.2915,0.2915,0,0,0,0,0,0
1989-10-14 16:00:00,0.1349,0.1349,0,0,0,0,0,0
1989-10-14 17:00:00,0.0,0.0,0,0,0,0,0,0
1989-10-14 18:00:00,0.0,0.0,0,0,0,0,0,0
1989-10-14 19:00:00,0.0,0.0,0,0,0,0,0,0
1989-10-14 20:00:00,0.0,0.0,0,0,0,0,0,0
1989-10-14 21:00:00,0.0,0.0,0,0,0,0,0,0
1989-10-14 22:00:00,0.0,0.0,0,0,0,0,0,0
1989-10-14 23:00:00,0.0,0.0,0,0,0,0,0,0
1989-10-15 00:00:00,0.0,0.0,0,0,0,0,0,0
1989-10-15 01:00:00,0.0,0.0,0,0,0,0,0,0
1989-10-15 02:00:00,0.0,0.0,0,0,0,0,0,0
1989-10-15 03:00:00,0.0,0.0,0,0,0,0,0,0
1989-10-15 04:00:00,0.0,0.0,0,0,0,0,0,0
1989-10-15 05:00:00,0.0,0.0,0,0,0,0,0,0
1989-10-15 06:00:00,0.0,0.0,0,0,0,0,0,0
1989-10-15 07:00:00,0.1087,0.1087,0,0,0,0,0,0
1989-10-15 08:00:00,0.3218,0.3218,0,0,0,0,0,0
1989-10-15 09:00:00,0.513,0.513,0,0,0,0,0,0
1989-10-15 10:00:00,0.5811,0.5811,0,0,0,0,0,0
1989-10-15 11:00:00,0.6591,0.6591,0,0,0,0,0,0
1989-10-15 12:00:00,0.7126,0.7126,0,0,0,0,0,0
1989-10-15 13:00:00,0.6689,0.6689,0,0,0,0,0,0
1989-10-15 14:00:00,0.5459,0.5459,0,0,0,0,0,0
1989-10-15 15:00:00,0.3711,0.3711,0,0,0,0,0,0
1989-10-15 16:00:00,0.1499,0.1499,0,0,0,0,0,0
1989-10-15 17:00:00,0.0,0.0,0,0,0,0,0,0
1989-10-15 18:00:00,0.0,0.0,0,0,0,0,0,0
1989-10-15 19:00:00,0.0,0.0,0,0,0,0,0,0
1989-10-15 20:00:00,0.0,0.0,0,0,0,0,0,0
1989-10-15 21:00:00,0.0,0.0,0,0,0,0,0,0
1989-10-15 22:00:00,0.0,0.0,0,0,0,0,0,0
1989-10-15 23:00:00,0.0,0.0,0,0,0,0,0,0
1989-10-16 00:00:00,0.0,0.0,0,0,0,0,0,0
1989-10-16 01:00:00,0.0,0.0,0,0,0,0,0,0
1989-10-16 02:00:00,0.0,0.0,0,0,0,0,0,0
1989-10-16 03:00:00,0.0,0.0,0,0,0,0,0,0
1989-10-16 04:00:00,0.0,0.0,0,0,0,0,0,0
1989-10-16 05:00:00,0.0,0.0,0,0,0,0,0,0
1989-10-16 06:00:00,0.0,0.0,0,0,0,0,0,0
1989-10-16 07:00:00,0.1178,0.1178,0,0,0,0,0,0
1989-10-16 08:00:00,0.3125,0.3125,0,0,0,0,0,0
1989-10-16 09:00:00,0.4602,0.4602,0,0,0,0,0,0
1989-10-16 10:00:00,0.5045,0.5045,0,0,0,0,0,0
1989-10-16 11:00:00,0.4817,0.4817,0,0,0,0,0,0
1989-10-16 12:00:00,0.4259,0.4259,0,0,0,0,0,0
1989-10-16 13:00:00,0.3333,0.3333,0,0,0,0,0,0
1989-10-16 14:00:00,0.2069,0.2069,0,0,0,0,0,0
1989-10-16 15:00:00,0.1248,0.1248,0,0,0,0,0,0
1989-10-16 16:00:00,0.0805,0.0805,0,0,0,0,0,0
1989-10-16 17:00:00,0.0,0.0,0,0,0,0,0,0
1989-10-16 18:00:00,0.0,0.0,0,0,0,0,0,0
1989-10-16 19:00:00,0.0,0.0,0,0,0,0,0,0
1989-10-16 20:00:00,0.0,0.0,0,0,0,0,0,0
1989-10-16 21:00:00,0.0,0.0,0,0,0,0,0,0
1989-10-16 22:00:00,0.0,0.0,0,0,0,0,0,0
1989-10-16 23:00:00,0.0,0.0,0,0,0,0,0,0
1989-10-17 00:00:00,0.0,0.0,0,0,0,0,0,0
1989-10-17 01:00:00,0.0,0.0,0,0,0,0,0,0
1989-10-17 02:00:00,0.0,0.0,0,0,0,0,0,0
1989-10-17 03:00:00,0.0,0.0,0,0,0,0,0,0
1989-10-17 04:00:00,0.0,0.0,0,0,0,0,0,0
1989-10-17 05:00:00,0.0,0.0,0,0,0,0,0,0
1989-10-17 06:00:00,0.0,0.0,0,0,0,0,0,0
1989-10-17 07:00:00,0.0462,0.0462,0,0,0,0,0,0
1989-10-17 08:00:00,0.129,0.129,0,0,0,0,0,0
1989-10-17 09:00:00,0.2146,0.2146,0,0,0,0,0,0
1989-10-17 10:00:00,0.2502,0.2502,0,0,0,0,0,0
1989-10-17 11:00:00,0.2411,0.2411,0,0,0,0,0,0
1989-10-17 12:00:00,0.2442,0.2442,0,0,0,0,0,0
1989-10-17 13:00:00,0.2315,0.2315,0,0,0,0,0,0
1989-10-17 14:00:00,0.2193,0.2193,0,0,0,0,0,0
1989-10-17 15:00:00,0.1585,0.1585,0,0,0,0,0,0
1989-10-17 16:00:00,0.0622,0.0622,0,0,0,0,0,0
1989-10-17 17:00:00,0.0,0.0,0,0,0,0,0,0
1989-10-17 18:00:00,0.0,0.0,0,0,0,0,0,0
1989-10-17 19:00:00,0.0,0.0,0,0,0,0,0,0
1989-10-17 20:00:00,0.0,0.0,0,0,0,0,0,0
1989-10-17 21:00:00,0.0,0.0,0,0,0,0,0,0
1989-10-17 22:00:00,0.0,0.0,0,0,0,0,0,0
1989-10-17 23:00:00,0.0,0.0,0,0,0,0,0,0
1989-10-18 00:00:00,0.0,0.0,0,0,0,0,0,0
1989-10-18 01:00:00,0.0,0.0,0,0,0,0,0,0
1989-10-18 02:00:00,0.0,0.0,0,0,0,0,0,0
1989-10-18 03:00:00,0.0,0.0,0,0,0,0,0,0
1989-10-18 04:00:00,0.0,0.0,0,0,0,0,0,0
1989-10-18 05:00:00,0.0,0.0,0,0,0,0,0,0
1989-10-18 06:00:00,0.0,0.0,0,0,0,0,0,0
1989-10-18 07:00:00,0.0414,0.0414,0,0,0,0,0,0
1989-10-18 08:00:00,0.1338,0.1338,0,0,0,0,0,0
1989-10-18 09:00:00,0.2031,0.2031,0,0,0,0,0,0
1989-10-18 10:00:00,0.2314,0.2314,0,0,0,0,0,0
1989-10-18 11:00:00,0.2538,0.2538,0,0,0,0,0,0
1989-10-18 12:00:00,0.2221,0.2221,0,0,0,0,0,0
1989-10-18 13:00:00,0.1759,0.1759,0,0,0,0,0,0
1989-10-18 14:00:00,0.1516,0.1516,0,0,0,0,0,0
1989-10-18 15:00:00,0.0931,0.0931,0,0,0,0,0,0
1989-10-18 16:00:00,0.0251,0.0251,0,0,0,0,0,0
1989-10-18 17:00:00,0.0,0.0,0,0,0,0,0,0
1989-10-18 18:00:00,0.0,0.0,0,0,0,0,0,0
1989-10-18 19:00:00,0.0,0.0,0,0,0,0,0,0
1989-10-18 20:00:00,0.0,0.0,0,0,0,0,0,0
1989-10-18 21:00:00,0.0,0.0,0,0,0,0,0,0
1989-10-18 22:00:00,0.0,0.0,0,0,0,0,0,0
1989-10-18 23:00:00,0.0,0.0,0,0,0,0,0,0
1989-10-19 00:00:00,0.0,0.0,0,0,0,0,0,0
1989-10-19 01:00:00,0.0,0.0,0,0,0,0,0,0
1989-10-19 02:00:00,0.0,0.0,0,0,0,0,0,0
1989-10-19 03:00:00,0.0,0.0,0,0,0,0,0,0
1989-10-19 04:00:00,0.0,0.0,0,0,0,0,0,0
1989-10-19 05:00:00,0.0,0.0,0,0,0,0,0,0
1989-10-19 06:00:00,0.0,0.0,0,0,0,0,0,0
1989-10-19 07:00:00,0.0099,0.0099,0,0,0,0,0,0
1989-10-19 08:00:00,0.0378,0.0378,0,0,0,0,0,0
1989-10-19 09:00:00,0.0668,0.0668,0,0,0,0,0,0
1989-10-19 10:00:00,0.0908,0.0908,0,0,0,0,0,0
1989-10-19 11:00:00,0.1141,0.1141,0,0,0,0,0,0
1989-10-19 12:00:00,0.1451,0.1451,0,0,0,0,0,0
1989-10-19 13:00:00,0.1716,0.1716,0,0,0,0,0,0
1989-10-19 14:00:00,0.1542,0.1542,0,0,0,0,0,0
1989-10-19 15:00:00,0.076,0.076,0,0,0,0,0,0
1989-10-19 16:00:00,0.0139,0.0139,0,0,0,0,0,0
1989-10-19 17:00:00,0.0,0.0,0,0,0,0,0,0
1989-10-19 18:00:00,0.0,0.0,0,0,0,0,0,0
1989-10-19 19:00:00,0.0,0.0,0,0,0,0,0,0
1989-10-19 20:00:00,0.0,0.0,0,0,0,0,0,0
1989-10-19 21:00:00,0.0,0.0,0,0,0,0,0,0
1989-10-19 22:00:00,0.0,0.0,0,0,0,0,0,0
1989-10-19 23:00:00,0.0,0.0,0,0,0,0,0,0
1989-10-20 00:00:00,0.0,0.0,0,0,0,0,0,0
1989-10-20 01:00:00,0.0,0.0,0,0,0,0,0,0
1989-10-20 02:00:00,0.0,0.0,0,0,0,0,0,0
1989-10-20 03:00:00,0.0,0.0,0,0,0,0,0,0
1989-10-20 04:00:00,0.0,0.0,0,0,0,0,0,0
1989-10-20 05:00:00,0.0,0.0,0,0,0,0,0,0
1989-10-20 06:00:00,0.0,0.0,0,0,0,0,0,0
1989-10-20 07:00:00,0.0734,0.0734,0,0,0,0,0,0
1989-10-20 08:00:00,0.2766,0.2766,0,0,0,0,0,0
1989-10-20 09:00:00,0.477,0.477,0,0,0,0,0,0
1989-10-20 10:00:00,0.5723,0.5723,0,0,0,0,0,0
1989-10-20 11:00:00,0.5514,0.5514,0,0,0,0,0,0
1989-10-20 12:00:00,0.5235,0.5235,0,0,0,0,0,0
1989-10-20 13:00:00,0.526,0.526,0,0,0,0,0,0
1989-10-20 14:00:00,0.4001,0.4001,0,0,0,0,0,0
1989-10-20 15:00:00,0.2171,0.2171,0,0,0,0,0,0
1989-10-20 16:00:00,0.067,0.067,0,0,0,0,0,0
1989-10-20 17:00:00,0.0,0.0,0,0,0,0,0,0
1989-10-20 18:00:00,0.0,0.0,0,0,0,0,0,0
1989-10-20 19:00:00,0.0,0.0,0,0,0,0,0,0
1989-10-20 20:00:00,0.0,0.0,0,0,0,0,0,0
1989-10-20 21:00:00,0.0,0.0,0,0,0,0,0,0
1989-10-20 22:00:00,0.0,0.0,0,0,0,0,0,0
1989-10-20 23:00:00,0.0,0.0,0,0,0,0,0,0
1989-10-21 00:00:00,0.0,0.0,0,0,0,0,0,0
1989-10-21 01:00:00,0.0,0.0,0,0,0,0,0,0
1989-10-21 02:00:00,0.0,0.0,0,0,0,0,0,0
1989-10-21 03:00:00,0.0,0.0,0,0,0,0,0,0
1989-10-21 04:00:00,0.0,0.0,0,0,0,0,0,0
1989-10-21 05:00:00,0.0,0.0,0,0,0,0,0,0
1989-10-21 06:00:00,0.0,0.0,0,0,0,0,0,0
1989-10-21 07:00:00,0.0179,0.0179,0,0,0,0,0,0
1989-10-21 08:00:00,0.0656,0.0656,0,0,0,0,0,0
1989-10-21 09:00:00,0.1657,0.1657,0,0,0,0,0,0
1989-10-21 10:00:00,0.2455,0.2455,0,0,0,0,0,0
1989-10-21 11:00:00,0.2625,0.2625,0,0,0,0,0,0
1989-10-21 12:00:00,0.2713,0.2713,0,0,0,0,0,0
1989-10-21 13:00:00,0.2742,0.2742,0,0,0,0,0,0
1989-10-21 14:00:00,0.2333,0.2333,0,0,0,0,0,0
1989-10-21 15:00:00,0.1464,0.1464,0,0,0,0,0,0
1989-10-21 16:00:00,0.0472,0.0472,0,0,0,0,0,0
1989-10-21 17:00:00,0.0,0.0,0,0,0,0,0,0
1989-10-21 18:00:00,0.0,0.0,0,0,0,0,0,0
1989-10-21 19:00:00,0.0,0.0,0,0,0,0,0,0
1989-10-21 20:00:00,0.0,0.0,0,0,0,0,0,0
1989-10-21 21:00:00,0.0,0.0,0,0,0,0,0,0
1989-10-21 22:00:00,0.0,0.0,0,0,0,0,0,0
1989-10-21 23:00:00,0.0,0.0,0,0,0,0,0,0
1989-10-22 00:00:00,0.0,0.0,0,0,0,0,0,0
1989-10-22 01:00:00,0.0,0.0,0,0,0,0,0,0
1989-10-22 02:00:00,0.0,0.0,0,0,0,0,0,0
1989-10-22 03:00:00,0.0,0.0,0,0,0,0,0,0
1989-10-22 04:00:00,0.0,0.0,0,0,0,0,0,0
1989-10-22 05:00:00,0.0,0.0,0,0,0,0,0,0
1989-10-22 06:00:00,0.0,0.0,0,0,0,0,0,0
1989-10-22 07:00:00,0.03,0.03,0,0,0,0,0,0
1989-10-22 08:00:00,0.1136,0.1136,0,0,0,0,0,0
1989-10-22 09:00:00,0.2187,0.2187,0,0,0,0,0,0
1989-10-22 10:00:00,0.2677,0.2677,0,0,0,0,0,0
1989-10-22 11:00:00,0.2558,0.2558,0,0,0,0,0,0
1989-10-22 12:00:00,0.2176,0.2176,0,0,0,0,0,0
1989-10-22 13:00:00,0.1697,0.1697,0,0,0,0,0,0
1989-10-22 14:00:00,0.1405,0.1405,0,0,0,0,0,0
1989-10-22 15:00:00,0.1013,0.1013,0,0,0,0,0,0
1989-10-22 16:00:00,0.0341,0.0341,0,0,0,0,0,0
1989-10-22 17:00:00,0.0,0.0,0,0,0,0,0,0
1989-10-22 18:00:00,0.0,0.0,0,0,0,0,0,0
1989-10-22 19:00:00,0.0,0.0,0,0,0,0,0,0
1989-10-22 20:00:00,0.0,0.0,0,0,0,0,0,0
1989-10-22 21:00:00,0.0,0.0,0,0,0,0,0,0
1989-10-22 22:00:00,0.0,0.0,0,0,0,0,0,0
1989-10-22 23:00:00,0.0,0.0,0,0,0,0,0,0
1989-10-23 00:00:00,0.0,0.0,0,0,0,0,0,0
1989-10-23 01:00:00,0.0,0.0,0,0,0,0,0,0
1989-10-23 02:00:00,0.0,0.0,0,0,0,0,0,0
1989-10-23 03:00:00,0.0,0.0,0,0,0,0,0,0
1989-10-23 04:00:00,0.0,0.0,0,0,0,0,0,0
1989-10-23 05:00:00,0.0,0.0,0,0,0,0,0,0
1989-10-23 06:00:00,0.0,0.0,0,0,0,0,0,0
1989-10-23 07:00:00,0.035,0.035,0,0,0,0,0,0
1989-10-23 08:00:00,0.1533,0.1533,0,0,0,0,0,0
1989-10-23 09:00:00,0.27,0.27,0,0,0,0,0,0
1989-10-23 10:00:00,0.2904,0.2904,0,0,0,0,0,0
1989-10-23 11:00:00,0.3311,0.3311,0,0,0,0,0,0
1989-10-23 12:00:00,0.3681,0.3681,0,0,0,0,0,0
1989-10-23 13:00:00,0.3352,0.3352,0,0,0,0,0,0
1989-10-23 14:00:00,0.255,0.255,0,0,0,0,0,0
1989-10-23 15:00:00,0.1427,0.1427,0,0,0,0,0,0
1989-10-23 16:00:00,0.0401,0.0401,0,0,0,0,0,0
1989-10-23 17:00:00,0.0,0.0,0,0,0,0,0,0
1989-10-23 18:00:00,0.0,0.0,0,0,0,0,0,0
1989-10-23 19:00:00,0.0,0.0,0,0,0,0,0,0
1989-10-23 20:00:00,0.0,0.0,0,0,0,0,0,0
1989-10-23 21:00:00,0.0,0.0,0,0,0,0,0,0
1989-10-23 22:00:00,0.0,0.0,0,0,0,0,0,0
1989-10-23 23:00:00,0.0,0.0,0,0,0,0,0,0
1989-10-24 00:00:00,0.0,0.0,0,0,0,0,0,0
1989-10-24 01:00:00,0.0,0.0,0,0,0,0,0,0
1989-10-24 02:00:00,0.0,0.0,0,0,0,0,0,0
1989-10-24 03:00:00,0.0,0.0,0,0,0,0,0,0
1989-10-24 04:00:00,0.0,0.0,0,0,0,0,0,0
1989-10-24 05:00:00,0.0,0.0,0,0,0,0,0,0
1989-10-24 06:00:00,0.0,0.0,0,0,0,0,0,0
1989-10-24 07:00:00,0.0266,0.0266,0,0,0,0,0,0
1989-10-24 08:00:00,0.1058,0.1058,0,0,0,0,0,0
1989-10-24 09:00:00,0.1774,0.1774,0,0,0,0,0,0
1989-10-24 10:00:00,0.2422,0.2422,0,0,0,0,0,0
1989-10-24 11:00:00,0.3186,0.3186,0,0,0,0,0,0
1989-10-24 12:00:00,0.3425,0.3425,0,0,0,0,0,0
1989-10-24 13:00:00,0.3501,0.3501,0,0,0,0,0,0
1989-10-24 14:00:00,0.3255,0.3255,0,0,0,0,0,0
1989-10-24 15:00:00,0.2165,0.2165,0,0,0,0,0,0
1989-10-24 16:00:00,0.0634,0.0634,0,0,0,0,0,0
1989-10-24 17:00:00,0.0,0.0,0,0,0,0,0,0
1989-10-24 18:00:00,0.0,0.0,0,0,0,0,0,0
1989-10-24 19:00:00,0.0,0.0,0,0,0,0,0,0
1989-10-24 20:00:00,0.0,0.0,0,0,0,0,0,0
1989-10-24 21:00:00,0.0,0.0,0,0,0,0,0,0
1989-10-24 22:00:00,0.0,0.0,0,0,0,0,0,0
1989-10-24 23:00:00,0.0,0.0,0,0,0,0,0,0
1989-10-25 00:00:00,0.0,0.0,0,0,0,0,0,0
1989-10-25 01:00:00,0.0,0.0,0,0,0,0,0,0
1989-10-25 02:00:00,0.0,0.0,0,0,0,0,0,0
1989-10-25 03:00:00,0.0,0.0,0,0,0,0,0,0
1989-10-25 04:00:00,0.0,0.0,0,0,0,0,0,0
1989-10-25 05:00:00,0.0,0.0,0,0,0,0,0,0
1989-10-25 06:00:00,0.0,0.0,0,0,0,0,0,0
1989-10-25 07:00:00,0.0197,0.0197,0,0,0,0,0,0
1989-10-25 08:00:00,0.0669,0.0669,0,0,0,0,0,0
1989-10-25 09:00:00,0.1139,0.1139,0,0,0,0,0,0
1989-10-25 10:00:00,0.1388,0.1388,0,0,0,0,0,0
1989-10-25 11:00:00,0.1567,0.1567,0,0,0,0,0,0
1989-10-25 12:00:00,0.1724,0.1724,0,0,0,0,0,0
1989-10-25 13:00:00,0.1703,0.1703,0,0,0,0,0,0
1989-10-25 14:00:00,0.1388,0.1388,0,0,0,0,0,0
1989-10-25 15:00:00,0.0834,0.0834,0,0,0,0,0,0
1989-10-25 16:00:00,0.0241,0.0241,0,0,0,0,0,0
1989-10-25 17:00:00,0.0,0.0,0,0,0,0,0,0
1989-10-25 18:00:00,0.0,0.0,0,0,0,0,0,0
1989-10-25 19:00:00,0.0,0.0,0,0,0,0,0,0
1989-10-25 20:00:00,0.0,0.0,0,0,0,0,0,0
1989-10-25 21:00:00,0.0,0.0,0,0,0,0,0,0
1989-10-25 22:00:00,0.0,0.0,0,0,0,0,0,0
1989-10-25 23:00:00,0.0,0.0,0,0,0,0,0,0
1989-10-26 00:00:00,0.0,0.0,0,0,0,0,0,0
1989-10-26 01:00:00,0.0,0.0,0,0,0,0,0,0
1989-10-26 02:00:00,0.0,0.0,0,0,0,0,0,0
1989-10-26 03:00:00,0.0,0.0,0,0,0,0,0,0
1989-10-26 04:00:00,0.0,0.0,0,0,0,0,0,0
1989-10-26 05:00:00,0.0,0.0,0,0,0,0,0,0
1989-10-26 06:00:00,0.0,0.0,0,0,0,0,0,0
1989-10-26 07:00:00,0.0199,0.0199,0,0,0,0,0,0
1989-10-26 08:00:00,0.0841,0.0841,0,0,0,0,0,0
1989-10-26 09:00:00,0.1401,0.1401,0,0,0,0,0,0
1989-10-26 10:00:00,0.1869,0.1869,0,0,0,0,0,0
1989-10-26 11:00:00,0.2727,0.2727,0,0,0,0,0,0
1989-10-26 12:00:00,0.3268,0.3268,0,0,0,0,0,0
1989-10-26 13:00:00,0.3145,0.3145,0,0,0,0,0,0
1989-10-26 14:00:00,0.2845,0.2845,0,0,0,0,0,0
1989-10-26 15:00:00,0.2158,0.2158,0,0,0,0,0,0
1989-10-26 16:00:00,0.0697,0.0697,0,0,0,0,0,0
1989-10-26 17:00:00,0.0,0.0,0,0,0,0,0,0
1989-10-26 18:00:00,0.0,0.0,0,0,0,0,0,0
1989-10-26 19:00:00,0.0,0.0,0,0,0,0,0,0
1989-10-26 20:00:00,0.0,0.0,0,0,0,0,0,0
1989-10-26 21:00:00,0.0,0.0,0,0,0,0,0,0
1989-10-26 22:00:00,0.0,0.0,0,0,0,0,0,0
1989-10-26 23:00:00,0.0,0.0,0,0,0,0,0,0
1989-10-27 00:00:00,0.0,0.0,0,0,0,0,0,0
1989-10-27 01:00:00,0.0,0.0,0,0,0,0,0,0
1989-10-27 02:00:00,0.0,0.0,0,0,0,0,0,0
1989-10-27 03:00:00,0.0,0.0,0,0,0,0,0,0
1989-10-27 04:00:00,0.0,0.0,0,0,0,0,0,0
1989-10-27 05:00:00,0.0,0.0,0,0,0,0,0,0
1989-10-27 06:00:00,0.0,0.0,0,0,0,0,0,0
1989-10-27 07:00:00,0.0458,0.0458,0,0,0,0,0,0
1989-10-27 08:00:00,0.1697,0.1697,0,0,0,0,0,0
1989-10-27 09:00:00,0.2729,0.2729,0,0,0,0,0,0
1989-10-27 10:00:00,0.2851,0.2851,0,0,0,0,0,0
1989-10-27 11:00:00,0.3482,0.3482,0,0,0,0,0,0
1989-10-27 12:00:00,0.3669,0.3669,0,0,0,0,0,0
1989-10-27 13:00:00,0.2926,0.2926,0,0,0,0,0,0
1989-10-27 14:00:00,0.2084,0.2084,0,0,0,0,0,0
1989-10-27 15:00:00,0.12,0.12,0,0,0,0,0,0
1989-10-27 16:00:00,0.0385,0.0385,0,0,0,0,0,0
1989-10-27 17:00:00,0.0,0.0,0,0,0,0,0,0
1989-10-27 18:00:00,0.0,0.0,0,0,0,0,0,0
1989-10-27 19:00:00,0.0,0.0,0,0,0,0,0,0
1989-10-27 20:00:00,0.0,0.0,0,0,0,0,0,0
1989-10-27 21:00:00,0.0,0.0,0,0,0,0,0,0
1989-10-27 22:00:00,0.0,0.0,0,0,0,0,0,0
1989-10-27 23:00:00,0.0,0.0,0,0,0,0,0,0
1989-10-28 00:00:00,0.0,0.0,0,0,0,0,0,0
1989-10-28 01:00:00,0.0,0.0,0,0,0,0,0,0
1989-10-28 02:00:00,0.0,0.0,0,0,0,0,0,0
1989-10-28 03:00:00,0.0,0.0,0,0,0,0,0,0
1989-10-28 04:00:00,0.0,0.0,0,0,0,0,0,0
1989-10-28 05:00:00,0.0,0.0,0,0,0,0,0,0
1989-10-28 06:00:00,0.0,0.0,0,0,0,0,0,0
1989-10-28 07:00:00,0.0003,0.0003,0,0,0,0,0,0
1989-10-28 08:00:00,0.024,0.024,0,0,0,0,0,0
1989-10-28 09:00:00,0.0798,0.0798,0,0,0,0,0,0
1989-10-28 10:00:00,0.1588,0.1588,0,0,0,0,0,0
1989-10-28 11:00:00,0.1479,0.1479,0,0,0,0,0,0
1989-10-28 12:00:00,0.1601,0.1601,0,0,0,0,0,0
1989-10-28 13:00:00,0.2019,0.2019,0,0,0,0,0,0
1989-10-28 14:00:00,0.1421,0.1421,0,0,0,0,0,0
1989-10-28 15:00:00,0.0743,0.0743,0,0,0,0,0,0
1989-10-28 16:00:00,0.0207,0.0207,0,0,0,0,0,0
1989-10-28 17:00:00,0.0,0.0,0,0,0,0,0,0
1989-10-28 18:00:00,0.0,0.0,0,0,0,0,0,0
1989-10-28 19:00:00,0.0,0.0,0,0,0,0,0,0
1989-10-28 20:00:00,0.0,0.0,0,0,0,0,0,0
1989-10-28 21:00:00,0.0,0.0,0,0,0,0,0,0
1989-10-28 22:00:00,0.0,0.0,0,0,0,0,0,0
1989-10-28 23:00:00,0.0,0.0,0,0,0,0,0,0
1989-10-29 00:00:00,0.0,0.0,0,0,0,0,0,0
1989-10-29 01:00:00,0.0,0.0,0,0,0,0,0,0
1989-10-29 02:00:00,0.0,0.0,0,0,0,0,0,0
1989-10-29 03:00:00,0.0,0.0,0,0,0,0,0,0
1989-10-29 04:00:00,0.0,0.0,0,0,0,0,0,0
1989-10-29 05:00:00,0.0,0.0,0,0,0,0,0,0
1989-10-29 06:00:00,0.0,0.0,0,0,0,0,0,0
1989-10-29 07:00:00,0.0015,0.0015,0,0,0,0,0,0
1989-10-29 08:00:00,0.0397,0.0397,0,0,0,0,0,0
1989-10-29 09:00:00,0.1532,0.1532,0,0,0,0,0,0
1989-10-29 10:00:00,0.3352,0.3352,0,0,0,0,0,0
1989-10-29 11:00:00,0.5197,0.5197,0,0,0,0,0,0
1989-10-29 12:00:00,0.5638,0.5638,0,0,0,0,0,0
1989-10-29 13:00:00,0.4602,0.4602,0,0,0,0,0,0
1989-10-29 14:00:00,0.3614,0.3614,0,0,0,0,0,0
1989-10-29 15:00:00,0.2476,0.2476,0,0,0,0,0,0
1989-10-29 16:00:00,0.0728,0.0728,0,0,0,0,0,0
1989-10-29 17:00:00,0.0,0.0,0,0,0,0,0,0
1989-10-29 18:00:00,0.0,0.0,0,0,0,0,0,0
1989-10-29 19:00:00,0.0,0.0,0,0,0,0,0,0
1989-10-29 20:00:00,0.0,0.0,0,0,0,0,0,0
1989-10-29 21:00:00,0.0,0.0,0,0,0,0,0,0
1989-10-29 22:00:00,0.0,0.0,0,0,0,0,0,0
1989-10-29 23:00:00,0.0,0.0,0,0,0,0,0,0
1989-10-30 00:00:00,0.0,0.0,0,0,0,0,0,0
1989-10-30 01:00:00,0.0,0.0,0,0,0,0,0,0
1989-10-30 02:00:00,0.0,0.0,0,0,0,0,0,0
1989-10-30 03:00:00,0.0,0.0,0,0,0,0,0,0
1989-10-30 04:00:00,0.0,0.0,0,0,0,0,0,0
1989-10-30 05:00:00,0.0,0.0,0,0,0,0,0,0
1989-10-30 06:00:00,0.0,0.0,0,0,0,0,0,0
1989-10-30 07:00:00,0.0769,0.0769,0,0,0,0,0,0
1989-10-30 08:00:00,0.2945,0.2945,0,0,0,0,0,0
1989-10-30 09:00:00,0.4719,0.4719,0,0,0,0,0,0
1989-10-30 10:00:00,0.5769,0.5769,0,0,0,0,0,0
1989-10-30 11:00:00,0.6309,0.6309,0,0,0,0,0,0
1989-10-30 12:00:00,0.6315,0.6315,0,0,0,0,0,0
1989-10-30 13:00:00,0.584,0.584,0,0,0,0,0,0
1989-10-30 14:00:00,0.4733,0.4733,0,0,0,0,0,0
1989-10-30 15:00:00,0.3036,0.3036,0,0,0,0,0,0
1989-10-30 16:00:00,0.0892,0.0892,0,0,0,0,0,0
1989-10-30 17:00:00,0.0,0.0,0,0,0,0,0,0
1989-10-30 18:00:00,0.0,0.0,0,0,0,0,0,0
1989-10-30 19:00:00,0.0,0.0,0,0,0,0,0,0
1989-10-30 20:00:00,0.0,0.0,0,0,0,0,0,0
1989-10-30 21:00:00,0.0,0.0,0,0,0,0,0,0
1989-10-30 22:00:00,0.0,0.0,0,0,0,0,0,0
1989-10-30 23:00:00,0.0,0.0,0,0,0,0,0,0
1989-10-31 00:00:00,0.0,0.0,0,0,0,0,0,0
1989-10-31 01:00:00,0.0,0.0,0,0,0,0,0,0
1989-10-31 02:00:00,0.0,0.0,0,0,0,0,0,0
1989-10-31 03:00:00,0.0,0.0,0,0,0,0,0,0
1989-10-31 04:00:00,0.0,0.0,0,0,0,0,0,0
1989-10-31 05:00:00,0.0,0.0,0,0,0,0,0,0
1989-10-31 06:00:00,0.0,0.0,0,0,0,0,0,0
1989-10-31 07:00:00,0.0798,0.0798,0,0,0,0,0,0
1989-10-31 08:00:00,0.3045,0.3045,0,0,0,0,0,0
1989-10-31 09:00:00,0.4865,0.4865,0,0,0,0,0,0
1989-10-31 10:00:00,0.5882,0.5882,0,0,0,0,0,0
1989-10-31 11:00:00,0.6451,0.6451,0,0,0,0,0,0
1989-10-31 12:00:00,0.6449,0.6449,0,0,0,0,0,0
1989-10-31 13:00:00,0.5932,0.5932,0,0,0,0,0,0
1989-10-31 14:00:00,0.4808,0.4808,0,0,0,0,0,0
1989-10-31 15:00:00,0.3091,0.3091,0,0,0,0,0,0
1989-10-31 16:00:00,0.09,0.09,0,0,0,0,0,0
1989-10-31 17:00:00,0.0,0.0,0,0,0,0,0,0
1989-10-31 18:00:00,0.0,0.0,0,0,0,0,0,0
1989-10-31 19:00:00,0.0,0.0,0,0,0,0,0,0
1989-10-31 20:00:00,0.0,0.0,0,0,0,0,0,0
1989-10-31 21:00:00,0.0,0.0,0,0,0,0,0,0
1989-10-31 22:00:00,0.0,0.0,0,0,0,0,0,0
1989-10-31 23:00:00,0.0,0.0,0,0,0,0,0,0
1989-11-01 00:00:00,0.0,0.0,0,0,0,0,0,0
1989-11-01 01:00:00,0.0,0.0,0,0,0,0,0,0
1989-11-01 02:00:00,0.0,0.0,0,0,0,0,0,0
1989-11-01 03:00:00,0.0,0.0,0,0,0,0,0,0
1989-11-01 04:00:00,0.0,0.0,0,0,0,0,0,0
1989-11-01 05:00:00,0.0,0.0,0,0,0,0,0,0
1989-11-01 06:00:00,0.0,0.0,0,0,0,0,0,0
1989-11-01 07:00:00,0.0728,0.0728,0,0,0,0,0,0
1989-11-01 08:00:00,0.2789,0.2789,0,0,0,0,0,0
1989-11-01 09:00:00,0.4531,0.4531,0,0,0,0,0,0
1989-11-01 10:00:00,0.5675,0.5675,0,0,0,0,0,0
1989-11-01 11:00:00,0.6296,0.6296,0,0,0,0,0,0
1989-11-01 12:00:00,0.6369,0.6369,0,0,0,0,0,0
1989-11-01 13:00:00,0.5851,0.5851,0,0,0,0,0,0
1989-11-01 14:00:00,0.4662,0.4662,0,0,0,0,0,0
1989-11-01 15:00:00,0.2664,0.2664,0,0,0,0,0,0
1989-11-01 16:00:00,0.0598,0.0598,0,0,0,0,0,0
1989-11-01 17:00:00,0.0,0.0,0,0,0,0,0,0
1989-11-01 18:00:00,0.0,0.0,0,0,0,0,0,0
1989-11-01 19:00:00,0.0,0.0,0,0,0,0,0,0
1989-11-01 20:00:00,0.0,0.0,0,0,0,0,0,0
1989-11-01 21:00:00,0.0,0.0,0,0,0,0,0,0
1989-11-01 22:00:00,0.0,0.0,0,0,0,0,0,0
1989-11-01 23:00:00,0.0,0.0,0,0,0,0,0,0
1989-11-02 00:00:00,0.0,0.0,0,0,0,0,0,0
1989-11-02 01:00:00,0.0,0.0,0,0,0,0,0,0
1989-11-02 02:00:00,0.0,0.0,0,0,0,0,0,0
1989-11-02 03:00:00,0.0,0.0,0,0,0,0,0,0
1989-11-02 04:00:00,0.0,0.0,0,0,0,0,0,0
1989-11-02 05:00:00,0.0,0.0,0,0,0,0,0,0
1989-11-02 06:00:00,0.0,0.0,0,0,0,0,0,0
1989-11-02 07:00:00,0.0066,0.0066,0,0,0,0,0,0
1989-11-02 08:00:00,0.0536,0.0536,0,0,0,0,0,0
1989-11-02 09:00:00,0.1496,0.1496,0,0,0,0,0,0
1989-11-02 10:00:00,0.2164,0.2164,0,0,0,0,0,0
1989-11-02 11:00:00,0.2653,0.2653,0,0,0,0,0,0
1989-11-02 12:00:00,0.3306,0.3306,0,0,0,0,0,0
1989-11-02 13:00:00,0.3036,0.3036,0,0,0,0,0,0
1989-11-02 14:00:00,0.2138,0.2138,0,0,0,0,0,0
1989-11-02 15:00:00,0.1286,0.1286,0,0,0,0,0,0
1989-11-02 16:00:00,0.0346,0.0346,0,0,0,0,0,0
1989-11-02 17:00:00,0.0,0.0,0,0,0,0,0,0
1989-11-02 18:00:00,0.0,0.0,0,0,0,0,0,0
1989-11-02 19:00:00,0.0,0.0,0,0,0,0,0,0
1989-11-02 20:00:00,0.0,0.0,0,0,0,0,0,0
1989-11-02 21:00:00,0.0,0.0,0,0,0,0,0,0
1989-11-02 22:00:00,0.0,0.0,0,0,0,0,0,0
1989-11-02 23:00:00,0.0,0.0,0,0,0,0,0,0
1989-11-03 00:00:00,0.0,0.0,0,0,0,0,0,0
1989-11-03 01:00:00,0.0,0.0,0,0,0,0,0,0
1989-11-03 02:00:00,0.0,0.0,0,0,0,0,0,0
1989-11-03 03:00:00,0.0,0.0,0,0,0,0,0,0
1989-11-03 04:00:00,0.0,0.0,0,0,0,0,0,0
1989-11-03 05:00:00,0.0,0.0,0,0,0,0,0,0
1989-11-03 06:00:00,0.0,0.0,0,0,0,0,0,0
1989-11-03 07:00:00,0.0342,0.0342,0,0,0,0,0,0
1989-11-03 08:00:00,0.1256,0.1256,0,0,0,0,0,0
1989-11-03 09:00:00,0.232,0.232,0,0,0,0,0,0
1989-11-03 10:00:00,0.3093,0.3093,0,0,0,0,0,0
1989-11-03 11:00:00,0.3157,0.3157,0,0,0,0,0,0
1989-11-03 12:00:00,0.2726,0.2726,0,0,0,0,0,0
1989-11-03 13:00:00,0.1945,0.1945,0,0,0,0,0,0
1989-11-03 14:00:00,0.1626,0.1626,0,0,0,0,0,0
1989-11-03 15:00:00,0.0873,0.0873,0,0,0,0,0,0
1989-11-03 16:00:00,0.0135,0.0135,0,0,0,0,0,0
1989-11-03 17:00:00,0.0,0.0,0,0,0,0,0,0
1989-11-03 18:00:00,0.0,0.0,0,0,0,0,0,0
1989-11-03 19:00:00,0.0,0.0,0,0,0,0,0,0
1989-11-03 20:00:00,0.0,0.0,0,0,0,0,0,0
1989-11-03 21:00:00,0.0,0.0,0,0,0,0,0,0
1989-11-03 22:00:00,0.0,0.0,0,0,0,0,0,0
1989-11-03 23:00:00,0.0,0.0,0,0,0,0,0,0
1989-11-04 00:00:00,0.0,0.0,0,0,0,0,0,0
1989-11-04 01:00:00,0.0,0.0,0,0,0,0,0,0
1989-11-04 02:00:00,0.0,0.0,0,0,0,0,0,0
1989-11-04 03:00:00,0.0,0.0,0,0,0,0,0,0
1989-11-04 04:00:00,0.0,0.0,0,0,0,0,0,0
1989-11-04 05:00:00,0.0,0.0,0,0,0,0,0,0
1989-11-04 06:00:00,0.0,0.0,0,0,0,0,0,0
1989-11-04 07:00:00,0.0548,0.0548,0,0,0,0,0,0
1989-11-04 08:00:00,0.2561,0.2561,0,0,0,0,0,0
1989-11-04 09:00:00,0.4339,0.4339,0,0,0,0,0,0
1989-11-04 10:00:00,0.5624,0.5624,0,0,0,0,0,0
1989-11-04 11:00:00,0.6577,0.6577,0,0,0,0,0,0
1989-11-04 12:00:00,0.6592,0.6592,0,0,0,0,0,0
1989-11-04 13:00:00,0.5877,0.5877,0,0,0,0,0,0
1989-11-04 14:00:00,0.4487,0.4487,0,0,0,0,0,0
1989-11-04 15:00:00,0.2583,0.2583,0,0,0,0,0,0
1989-11-04 16:00:00,0.0577,0.0577,0,0,0,0,0,0
1989-11-04 17:00:00,0.0,0.0,0,0,0,0,0,0
1989-11-04 18:00:00,0.0,0.0,0,0,0,0,0,0
1989-11-04 19:00:00,0.0,0.0,0,0,0,0,0,0
1989-11-04 20:00:00,0.0,0.0,0,0,0,0,0,0
1989-11-04 21:00:00,0.0,0.0,0,0,0,0,0,0
1989-11-04 22:00:00,0.0,0.0,0,0,0,0,0,0
1989-11-04 23:00:00,0.0,0.0,0,0,0,0,0,0
1989-11-05 00:00:00,0.0,0.0,0,0,0,0,0,0
1989-11-05 01:00:00,0.0,0.0,0,0,0,0,0,0
1989-11-05 02:00:00,0.0,0.0,0,0,0,0,0,0
1989-11-05 03:00:00,0.0,0.0,0,0,0,0,0,0
1989-11-05 04:00:00,0.0,0.0,0,0,0,0,0,0
1989-11-05 05:00:00,0.0,0.0,0,0,0,0,0,0
1989-11-05 06:00:00,0.0,0.0,0,0,0,0,0,0
1989-11-05 07:00:00,0.0082,0.0082,0,0,0,0,0,0
1989-11-05 08:00:00,0.0577,0.0577,0,0,0,0,0,0
1989-11-05 09:00:00,0.1482,0.1482,0,0,0,0,0,0
1989-11-05 10:00:00,0.2844,0.2844,0,0,0,0,0,0
1989-11-05 11:00:00,0.3888,0.3888,0,0,0,0,0,0
1989-11-05 12:00:00,0.4248,0.4248,0,0,0,0,0,0
1989-11-05 13:00:00,0.3943,0.3943,0,0,0,0,0,0
1989-11-05 14:00:00,0.3337,0.3337,0,0,0,0,0,0
1989-11-05 15:00:00,0.2141,0.2141,0,0,0,0,0,0
1989-11-05 16:00:00,0.0512,0.0512,0,0,0,0,0,0
1989-11-05 17:00:00,0.0,0.0,0,0,0,0,0,0
1989-11-05 18:00:00,0.0,0.0,0,0,0,0,0,0
1989-11-05 19:00:00,0.0,0.0,0,0,0,0,0,0
1989-11-05 20:00:00,0.0,0.0,0,0,0,0,0,0
1989-11-05 21:00:00,0.0,0.0,0,0,0,0,0,0
1989-11-05 22:00:00,0.0,0.0,0,0,0,0,0,0
1989-11-05 23:00:00,0.0,0.0,0,0,0,0,0,0
1989-11-06 00:00:00,0.0,0.0,0,0,0,0,0,0
1989-11-06 01:00:00,0.0,0.0,0,0,0,0,0,0
1989-11-06 02:00:00,0.0,0.0,0,0,0,0,0,0
1989-11-06 03:00:00,0.0,0.0,0,0,0,0,0,0
1989-11-06 04:00:00,0.0,0.0,0,0,0,0,0,0
1989-11-06 05:00:00,0.0,0.0,0,0,0,0,0,0
1989-11-06 06:00:00,0.0,0.0,0,0,0,0,0,0
1989-11-06 07:00:00,0.0417,0.0417,0,0,0,0,0,0
1989-11-06 08:00:00,0.213,0.213,0,0,0,0,0,0
1989-11-06 09:00:00,0.3583,0.3583,0,0,0,0,0,0
1989-11-06 10:00:00,0.5051,0.5051,0,0,0,0,0,0
1989-11-06 11:00:00,0.6,0.6,0,0,0,0,0,0
1989-11-06 12:00:00,0.5374,0.5374,0,0,0,0,0,0
1989-11-06 13:00:00,0.5256,0.5256,0,0,0,0,0,0
1989-11-06 14:00:00,0.4487,0.4487,0,0,0,0,0,0
1989-11-06 15:00:00,0.2826,0.2826,0,0,0,0,0,0
1989-11-06 16:00:00,0.0736,0.0736,0,0,0,0,0,0
1989-11-06 17:00:00,0.0,0.0,0,0,0,0,0,0
1989-11-06 18:00:00,0.0,0.0,0,0,0,0,0,0
1989-11-06 19:00:00,0.0,0.0,0,0,0,0,0,0
1989-11-06 20:00:00,0.0,0.0,0,0,0,0,0,0
1989-11-06 21:00:00,0.0,0.0,0,0,0,0,0,0
1989-11-06 22:00:00,0.0,0.0,0,0,0,0,0,0
1989-11-06 23:00:00,0.0,0.0,0,0,0,0,0,0
1989-11-07 00:00:00,0.0,0.0,0,0,0,0,0,0
1989-11-07 01:00:00,0.0,0.0,0,0,0,0,0,0
1989-11-07 02:00:00,0.0,0.0,0,0,0,0,0,0
1989-11-07 03:00:00,0.0,0.0,0,0,0,0,0,0
1989-11-07 04:00:00,0.0,0.0,0,0,0,0,0,0
1989-11-07 05:00:00,0.0,0.0,0,0,0,0,0,0
1989-11-07 06:00:00,0.0,0.0,0,0,0,0,0,0
1989-11-07 07:00:00,0.0239,0.0239,0,0,0,0,0,0
1989-11-07 08:00:00,0.1022,0.1022,0,0,0,0,0,0
1989-11-07 09:00:00,0.2077,0.2077,0,0,0,0,0,0
1989-11-07 10:00:00,0.2527,0.2527,0,0,0,0,0,0
1989-11-07 11:00:00,0.226,0.226,0,0,0,0,0,0
1989-11-07 12:00:00,0.2456,0.2456,0,0,0,0,0,0
1989-11-07 13:00:00,0.267,0.267,0,0,0,0,0,0
1989-11-07 14:00:00,0.307,0.307,0,0,0,0,0,0
1989-11-07 15:00:00,0.2477,0.2477,0,0,0,0,0,0
1989-11-07 16:00:00,0.0608,0.0608,0,0,0,0,0,0
1989-11-07 17:00:00,0.0,0.0,0,0,0,0,0,0
1989-11-07 18:00:00,0.0,0.0,0,0,0,0,0,0
1989-11-07 19:00:00,0.0,0.0,0,0,0,0,0,0
1989-11-07 20:00:00,0.0,0.0,0,0,0,0,0,0
1989-11-07 21:00:00,0.0,0.0,0,0,0,0,0,0
1989-11-07 22:00:00,0.0,0.0,0,0,0,0,0,0
1989-11-07 23:00:00,0.0,0.0,0,0,0,0,0,0
1989-11-08 00:00:00,0.0,0.0,0,0,0,0,0,0
1989-11-08 01:00:00,0.0,0.0,0,0,0,0,0,0
1989-11-08 02:00:00,0.0,0.0,0,0,0,0,0,0
1989-11-08 03:00:00,0.0,0.0,0,0,0,0,0,0
1989-11-08 04:00:00,0.0,0.0,0,0,0,0,0,0
1989-11-08 05:00:00,0.0,0.0,0,0,0,0,0,0
1989-11-08 06:00:00,0.0,0.0,0,0,0,0,0,0
1989-11-08 07:00:00,0.0363,0.0363,0,0,0,0,0,0
1989-11-08 08:00:00,0.1811,0.1811,0,0,0,0,0,0
1989-11-08 09:00:00,0.33,0.33,0,0,0,0,0,0
1989-11-08 10:00:00,0.4689,0.4689,0,0,0,0,0,0
1989-11-08 11:00:00,0.5121,0.5121,0,0,0,0,0,0
1989-11-08 12:00:00,0.5495,0.5495,0,0,0,0,0,0
1989-11-08 13:00:00,0.555,0.555,0,0,0,0,0,0
1989-11-08 14:00:00,0.4487,0.4487,0,0,0,0,0,0
1989-11-08 15:00:00,0.2646,0.2646,0,0,0,0,0,0
1989-11-08 16:00:00,0.0531,0.0531,0,0,0,0,0,0
1989-11-08 17:00:00,0.0,0.0,0,0,0,0,0,0
1989-11-08 18:00:00,0.0,0.0,0,0,0,0,0,0
1989-11-08 19:00:00,0.0,0.0,0,0,0,0,0,0
1989-11-08 20:00:00,0.0,0.0,0,0,0,0,0,0
1989-11-08 21:00:00,0.0,0.0,0,0,0,0,0,0
1989-11-08 22:00:00,0.0,0.0,0,0,0,0,0,0
1989-11-08 23:00:00,0.0,0.0,0,0,0,0,0,0
1989-11-09 00:00:00,0.0,0.0,0,0,0,0,0,0
1989-11-09 01:00:00,0.0,0.0,0,0,0,0,0,0
1989-11-09 02:00:00,0.0,0.0,0,0,0,0,0,0
1989-11-09 03:00:00,0.0,0.0,0,0,0,0,0,0
1989-11-09 04:00:00,0.0,0.0,0,0,0,0,0,0
1989-11-09 05:00:00,0.0,0.0,0,0,0,0,0,0
1989-11-09 06:00:00,0.0,0.0,0,0,0,0,0,0
1989-11-09 07:00:00,0.0307,0.0307,0,0,0,0,0,0
1989-11-09 08:00:00,0.2308,0.2308,0,0,0,0,0,0
1989-11-09 09:00:00,0.4366,0.4366,0,0,0,0,0,0
1989-11-09 10:00:00,0.5584,0.5584,0,0,0,0,0,0
1989-11-09 11:00:00,0.6487,0.6487,0,0,0,0,0,0
1989-11-09 12:00:00,0.6518,0.6518,0,0,0,0,0,0
1989-11-09 13:00:00,0.6037,0.6037,0,0,0,0,0,0
1989-11-09 14:00:00,0.4878,0.4878,0,0,0,0,0,0
1989-11-09 15:00:00,0.2832,0.2832,0,0,0,0,0,0
1989-11-09 16:00:00,0.055,0.055,0,0,0,0,0,0
1989-11-09 17:00:00,0.0,0.0,0,0,0,0,0,0
1989-11-09 18:00:00,0.0,0.0,0,0,0,0,0,0
1989-11-09 19:00:00,0.0,0.0,0,0,0,0,0,0
1989-11-09 20:00:00,0.0,0.0,0,0,0,0,0,0
1989-11-09 21:00:00,0.0,0.0,0,0,0,0,0,0
1989-11-09 22:00:00,0.0,0.0,0,0,0,0,0,0
1989-11-09 23:00:00,0.0,0.0,0,0,0,0,0,0
1989-11-10 00:00:00,0.0,0.0,0,0,0,0,0,0
1989-11-10 01:00:00,0.0,0.0,0,0,0,0,0,0
1989-11-10 02:00:00,0.0,0.0,0,0,0,0,0,0
1989-11-10 03:00:00,0.0,0.0,0,0,0,0,0,0
1989-11-10 04:00:00,0.0,0.0,0,0,0,0,0,0
1989-11-10 05:00:00,0.0,0.0,0,0,0,0,0,0
1989-11-10 06:00:00,0.0,0.0,0,0,0,0,0,0
1989-11-10 07:00:00,0.0389,0.0389,0,0,0,0,0,0
1989-11-10 08:00:00,0.2446,0.2446,0,0,0,0,0,0
1989-11-10 09:00:00,0.4313,0.4313,0,0,0,0,0,0
1989-11-10 10:00:00,0.5348,0.5348,0,0,0,0,0,0
1989-11-10 11:00:00,0.6094,0.6094,0,0,0,0,0,0
1989-11-10 12:00:00,0.635,0.635,0,0,0,0,0,0
1989-11-10 13:00:00,0.5894,0.5894,0,0,0,0,0,0
1989-11-10 14:00:00,0.4825,0.4825,0,0,0,0,0,0
1989-11-10 15:00:00,0.2961,0.2961,0,0,0,0,0,0
1989-11-10 16:00:00,0.0608,0.0608,0,0,0,0,0,0
1989-11-10 17:00:00,0.0,0.0,0,0,0,0,0,0
1989-11-10 18:00:00,0.0,0.0,0,0,0,0,0,0
1989-11-10 19:00:00,0.0,0.0,0,0,0,0,0,0
1989-11-10 20:00:00,0.0,0.0,0,0,0,0,0,0
1989-11-10 21:00:00,0.0,0.0,0,0,0,0,0,0
1989-11-10 22:00:00,0.0,0.0,0,0,0,0,0,0
1989-11-10 23:00:00,0.0,0.0,0,0,0,0,0,0
1989-11-11 00:00:00,0.0,0.0,0,0,0,0,0,0
1989-11-11 01:00:00,0.0,0.0,0,0,0,0,0,0
1989-11-11 02:00:00,0.0,0.0,0,0,0,0,0,0
1989-11-11 03:00:00,0.0,0.0,0,0,0,0,0,0
1989-11-11 04:00:00,0.0,0.0,0,0,0,0,0,0
1989-11-11 05:00:00,0.0,0.0,0,0,0,0,0,0
1989-11-11 06:00:00,0.0,0.0,0,0,0,0,0,0
1989-11-11 07:00:00,0.0002,0.0002,0,0,0,0,0,0
1989-11-11 08:00:00,0.0378,0.0378,0,0,0,0,0,0
1989-11-11 09:00:00,0.1105,0.1105,0,0,0,0,0,0
1989-11-11 10:00:00,0.1567,0.1567,0,0,0,0,0,0
1989-11-11 11:00:00,0.1564,0.1564,0,0,0,0,0,0
1989-11-11 12:00:00,0.1525,0.1525,0,0,0,0,0,0
1989-11-11 13:00:00,0.1698,0.1698,0,0,0,0,0,0
1989-11-11 14:00:00,0.1527,0.1527,0,0,0,0,0,0
1989-11-11 15:00:00,0.068,0.068,0,0,0,0,0,0
1989-11-11 16:00:00,0.0068,0.0068,0,0,0,0,0,0
1989-11-11 17:00:00,0.0,0.0,0,0,0,0,0,0
1989-11-11 18:00:00,0.0,0.0,0,0,0,0,0,0
1989-11-11 19:00:00,0.0,0.0,0,0,0,0,0,0
1989-11-11 20:00:00,0.0,0.0,0,0,0,0,0,0
1989-11-11 21:00:00,0.0,0.0,0,0,0,0,0,0
1989-11-11 22:00:00,0.0,0.0,0,0,0,0,0,0
1989-11-11 23:00:00,0.0,0.0,0,0,0,0,0,0
1989-11-12 00:00:00,0.0,0.0,0,0,0,0,0,0
1989-11-12 01:00:00,0.0,0.0,0,0,0,0,0,0
1989-11-12 02:00:00,0.0,0.0,0,0,0,0,0,0
1989-11-12 03:00:00,0.0,0.0,0,0,0,0,0,0
1989-11-12 04:00:00,0.0,0.0,0,0,0,0,0,0
1989-11-12 05:00:00,0.0,0.0,0,0,0,0,0,0
1989-11-12 06:00:00,0.0,0.0,0,0,0,0,0,0
1989-11-12 07:00:00,0.0068,0.0068,0,0,0,0,0,0
1989-11-12 08:00:00,0.0891,0.0891,0,0,0,0,0,0
1989-11-12 09:00:00,0.1497,0.1497,0,0,0,0,0,0
1989-11-12 10:00:00,0.1887,0.1887,0,0,0,0,0,0
1989-11-12 11:00:00,0.2415,0.2415,0,0,0,0,0,0
1989-11-12 12:00:00,0.2444,0.2444,0,0,0,0,0,0
1989-11-12 13:00:00,0.1959,0.1959,0,0,0,0,0,0
1989-11-12 14:00:00,0.1414,0.1414,0,0,0,0,0,0
1989-11-12 15:00:00,0.07,0.07,0,0,0,0,0,0
1989-11-12 16:00:00,0.008,0.008,0,0,0,0,0,0
1989-11-12 17:00:00,0.0,0.0,0,0,0,0,0,0
1989-11-12 18:00:00,0.0,0.0,0,0,0,0,0,0
1989-11-12 19:00:00,0.0,0.0,0,0,0,0,0,0
1989-11-12 20:00:00,0.0,0.0,0,0,0,0,0,0
1989-11-12 21:00:00,0.0,0.0,0,0,0,0,0,0
1989-11-12 22:00:00,0.0,0.0,0,0,0,0,0,0
1989-11-12 23:00:00,0.0,0.0,0,0,0,0,0,0
1989-11-13 00:00:00,0.0,0.0,0,0,0,0,0,0
1989-11-13 01:00:00,0.0,0.0,0,0,0,0,0,0
1989-11-13 02:00:00,0.0,0.0,0,0,0,0,0,0
1989-11-13 03:00:00,0.0,0.0,0,0,0,0,0,0
1989-11-13 04:00:00,0.0,0.0,0,0,0,0,0,0
1989-11-13 05:00:00,0.0,0.0,0,0,0,0,0,0
1989-11-13 06:00:00,0.0,0.0,0,0,0,0,0,0
1989-11-13 07:00:00,0.0,0.0,0,0,0,0,0,0
1989-11-13 08:00:00,0.0303,0.0303,0,0,0,0,0,0
1989-11-13 09:00:00,0.0604,0.0604,0,0,0,0,0,0
1989-11-13 10:00:00,0.0886,0.0886,0,0,0,0,0,0
1989-11-13 11:00:00,0.123,0.123,0,0,0,0,0,0
1989-11-13 12:00:00,0.1354,0.1354,0,0,0,0,0,0
1989-11-13 13:00:00,0.1197,0.1197,0,0,0,0,0,0
1989-11-13 14:00:00,0.095,0.095,0,0,0,0,0,0
1989-11-13 15:00:00,0.0484,0.0484,0,0,0,0,0,0
1989-11-13 16:00:00,0.0,0.0,0,0,0,0,0,0
1989-11-13 17:00:00,0.0,0.0,0,0,0,0,0,0
1989-11-13 18:00:00,0.0,0.0,0,0,0,0,0,0
1989-11-13 19:00:00,0.0,0.0,0,0,0,0,0,0
1989-11-13 20:00:00,0.0,0.0,0,0,0,0,0,0
1989-11-13 21:00:00,0.0,0.0,0,0,0,0,0,0
1989-11-13 22:00:00,0.0,0.0,0,0,0,0,0,0
1989-11-13 23:00:00,0.0,0.0,0,0,0,0,0,0
1989-11-14 00:00:00,0.0,0.0,0,0,0,0,0,0
1989-11-14 01:00:00,0.0,0.0,0,0,0,0,0,0
1989-11-14 02:00:00,0.0,0.0,0,0,0,0,0,0
1989-11-14 03:00:00,0.0,0.0,0,0,0,0,0,0
1989-11-14 04:00:00,0.0,0.0,0,0,0,0,0,0
1989-11-14 05:00:00,0.0,0.0,0,0,0,0,0,0
1989-11-14 06:00:00,0.0,0.0,0,0,0,0,0,0
1989-11-14 07:00:00,0.0,0.0,0,0,0,0,0,0
1989-11-14 08:00:00,0.0735,0.0735,0,0,0,0,0,0
1989-11-14 09:00:00,0.2049,0.2049,0,0,0,0,0,0
1989-11-14 10:00:00,0.33,0.33,0,0,0,0,0,0
1989-11-14 11:00:00,0.4211,0.4211,0,0,0,0,0,0
1989-11-14 12:00:00,0.4949,0.4949,0,0,0,0,0,0
1989-11-14 13:00:00,0.4997,0.4997,0,0,0,0,0,0
1989-11-14 14:00:00,0.4354,0.4354,0,0,0,0,0,0
1989-11-14 15:00:00,0.2584,0.2584,0,0,0,0,0,0
1989-11-14 16:00:00,0.0352,0.0352,0,0,0,0,0,0
1989-11-14 17:00:00,0.0,0.0,0,0,0,0,0,0
1989-11-14 18:00:00,0.0,0.0,0,0,0,0,0,0
1989-11-14 19:00:00,0.0,0.0,0,0,0,0,0,0
1989-11-14 20:00:00,0.0,0.0,0,0,0,0,0,0
1989-11-14 21:00:00,0.0,0.0,0,0,0,0,0,0
1989-11-14 22:00:00,0.0,0.0,0,0,0,0,0,0
1989-11-14 23:00:00,0.0,0.0,0,0,0,0,0,0
1989-11-15 00:00:00,0.0,0.0,0,0,0,0,0,0
1989-11-15 01:00:00,0.0,0.0,0,0,0,0,0,0
1989-11-15 02:00:00,0.0,0.0,0,0,0,0,0,0
1989-11-15 03:00:00,0.0,0.0,0,0,0,0,0,0
1989-11-15 04:00:00,0.0,0.0,0,0,0,0,0,0
1989-11-15 05:00:00,0.0,0.0,0,0,0,0,0,0
1989-11-15 06:00:00,0.0,0.0,0,0,0,0,0,0
1989-11-15 07:00:00,0.0,0.0,0,0,0,0,0,0
1989-11-15 08:00:00,0.1265,0.1265,0,0,0,0,0,0
1989-11-15 09:00:00,0.1953,0.1953,0,0,0,0,0,0
1989-11-15 10:00:00,0.2058,0.2058,0,0,0,0,0,0
1989-11-15 11:00:00,0.2773,0.2773,0,0,0,0,0,0
1989-11-15 12:00:00,0.3156,0.3156,0,0,0,0,0,0
1989-11-15 13:00:00,0.2457,0.2457,0,0,0,0,0,0
1989-11-15 14:00:00,0.1388,0.1388,0,0,0,0,0,0
1989-11-15 15:00:00,0.0595,0.0595,0,0,0,0,0,0
1989-11-15 16:00:00,0.0033,0.0033,0,0,0,0,0,0
1989-11-15 17:00:00,0.0,0.0,0,0,0,0,0,0
1989-11-15 18:00:00,0.0,0.0,0,0,0,0,0,0
1989-11-15 19:00:00,0.0,0.0,0,0,0,0,0,0
1989-11-15 20:00:00,0.0,0.0,0,0,0,0,0,0
1989-11-15 21:00:00,0.0,0.0,0,0,0,0,0,0
1989-11-15 22:00:00,0.0,0.0,0,0,0,0,0,0
1989-11-15 23:00:00,0.0,0.0,0,0,0,0,0,0
1989-11-16 00:00:00,0.0,0.0,0,0,0,0,0,0
1989-11-16 01:00:00,0.0,0.0,0,0,0,0,0,0
1989-11-16 02:00:00,0.0,0.0,0,0,0,0,0,0
1989-11-16 03:00:00,0.0,0.0,0,0,0,0,0,0
1989-11-16 04:00:00,0.0,0.0,0,0,0,0,0,0
1989-11-16 05:00:00,0.0,0.0,0,0,0,0,0,0
1989-11-16 06:00:00,0.0,0.0,0,0,0,0,0,0
1989-11-16 07:00:00,0.0,0.0,0,0,0,0,0,0
1989-11-16 08:00:00,0.0067,0.0067,0,0,0,0,0,0
1989-11-16 09:00:00,0.0272,0.0272,0,0,0,0,0,0
1989-11-16 10:00:00,0.0414,0.0414,0,0,0,0,0,0
1989-11-16 11:00:00,0.0482,0.0482,0,0,0,0,0,0
1989-11-16 12:00:00,0.0499,0.0499,0,0,0,0,0,0
1989-11-16 13:00:00,0.0385,0.0385,0,0,0,0,0,0
1989-11-16 14:00:00,0.0158,0.0158,0,0,0,0,0,0
1989-11-16 15:00:00,0.0002,0.0002,0,0,0,0,0,0
1989-11-16 16:00:00,0.0,0.0,0,0,0,0,0,0
1989-11-16 17:00:00,0.0,0.0,0,0,0,0,0,0
1989-11-16 18:00:00,0.0,0.0,0,0,0,0,0,0
1989-11-16 19:00:00,0.0,0.0,0,0,0,0,0,0
1989-11-16 20:00:00,0.0,0.0,0,0,0,0,0,0
1989-11-16 21:00:00,0.0,0.0,0,0,0,0,0,0
1989-11-16 22:00:00,0.0,0.0,0,0,0,0,0,0
1989-11-16 23:00:00,0.0,0.0,0,0,0,0,0,0
1989-11-17 00:00:00,0.0,0.0,0,0,0,0,0,0
1989-11-17 01:00:00,0.0,0.0,0,0,0,0,0,0
1989-11-17 02:00:00,0.0,0.0,0,0,0,0,0,0
1989-11-17 03:00:00,0.0,0.0,0,0,0,0,0,0
1989-11-17 04:00:00,0.0,0.0,0,0,0,0,0,0
1989-11-17 05:00:00,0.0,0.0,0,0,0,0,0,0
1989-11-17 06:00:00,0.0,0.0,0,0,0,0,0,0
1989-11-17 07:00:00,0.0,0.0,0,0,0,0,0,0
1989-11-17 08:00:00,0.0096,0.0096,0,0,0,0,0,0
1989-11-17 09:00:00,0.027,0.027,0,0,0,0,0,0
1989-11-17 10:00:00,0.0411,0.0411,0,0,0,0,0,0
1989-11-17 11:00:00,0.0475,0.0475,0,0,0,0,0,0
1989-11-17 12:00:00,0.0345,0.0345,0,0,0,0,0,0
1989-11-17 13:00:00,0.0183,0.0183,0,0,0,0,0,0
1989-11-17 14:00:00,0.0113,0.0113,0,0,0,0,0,0
1989-11-17 15:00:00,0.0044,0.0044,0,0,0,0,0,0
1989-11-17 16:00:00,0.0,0.0,0,0,0,0,0,0
1989-11-17 17:00:00,0.0,0.0,0,0,0,0,0,0
1989-11-17 18:00:00,0.0,0.0,0,0,0,0,0,0
1989-11-17 19:00:00,0.0,0.0,0,0,0,0,0,0
1989-11-17 20:00:00,0.0,0.0,0,0,0,0,0,0
1989-11-17 21:00:00,0.0,0.0,0,0,0,0,0,0
1989-11-17 22:00:00,0.0,0.0,0,0,0,0,0,0
1989-11-17 23:00:00,0.0,0.0,0,0,0,0,0,0
1989-11-18 00:00:00,0.0,0.0,0,0,0,0,0,0
1989-11-18 01:00:00,0.0,0.0,0,0,0,0,0,0
1989-11-18 02:00:00,0.0,0.0,0,0,0,0,0,0
1989-11-18 03:00:00,0.0,0.0,0,0,0,0,0,0
1989-11-18 04:00:00,0.0,0.0,0,0,0,0,0,0
1989-11-18 05:00:00,0.0,0.0,0,0,0,0,0,0
1989-11-18 06:00:00,0.0,0.0,0,0,0,0,0,0
1989-11-18 07:00:00,0.0,0.0,0,0,0,0,0,0
1989-11-18 08:00:00,0.0124,0.0124,0,0,0,0,0,0
1989-11-18 09:00:00,0.0431,0.0431,0,0,0,0,0,0
1989-11-18 10:00:00,0.0585,0.0585,0,0,0,0,0,0
1989-11-18 11:00:00,0.0655,0.0655,0,0,0,0,0,0
1989-11-18 12:00:00,0.0737,0.0737,0,0,0,0,0,0
1989-11-18 13:00:00,0.0671,0.0671,0,0,0,0,0,0
1989-11-18 14:00:00,0.0452,0.0452,0,0,0,0,0,0
1989-11-18 15:00:00,0.0149,0.0149,0,0,0,0,0,0
1989-11-18 16:00:00,0.0,0.0,0,0,0,0,0,0
1989-11-18 17:00:00,0.0,0.0,0,0,0,0,0,0
1989-11-18 18:00:00,0.0,0.0,0,0,0,0,0,0
1989-11-18 19:00:00,0.0,0.0,0,0,0,0,0,0
1989-11-18 20:00:00,0.0,0.0,0,0,0,0,0,0
1989-11-18 21:00:00,0.0,0.0,0,0,0,0,0,0
1989-11-18 22:00:00,0.0,0.0,0,0,0,0,0,0
1989-11-18 23:00:00,0.0,0.0,0,0,0,0,0,0
1989-11-19 00:00:00,0.0,0.0,0,0,0,0,0,0
1989-11-19 01:00:00,0.0,0.0,0,0,0,0,0,0
1989-11-19 02:00:00,0.0,0.0,0,0,0,0,0,0
1989-11-19 03:00:00,0.0,0.0,0,0,0,0,0,0
1989-11-19 04:00:00,0.0,0.0,0,0,0,0,0,0
1989-11-19 05:00:00,0.0,0.0,0,0,0,0,0,0
1989-11-19 06:00:00,0.0,0.0,0,0,0,0,0,0
1989-11-19 07:00:00,0.0,0.0,0,0,0,0,0,0
1989-11-19 08:00:00,0.062,0.062,0,0,0,0,0,0
1989-11-19 09:00:00,0.1503,0.1503,0,0,0,0,0,0
1989-11-19 10:00:00,0.2282,0.2282,0,0,0,0,0,0
1989-11-19 11:00:00,0.2848,0.2848,0,0,0,0,0,0
1989-11-19 12:00:00,0.342,0.342,0,0,0,0,0,0
1989-11-19 13:00:00,0.3578,0.3578,0,0,0,0,0,0
1989-11-19 14:00:00,0.259,0.259,0,0,0,0,0,0
1989-11-19 15:00:00,0.1545,0.1545,0,0,0,0,0,0
1989-11-19 16:00:00,0.0048,0.0048,0,0,0,0,0,0
1989-11-19 17:00:00,0.0,0.0,0,0,0,0,0,0
1989-11-19 18:00:00,0.0,0.0,0,0,0,0,0,0
1989-11-19 19:00:00,0.0,0.0,0,0,0,0,0,0
1989-11-19 20:00:00,0.0,0.0,0,0,0,0,0,0
1989-11-19 21:00:00,0.0,0.0,0,0,0,0,0,0
1989-11-19 22:00:00,0.0,0.0,0,0,0,0,0,0
1989-11-19 23:00:00,0.0,0.0,0,0,0,0,0,0
1989-11-20 00:00:00,0.0,0.0,0,0,0,0,0,0
1989-11-20 01:00:00,0.0,0.0,0,0,0,0,0,0
1989-11-20 02:00:00,0.0,0.0,0,0,0,0,0,0
1989-11-20 03:00:00,0.0,0.0,0,0,0,0,0,0
1989-11-20 04:00:00,0.0,0.0,0,0,0,0,0,0
1989-11-20 05:00:00,0.0,0.0,0,0,0,0,0,0
1989-11-20 06:00:00,0.0,0.0,0,0,0,0,0,0
1989-11-20 07:00:00,0.0,0.0,0,0,0,0,0,0
1989-11-20 08:00:00,0.0547,0.0547,0,0,0,0,0,0
1989-11-20 09:00:00,0.145,0.145,0,0,0,0,0,0
1989-11-20 10:00:00,0.2646,0.2646,0,0,0,0,0,0
1989-11-20 11:00:00,0.2812,0.2812,0,0,0,0,0,0
1989-11-20 12:00:00,0.1814,0.1814,0,0,0,0,0,0
1989-11-20 13:00:00,0.0984,0.0984,0,0,0,0,0,0
1989-11-20 14:00:00,0.0435,0.0435,0,0,0,0,0,0
1989-11-20 15:00:00,0.0129,0.0129,0,0,0,0,0,0
1989-11-20 16:00:00,0.0,0.0,0,0,0,0,0,0
1989-11-20 17:00:00,0.0,0.0,0,0,0,0,0,0
1989-11-20 18:00:00,0.0,0.0,0,0,0,0,0,0
1989-11-20 19:00:00,0.0,0.0,0,0,0,0,0,0
1989-11-20 20:00:00,0.0,0.0,0,0,0,0,0,0
1989-11-20 21:00:00,0.0,0.0,0,0,0,0,0,0
1989-11-20 22:00:00,0.0,0.0,0,0,0,0,0,0
1989-11-20 23:00:00,0.0,0.0,0,0,0,0,0,0
1989-11-21 00:00:00,0.0,0.0,0,0,0,0,0,0
1989-11-21 01:00:00,0.0,0.0,0,0,0,0,0,0
1989-11-21 02:00:00,0.0,0.0,0,0,0,0,0,0
1989-11-21 03:00:00,0.0,0.0,0,0,0,0,0,0
1989-11-21 04:00:00,0.0,0.0,0,0,0,0,0,0
1989-11-21 05:00:00,0.0,0.0,0,0,0,0,0,0
1989-11-21 06:00:00,0.0,0.0,0,0,0,0,0,0
1989-11-21 07:00:00,0.0,0.0,0,0,0,0,0,0
1989-11-21 08:00:00,0.084,0.084,0,0,0,0,0,0
1989-11-21 09:00:00,0.2165,0.2165,0,0,0,0,0,0
1989-11-21 10:00:00,0.3422,0.3422,0,0,0,0,0,0
1989-11-21 11:00:00,0.4055,0.4055,0,0,0,0,0,0
1989-11-21 12:00:00,0.442,0.442,0,0,0,0,0,0
1989-11-21 13:00:00,0.418,0.418,0,0,0,0,0,0
1989-11-21 14:00:00,0.2966,0.2966,0,0,0,0,0,0
1989-11-21 15:00:00,0.1401,0.1401,0,0,0,0,0,0
1989-11-21 16:00:00,0.0,0.0,0,0,0,0,0,0
1989-11-21 17:00:00,0.0,0.0,0,0,0,0,0,0
1989-11-21 18:00:00,0.0,0.0,0,0,0,0,0,0
1989-11-21 19:00:00,0.0,0.0,0,0,0,0,0,0
1989-11-21 20:00:00,0.0,0.0,0,0,0,0,0,0
1989-11-21 21:00:00,0.0,0.0,0,0,0,0,0,0
1989-11-21 22:00:00,0.0,0.0,0,0,0,0,0,0
1989-11-21 23:00:00,0.0,0.0,0,0,0,0,0,0
1989-11-22 00:00:00,0.0,0.0,0,0,0,0,0,0
1989-11-22 01:00:00,0.0,0.0,0,0,0,0,0,0
1989-11-22 02:00:00,0.0,0.0,0,0,0,0,0,0
1989-11-22 03:00:00,0.0,0.0,0,0,0,0,0,0
1989-11-22 04:00:00,0.0,0.0,0,0,0,0,0,0
1989-11-22 05:00:00,0.0,0.0,0,0,0,0,0,0
1989-11-22 06:00:00,0.0,0.0,0,0,0,0,0,0
1989-11-22 07:00:00,0.0,0.0,0,0,0,0,0,0
1989-11-22 08:00:00,0.016,0.016,0,0,0,0,0,0
1989-11-22 09:00:00,0.0701,0.0701,0,0,0,0,0,0
1989-11-22 10:00:00,0.1611,0.1611,0,0,0,0,0,0
1989-11-22 11:00:00,0.2167,0.2167,0,0,0,0,0,0
1989-11-22 12:00:00,0.1806,0.1806,0,0,0,0,0,0
1989-11-22 13:00:00,0.1798,0.1798,0,0,0,0,0,0
1989-11-22 14:00:00,0.1604,0.1604,0,0,0,0,0,0
1989-11-22 15:00:00,0.0791,0.0791,0,0,0,0,0,0
1989-11-22 16:00:00,0.0,0.0,0,0,0,0,0,0
1989-11-22 17:00:00,0.0,0.0,0,0,0,0,0,0
1989-11-22 18:00:00,0.0,0.0,0,0,0,0,0,0
1989-11-22 19:00:00,0.0,0.0,0,0,0,0,0,0
1989-11-22 20:00:00,0.0,0.0,0,0,0,0,0,0
1989-11-22 21:00:00,0.0,0.0,0,0,0,0,0,0
1989-11-22 22:00:00,0.0,0.0,0,0,0,0,0,0
1989-11-22 23:00:00,0.0,0.0,0,0,0,0,0,0
1989-11-23 00:00:00,0.0,0.0,0,0,0,0,0,0
1989-11-23 01:00:00,0.0,0.0,0,0,0,0,0,0
1989-11-23 02:00:00,0.0,0.0,0,0,0,0,0,0
1989-11-23 03:00:00,0.0,0.0,0,0,0,0,0,0
1989-11-23 04:00:00,0.0,0.0,0,0,0,0,0,0
1989-11-23 05:00:00,0.0,0.0,0,0,0,0,0,0
1989-11-23 06:00:00,0.0,0.0,0,0,0,0,0,0
1989-11-23 07:00:00,0.0,0.0,0,0,0,0,0,0
1989-11-23 08:00:00,0.0956,0.0956,0,0,0,0,0,0
1989-11-23 09:00:00,0.2625,0.2625,0,0,0,0,0,0
1989-11-23 10:00:00,0.2762,0.2762,0,0,0,0,0,0
1989-11-23 11:00:00,0.1815,0.1815,0,0,0,0,0,0
1989-11-23 12:00:00,0.1594,0.1594,0,0,0,0,0,0
1989-11-23 13:00:00,0.1304,0.1304,0,0,0,0,0,0
1989-11-23 14:00:00,0.0821,0.0821,0,0,0,0,0,0
1989-11-23 15:00:00,0.0268,0.0268,0,0,0,0,0,0
1989-11-23 16:00:00,0.0,0.0,0,0,0,0,0,0
1989-11-23 17:00:00,0.0,0.0,0,0,0,0,0,0
1989-11-23 18:00:00,0.0,0.0,0,0,0,0,0,0
1989-11-23 19:00:00,0.0,0.0,0,0,0,0,0,0
1989-11-23 20:00:00,0.0,0.0,0,0,0,0,0,0
1989-11-23 21:00:00,0.0,0.0,0,0,0,0,0,0
1989-11-23 22:00:00,0.0,0.0,0,0,0,0,0,0
1989-11-23 23:00:00,0.0,0.0,0,0,0,0,0,0
1989-11-24 00:00:00,0.0,0.0,0,0,0,0,0,0
1989-11-24 01:00:00,0.0,0.0,0,0,0,0,0,0
1989-11-24 02:00:00,0.0,0.0,0,0,0,0,0,0
1989-11-24 03:00:00,0.0,0.0,0,0,0,0,0,0
1989-11-24 04:00:00,0.0,0.0,0,0,0,0,0,0
1989-11-24 05:00:00,0.0,0.0,0,0,0,0,0,0
1989-11-24 06:00:00,0.0,0.0,0,0,0,0,0,0
1989-11-24 07:00:00,0.0,0.0,0,0,0,0,0,0
1989-11-24 08:00:00,0.0149,0.0149,0,0,0,0,0,0
1989-11-24 09:00:00,0.037,0.037,0,0,0,0,0,0
1989-11-24 10:00:00,0.0553,0.0553,0,0,0,0,0,0
1989-11-24 11:00:00,0.0651,0.0651,0,0,0,0,0,0
1989-11-24 12:00:00,0.0703,0.0703,0,0,0,0,0,0
1989-11-24 13:00:00,0.0659,0.0659,0,0,0,0,0,0
1989-11-24 14:00:00,0.0457,0.0457,0,0,0,0,0,0
1989-11-24 15:00:00,0.0192,0.0192,0,0,0,0,0,0
1989-11-24 16:00:00,0.0,0.0,0,0,0,0,0,0
1989-11-24 17:00:00,0.0,0.0,0,0,0,0,0,0
1989-11-24 18:00:00,0.0,0.0,0,0,0,0,0,0
1989-11-24 19:00:00,0.0,0.0,0,0,0,0,0,0
1989-11-24 20:00:00,0.0,0.0,0,0,0,0,0,0
1989-11-24 21:00:00,0.0,0.0,0,0,0,0,0,0
1989-11-24 22:00:00,0.0,0.0,0,0,0,0,0,0
1989-11-24 23:00:00,0.0,0.0,0,0,0,0,0,0
1989-11-25 00:00:00,0.0,0.0,0,0,0,0,0,0
1989-11-25 01:00:00,0.0,0.0,0,0,0,0,0,0
1989-11-25 02:00:00,0.0,0.0,0,0,0,0,0,0
1989-11-25 03:00:00,0.0,0.0,0,0,0,0,0,0
1989-11-25 04:00:00,0.0,0.0,0,0,0,0,0,0
1989-11-25 05:00:00,0.0,0.0,0,0,0,0,0,0
1989-11-25 06:00:00,0.0,0.0,0,0,0,0,0,0
1989-11-25 07:00:00,0.0,0.0,0,0,0,0,0,0
1989-11-25 08:00:00,0.0833,0.0833,0,0,0,0,0,0
1989-11-25 09:00:00,0.2434,0.2434,0,0,0,0,0,0
1989-11-25 10:00:00,0.4176,0.4176,0,0,0,0,0,0
1989-11-25 11:00:00,0.5076,0.5076,0,0,0,0,0,0
1989-11-25 12:00:00,0.5364,0.5364,0,0,0,0,0,0
1989-11-25 13:00:00,0.4596,0.4596,0,0,0,0,0,0
1989-11-25 14:00:00,0.2974,0.2974,0,0,0,0,0,0
1989-11-25 15:00:00,0.1677,0.1677,0,0,0,0,0,0
1989-11-25 16:00:00,0.0,0.0,0,0,0,0,0,0
1989-11-25 17:00:00,0.0,0.0,0,0,0,0,0,0
1989-11-25 18:00:00,0.0,0.0,0,0,0,0,0,0
1989-11-25 19:00:00,0.0,0.0,0,0,0,0,0,0
1989-11-25 20:00:00,0.0,0.0,0,0,0,0,0,0
1989-11-25 21:00:00,0.0,0.0,0,0,0,0,0,0
1989-11-25 22:00:00,0.0,0.0,0,0,0,0,0,0
1989-11-25 23:00:00,0.0,0.0,0,0,0,0,0,0
1989-11-26 00:00:00,0.0,0.0,0,0,0,0,0,0
1989-11-26 01:00:00,0.0,0.0,0,0,0,0,0,0
1989-11-26 02:00:00,0.0,0.0,0,0,0,0,0,0
1989-11-26 03:00:00,0.0,0.0,0,0,0,0,0,0
1989-11-26 04:00:00,0.0,0.0,0,0,0,0,0,0
1989-11-26 05:00:00,0.0,0.0,0,0,0,0,0,0
1989-11-26 06:00:00,0.0,0.0,0,0,0,0,0,0
1989-11-26 07:00:00,0.0,0.0,0,0,0,0,0,0
1989-11-26 08:00:00,0.0281,0.0281,0,0,0,0,0,0
1989-11-26 09:00:00,0.0788,0.0788,0,0,0,0,0,0
1989-11-26 10:00:00,0.1397,0.1397,0,0,0,0,0,0
1989-11-26 11:00:00,0.2295,0.2295,0,0,0,0,0,0
1989-11-26 12:00:00,0.2996,0.2996,0,0,0,0,0,0
1989-11-26 13:00:00,0.2771,0.2771,0,0,0,0,0,0
1989-11-26 14:00:00,0.2616,0.2616,0,0,0,0,0,0
1989-11-26 15:00:00,0.176,0.176,0,0,0,0,0,0
1989-11-26 16:00:00,0.0,0.0,0,0,0,0,0,0
1989-11-26 17:00:00,0.0,0.0,0,0,0,0,0,0
1989-11-26 18:00:00,0.0,0.0,0,0,0,0,0,0
1989-11-26 19:00:00,0.0,0.0,0,0,0,0,0,0
1989-11-26 20:00:00,0.0,0.0,0,0,0,0,0,0
1989-11-26 21:00:00,0.0,0.0,0,0,0,0,0,0
1989-11-26 22:00:00,0.0,0.0,0,0,0,0,0,0
1989-11-26 23:00:00,0.0,0.0,0,0,0,0,0,0
1989-11-27 00:00:00,0.0,0.0,0,0,0,0,0,0
1989-11-27 01:00:00,0.0,0.0,0,0,0,0,0,0
1989-11-27 02:00:00,0.0,0.0,0,0,0,0,0,0
1989-11-27 03:00:00,0.0,0.0,0,0,0,0,0,0
1989-11-27 04:00:00,0.0,0.0,0,0,0,0,0,0
1989-11-27 05:00:00,0.0,0.0,0,0,0,0,0,0
1989-11-27 06:00:00,0.0,0.0,0,0,0,0,0,0
1989-11-27 07:00:00,0.0,0.0,0,0,0,0,0,0
1989-11-27 08:00:00,0.0288,0.0288,0,0,0,0,0,0
1989-11-27 09:00:00,0.0785,0.0785,0,0,0,0,0,0
1989-11-27 10:00:00,0.1333,0.1333,0,0,0,0,0,0
1989-11-27 11:00:00,0.1802,0.1802,0,0,0,0,0,0
1989-11-27 12:00:00,0.1812,0.1812,0,0,0,0,0,0
1989-11-27 13:00:00,0.1666,0.1666,0,0,0,0,0,0
1989-11-27 14:00:00,0.1322,0.1322,0,0,0,0,0,0
1989-11-27 15:00:00,0.0752,0.0752,0,0,0,0,0,0
1989-11-27 16:00:00,0.0,0.0,0,0,0,0,0,0
1989-11-27 17:00:00,0.0,0.0,0,0,0,0,0,0
1989-11-27 18:00:00,0.0,0.0,0,0,0,0,0,0
1989-11-27 19:00:00,0.0,0.0,0,0,0,0,0,0
1989-11-27 20:00:00,0.0,0.0,0,0,0,0,0,0
1989-11-27 21:00:00,0.0,0.0,0,0,0,0,0,0
1989-11-27 22:00:00,0.0,0.0,0,0,0,0,0,0
1989-11-27 23:00:00,0.0,0.0,0,0,0,0,0,0
1989-11-28 00:00:00,0.0,0.0,0,0,0,0,0,0
1989-11-28 01:00:00,0.0,0.0,0,0,0,0,0,0
1989-11-28 02:00:00,0.0,0.0,0,0,0,0,0,0
1989-11-28 03:00:00,0.0,0.0,0,0,0,0,0,0
1989-11-28 04:00:00,0.0,0.0,0,0,0,0,0,0
1989-11-28 05:00:00,0.0,0.0,0,0,0,0,0,0
1989-11-28 06:00:00,0.0,0.0,0,0,0,0,0,0
1989-11-28 07:00:00,0.0,0.0,0,0,0,0,0,0
1989-11-28 08:00:00,0.0216,0.0216,0,0,0,0,0,0
1989-11-28 09:00:00,0.0659,0.0659,0,0,0,0,0,0
1989-11-28 10:00:00,0.1229,0.1229,0,0,0,0,0,0
1989-11-28 11:00:00,0.1974,0.1974,0,0,0,0,0,0
1989-11-28 12:00:00,0.2845,0.2845,0,0,0,0,0,0
1989-11-28 13:00:00,0.3503,0.3503,0,0,0,0,0,0
1989-11-28 14:00:00,0.287,0.287,0,0,0,0,0,0
1989-11-28 15:00:00,0.1632,0.1632,0,0,0,0,0,0
1989-11-28 16:00:00,0.0,0.0,0,0,0,0,0,0
1989-11-28 17:00:00,0.0,0.0,0,0,0,0,0,0
1989-11-28 18:00:00,0.0,0.0,0,0,0,0,0,0
1989-11-28 19:00:00,0.0,0.0,0,0,0,0,0,0
1989-11-28 20:00:00,0.0,0.0,0,0,0,0,0,0
1989-11-28 21:00:00,0.0,0.0,0,0,0,0,0,0
1989-11-28 22:00:00,0.0,0.0,0,0,0,0,0,0
1989-11-28 23:00:00,0.0,0.0,0,0,0,0,0,0
1989-11-29 00:00:00,0.0,0.0,0,0,0,0,0,0
1989-11-29 01:00:00,0.0,0.0,0,0,0,0,0,0
1989-11-29 02:00:00,0.0,0.0,0,0,0,0,0,0
1989-11-29 03:00:00,0.0,0.0,0,0,0,0,0,0
1989-11-29 04:00:00,0.0,0.0,0,0,0,0,0,0
1989-11-29 05:00:00,0.0,0.0,0,0,0,0,0,0
1989-11-29 06:00:00,0.0,0.0,0,0,0,0,0,0
1989-11-29 07:00:00,0.0,0.0,0,0,0,0,0,0
1989-11-29 08:00:00,0.0333,0.0333,0,0,0,0,0,0
1989-11-29 09:00:00,0.0703,0.0703,0,0,0,0,0,0
1989-11-29 10:00:00,0.0852,0.0852,0,0,0,0,0,0
1989-11-29 11:00:00,0.085,0.085,0,0,0,0,0,0
1989-11-29 12:00:00,0.0462,0.0462,0,0,0,0,0,0
1989-11-29 13:00:00,0.0208,0.0208,0,0,0,0,0,0
1989-11-29 14:00:00,0.0136,0.0136,0,0,0,0,0,0
1989-11-29 15:00:00,0.0,0.0,0,0,0,0,0,0
1989-11-29 16:00:00,0.0,0.0,0,0,0,0,0,0
1989-11-29 17:00:00,0.0,0.0,0,0,0,0,0,0
1989-11-29 18:00:00,0.0,0.0,0,0,0,0,0,0
1989-11-29 19:00:00,0.0,0.0,0,0,0,0,0,0
1989-11-29 20:00:00,0.0,0.0,0,0,0,0,0,0
1989-11-29 21:00:00,0.0,0.0,0,0,0,0,0,0
1989-11-29 22:00:00,0.0,0.0,0,0,0,0,0,0
1989-11-29 23:00:00,0.0,0.0,0,0,0,0,0,0
1989-11-30 00:00:00,0.0,0.0,0,0,0,0,0,0
1989-11-30 01:00:00,0.0,0.0,0,0,0,0,0,0
1989-11-30 02:00:00,0.0,0.0,0,0,0,0,0,0
1989-11-30 03:00:00,0.0,0.0,0,0,0,0,0,0
1989-11-30 04:00:00,0.0,0.0,0,0,0,0,0,0
1989-11-30 05:00:00,0.0,0.0,0,0,0,0,0,0
1989-11-30 06:00:00,0.0,0.0,0,0,0,0,0,0
1989-11-30 07:00:00,0.0,0.0,0,0,0,0,0,0
1989-11-30 08:00:00,0.0,0.0,0,0,0,0,0,0
1989-11-30 09:00:00,0.0068,0.0068,0,0,0,0,0,0
1989-11-30 10:00:00,0.0147,0.0147,0,0,0,0,0,0
1989-11-30 11:00:00,0.0126,0.0126,0,0,0,0,0,0
1989-11-30 12:00:00,0.0103,0.0103,0,0,0,0,0,0
1989-11-30 13:00:00,0.0129,0.0129,0,0,0,0,0,0
1989-11-30 14:00:00,0.0056,0.0056,0,0,0,0,0,0
1989-11-30 15:00:00,0.0,0.0,0,0,0,0,0,0
1989-11-30 16:00:00,0.0,0.0,0,0,0,0,0,0
1989-11-30 17:00:00,0.0,0.0,0,0,0,0,0,0
1989-11-30 18:00:00,0.0,0.0,0,0,0,0,0,0
1989-11-30 19:00:00,0.0,0.0,0,0,0,0,0,0
1989-11-30 20:00:00,0.0,0.0,0,0,0,0,0,0
1989-11-30 21:00:00,0.0,0.0,0,0,0,0,0,0
1989-11-30 22:00:00,0.0,0.0,0,0,0,0,0,0
1989-11-30 23:00:00,0.0,0.0,0,0,0,0,0,0
1989-12-01 00:00:00,0.0,0.0,0,0,0,0,0,0
1989-12-01 01:00:00,0.0,0.0,0,0,0,0,0,0
1989-12-01 02:00:00,0.0,0.0,0,0,0,0,0,0
1989-12-01 03:00:00,0.0,0.0,0,0,0,0,0,0
1989-12-01 04:00:00,0.0,0.0,0,0,0,0,0,0
1989-12-01 05:00:00,0.0,0.0,0,0,0,0,0,0
1989-12-01 06:00:00,0.0,0.0,0,0,0,0,0,0
1989-12-01 07:00:00,0.0,0.0,0,0,0,0,0,0
1989-12-01 08:00:00,0.0,0.0,0,0,0,0,0,0
1989-12-01 09:00:00,0.0075,0.0075,0,0,0,0,0,0
1989-12-01 10:00:00,0.0127,0.0127,0,0,0,0,0,0
1989-12-01 11:00:00,0.0285,0.0285,0,0,0,0,0,0
1989-12-01 12:00:00,0.0314,0.0314,0,0,0,0,0,0
1989-12-01 13:00:00,0.0177,0.0177,0,0,0,0,0,0
1989-12-01 14:00:00,0.0108,0.0108,0,0,0,0,0,0
1989-12-01 15:00:00,0.0021,0.0021,0,0,0,0,0,0
1989-12-01 16:00:00,0.0,0.0,0,0,0,0,0,0
1989-12-01 17:00:00,0.0,0.0,0,0,0,0,0,0
1989-12-01 18:00:00,0.0,0.0,0,0,0,0,0,0
1989-12-01 19:00:00,0.0,0.0,0,0,0,0,0,0
1989-12-01 20:00:00,0.0,0.0,0,0,0,0,0,0
1989-12-01 21:00:00,0.0,0.0,0,0,0,0,0,0
1989-12-01 22:00:00,0.0,0.0,0,0,0,0,0,0
1989-12-01 23:00:00,0.0,0.0,0,0,0,0,0,0
1989-12-02 00:00:00,0.0,0.0,0,0,0,0,0,0
1989-12-02 01:00:00,0.0,0.0,0,0,0,0,0,0
1989-12-02 02:00:00,0.0,0.0,0,0,0,0,0,0
1989-12-02 03:00:00,0.0,0.0,0,0,0,0,0,0
1989-12-02 04:00:00,0.0,0.0,0,0,0,0,0,0
1989-12-02 05:00:00,0.0,0.0,0,0,0,0,0,0
1989-12-02 06:00:00,0.0,0.0,0,0,0,0,0,0
1989-12-02 07:00:00,0.0,0.0,0,0,0,0,0,0
1989-12-02 08:00:00,0.1385,0.1385,0,0,0,0,0,0
1989-12-02 09:00:00,0.3354,0.3354,0,0,0,0,0,0
1989-12-02 10:00:00,0.4352,0.4352,0,0,0,0,0,0
1989-12-02 11:00:00,0.4019,0.4019,0,0,0,0,0,0
1989-12-02 12:00:00,0.4185,0.4185,0,0,0,0,0,0
1989-12-02 13:00:00,0.4562,0.4562,0,0,0,0,0,0
1989-12-02 14:00:00,0.4059,0.4059,0,0,0,0,0,0
1989-12-02 15:00:00,0.2431,0.2431,0,0,0,0,0,0
1989-12-02 16:00:00,0.0,0.0,0,0,0,0,0,0
1989-12-02 17:00:00,0.0,0.0,0,0,0,0,0,0
1989-12-02 18:00:00,0.0,0.0,0,0,0,0,0,0
1989-12-02 19:00:00,0.0,0.0,0,0,0,0,0,0
1989-12-02 20:00:00,0.0,0.0,0,0,0,0,0,0
1989-12-02 21:00:00,0.0,0.0,0,0,0,0,0,0
1989-12-02 22:00:00,0.0,0.0,0,0,0,0,0,0
1989-12-02 23:00:00,0.0,0.0,0,0,0,0,0,0
1989-12-03 00:00:00,0.0,0.0,0,0,0,0,0,0
1989-12-03 01:00:00,0.0,0.0,0,0,0,0,0,0
1989-12-03 02:00:00,0.0,0.0,0,0,0,0,0,0
1989-12-03 03:00:00,0.0,0.0,0,0,0,0,0,0
1989-12-03 04:00:00,0.0,0.0,0,0,0,0,0,0
1989-12-03 05:00:00,0.0,0.0,0,0,0,0,0,0
1989-12-03 06:00:00,0.0,0.0,0,0,0,0,0,0
1989-12-03 07:00:00,0.0,0.0,0,0,0,0,0,0
1989-12-03 08:00:00,0.1778,0.1778,0,0,0,0,0,0
1989-12-03 09:00:00,0.3908,0.3908,0,0,0,0,0,0
1989-12-03 10:00:00,0.5203,0.5203,0,0,0,0,0,0
1989-12-03 11:00:00,0.5962,0.5962,0,0,0,0,0,0
1989-12-03 12:00:00,0.6181,0.6181,0,0,0,0,0,0
1989-12-03 13:00:00,0.5637,0.5637,0,0,0,0,0,0
1989-12-03 14:00:00,0.4283,0.4283,0,0,0,0,0,0
1989-12-03 15:00:00,0.224,0.224,0,0,0,0,0,0
1989-12-03 16:00:00,0.0,0.0,0,0,0,0,0,0
1989-12-03 17:00:00,0.0,0.0,0,0,0,0,0,0
1989-12-03 18:00:00,0.0,0.0,0,0,0,0,0,0
1989-12-03 19:00:00,0.0,0.0,0,0,0,0,0,0
1989-12-03 20:00:00,0.0,0.0,0,0,0,0,0,0
1989-12-03 21:00:00,0.0,0.0,0,0,0,0,0,0
1989-12-03 22:00:00,0.0,0.0,0,0,0,0,0,0
1989-12-03 23:00:00,0.0,0.0,0,0,0,0,0,0
1989-12-04 00:00:00,0.0,0.0,0,0,0,0,0,0
1989-12-04 01:00:00,0.0,0.0,0,0,0,0,0,0
1989-12-04 02:00:00,0.0,0.0,0,0,0,0,0,0
1989-12-04 03:00:00,0.0,0.0,0,0,0,0,0,0
1989-12-04 04:00:00,0.0,0.0,0,0,0,0,0,0
1989-12-04 05:00:00,0.0,0.0,0,0,0,0,0,0
1989-12-04 06:00:00,0.0,0.0,0,0,0,0,0,0
1989-12-04 07:00:00,0.0,0.0,0,0,0,0,0,0
1989-12-04 08:00:00,0.0788,0.0788,0,0,0,0,0,0
1989-12-04 09:00:00,0.2184,0.2184,0,0,0,0,0,0
1989-12-04 10:00:00,0.3393,0.3393,0,0,0,0,0,0
1989-12-04 11:00:00,0.4402,0.4402,0,0,0,0,0,0
1989-12-04 12:00:00,0.4209,0.4209,0,0,0,0,0,0
1989-12-04 13:00:00,0.2495,0.2495,0,0,0,0,0,0
1989-12-04 14:00:00,0.1627,0.1627,0,0,0,0,0,0
1989-12-04 15:00:00,0.0944,0.0944,0,0,0,0,0,0
1989-12-04 16:00:00,0.0,0.0,0,0,0,0,0,0
1989-12-04 17:00:00,0.0,0.0,0,0,0,0,0,0
1989-12-04 18:00:00,0.0,0.0,0,0,0,0,0,0
1989-12-04 19:00:00,0.0,0.0,0,0,0,0,0,0
1989-12-04 20:00:00,0.0,0.0,0,0,0,0,0,0
1989-12-04 21:00:00,0.0,0.0,0,0,0,0,0,0
1989-12-04 22:00:00,0.0,0.0,0,0,0,0,0,0
1989-12-04 23:00:00,0.0,0.0,0,0,0,0,0,0
1989-12-05 00:00:00,0.0,0.0,0,0,0,0,0,0
1989-12-05 01:00:00,0.0,0.0,0,0,0,0,0,0
1989-12-05 02:00:00,0.0,0.0,0,0,0,0,0,0
1989-12-05 03:00:00,0.0,0.0,0,0,0,0,0,0
1989-12-05 04:00:00,0.0,0.0,0,0,0,0,0,0
1989-12-05 05:00:00,0.0,0.0,0,0,0,0,0,0
1989-12-05 06:00:00,0.0,0.0,0,0,0,0,0,0
1989-12-05 07:00:00,0.0,0.0,0,0,0,0,0,0
1989-12-05 08:00:00,0.0537,0.0537,0,0,0,0,0,0
1989-12-05 09:00:00,0.1806,0.1806,0,0,0,0,0,0
1989-12-05 10:00:00,0.3423,0.3423,0,0,0,0,0,0
1989-12-05 11:00:00,0.4501,0.4501,0,0,0,0,0,0
1989-12-05 12:00:00,0.3975,0.3975,0,0,0,0,0,0
1989-12-05 13:00:00,0.2858,0.2858,0,0,0,0,0,0
1989-12-05 14:00:00,0.1878,0.1878,0,0,0,0,0,0
1989-12-05 15:00:00,0.103,0.103,0,0,0,0,0,0
1989-12-05 16:00:00,0.0,0.0,0,0,0,0,0,0
1989-12-05 17:00:00,0.0,0.0,0,0,0,0,0,0
1989-12-05 18:00:00,0.0,0.0,0,0,0,0,0,0
1989-12-05 19:00:00,0.0,0.0,0,0,0,0,0,0
1989-12-05 20:00:00,0.0,0.0,0,0,0,0,0,0
1989-12-05 21:00:00,0.0,0.0,0,0,0,0,0,0
1989-12-05 22:00:00,0.0,0.0,0,0,0,0,0,0
1989-12-05 23:00:00,0.0,0.0,0,0,0,0,0,0
1989-12-06 00:00:00,0.0,0.0,0,0,0,0,0,0
1989-12-06 01:00:00,0.0,0.0,0,0,0,0,0,0
1989-12-06 02:00:00,0.0,0.0,0,0,0,0,0,0
1989-12-06 03:00:00,0.0,0.0,0,0,0,0,0,0
1989-12-06 04:00:00,0.0,0.0,0,0,0,0,0,0
1989-12-06 05:00:00,0.0,0.0,0,0,0,0,0,0
1989-12-06 06:00:00,0.0,0.0,0,0,0,0,0,0
1989-12-06 07:00:00,0.0,0.0,0,0,0,0,0,0
1989-12-06 08:00:00,0.0,0.0,0,0,0,0,0,0
1989-12-06 09:00:00,0.0161,0.0161,0,0,0,0,0,0
1989-12-06 10:00:00,0.0344,0.0344,0,0,0,0,0,0
1989-12-06 11:00:00,0.0448,0.0448,0,0,0,0,0,0
1989-12-06 12:00:00,0.0571,0.0571,0,0,0,0,0,0
1989-12-06 13:00:00,0.0546,0.0546,0,0,0,0,0,0
1989-12-06 14:00:00,0.0299,0.0299,0,0,0,0,0,0
1989-12-06 15:00:00,0.0049,0.0049,0,0,0,0,0,0
1989-12-06 16:00:00,0.0,0.0,0,0,0,0,0,0
1989-12-06 17:00:00,0.0,0.0,0,0,0,0,0,0
1989-12-06 18:00:00,0.0,0.0,0,0,0,0,0,0
1989-12-06 19:00:00,0.0,0.0,0,0,0,0,0,0
1989-12-06 20:00:00,0.0,0.0,0,0,0,0,0,0
1989-12-06 21:00:00,0.0,0.0,0,0,0,0,0,0
1989-12-06 22:00:00,0.0,0.0,0,0,0,0,0,0
1989-12-06 23:00:00,0.0,0.0,0,0,0,0,0,0
1989-12-07 00:00:00,0.0,0.0,0,0,0,0,0,0
1989-12-07 01:00:00,0.0,0.0,0,0,0,0,0,0
1989-12-07 02:00:00,0.0,0.0,0,0,0,0,0,0
1989-12-07 03:00:00,0.0,0.0,0,0,0,0,0,0
1989-12-07 04:00:00,0.0,0.0,0,0,0,0,0,0
1989-12-07 05:00:00,0.0,0.0,0,0,0,0,0,0
1989-12-07 06:00:00,0.0,0.0,0,0,0,0,0,0
1989-12-07 07:00:00,0.0,0.0,0,0,0,0,0,0
1989-12-07 08:00:00,0.0084,0.0084,0,0,0,0,0,0
1989-12-07 09:00:00,0.045,0.045,0,0,0,0,0,0
1989-12-07 10:00:00,0.0948,0.0948,0,0,0,0,0,0
1989-12-07 11:00:00,0.1792,0.1792,0,0,0,0,0,0
1989-12-07 12:00:00,0.2534,0.2534,0,0,0,0,0,0
1989-12-07 13:00:00,0.1918,0.1918,0,0,0,0,0,0
1989-12-07 14:00:00,0.1064,0.1064,0,0,0,0,0,0
1989-12-07 15:00:00,0.0553,0.0553,0,0,0,0,0,0
1989-12-07 16:00:00,0.0,0.0,0,0,0,0,0,0
1989-12-07 17:00:00,0.0,0.0,0,0,0,0,0,0
1989-12-07 18:00:00,0.0,0.0,0,0,0,0,0,0
1989-12-07 19:00:00,0.0,0.0,0,0,0,0,0,0
1989-12-07 20:00:00,0.0,0.0,0,0,0,0,0,0
1989-12-07 21:00:00,0.0,0.0,0,0,0,0,0,0
1989-12-07 22:00:00,0.0,0.0,0,0,0,0,0,0
1989-12-07 23:00:00,0.0,0.0,0,0,0,0,0,0
1989-12-08 00:00:00,0.0,0.0,0,0,0,0,0,0
1989-12-08 01:00:00,0.0,0.0,0,0,0,0,0,0
1989-12-08 02:00:00,0.0,0.0,0,0,0,0,0,0
1989-12-08 03:00:00,0.0,0.0,0,0,0,0,0,0
1989-12-08 04:00:00,0.0,0.0,0,0,0,0,0,0
1989-12-08 05:00:00,0.0,0.0,0,0,0,0,0,0
1989-12-08 06:00:00,0.0,0.0,0,0,0,0,0,0
1989-12-08 07:00:00,0.0,0.0,0,0,0,0,0,0
1989-12-08 08:00:00,0.0,0.0,0,0,0,0,0,0
1989-12-08 09:00:00,0.006,0.006,0,0,0,0,0,0
1989-12-08 10:00:00,0.021,0.021,0,0,0,0,0,0
1989-12-08 11:00:00,0.0493,0.0493,0,0,0,0,0,0
1989-12-08 12:00:00,0.0683,0.0683,0,0,0,0,0,0
1989-12-08 13:00:00,0.0569,0.0569,0,0,0,0,0,0
1989-12-08 14:00:00,0.0366,0.0366,0,0,0,0,0,0
1989-12-08 15:00:00,0.0107,0.0107,0,0,0,0,0,0
1989-12-08 16:00:00,0.0,0.0,0,0,0,0,0,0
1989-12-08 17:00:00,0.0,0.0,0,0,0,0,0,0
1989-12-08 18:00:00,0.0,0.0,0,0,0,0,0,0
1989-12-08 19:00:00,0.0,0.0,0,0,0,0,0,0
1989-12-08 20:00:00,0.0,0.0,0,0,0,0,0,0
1989-12-08 21:00:00,0.0,0.0,0,0,0,0,0,0
1989-12-08 22:00:00,0.0,0.0,0,0,0,0,0,0
1989-12-08 23:00:00,0.0,0.0,0,0,0,0,0,0
1989-12-09 00:00:00,0.0,0.0,0,0,0,0,0,0
1989-12-09 01:00:00,0.0,0.0,0,0,0,0,0,0
1989-12-09 02:00:00,0.0,0.0,0,0,0,0,0,0
1989-12-09 03:00:00,0.0,0.0,0,0,0,0,0,0
1989-12-09 04:00:00,0.0,0.0,0,0,0,0,0,0
1989-12-09 05:00:00,0.0,0.0,0,0,0,0,0,0
1989-12-09 06:00:00,0.0,0.0,0,0,0,0,0,0
1989-12-09 07:00:00,0.0,0.0,0,0,0,0,0,0
1989-12-09 08:00:00,0.0063,0.0063,0,0,0,0,0,0
1989-12-09 09:00:00,0.0305,0.0305,0,0,0,0,0,0
1989-12-09 10:00:00,0.0673,0.0673,0,0,0,0,0,0
1989-12-09 11:00:00,0.1044,0.1044,0,0,0,0,0,0
1989-12-09 12:00:00,0.1113,0.1113,0,0,0,0,0,0
1989-12-09 13:00:00,0.0865,0.0865,0,0,0,0,0,0
1989-12-09 14:00:00,0.053,0.053,0,0,0,0,0,0
1989-12-09 15:00:00,0.0222,0.0222,0,0,0,0,0,0
1989-12-09 16:00:00,0.0,0.0,0,0,0,0,0,0
1989-12-09 17:00:00,0.0,0.0,0,0,0,0,0,0
1989-12-09 18:00:00,0.0,0.0,0,0,0,0,0,0
1989-12-09 19:00:00,0.0,0.0,0,0,0,0,0,0
1989-12-09 20:00:00,0.0,0.0,0,0,0,0,0,0
1989-12-09 21:00:00,0.0,0.0,0,0,0,0,0,0
1989-12-09 22:00:00,0.0,0.0,0,0,0,0,0,0
1989-12-09 23:00:00,0.0,0.0,0,0,0,0,0,0
1989-12-10 00:00:00,0.0,0.0,0,0,0,0,0,0
1989-12-10 01:00:00,0.0,0.0,0,0,0,0,0,0
1989-12-10 02:00:00,0.0,0.0,0,0,0,0,0,0
1989-12-10 03:00:00,0.0,0.0,0,0,0,0,0,0
1989-12-10 04:00:00,0.0,0.0,0,0,0,0,0,0
1989-12-10 05:00:00,0.0,0.0,0,0,0,0,0,0
1989-12-10 06:00:00,0.0,0.0,0,0,0,0,0,0
1989-12-10 07:00:00,0.0,0.0,0,0,0,0,0,0
1989-12-10 08:00:00,0.015,0.015,0,0,0,0,0,0
1989-12-10 09:00:00,0.0447,0.0447,0,0,0,0,0,0
1989-12-10 10:00:00,0.0688,0.0688,0,0,0,0,0,0
1989-12-10 11:00:00,0.0767,0.0767,0,0,0,0,0,0
1989-12-10 12:00:00,0.071,0.071,0,0,0,0,0,0
1989-12-10 13:00:00,0.0586,0.0586,0,0,0,0,0,0
1989-12-10 14:00:00,0.0313,0.0313,0,0,0,0,0,0
1989-12-10 15:00:00,0.0126,0.0126,0,0,0,0,0,0
1989-12-10 16:00:00,0.0,0.0,0,0,0,0,0,0
1989-12-10 17:00:00,0.0,0.0,0,0,0,0,0,0
1989-12-10 18:00:00,0.0,0.0,0,0,0,0,0,0
1989-12-10 19:00:00,0.0,0.0,0,0,0,0,0,0
1989-12-10 20:00:00,0.0,0.0,0,0,0,0,0,0
1989-12-10 21:00:00,0.0,0.0,0,0,0,0,0,0
1989-12-10 22:00:00,0.0,0.0,0,0,0,0,0,0
1989-12-10 23:00:00,0.0,0.0,0,0,0,0,0,0
1989-12-11 00:00:00,0.0,0.0,0,0,0,0,0,0
1989-12-11 01:00:00,0.0,0.0,0,0,0,0,0,0
1989-12-11 02:00:00,0.0,0.0,0,0,0,0,0,0
1989-12-11 03:00:00,0.0,0.0,0,0,0,0,0,0
1989-12-11 04:00:00,0.0,0.0,0,0,0,0,0,0
1989-12-11 05:00:00,0.0,0.0,0,0,0,0,0,0
1989-12-11 06:00:00,0.0,0.0,0,0,0,0,0,0
1989-12-11 07:00:00,0.0,0.0,0,0,0,0,0,0
1989-12-11 08:00:00,0.0208,0.0208,0,0,0,0,0,0
1989-12-11 09:00:00,0.0602,0.0602,0,0,0,0,0,0
1989-12-11 10:00:00,0.1245,0.1245,0,0,0,0,0,0
1989-12-11 11:00:00,0.2308,0.2308,0,0,0,0,0,0
1989-12-11 12:00:00,0.2389,0.2389,0,0,0,0,0,0
1989-12-11 13:00:00,0.1918,0.1918,0,0,0,0,0,0
1989-12-11 14:00:00,0.1658,0.1658,0,0,0,0,0,0
1989-12-11 15:00:00,0.1164,0.1164,0,0,0,0,0,0
1989-12-11 16:00:00,0.0,0.0,0,0,0,0,0,0
1989-12-11 17:00:00,0.0,0.0,0,0,0,0,0,0
1989-12-11 18:00:00,0.0,0.0,0,0,0,0,0,0
1989-12-11 19:00:00,0.0,0.0,0,0,0,0,0,0
1989-12-11 20:00:00,0.0,0.0,0,0,0,0,0,0
1989-12-11 21:00:00,0.0,0.0,0,0,0,0,0,0
1989-12-11 22:00:00,0.0,0.0,0,0,0,0,0,0
1989-12-11 23:00:00,0.0,0.0,0,0,0,0,0,0
1989-12-12 00:00:00,0.0,0.0,0,0,0,0,0,0
1989-12-12 01:00:00,0.0,0.0,0,0,0,0,0,0
1989-12-12 02:00:00,0.0,0.0,0,0,0,0,0,0
1989-12-12 03:00:00,0.0,0.0,0,0,0,0,0,0
1989-12-12 04:00:00,0.0,0.0,0,0,0,0,0,0
1989-12-12 05:00:00,0.0,0.0,0,0,0,0,0,0
1989-12-12 06:00:00,0.0,0.0,0,0,0,0,0,0
1989-12-12 07:00:00,0.0,0.0,0,0,0,0,0,0
1989-12-12 08:00:00,0.0197,0.0197,0,0,0,0,0,0
1989-12-12 09:00:00,0.0721,0.0721,0,0,0,0,0,0
1989-12-12 10:00:00,0.1252,0.1252,0,0,0,0,0,0
1989-12-12 11:00:00,0.1805,0.1805,0,0,0,0,0,0
1989-12-12 12:00:00,0.266,0.266,0,0,0,0,0,0
1989-12-12 13:00:00,0.2738,0.2738,0,0,0,0,0,0
1989-12-12 14:00:00,0.1526,0.1526,0,0,0,0,0,0
1989-12-12 15:00:00,0.0514,0.0514,0,0,0,0,0,0
1989-12-12 16:00:00,0.0,0.0,0,0,0,0,0,0
1989-12-12 17:00:00,0.0,0.0,0,0,0,0,0,0
1989-12-12 18:00:00,0.0,0.0,0,0,0,0,0,0
1989-12-12 19:00:00,0.0,0.0,0,0,0,0,0,0
1989-12-12 20:00:00,0.0,0.0,0,0,0,0,0,0
1989-12-12 21:00:00,0.0,0.0,0,0,0,0,0,0
1989-12-12 22:00:00,0.0,0.0,0,0,0,0,0,0
1989-12-12 23:00:00,0.0,0.0,0,0,0,0,0,0
1989-12-13 00:00:00,0.0,0.0,0,0,0,0,0,0
1989-12-13 01:00:00,0.0,0.0,0,0,0,0,0,0
1989-12-13 02:00:00,0.0,0.0,0,0,0,0,0,0
1989-12-13 03:00:00,0.0,0.0,0,0,0,0,0,0
1989-12-13 04:00:00,0.0,0.0,0,0,0,0,0,0
1989-12-13 05:00:00,0.0,0.0,0,0,0,0,0,0
1989-12-13 06:00:00,0.0,0.0,0,0,0,0,0,0
1989-12-13 07:00:00,0.0,0.0,0,0,0,0,0,0
1989-12-13 08:00:00,0.0016,0.0016,0,0,0,0,0,0
1989-12-13 09:00:00,0.0187,0.0187,0,0,0,0,0,0
1989-12-13 10:00:00,0.0222,0.0222,0,0,0,0,0,0
1989-12-13 11:00:00,0.0307,0.0307,0,0,0,0,0,0
1989-12-13 12:00:00,0.0643,0.0643,0,0,0,0,0,0
1989-12-13 13:00:00,0.1059,0.1059,0,0,0,0,0,0
1989-12-13 14:00:00,0.1332,0.1332,0,0,0,0,0,0
1989-12-13 15:00:00,0.0924,0.0924,0,0,0,0,0,0
1989-12-13 16:00:00,0.0,0.0,0,0,0,0,0,0
1989-12-13 17:00:00,0.0,0.0,0,0,0,0,0,0
1989-12-13 18:00:00,0.0,0.0,0,0,0,0,0,0
1989-12-13 19:00:00,0.0,0.0,0,0,0,0,0,0
1989-12-13 20:00:00,0.0,0.0,0,0,0,0,0,0
1989-12-13 21:00:00,0.0,0.0,0,0,0,0,0,0
1989-12-13 22:00:00,0.0,0.0,0,0,0,0,0,0
1989-12-13 23:00:00,0.0,0.0,0,0,0,0,0,0
1989-12-14 00:00:00,0.0,0.0,0,0,0,0,0,0
1989-12-14 01:00:00,0.0,0.0,0,0,0,0,0,0
1989-12-14 02:00:00,0.0,0.0,0,0,0,0,0,0
1989-12-14 03:00:00,0.0,0.0,0,0,0,0,0,0
1989-12-14 04:00:00,0.0,0.0,0,0,0,0,0,0
1989-12-14 05:00:00,0.0,0.0,0,0,0,0,0,0
1989-12-14 06:00:00,0.0,0.0,0,0,0,0,0,0
1989-12-14 07:00:00,0.0,0.0,0,0,0,0,0,0
1989-12-14 08:00:00,0.0186,0.0186,0,0,0,0,0,0
1989-12-14 09:00:00,0.0599,0.0599,0,0,0,0,0,0
1989-12-14 10:00:00,0.108,0.108,0,0,0,0,0,0
1989-12-14 11:00:00,0.15,0.15,0,0,0,0,0,0
1989-12-14 12:00:00,0.1588,0.1588,0,0,0,0,0,0
1989-12-14 13:00:00,0.1401,0.1401,0,0,0,0,0,0
1989-12-14 14:00:00,0.1072,0.1072,0,0,0,0,0,0
1989-12-14 15:00:00,0.0628,0.0628,0,0,0,0,0,0
1989-12-14 16:00:00,0.0,0.0,0,0,0,0,0,0
1989-12-14 17:00:00,0.0,0.0,0,0,0,0,0,0
1989-12-14 18:00:00,0.0,0.0,0,0,0,0,0,0
1989-12-14 19:00:00,0.0,0.0,0,0,0,0,0,0
1989-12-14 20:00:00,0.0,0.0,0,0,0,0,0,0
1989-12-14 21:00:00,0.0,0.0,0,0,0,0,0,0
1989-12-14 22:00:00,0.0,0.0,0,0,0,0,0,0
1989-12-14 23:00:00,0.0,0.0,0,0,0,0,0,0
1989-12-15 00:00:00,0.0,0.0,0,0,0,0,0,0
1989-12-15 01:00:00,0.0,0.0,0,0,0,0,0,0
1989-12-15 02:00:00,0.0,0.0,0,0,0,0,0,0
1989-12-15 03:00:00,0.0,0.0,0,0,0,0,0,0
1989-12-15 04:00:00,0.0,0.0,0,0,0,0,0,0
1989-12-15 05:00:00,0.0,0.0,0,0,0,0,0,0
1989-12-15 06:00:00,0.0,0.0,0,0,0,0,0,0
1989-12-15 07:00:00,0.0,0.0,0,0,0,0,0,0
1989-12-15 08:00:00,0.0309,0.0309,0,0,0,0,0,0
1989-12-15 09:00:00,0.132,0.132,0,0,0,0,0,0
1989-12-15 10:00:00,0.2205,0.2205,0,0,0,0,0,0
1989-12-15 11:00:00,0.3422,0.3422,0,0,0,0,0,0
1989-12-15 12:00:00,0.4617,0.4617,0,0,0,0,0,0
1989-12-15 13:00:00,0.4775,0.4775,0,0,0,0,0,0
1989-12-15 14:00:00,0.3932,0.3932,0,0,0,0,0,0
1989-12-15 15:00:00,0.2099,0.2099,0,0,0,0,0,0
1989-12-15 16:00:00,0.0,0.0,0,0,0,0,0,0
1989-12-15 17:00:00,0.0,0.0,0,0,0,0,0,0
1989-12-15 18:00:00,0.0,0.0,0,0,0,0,0,0
1989-12-15 19:00:00,0.0,0.0,0,0,0,0,0,0
1989-12-15 20:00:00,0.0,0.0,0,0,0,0,0,0
1989-12-15 21:00:00,0.0,0.0,0,0,0,0,0,0
1989-12-15 22:00:00,0.0,0.0,0,0,0,0,0,0
1989-12-15 23:00:00,0.0,0.0,0,0,0,0,0,0
1989-12-16 00:00:00,0.0,0.0,0,0,0,0,0,0
1989-12-16 01:00:00,0.0,0.0,0,0,0,0,0,0
1989-12-16 02:00:00,0.0,0.0,0,0,0,0,0,0
1989-12-16 03:00:00,0.0,0.0,0,0,0,0,0,0
1989-12-16 04:00:00,0.0,0.0,0,0,0,0,0,0
1989-12-16 05:00:00,0.0,0.0,0,0,0,0,0,0
1989-12-16 06:00:00,0.0,0.0,0,0,0,0,0,0
1989-12-16 07:00:00,0.0,0.0,0,0,0,0,0,0
1989-12-16 08:00:00,0.0303,0.0303,0,0,0,0,0,0
1989-12-16 09:00:00,0.084,0.084,0,0,0,0,0,0
1989-12-16 10:00:00,0.1044,0.1044,0,0,0,0,0,0
1989-12-16 11:00:00,0.1213,0.1213,0,0,0,0,0,0
1989-12-16 12:00:00,0.1182,0.1182,0,0,0,0,0,0
1989-12-16 13:00:00,0.0843,0.0843,0,0,0,0,0,0
1989-12-16 14:00:00,0.0708,0.0708,0,0,0,0,0,0
1989-12-16 15:00:00,0.0384,0.0384,0,0,0,0,0,0
1989-12-16 16:00:00,0.0,0.0,0,0,0,0,0,0
1989-12-16 17:00:00,0.0,0.0,0,0,0,0,0,0
1989-12-16 18:00:00,0.0,0.0,0,0,0,0,0,0
1989-12-16 19:00:00,0.0,0.0,0,0,0,0,0,0
1989-12-16 20:00:00,0.0,0.0,0,0,0,0,0,0
1989-12-16 21:00:00,0.0,0.0,0,0,0,0,0,0
1989-12-16 22:00:00,0.0,0.0,0,0,0,0,0,0
1989-12-16 23:00:00,0.0,0.0,0,0,0,0,0,0
1989-12-17 00:00:00,0.0,0.0,0,0,0,0,0,0
1989-12-17 01:00:00,0.0,0.0,0,0,0,0,0,0
1989-12-17 02:00:00,0.0,0.0,0,0,0,0,0,0
1989-12-17 03:00:00,0.0,0.0,0,0,0,0,0,0
1989-12-17 04:00:00,0.0,0.0,0,0,0,0,0,0
1989-12-17 05:00:00,0.0,0.0,0,0,0,0,0,0
1989-12-17 06:00:00,0.0,0.0,0,0,0,0,0,0
1989-12-17 07:00:00,0.0,0.0,0,0,0,0,0,0
1989-12-17 08:00:00,0.1375,0.1375,0,0,0,0,0,0
1989-12-17 09:00:00,0.3629,0.3629,0,0,0,0,0,0
1989-12-17 10:00:00,0.5117,0.5117,0,0,0,0,0,0
1989-12-17 11:00:00,0.5887,0.5887,0,0,0,0,0,0
1989-12-17 12:00:00,0.5976,0.5976,0,0,0,0,0,0
1989-12-17 13:00:00,0.5337,0.5337,0,0,0,0,0,0
1989-12-17 14:00:00,0.4079,0.4079,0,0,0,0,0,0
1989-12-17 15:00:00,0.2375,0.2375,0,0,0,0,0,0
1989-12-17 16:00:00,0.0,0.0,0,0,0,0,0,0
1989-12-17 17:00:00,0.0,0.0,0,0,0,0,0,0
1989-12-17 18:00:00,0.0,0.0,0,0,0,0,0,0
1989-12-17 19:00:00,0.0,0.0,0,0,0,0,0,0
1989-12-17 20:00:00,0.0,0.0,0,0,0,0,0,0
1989-12-17 21:00:00,0.0,0.0,0,0,0,0,0,0
1989-12-17 22:00:00,0.0,0.0,0,0,0,0,0,0
1989-12-17 23:00:00,0.0,0.0,0,0,0,0,0,0
1989-12-18 00:00:00,0.0,0.0,0,0,0,0,0,0
1989-12-18 01:00:00,0.0,0.0,0,0,0,0,0,0
1989-12-18 02:00:00,0.0,0.0,0,0,0,0,0,0
1989-12-18 03:00:00,0.0,0.0,0,0,0,0,0,0
1989-12-18 04:00:00,0.0,0.0,0,0,0,0,0,0
1989-12-18 05:00:00,0.0,0.0,0,0,0,0,0,0
1989-12-18 06:00:00,0.0,0.0,0,0,0,0,0,0
1989-12-18 07:00:00,0.0,0.0,0,0,0,0,0,0
1989-12-18 08:00:00,0.0028,0.0028,0,0,0,0,0,0
1989-12-18 09:00:00,0.0854,0.0854,0,0,0,0,0,0
1989-12-18 10:00:00,0.3256,0.3256,0,0,0,0,0,0
1989-12-18 11:00:00,0.4838,0.4838,0,0,0,0,0,0
1989-12-18 12:00:00,0.4772,0.4772,0,0,0,0,0,0
1989-12-18 13:00:00,0.3314,0.3314,0,0,0,0,0,0
1989-12-18 14:00:00,0.1387,0.1387,0,0,0,0,0,0
1989-12-18 15:00:00,0.0526,0.0526,0,0,0,0,0,0
1989-12-18 16:00:00,0.0,0.0,0,0,0,0,0,0
1989-12-18 17:00:00,0.0,0.0,0,0,0,0,0,0
1989-12-18 18:00:00,0.0,0.0,0,0,0,0,0,0
1989-12-18 19:00:00,0.0,0.0,0,0,0,0,0,0
1989-12-18 20:00:00,0.0,0.0,0,0,0,0,0,0
1989-12-18 21:00:00,0.0,0.0,0,0,0,0,0,0
1989-12-18 22:00:00,0.0,0.0,0,0,0,0,0,0
1989-12-18 23:00:00,0.0,0.0,0,0,0,0,0,0
1989-12-19 00:00:00,0.0,0.0,0,0,0,0,0,0
1989-12-19 01:00:00,0.0,0.0,0,0,0,0,0,0
1989-12-19 02:00:00,0.0,0.0,0,0,0,0,0,0
1989-12-19 03:00:00,0.0,0.0,0,0,0,0,0,0
1989-12-19 04:00:00,0.0,0.0,0,0,0,0,0,0
1989-12-19 05:00:00,0.0,0.0,0,0,0,0,0,0
1989-12-19 06:00:00,0.0,0.0,0,0,0,0,0,0
1989-12-19 07:00:00,0.0,0.0,0,0,0,0,0,0
1989-12-19 08:00:00,0.1314,0.1314,0,0,0,0,0,0
1989-12-19 09:00:00,0.3677,0.3677,0,0,0,0,0,0
1989-12-19 10:00:00,0.5104,0.5104,0,0,0,0,0,0
1989-12-19 11:00:00,0.5527,0.5527,0,0,0,0,0,0
1989-12-19 12:00:00,0.4964,0.4964,0,0,0,0,0,0
1989-12-19 13:00:00,0.4294,0.4294,0,0,0,0,0,0
1989-12-19 14:00:00,0.3362,0.3362,0,0,0,0,0,0
1989-12-19 15:00:00,0.1845,0.1845,0,0,0,0,0,0
1989-12-19 16:00:00,0.0,0.0,0,0,0,0,0,0
1989-12-19 17:00:00,0.0,0.0,0,0,0,0,0,0
1989-12-19 18:00:00,0.0,0.0,0,0,0,0,0,0
1989-12-19 19:00:00,0.0,0.0,0,0,0,0,0,0
1989-12-19 20:00:00,0.0,0.0,0,0,0,0,0,0
1989-12-19 21:00:00,0.0,0.0,0,0,0,0,0,0
1989-12-19 22:00:00,0.0,0.0,0,0,0,0,0,0
1989-12-19 23:00:00,0.0,0.0,0,0,0,0,0,0
1989-12-20 00:00:00,0.0,0.0,0,0,0,0,0,0
1989-12-20 01:00:00,0.0,0.0,0,0,0,0,0,0
1989-12-20 02:00:00,0.0,0.0,0,0,0,0,0,0
1989-12-20 03:00:00,0.0,0.0,0,0,0,0,0,0
1989-12-20 04:00:00,0.0,0.0,0,0,0,0,0,0
1989-12-20 05:00:00,0.0,0.0,0,0,0,0,0,0
1989-12-20 06:00:00,0.0,0.0,0,0,0,0,0,0
1989-12-20 07:00:00,0.0,0.0,0,0,0,0,0,0
1989-12-20 08:00:00,0.1245,0.1245,0,0,0,0,0,0
1989-12-20 09:00:00,0.3097,0.3097,0,0,0,0,0,0
1989-12-20 10:00:00,0.3261,0.3261,0,0,0,0,0,0
1989-12-20 11:00:00,0.3102,0.3102,0,0,0,0,0,0
1989-12-20 12:00:00,0.2967,0.2967,0,0,0,0,0,0
1989-12-20 13:00:00,0.2036,0.2036,0,0,0,0,0,0
1989-12-20 14:00:00,0.1285,0.1285,0,0,0,0,0,0
1989-12-20 15:00:00,0.0706,0.0706,0,0,0,0,0,0
1989-12-20 16:00:00,0.0,0.0,0,0,0,0,0,0
1989-12-20 17:00:00,0.0,0.0,0,0,0,0,0,0
1989-12-20 18:00:00,0.0,0.0,0,0,0,0,0,0
1989-12-20 19:00:00,0.0,0.0,0,0,0,0,0,0
1989-12-20 20:00:00,0.0,0.0,0,0,0,0,0,0
1989-12-20 21:00:00,0.0,0.0,0,0,0,0,0,0
1989-12-20 22:00:00,0.0,0.0,0,0,0,0,0,0
1989-12-20 23:00:00,0.0,0.0,0,0,0,0,0,0
1989-12-21 00:00:00,0.0,0.0,0,0,0,0,0,0
1989-12-21 01:00:00,0.0,0.0,0,0,0,0,0,0
1989-12-21 02:00:00,0.0,0.0,0,0,0,0,0,0
1989-12-21 03:00:00,0.0,0.0,0,0,0,0,0,0
1989-12-21 04:00:00,0.0,0.0,0,0,0,0,0,0
1989-12-21 05:00:00,0.0,0.0,0,0,0,0,0,0
1989-12-21 06:00:00,0.0,0.0,0,0,0,0,0,0
1989-12-21 07:00:00,0.0,0.0,0,0,0,0,0,0
1989-12-21 08:00:00,0.0109,0.0109,0,0,0,0,0,0
1989-12-21 09:00:00,0.0512,0.0512,0,0,0,0,0,0
1989-12-21 10:00:00,0.099,0.099,0,0,0,0,0,0
1989-12-21 11:00:00,0.1416,0.1416,0,0,0,0,0,0
1989-12-21 12:00:00,0.1538,0.1538,0,0,0,0,0,0
1989-12-21 13:00:00,0.1332,0.1332,0,0,0,0,0,0
1989-12-21 14:00:00,0.0978,0.0978,0,0,0,0,0,0
1989-12-21 15:00:00,0.0486,0.0486,0,0,0,0,0,0
1989-12-21 16:00:00,0.0,0.0,0,0,0,0,0,0
1989-12-21 17:00:00,0.0,0.0,0,0,0,0,0,0
1989-12-21 18:00:00,0.0,0.0,0,0,0,0,0,0
1989-12-21 19:00:00,0.0,0.0,0,0,0,0,0,0
1989-12-21 20:00:00,0.0,0.0,0,0,0,0,0,0
1989-12-21 21:00:00,0.0,0.0,0,0,0,0,0,0
1989-12-21 22:00:00,0.0,0.0,0,0,0,0,0,0
1989-12-21 23:00:00,0.0,0.0,0,0,0,0,0,0
1989-12-22 00:00:00,0.0,0.0,0,0,0,0,0,0
1989-12-22 01:00:00,0.0,0.0,0,0,0,0,0,0
1989-12-22 02:00:00,0.0,0.0,0,0,0,0,0,0
1989-12-22 03:00:00,0.0,0.0,0,0,0,0,0,0
1989-12-22 04:00:00,0.0,0.0,0,0,0,0,0,0
1989-12-22 05:00:00,0.0,0.0,0,0,0,0,0,0
1989-12-22 06:00:00,0.0,0.0,0,0,0,0,0,0
1989-12-22 07:00:00,0.0,0.0,0,0,0,0,0,0
1989-12-22 08:00:00,0.0517,0.0517,0,0,0,0,0,0
1989-12-22 09:00:00,0.2283,0.2283,0,0,0,0,0,0
1989-12-22 10:00:00,0.4492,0.4492,0,0,0,0,0,0
1989-12-22 11:00:00,0.563,0.563,0,0,0,0,0,0
1989-12-22 12:00:00,0.5584,0.5584,0,0,0,0,0,0
1989-12-22 13:00:00,0.4977,0.4977,0,0,0,0,0,0
1989-12-22 14:00:00,0.4075,0.4075,0,0,0,0,0,0
1989-12-22 15:00:00,0.2319,0.2319,0,0,0,0,0,0
1989-12-22 16:00:00,0.0,0.0,0,0,0,0,0,0
1989-12-22 17:00:00,0.0,0.0,0,0,0,0,0,0
1989-12-22 18:00:00,0.0,0.0,0,0,0,0,0,0
1989-12-22 19:00:00,0.0,0.0,0,0,0,0,0,0
1989-12-22 20:00:00,0.0,0.0,0,0,0,0,0,0
1989-12-22 21:00:00,0.0,0.0,0,0,0,0,0,0
1989-12-22 22:00:00,0.0,0.0,0,0,0,0,0,0
1989-12-22 23:00:00,0.0,0.0,0,0,0,0,0,0
1989-12-23 00:00:00,0.0,0.0,0,0,0,0,0,0
1989-12-23 01:00:00,0.0,0.0,0,0,0,0,0,0
1989-12-23 02:00:00,0.0,0.0,0,0,0,0,0,0
1989-12-23 03:00:00,0.0,0.0,0,0,0,0,0,0
1989-12-23 04:00:00,0.0,0.0,0,0,0,0,0,0
1989-12-23 05:00:00,0.0,0.0,0,0,0,0,0,0
1989-12-23 06:00:00,0.0,0.0,0,0,0,0,0,0
1989-12-23 07:00:00,0.0,0.0,0,0,0,0,0,0
1989-12-23 08:00:00,0.1023,0.1023,0,0,0,0,0,0
1989-12-23 09:00:00,0.3026,0.3026,0,0,0,0,0,0
1989-12-23 10:00:00,0.4386,0.4386,0,0,0,0,0,0
1989-12-23 11:00:00,0.5543,0.5543,0,0,0,0,0,0
1989-12-23 12:00:00,0.5577,0.5577,0,0,0,0,0,0
1989-12-23 13:00:00,0.458,0.458,0,0,0,0,0,0
1989-12-23 14:00:00,0.3466,0.3466,0,0,0,0,0,0
1989-12-23 15:00:00,0.1932,0.1932,0,0,0,0,0,0
1989-12-23 16:00:00,0.0,0.0,0,0,0,0,0,0
1989-12-23 17:00:00,0.0,0.0,0,0,0,0,0,0
1989-12-23 18:00:00,0.0,0.0,0,0,0,0,0,0
1989-12-23 19:00:00,0.0,0.0,0,0,0,0,0,0
1989-12-23 20:00:00,0.0,0.0,0,0,0,0,0,0
1989-12-23 21:00:00,0.0,0.0,0,0,0,0,0,0
1989-12-23 22:00:00,0.0,0.0,0,0,0,0,0,0
1989-12-23 23:00:00,0.0,0.0,0,0,0,0,0,0
1989-12-24 00:00:00,0.0,0.0,0,0,0,0,0,0
1989-12-24 01:00:00,0.0,0.0,0,0,0,0,0,0
1989-12-24 02:00:00,0.0,0.0,0,0,0,0,0,0
1989-12-24 03:00:00,0.0,0.0,0,0,0,0,0,0
1989-12-24 04:00:00,0.0,0.0,0,0,0,0,0,0
1989-12-24 05:00:00,0.0,0.0,0,0,0,0,0,0
1989-12-24 06:00:00,0.0,0.0,0,0,0,0,0,0
1989-12-24 07:00:00,0.0,0.0,0,0,0,0,0,0
1989-12-24 08:00:00,0.1365,0.1365,0,0,0,0,0,0
1989-12-24 09:00:00,0.3598,0.3598,0,0,0,0,0,0
1989-12-24 10:00:00,0.5026,0.5026,0,0,0,0,0,0
1989-12-24 11:00:00,0.6083,0.6083,0,0,0,0,0,0
1989-12-24 12:00:00,0.6274,0.6274,0,0,0,0,0,0
1989-12-24 13:00:00,0.5841,0.5841,0,0,0,0,0,0
1989-12-24 14:00:00,0.469,0.469,0,0,0,0,0,0
1989-12-24 15:00:00,0.2779,0.2779,0,0,0,0,0,0
1989-12-24 16:00:00,0.0,0.0,0,0,0,0,0,0
1989-12-24 17:00:00,0.0,0.0,0,0,0,0,0,0
1989-12-24 18:00:00,0.0,0.0,0,0,0,0,0,0
1989-12-24 19:00:00,0.0,0.0,0,0,0,0,0,0
1989-12-24 20:00:00,0.0,0.0,0,0,0,0,0,0
1989-12-24 21:00:00,0.0,0.0,0,0,0,0,0,0
1989-12-24 22:00:00,0.0,0.0,0,0,0,0,0,0
1989-12-24 23:00:00,0.0,0.0,0,0,0,0,0,0
1989-12-25 00:00:00,0.0,0.0,0,0,0,0,0,0
1989-12-25 01:00:00,0.0,0.0,0,0,0,0,0,0
1989-12-25 02:00:00,0.0,0.0,0,0,0,0,0,0
1989-12-25 03:00:00,0.0,0.0,0,0,0,0,0,0
1989-12-25 04:00:00,0.0,0.0,0,0,0,0,0,0
1989-12-25 05:00:00,0.0,0.0,0,0,0,0,0,0
1989-12-25 06:00:00,0.0,0.0,0,0,0,0,0,0
1989-12-25 07:00:00,0.0,0.0,0,0,0,0,0,0
1989-12-25 08:00:00,0.0658,0.0658,0,0,0,0,0,0
1989-12-25 09:00:00,0.2394,0.2394,0,0,0,0,0,0
1989-12-25 10:00:00,0.39,0.39,0,0,0,0,0,0
1989-12-25 11:00:00,0.5665,0.5665,0,0,0,0,0,0
1989-12-25 12:00:00,0.6539,0.6539,0,0,0,0,0,0
1989-12-25 13:00:00,0.607,0.607,0,0,0,0,0,0
1989-12-25 14:00:00,0.4788,0.4788,0,0,0,0,0,0
1989-12-25 15:00:00,0.2708,0.2708,0,0,0,0,0,0
1989-12-25 16:00:00,0.0,0.0,0,0,0,0,0,0
1989-12-25 17:00:00,0.0,0.0,0,0,0,0,0,0
1989-12-25 18:00:00,0.0,0.0,0,0,0,0,0,0
1989-12-25 19:00:00,0.0,0.0,0,0,0,0,0,0
1989-12-25 20:00:00,0.0,0.0,0,0,0,0,0,0
1989-12-25 21:00:00,0.0,0.0,0,0,0,0,0,0
1989-12-25 22:00:00,0.0,0.0,0,0,0,0,0,0
1989-12-25 23:00:00,0.0,0.0,0,0,0,0,0,0
1989-12-26 00:00:00,0.0,0.0,0,0,0,0,0,0
1989-12-26 01:00:00,0.0,0.0,0,0,0,0,0,0
1989-12-26 02:00:00,0.0,0.0,0,0,0,0,0,0
1989-12-26 03:00:00,0.0,0.0,0,0,0,0,0,0
1989-12-26 04:00:00,0.0,0.0,0,0,0,0,0,0
1989-12-26 05:00:00,0.0,0.0,0,0,0,0,0,0
1989-12-26 06:00:00,0.0,0.0,0,0,0,0,0,0
1989-12-26 07:00:00,0.0,0.0,0,0,0,0,0,0
1989-12-26 08:00:00,0.0638,0.0638,0,0,0,0,0,0
1989-12-26 09:00:00,0.2287,0.2287,0,0,0,0,0,0
1989-12-26 10:00:00,0.2621,0.2621,0,0,0,0,0,0
1989-12-26 11:00:00,0.2121,0.2121,0,0,0,0,0,0
1989-12-26 12:00:00,0.2321,0.2321,0,0,0,0,0,0
1989-12-26 13:00:00,0.213,0.213,0,0,0,0,0,0
1989-12-26 14:00:00,0.1458,0.1458,0,0,0,0,0,0
1989-12-26 15:00:00,0.0746,0.0746,0,0,0,0,0,0
1989-12-26 16:00:00,0.0,0.0,0,0,0,0,0,0
1989-12-26 17:00:00,0.0,0.0,0,0,0,0,0,0
1989-12-26 18:00:00,0.0,0.0,0,0,0,0,0,0
1989-12-26 19:00:00,0.0,0.0,0,0,0,0,0,0
1989-12-26 20:00:00,0.0,0.0,0,0,0,0,0,0
1989-12-26 21:00:00,0.0,0.0,0,0,0,0,0,0
1989-12-26 22:00:00,0.0,0.0,0,0,0,0,0,0
1989-12-26 23:00:00,0.0,0.0,0,0,0,0,0,0
1989-12-27 00:00:00,0.0,0.0,0,0,0,0,0,0
1989-12-27 01:00:00,0.0,0.0,0,0,0,0,0,0
1989-12-27 02:00:00,0.0,0.0,0,0,0,0,0,0
1989-12-27 03:00:00,0.0,0.0,0,0,0,0,0,0
1989-12-27 04:00:00,0.0,0.0,0,0,0,0,0,0
1989-12-27 05:00:00,0.0,0.0,0,0,0,0,0,0
1989-12-27 06:00:00,0.0,0.0,0,0,0,0,0,0
1989-12-27 07:00:00,0.0,0.0,0,0,0,0,0,0
1989-12-27 08:00:00,0.0296,0.0296,0,0,0,0,0,0
1989-12-27 09:00:00,0.066,0.066,0,0,0,0,0,0
1989-12-27 10:00:00,0.064,0.064,0,0,0,0,0,0
1989-12-27 11:00:00,0.0861,0.0861,0,0,0,0,0,0
1989-12-27 12:00:00,0.1576,0.1576,0,0,0,0,0,0
1989-12-27 13:00:00,0.1999,0.1999,0,0,0,0,0,0
1989-12-27 14:00:00,0.1121,0.1121,0,0,0,0,0,0
1989-12-27 15:00:00,0.0288,0.0288,0,0,0,0,0,0
1989-12-27 16:00:00,0.0,0.0,0,0,0,0,0,0
1989-12-27 17:00:00,0.0,0.0,0,0,0,0,0,0
1989-12-27 18:00:00,0.0,0.0,0,0,0,0,0,0
1989-12-27 19:00:00,0.0,0.0,0,0,0,0,0,0
1989-12-27 20:00:00,0.0,0.0,0,0,0,0,0,0
1989-12-27 21:00:00,0.0,0.0,0,0,0,0,0,0
1989-12-27 22:00:00,0.0,0.0,0,0,0,0,0,0
1989-12-27 23:00:00,0.0,0.0,0,0,0,0,0,0
1989-12-28 00:00:00,0.0,0.0,0,0,0,0,0,0
1989-12-28 01:00:00,0.0,0.0,0,0,0,0,0,0
1989-12-28 02:00:00,0.0,0.0,0,0,0,0,0,0
1989-12-28 03:00:00,0.0,0.0,0,0,0,0,0,0
1989-12-28 04:00:00,0.0,0.0,0,0,0,0,0,0
1989-12-28 05:00:00,0.0,0.0,0,0,0,0,0,0
1989-12-28 06:00:00,0.0,0.0,0,0,0,0,0,0
1989-12-28 07:00:00,0.0,0.0,0,0,0,0,0,0
1989-12-28 08:00:00,0.0027,0.0027,0,0,0,0,0,0
1989-12-28 09:00:00,0.0278,0.0278,0,0,0,0,0,0
1989-12-28 10:00:00,0.0499,0.0499,0,0,0,0,0,0
1989-12-28 11:00:00,0.0735,0.0735,0,0,0,0,0,0
1989-12-28 12:00:00,0.0807,0.0807,0,0,0,0,0,0
1989-12-28 13:00:00,0.0669,0.0669,0,0,0,0,0,0
1989-12-28 14:00:00,0.0505,0.0505,0,0,0,0,0,0
1989-12-28 15:00:00,0.0269,0.0269,0,0,0,0,0,0
1989-12-28 16:00:00,0.0,0.0,0,0,0,0,0,0
1989-12-28 17:00:00,0.0,0.0,0,0,0,0,0,0
1989-12-28 18:00:00,0.0,0.0,0,0,0,0,0,0
1989-12-28 19:00:00,0.0,0.0,0,0,0,0,0,0
1989-12-28 20:00:00,0.0,0.0,0,0,0,0,0,0
1989-12-28 21:00:00,0.0,0.0,0,0,0,0,0,0
1989-12-28 22:00:00,0.0,0.0,0,0,0,0,0,0
1989-12-28 23:00:00,0.0,0.0,0,0,0,0,0,0
1989-12-29 00:00:00,0.0,0.0,0,0,0,0,0,0
1989-12-29 01:00:00,0.0,0.0,0,0,0,0,0,0
1989-12-29 02:00:00,0.0,0.0,0,0,0,0,0,0
1989-12-29 03:00:00,0.0,0.0,0,0,0,0,0,0
1989-12-29 04:00:00,0.0,0.0,0,0,0,0,0,0
1989-12-29 05:00:00,0.0,0.0,0,0,0,0,0,0
1989-12-29 06:00:00,0.0,0.0,0,0,0,0,0,0
1989-12-29 07:00:00,0.0,0.0,0,0,0,0,0,0
1989-12-29 08:00:00,0.0069,0.0069,0,0,0,0,0,0
1989-12-29 09:00:00,0.0373,0.0373,0,0,0,0,0,0
1989-12-29 10:00:00,0.0567,0.0567,0,0,0,0,0,0
1989-12-29 11:00:00,0.0798,0.0798,0,0,0,0,0,0
1989-12-29 12:00:00,0.0914,0.0914,0,0,0,0,0,0
1989-12-29 13:00:00,0.0673,0.0673,0,0,0,0,0,0
1989-12-29 14:00:00,0.039,0.039,0,0,0,0,0,0
1989-12-29 15:00:00,0.0249,0.0249,0,0,0,0,0,0
1989-12-29 16:00:00,0.0,0.0,0,0,0,0,0,0
1989-12-29 17:00:00,0.0,0.0,0,0,0,0,0,0
1989-12-29 18:00:00,0.0,0.0,0,0,0,0,0,0
1989-12-29 19:00:00,0.0,0.0,0,0,0,0,0,0
1989-12-29 20:00:00,0.0,0.0,0,0,0,0,0,0
1989-12-29 21:00:00,0.0,0.0,0,0,0,0,0,0
1989-12-29 22:00:00,0.0,0.0,0,0,0,0,0,0
1989-12-29 23:00:00,0.0,0.0,0,0,0,0,0,0
1989-12-30 00:00:00,0.0,0.0,0,0,0,0,0,0
1989-12-30 01:00:00,0.0,0.0,0,0,0,0,0,0
1989-12-30 02:00:00,0.0,0.0,0,0,0,0,0,0
1989-12-30 03:00:00,0.0,0.0,0,0,0,0,0,0
1989-12-30 04:00:00,0.0,0.0,0,0,0,0,0,0
1989-12-30 05:00:00,0.0,0.0,0,0,0,0,0,0
1989-12-30 06:00:00,0.0,0.0,0,0,0,0,0,0
1989-12-30 07:00:00,0.0,0.0,0,0,0,0,0,0
1989-12-30 08:00:00,0.0057,0.0057,0,0,0,0,0,0
1989-12-30 09:00:00,0.0339,0.0339,0,0,0,0,0,0
1989-12-30 10:00:00,0.0525,0.0525,0,0,0,0,0,0
1989-12-30 11:00:00,0.0693,0.0693,0,0,0,0,0,0
1989-12-30 12:00:00,0.1322,0.1322,0,0,0,0,0,0
1989-12-30 13:00:00,0.1806,0.1806,0,0,0,0,0,0
1989-12-30 14:00:00,0.1323,0.1323,0,0,0,0,0,0
1989-12-30 15:00:00,0.0575,0.0575,0,0,0,0,0,0
1989-12-30 16:00:00,0.0,0.0,0,0,0,0,0,0
1989-12-30 17:00:00,0.0,0.0,0,0,0,0,0,0
1989-12-30 18:00:00,0.0,0.0,0,0,0,0,0,0
1989-12-30 19:00:00,0.0,0.0,0,0,0,0,0,0
1989-12-30 20:00:00,0.0,0.0,0,0,0,0,0,0
1989-12-30 21:00:00,0.0,0.0,0,0,0,0,0,0
1989-12-30 22:00:00,0.0,0.0,0,0,0,0,0,0
1989-12-30 23:00:00,0.0,0.0,0,0,0,0,0,0
1989-12-31 00:00:00,0.0,0.0,0,0,0,0,0,0
1989-12-31 01:00:00,0.0,0.0,0,0,0,0,0,0
1989-12-31 02:00:00,0.0,0.0,0,0,0,0,0,0
1989-12-31 03:00:00,0.0,0.0,0,0,0,0,0,0
1989-12-31 04:00:00,0.0,0.0,0,0,0,0,0,0
1989-12-31 05:00:00,0.0,0.0,0,0,0,0,0,0
1989-12-31 06:00:00,0.0,0.0,0,0,0,0,0,0
1989-12-31 07:00:00,0.0,0.0,0,0,0,0,0,0
1989-12-31 08:00:00,0.0103,0.0103,0,0,0,0,0,0
1989-12-31 09:00:00,0.0635,0.0635,0,0,0,0,0,0
1989-12-31 10:00:00,0.1095,0.1095,0,0,0,0,0,0
1989-12-31 11:00:00,0.1246,0.1246,0,0,0,0,0,0
1989-12-31 12:00:00,0.1238,0.1238,0,0,0,0,0,0
1989-12-31 13:00:00,0.1068,0.1068,0,0,0,0,0,0
1989-12-31 14:00:00,0.1058,0.1058,0,0,0,0,0,0
1989-12-31 15:00:00,0.0699,0.0699,0,0,0,0,0,0
1989-12-31 16:00:00,0.0,0.0,0,0,0,0,0,0
1989-12-31 17:00:00,0.0,0.0,0,0,0,0,0,0
1989-12-31 18:00:00,0.0,0.0,0,0,0,0,0,0
1989-12-31 19:00:00,0.0,0.0,0,0,0,0,0,0
1989-12-31 20:00:00,0.0,0.0,0,0,0,0,0,0
1989-12-31 21:00:00,0.0,0.0,0,0,0,0,0,0
1989-12-31 22:00:00,0.0,0.0,0,0,0,0,0,0
1989-12-31 23:00:00,0.0,0.0,0,0,0,0,0,0
