time,Measurement,DA_1,DA_2,DA_3,HA,RT,HA_ub,HA_lb
2010-01-01 00:00:00,0.7619,0.8694,0,0,0,0,0,0
2010-01-01 01:00:00,0.8674,0.8969,0,0,0,0,0,0
2010-01-01 02:00:00,0.8952,0.8995,0,0,0,0,0,0
2010-01-01 03:00:00,0.8909,0.8986,0,0,0,0,0,0
2010-01-01 04:00:00,0.8181,0.8699,0,0,0,0,0,0
2010-01-01 05:00:00,0.7321,0.8521,0,0,0,0,0,0
2010-01-01 06:00:00,0.7177,0.8491,0,0,0,0,0,0
2010-01-01 07:00:00,0.6774,0.8183,0,0,0,0,0,0
2010-01-01 08:00:00,0.613,0.4063,0,0,0,0,0,0
2010-01-01 09:00:00,0.5578,0.3499,0,0,0,0,0,0
2010-01-01 10:00:00,0.6239,0.4141,0,0,0,0,0,0
2010-01-01 11:00:00,0.5602,0.318,0,0,0,0,0,0
2010-01-01 12:00:00,0.4879,0.4292,0,0,0,0,0,0
2010-01-01 13:00:00,0.4446,0.3065,0,0,0,0,0,0
2010-01-01 14:00:00,0.4518,0.3009,0,0,0,0,0,0
2010-01-01 15:00:00,0.4352,0.3224,0,0,0,0,0,0
2010-01-01 16:00:00,0.3752,0.6517,0,0,0,0,0,0
2010-01-01 17:00:00,0.2463,0.4498,0,0,0,0,0,0
2010-01-01 18:00:00,0.1226,0.1927,0,0,0,0,0,0
2010-01-01 19:00:00,0.0479,0.0576,0,0,0,0,0,0
2010-01-01 20:00:00,0.013,0.0002,0,0,0,0,0,0
2010-01-01 21:00:00,0.0025,0.0,0,0,0,0,0,0
2010-01-01 22:00:00,0.0236,0.0004,0,0,0,0,0,0
2010-01-01 23:00:00,0.0103,0.0001,0,0,0,0,0,0
2010-01-02 00:00:00,0.0196,0.0121,0,0,0,0,0,0
2010-01-02 01:00:00,0.0472,0.0353,0,0,0,0,0,0
2010-01-02 02:00:00,0.0208,0.0192,0,0,0,0,0,0
2010-01-02 03:00:00,0.0038,0.0034,0,0,0,0,0,0
2010-01-02 04:00:00,0.0054,0.0001,0,0,0,0,0,0
2010-01-02 05:00:00,0.0121,0.0013,0,0,0,0,0,0
2010-01-02 06:00:00,0.0224,0.0021,0,0,0,0,0,0
2010-01-02 07:00:00,0.0471,0.0035,0,0,0,0,0,0
2010-01-02 08:00:00,0.0581,0.0217,0,0,0,0,0,0
2010-01-02 09:00:00,0.055,0.0322,0,0,0,0,0,0
2010-01-02 10:00:00,0.0388,0.0326,0,0,0,0,0,0
2010-01-02 11:00:00,0.0414,0.0384,0,0,0,0,0,0
2010-01-02 12:00:00,0.0359,0.1084,0,0,0,0,0,0
2010-01-02 13:00:00,0.0291,0.1023,0,0,0,0,0,0
2010-01-02 14:00:00,0.0408,0.1467,0,0,0,0,0,0
2010-01-02 15:00:00,0.0766,0.2591,0,0,0,0,0,0
2010-01-02 16:00:00,0.1811,0.1085,0,0,0,0,0,0
2010-01-02 17:00:00,0.3561,0.2421,0,0,0,0,0,0
2010-01-02 18:00:00,0.5322,0.3716,0,0,0,0,0,0
2010-01-02 19:00:00,0.6627,0.4297,0,0,0,0,0,0
2010-01-02 20:00:00,0.7247,0.6476,0,0,0,0,0,0
2010-01-02 21:00:00,0.8016,0.744,0,0,0,0,0,0
2010-01-02 22:00:00,0.6795,0.6374,0,0,0,0,0,0
2010-01-02 23:00:00,0.6629,0.6499,0,0,0,0,0,0
2010-01-03 00:00:00,0.7934,0.7106,0,0,0,0,0,0
2010-01-03 01:00:00,0.8349,0.7864,0,0,0,0,0,0
2010-01-03 02:00:00,0.8682,0.8463,0,0,0,0,0,0
2010-01-03 03:00:00,0.8345,0.7584,0,0,0,0,0,0
2010-01-03 04:00:00,0.8536,0.8762,0,0,0,0,0,0
2010-01-03 05:00:00,0.8811,0.8901,0,0,0,0,0,0
2010-01-03 06:00:00,0.8889,0.8948,0,0,0,0,0,0
2010-01-03 07:00:00,0.878,0.8848,0,0,0,0,0,0
2010-01-03 08:00:00,0.8835,0.883,0,0,0,0,0,0
2010-01-03 09:00:00,0.8865,0.8807,0,0,0,0,0,0
2010-01-03 10:00:00,0.8949,0.892,0,0,0,0,0,0
2010-01-03 11:00:00,0.8913,0.8907,0,0,0,0,0,0
2010-01-03 12:00:00,0.8918,0.8994,0,0,0,0,0,0
2010-01-03 13:00:00,0.8839,0.8988,0,0,0,0,0,0
2010-01-03 14:00:00,0.8816,0.8989,0,0,0,0,0,0
2010-01-03 15:00:00,0.8749,0.8985,0,0,0,0,0,0
2010-01-03 16:00:00,0.8581,0.8823,0,0,0,0,0,0
2010-01-03 17:00:00,0.8277,0.8773,0,0,0,0,0,0
2010-01-03 18:00:00,0.8138,0.8736,0,0,0,0,0,0
2010-01-03 19:00:00,0.8381,0.8855,0,0,0,0,0,0
2010-01-03 20:00:00,0.8387,0.6178,0,0,0,0,0,0
2010-01-03 21:00:00,0.7791,0.5277,0,0,0,0,0,0
2010-01-03 22:00:00,0.7387,0.4813,0,0,0,0,0,0
2010-01-03 23:00:00,0.6487,0.3981,0,0,0,0,0,0
2010-01-04 00:00:00,0.5876,0.7181,0,0,0,0,0,0
2010-01-04 01:00:00,0.5509,0.6988,0,0,0,0,0,0
2010-01-04 02:00:00,0.6119,0.7309,0,0,0,0,0,0
2010-01-04 03:00:00,0.6979,0.8035,0,0,0,0,0,0
2010-01-04 04:00:00,0.743,0.707,0,0,0,0,0,0
2010-01-04 05:00:00,0.7627,0.7207,0,0,0,0,0,0
2010-01-04 06:00:00,0.7503,0.6876,0,0,0,0,0,0
2010-01-04 07:00:00,0.7661,0.6809,0,0,0,0,0,0
2010-01-04 08:00:00,0.8189,0.8931,0,0,0,0,0,0
2010-01-04 09:00:00,0.8536,0.8963,0,0,0,0,0,0
2010-01-04 10:00:00,0.849,0.8947,0,0,0,0,0,0
2010-01-04 11:00:00,0.7882,0.8889,0,0,0,0,0,0
2010-01-04 12:00:00,0.7218,0.6114,0,0,0,0,0,0
2010-01-04 13:00:00,0.6848,0.5659,0,0,0,0,0,0
2010-01-04 14:00:00,0.7389,0.6086,0,0,0,0,0,0
2010-01-04 15:00:00,0.8004,0.6108,0,0,0,0,0,0
2010-01-04 16:00:00,0.8252,0.8396,0,0,0,0,0,0
2010-01-04 17:00:00,0.8485,0.8553,0,0,0,0,0,0
2010-01-04 18:00:00,0.8641,0.8758,0,0,0,0,0,0
2010-01-04 19:00:00,0.8659,0.8892,0,0,0,0,0,0
2010-01-04 20:00:00,0.8474,0.7091,0,0,0,0,0,0
2010-01-04 21:00:00,0.8049,0.6067,0,0,0,0,0,0
2010-01-04 22:00:00,0.6969,0.4467,0,0,0,0,0,0
2010-01-04 23:00:00,0.6609,0.4055,0,0,0,0,0,0
2010-01-05 00:00:00,0.6622,0.6822,0,0,0,0,0,0
2010-01-05 01:00:00,0.6123,0.6497,0,0,0,0,0,0
2010-01-05 02:00:00,0.5433,0.5862,0,0,0,0,0,0
2010-01-05 03:00:00,0.4812,0.4729,0,0,0,0,0,0
2010-01-05 04:00:00,0.4318,0.4878,0,0,0,0,0,0
2010-01-05 05:00:00,0.411,0.4819,0,0,0,0,0,0
2010-01-05 06:00:00,0.4056,0.4583,0,0,0,0,0,0
2010-01-05 07:00:00,0.3793,0.4239,0,0,0,0,0,0
2010-01-05 08:00:00,0.3739,0.4111,0,0,0,0,0,0
2010-01-05 09:00:00,0.3636,0.4353,0,0,0,0,0,0
2010-01-05 10:00:00,0.221,0.2859,0,0,0,0,0,0
2010-01-05 11:00:00,0.1683,0.2372,0,0,0,0,0,0
2010-01-05 12:00:00,0.1264,0.0543,0,0,0,0,0,0
2010-01-05 13:00:00,0.1412,0.0592,0,0,0,0,0,0
2010-01-05 14:00:00,0.1705,0.0735,0,0,0,0,0,0
2010-01-05 15:00:00,0.2006,0.0918,0,0,0,0,0,0
2010-01-05 16:00:00,0.1794,0.0487,0,0,0,0,0,0
2010-01-05 17:00:00,0.1569,0.0407,0,0,0,0,0,0
2010-01-05 18:00:00,0.1712,0.0532,0,0,0,0,0,0
2010-01-05 19:00:00,0.1651,0.0617,0,0,0,0,0,0
2010-01-05 20:00:00,0.1035,0.04,0,0,0,0,0,0
2010-01-05 21:00:00,0.022,0.0024,0,0,0,0,0,0
2010-01-05 22:00:00,0.0001,-0.0,0,0,0,0,0,0
2010-01-05 23:00:00,0.0001,-0.0,0,0,0,0,0,0
2010-01-06 00:00:00,0.0252,0.104,0,0,0,0,0,0
2010-01-06 01:00:00,0.0881,0.2689,0,0,0,0,0,0
2010-01-06 02:00:00,0.1882,0.345,0,0,0,0,0,0
2010-01-06 03:00:00,0.3279,0.4621,0,0,0,0,0,0
2010-01-06 04:00:00,0.3541,0.4046,0,0,0,0,0,0
2010-01-06 05:00:00,0.277,0.4031,0,0,0,0,0,0
2010-01-06 06:00:00,0.1908,0.3147,0,0,0,0,0,0
2010-01-06 07:00:00,0.169,0.3772,0,0,0,0,0,0
2010-01-06 08:00:00,0.1751,0.2238,0,0,0,0,0,0
2010-01-06 09:00:00,0.2391,0.3316,0,0,0,0,0,0
2010-01-06 10:00:00,0.2236,0.3123,0,0,0,0,0,0
2010-01-06 11:00:00,0.3228,0.4528,0,0,0,0,0,0
2010-01-06 12:00:00,0.2725,0.3152,0,0,0,0,0,0
2010-01-06 13:00:00,0.3198,0.3579,0,0,0,0,0,0
2010-01-06 14:00:00,0.5947,0.6163,0,0,0,0,0,0
2010-01-06 15:00:00,0.6554,0.6677,0,0,0,0,0,0
2010-01-06 16:00:00,0.7412,0.7776,0,0,0,0,0,0
2010-01-06 17:00:00,0.6942,0.7636,0,0,0,0,0,0
2010-01-06 18:00:00,0.6057,0.6358,0,0,0,0,0,0
2010-01-06 19:00:00,0.5139,0.5402,0,0,0,0,0,0
2010-01-06 20:00:00,0.4643,0.3246,0,0,0,0,0,0
2010-01-06 21:00:00,0.4626,0.3336,0,0,0,0,0,0
2010-01-06 22:00:00,0.3515,0.2771,0,0,0,0,0,0
2010-01-06 23:00:00,0.2066,0.1854,0,0,0,0,0,0
2010-01-07 00:00:00,0.0865,0.0798,0,0,0,0,0,0
2010-01-07 01:00:00,0.0523,0.0308,0,0,0,0,0,0
2010-01-07 02:00:00,0.0875,0.0562,0,0,0,0,0,0
2010-01-07 03:00:00,0.2164,0.1853,0,0,0,0,0,0
2010-01-07 04:00:00,0.388,0.6072,0,0,0,0,0,0
2010-01-07 05:00:00,0.488,0.6707,0,0,0,0,0,0
2010-01-07 06:00:00,0.553,0.6923,0,0,0,0,0,0
2010-01-07 07:00:00,0.6154,0.7277,0,0,0,0,0,0
2010-01-07 08:00:00,0.6596,0.549,0,0,0,0,0,0
2010-01-07 09:00:00,0.6826,0.5437,0,0,0,0,0,0
2010-01-07 10:00:00,0.6775,0.4984,0,0,0,0,0,0
2010-01-07 11:00:00,0.6951,0.5184,0,0,0,0,0,0
2010-01-07 12:00:00,0.7892,0.6179,0,0,0,0,0,0
2010-01-07 13:00:00,0.8194,0.6962,0,0,0,0,0,0
2010-01-07 14:00:00,0.7974,0.6423,0,0,0,0,0,0
2010-01-07 15:00:00,0.8054,0.6679,0,0,0,0,0,0
2010-01-07 16:00:00,0.8434,0.8947,0,0,0,0,0,0
2010-01-07 17:00:00,0.8711,0.8989,0,0,0,0,0,0
2010-01-07 18:00:00,0.8712,0.8991,0,0,0,0,0,0
2010-01-07 19:00:00,0.8529,0.8981,0,0,0,0,0,0
2010-01-07 20:00:00,0.8385,0.8721,0,0,0,0,0,0
2010-01-07 21:00:00,0.8176,0.8526,0,0,0,0,0,0
2010-01-07 22:00:00,0.6685,0.7334,0,0,0,0,0,0
2010-01-07 23:00:00,0.6813,0.7221,0,0,0,0,0,0
2010-01-08 00:00:00,0.7457,0.7649,0,0,0,0,0,0
2010-01-08 01:00:00,0.7661,0.8191,0,0,0,0,0,0
2010-01-08 02:00:00,0.8112,0.856,0,0,0,0,0,0
2010-01-08 03:00:00,0.8434,0.8833,0,0,0,0,0,0
2010-01-08 04:00:00,0.8584,0.8893,0,0,0,0,0,0
2010-01-08 05:00:00,0.8616,0.8882,0,0,0,0,0,0
2010-01-08 06:00:00,0.8655,0.8863,0,0,0,0,0,0
2010-01-08 07:00:00,0.8608,0.8819,0,0,0,0,0,0
2010-01-08 08:00:00,0.8293,0.8289,0,0,0,0,0,0
2010-01-08 09:00:00,0.7547,0.8117,0,0,0,0,0,0
2010-01-08 10:00:00,0.5285,0.5911,0,0,0,0,0,0
2010-01-08 11:00:00,0.5376,0.5587,0,0,0,0,0,0
2010-01-08 12:00:00,0.6495,0.6252,0,0,0,0,0,0
2010-01-08 13:00:00,0.7749,0.7329,0,0,0,0,0,0
2010-01-08 14:00:00,0.8562,0.7804,0,0,0,0,0,0
2010-01-08 15:00:00,0.875,0.8395,0,0,0,0,0,0
2010-01-08 16:00:00,0.884,0.8928,0,0,0,0,0,0
2010-01-08 17:00:00,0.8914,0.895,0,0,0,0,0,0
2010-01-08 18:00:00,0.8912,0.8976,0,0,0,0,0,0
2010-01-08 19:00:00,0.8902,0.8985,0,0,0,0,0,0
2010-01-08 20:00:00,0.8901,0.8975,0,0,0,0,0,0
2010-01-08 21:00:00,0.8891,0.8987,0,0,0,0,0,0
2010-01-08 22:00:00,0.8562,0.8957,0,0,0,0,0,0
2010-01-08 23:00:00,0.8625,0.8959,0,0,0,0,0,0
2010-01-09 00:00:00,0.8582,0.7886,0,0,0,0,0,0
2010-01-09 01:00:00,0.856,0.7739,0,0,0,0,0,0
2010-01-09 02:00:00,0.8671,0.7978,0,0,0,0,0,0
2010-01-09 03:00:00,0.8811,0.8487,0,0,0,0,0,0
2010-01-09 04:00:00,0.8898,0.8978,0,0,0,0,0,0
2010-01-09 05:00:00,0.8889,0.8984,0,0,0,0,0,0
2010-01-09 06:00:00,0.8876,0.8986,0,0,0,0,0,0
2010-01-09 07:00:00,0.8804,0.8981,0,0,0,0,0,0
2010-01-09 08:00:00,0.8686,0.8832,0,0,0,0,0,0
2010-01-09 09:00:00,0.8403,0.8698,0,0,0,0,0,0
2010-01-09 10:00:00,0.7167,0.8038,0,0,0,0,0,0
2010-01-09 11:00:00,0.5962,0.7738,0,0,0,0,0,0
2010-01-09 12:00:00,0.5881,0.505,0,0,0,0,0,0
2010-01-09 13:00:00,0.5779,0.4525,0,0,0,0,0,0
2010-01-09 14:00:00,0.5619,0.4074,0,0,0,0,0,0
2010-01-09 15:00:00,0.5721,0.4754,0,0,0,0,0,0
2010-01-09 16:00:00,0.5325,0.6007,0,0,0,0,0,0
2010-01-09 17:00:00,0.4768,0.6065,0,0,0,0,0,0
2010-01-09 18:00:00,0.4531,0.5164,0,0,0,0,0,0
2010-01-09 19:00:00,0.383,0.4013,0,0,0,0,0,0
2010-01-09 20:00:00,0.2562,0.3236,0,0,0,0,0,0
2010-01-09 21:00:00,0.1668,0.2777,0,0,0,0,0,0
2010-01-09 22:00:00,0.1754,0.277,0,0,0,0,0,0
2010-01-09 23:00:00,0.1614,0.2215,0,0,0,0,0,0
2010-01-10 00:00:00,0.136,0.2085,0,0,0,0,0,0
2010-01-10 01:00:00,0.1332,0.1788,0,0,0,0,0,0
2010-01-10 02:00:00,0.1406,0.2302,0,0,0,0,0,0
2010-01-10 03:00:00,0.1356,0.2395,0,0,0,0,0,0
2010-01-10 04:00:00,0.1243,0.2817,0,0,0,0,0,0
2010-01-10 05:00:00,0.0782,0.2416,0,0,0,0,0,0
2010-01-10 06:00:00,0.0454,0.1796,0,0,0,0,0,0
2010-01-10 07:00:00,0.0317,0.1297,0,0,0,0,0,0
2010-01-10 08:00:00,0.0212,0.0236,0,0,0,0,0,0
2010-01-10 09:00:00,0.0156,0.0197,0,0,0,0,0,0
2010-01-10 10:00:00,0.0002,0.0004,0,0,0,0,0,0
2010-01-10 11:00:00,0.0,0.0003,0,0,0,0,0,0
2010-01-10 12:00:00,0.0002,0.0,0,0,0,0,0,0
2010-01-10 13:00:00,0.0003,0.0,0,0,0,0,0,0
2010-01-10 14:00:00,0.0003,0.0,0,0,0,0,0,0
2010-01-10 15:00:00,0.0011,0.0001,0,0,0,0,0,0
2010-01-10 16:00:00,0.018,0.0086,0,0,0,0,0,0
2010-01-10 17:00:00,0.0455,0.0247,0,0,0,0,0,0
2010-01-10 18:00:00,0.055,0.0457,0,0,0,0,0,0
2010-01-10 19:00:00,0.0691,0.1009,0,0,0,0,0,0
2010-01-10 20:00:00,0.0875,0.0446,0,0,0,0,0,0
2010-01-10 21:00:00,0.1055,0.0563,0,0,0,0,0,0
2010-01-10 22:00:00,0.132,0.0907,0,0,0,0,0,0
2010-01-10 23:00:00,0.1204,0.0995,0,0,0,0,0,0
2010-01-11 00:00:00,0.0996,0.0663,0,0,0,0,0,0
2010-01-11 01:00:00,0.0861,0.069,0,0,0,0,0,0
2010-01-11 02:00:00,0.0619,0.0495,0,0,0,0,0,0
2010-01-11 03:00:00,0.0499,0.0241,0,0,0,0,0,0
2010-01-11 04:00:00,0.0458,0.1656,0,0,0,0,0,0
2010-01-11 05:00:00,0.0514,0.1793,0,0,0,0,0,0
2010-01-11 06:00:00,0.0607,0.1738,0,0,0,0,0,0
2010-01-11 07:00:00,0.0432,0.128,0,0,0,0,0,0
2010-01-11 08:00:00,0.0242,0.0031,0,0,0,0,0,0
2010-01-11 09:00:00,0.0076,0.0004,0,0,0,0,0,0
2010-01-11 10:00:00,0.0297,0.0074,0,0,0,0,0,0
2010-01-11 11:00:00,0.014,0.0022,0,0,0,0,0,0
2010-01-11 12:00:00,0.0114,0.0,0,0,0,0,0,0
2010-01-11 13:00:00,0.0101,0.0,0,0,0,0,0,0
2010-01-11 14:00:00,0.0072,0.0,0,0,0,0,0,0
2010-01-11 15:00:00,0.0174,0.0001,0,0,0,0,0,0
2010-01-11 16:00:00,0.0062,0.0015,0,0,0,0,0,0
2010-01-11 17:00:00,0.0028,0.0003,0,0,0,0,0,0
2010-01-11 18:00:00,0.0095,0.0018,0,0,0,0,0,0
2010-01-11 19:00:00,0.0383,0.0268,0,0,0,0,0,0
2010-01-11 20:00:00,0.0546,0.1016,0,0,0,0,0,0
2010-01-11 21:00:00,0.115,0.2039,0,0,0,0,0,0
2010-01-11 22:00:00,0.192,0.3817,0,0,0,0,0,0
2010-01-11 23:00:00,0.1474,0.3193,0,0,0,0,0,0
2010-01-12 00:00:00,0.1057,0.079,0,0,0,0,0,0
2010-01-12 01:00:00,0.0871,0.0461,0,0,0,0,0,0
2010-01-12 02:00:00,0.1369,0.1,0,0,0,0,0,0
2010-01-12 03:00:00,0.2649,0.2222,0,0,0,0,0,0
2010-01-12 04:00:00,0.4054,0.4544,0,0,0,0,0,0
2010-01-12 05:00:00,0.5275,0.5718,0,0,0,0,0,0
2010-01-12 06:00:00,0.6516,0.7093,0,0,0,0,0,0
2010-01-12 07:00:00,0.8177,0.8383,0,0,0,0,0,0
2010-01-12 08:00:00,0.862,0.8925,0,0,0,0,0,0
2010-01-12 09:00:00,0.8905,0.8982,0,0,0,0,0,0
2010-01-12 10:00:00,0.8973,0.8994,0,0,0,0,0,0
2010-01-12 11:00:00,0.892,0.8985,0,0,0,0,0,0
2010-01-12 12:00:00,0.879,0.8213,0,0,0,0,0,0
2010-01-12 13:00:00,0.875,0.8359,0,0,0,0,0,0
2010-01-12 14:00:00,0.8794,0.8607,0,0,0,0,0,0
2010-01-12 15:00:00,0.8007,0.7827,0,0,0,0,0,0
2010-01-12 16:00:00,0.8949,0.8952,0,0,0,0,0,0
2010-01-12 17:00:00,0.8987,0.8994,0,0,0,0,0,0
2010-01-12 18:00:00,0.8947,0.8985,0,0,0,0,0,0
2010-01-12 19:00:00,0.895,0.8988,0,0,0,0,0,0
2010-01-12 20:00:00,0.8966,0.8997,0,0,0,0,0,0
2010-01-12 21:00:00,0.896,0.8993,0,0,0,0,0,0
2010-01-12 22:00:00,0.8997,0.8999,0,0,0,0,0,0
2010-01-12 23:00:00,0.8998,0.8999,0,0,0,0,0,0
2010-01-13 00:00:00,0.8992,0.8989,0,0,0,0,0,0
2010-01-13 01:00:00,0.8951,0.8866,0,0,0,0,0,0
2010-01-13 02:00:00,0.895,0.8872,0,0,0,0,0,0
2010-01-13 03:00:00,0.8908,0.8757,0,0,0,0,0,0
2010-01-13 04:00:00,0.8757,0.8872,0,0,0,0,0,0
2010-01-13 05:00:00,0.8302,0.8472,0,0,0,0,0,0
2010-01-13 06:00:00,0.8021,0.843,0,0,0,0,0,0
2010-01-13 07:00:00,0.8221,0.8608,0,0,0,0,0,0
2010-01-13 08:00:00,0.8416,0.5732,0,0,0,0,0,0
2010-01-13 09:00:00,0.7172,0.3585,0,0,0,0,0,0
2010-01-13 10:00:00,0.4289,0.1317,0,0,0,0,0,0
2010-01-13 11:00:00,0.361,0.1237,0,0,0,0,0,0
2010-01-13 12:00:00,0.3774,0.5261,0,0,0,0,0,0
2010-01-13 13:00:00,0.3783,0.5859,0,0,0,0,0,0
2010-01-13 14:00:00,0.5005,0.7725,0,0,0,0,0,0
2010-01-13 15:00:00,0.6014,0.8442,0,0,0,0,0,0
2010-01-13 16:00:00,0.6663,0.551,0,0,0,0,0,0
2010-01-13 17:00:00,0.5898,0.5724,0,0,0,0,0,0
2010-01-13 18:00:00,0.6235,0.6398,0,0,0,0,0,0
2010-01-13 19:00:00,0.5885,0.5193,0,0,0,0,0,0
2010-01-13 20:00:00,0.42,0.6852,0,0,0,0,0,0
2010-01-13 21:00:00,0.4567,0.7056,0,0,0,0,0,0
2010-01-13 22:00:00,0.5276,0.7826,0,0,0,0,0,0
2010-01-13 23:00:00,0.7856,0.8882,0,0,0,0,0,0
2010-01-14 00:00:00,0.853,0.8672,0,0,0,0,0,0
2010-01-14 01:00:00,0.8601,0.8768,0,0,0,0,0,0
2010-01-14 02:00:00,0.8602,0.8677,0,0,0,0,0,0
2010-01-14 03:00:00,0.8286,0.8266,0,0,0,0,0,0
2010-01-14 04:00:00,0.7753,0.7516,0,0,0,0,0,0
2010-01-14 05:00:00,0.661,0.5463,0,0,0,0,0,0
2010-01-14 06:00:00,0.5275,0.3145,0,0,0,0,0,0
2010-01-14 07:00:00,0.4642,0.2356,0,0,0,0,0,0
2010-01-14 08:00:00,0.439,0.7583,0,0,0,0,0,0
2010-01-14 09:00:00,0.4643,0.7779,0,0,0,0,0,0
2010-01-14 10:00:00,0.4358,0.7219,0,0,0,0,0,0
2010-01-14 11:00:00,0.414,0.7099,0,0,0,0,0,0
2010-01-14 12:00:00,0.651,0.623,0,0,0,0,0,0
2010-01-14 13:00:00,0.7705,0.8094,0,0,0,0,0,0
2010-01-14 14:00:00,0.7788,0.8263,0,0,0,0,0,0
2010-01-14 15:00:00,0.8541,0.8637,0,0,0,0,0,0
2010-01-14 16:00:00,0.8846,0.8956,0,0,0,0,0,0
2010-01-14 17:00:00,0.8793,0.8944,0,0,0,0,0,0
2010-01-14 18:00:00,0.8615,0.8892,0,0,0,0,0,0
2010-01-14 19:00:00,0.8528,0.8898,0,0,0,0,0,0
2010-01-14 20:00:00,0.8346,0.8037,0,0,0,0,0,0
2010-01-14 21:00:00,0.8103,0.8187,0,0,0,0,0,0
2010-01-14 22:00:00,0.6688,0.7083,0,0,0,0,0,0
2010-01-14 23:00:00,0.5066,0.5435,0,0,0,0,0,0
2010-01-15 00:00:00,0.2824,0.3915,0,0,0,0,0,0
2010-01-15 01:00:00,0.21,0.3799,0,0,0,0,0,0
2010-01-15 02:00:00,0.1415,0.2666,0,0,0,0,0,0
2010-01-15 03:00:00,0.0605,0.1641,0,0,0,0,0,0
2010-01-15 04:00:00,0.0165,0.0619,0,0,0,0,0,0
2010-01-15 05:00:00,0.0003,0.0259,0,0,0,0,0,0
2010-01-15 06:00:00,0.0,0.0068,0,0,0,0,0,0
2010-01-15 07:00:00,0.0004,0.0265,0,0,0,0,0,0
2010-01-15 08:00:00,0.041,0.0301,0,0,0,0,0,0
2010-01-15 09:00:00,0.1919,0.1749,0,0,0,0,0,0
2010-01-15 10:00:00,0.386,0.3363,0,0,0,0,0,0
2010-01-15 11:00:00,0.3989,0.3789,0,0,0,0,0,0
2010-01-15 12:00:00,0.3966,0.702,0,0,0,0,0,0
2010-01-15 13:00:00,0.4,0.7338,0,0,0,0,0,0
2010-01-15 14:00:00,0.3648,0.6433,0,0,0,0,0,0
2010-01-15 15:00:00,0.3895,0.6581,0,0,0,0,0,0
2010-01-15 16:00:00,0.5159,0.5358,0,0,0,0,0,0
2010-01-15 17:00:00,0.7075,0.7891,0,0,0,0,0,0
2010-01-15 18:00:00,0.7783,0.8473,0,0,0,0,0,0
2010-01-15 19:00:00,0.876,0.895,0,0,0,0,0,0
2010-01-15 20:00:00,0.868,0.7796,0,0,0,0,0,0
2010-01-15 21:00:00,0.8739,0.8057,0,0,0,0,0,0
2010-01-15 22:00:00,0.8839,0.8339,0,0,0,0,0,0
2010-01-15 23:00:00,0.8618,0.7415,0,0,0,0,0,0
2010-01-16 00:00:00,0.8363,0.8856,0,0,0,0,0,0
2010-01-16 01:00:00,0.6592,0.8396,0,0,0,0,0,0
2010-01-16 02:00:00,0.7602,0.8777,0,0,0,0,0,0
2010-01-16 03:00:00,0.8622,0.8962,0,0,0,0,0,0
2010-01-16 04:00:00,0.8825,0.8954,0,0,0,0,0,0
2010-01-16 05:00:00,0.8938,0.8986,0,0,0,0,0,0
2010-01-16 06:00:00,0.8932,0.8981,0,0,0,0,0,0
2010-01-16 07:00:00,0.8863,0.8958,0,0,0,0,0,0
2010-01-16 08:00:00,0.8607,0.8905,0,0,0,0,0,0
2010-01-16 09:00:00,0.8496,0.8896,0,0,0,0,0,0
2010-01-16 10:00:00,0.774,0.8263,0,0,0,0,0,0
2010-01-16 11:00:00,0.8342,0.8598,0,0,0,0,0,0
2010-01-16 12:00:00,0.8824,0.8879,0,0,0,0,0,0
2010-01-16 13:00:00,0.8979,0.8984,0,0,0,0,0,0
2010-01-16 14:00:00,0.8994,0.8996,0,0,0,0,0,0
2010-01-16 15:00:00,0.8995,0.8998,0,0,0,0,0,0
2010-01-16 16:00:00,0.8998,0.8993,0,0,0,0,0,0
2010-01-16 17:00:00,0.8999,0.8998,0,0,0,0,0,0
2010-01-16 18:00:00,0.8999,0.8999,0,0,0,0,0,0
2010-01-16 19:00:00,0.8999,0.8999,0,0,0,0,0,0
2010-01-16 20:00:00,0.8998,0.8992,0,0,0,0,0,0
2010-01-16 21:00:00,0.8987,0.8914,0,0,0,0,0,0
2010-01-16 22:00:00,0.8942,0.8648,0,0,0,0,0,0
2010-01-16 23:00:00,0.873,0.7743,0,0,0,0,0,0
2010-01-17 00:00:00,0.8069,0.7871,0,0,0,0,0,0
2010-01-17 01:00:00,0.6895,0.6558,0,0,0,0,0,0
2010-01-17 02:00:00,0.6425,0.564,0,0,0,0,0,0
2010-01-17 03:00:00,0.6119,0.5296,0,0,0,0,0,0
2010-01-17 04:00:00,0.5351,0.3883,0,0,0,0,0,0
2010-01-17 05:00:00,0.4035,0.3142,0,0,0,0,0,0
2010-01-17 06:00:00,0.2675,0.195,0,0,0,0,0,0
2010-01-17 07:00:00,0.1713,0.1229,0,0,0,0,0,0
2010-01-17 08:00:00,0.1073,0.0424,0,0,0,0,0,0
2010-01-17 09:00:00,0.0467,0.0068,0,0,0,0,0,0
2010-01-17 10:00:00,0.0065,0.0,0,0,0,0,0,0
2010-01-17 11:00:00,0.0001,-0.0,0,0,0,0,0,0
2010-01-17 12:00:00,0.0001,0.0001,0,0,0,0,0,0
2010-01-17 13:00:00,0.0002,0.0003,0,0,0,0,0,0
2010-01-17 14:00:00,0.0001,0.0001,0,0,0,0,0,0
2010-01-17 15:00:00,0.0001,0.0001,0,0,0,0,0,0
2010-01-17 16:00:00,0.0001,-0.0,0,0,0,0,0,0
2010-01-17 17:00:00,0.0,-0.0,0,0,0,0,0,0
2010-01-17 18:00:00,0.0,-0.0,0,0,0,0,0,0
2010-01-17 19:00:00,0.0,-0.0,0,0,0,0,0,0
2010-01-17 20:00:00,0.0,0.0008,0,0,0,0,0,0
2010-01-17 21:00:00,0.0001,0.0053,0,0,0,0,0,0
2010-01-17 22:00:00,0.0068,0.0369,0,0,0,0,0,0
2010-01-17 23:00:00,0.0146,0.0586,0,0,0,0,0,0
2010-01-18 00:00:00,0.0252,0.0113,0,0,0,0,0,0
2010-01-18 01:00:00,0.0324,0.0155,0,0,0,0,0,0
2010-01-18 02:00:00,0.0578,0.0417,0,0,0,0,0,0
2010-01-18 03:00:00,0.0958,0.0845,0,0,0,0,0,0
2010-01-18 04:00:00,0.1492,0.1801,0,0,0,0,0,0
2010-01-18 05:00:00,0.2229,0.2308,0,0,0,0,0,0
2010-01-18 06:00:00,0.2752,0.327,0,0,0,0,0,0
2010-01-18 07:00:00,0.3004,0.3631,0,0,0,0,0,0
2010-01-18 08:00:00,0.3277,0.3637,0,0,0,0,0,0
2010-01-18 09:00:00,0.3444,0.3569,0,0,0,0,0,0
2010-01-18 10:00:00,0.3978,0.4257,0,0,0,0,0,0
2010-01-18 11:00:00,0.4166,0.478,0,0,0,0,0,0
2010-01-18 12:00:00,0.4422,0.3813,0,0,0,0,0,0
2010-01-18 13:00:00,0.432,0.4027,0,0,0,0,0,0
2010-01-18 14:00:00,0.4607,0.3865,0,0,0,0,0,0
2010-01-18 15:00:00,0.5006,0.4505,0,0,0,0,0,0
2010-01-18 16:00:00,0.588,0.3435,0,0,0,0,0,0
2010-01-18 17:00:00,0.7317,0.4294,0,0,0,0,0,0
2010-01-18 18:00:00,0.8026,0.5073,0,0,0,0,0,0
2010-01-18 19:00:00,0.823,0.5589,0,0,0,0,0,0
2010-01-18 20:00:00,0.8238,0.8588,0,0,0,0,0,0
2010-01-18 21:00:00,0.8401,0.8768,0,0,0,0,0,0
2010-01-18 22:00:00,0.824,0.8481,0,0,0,0,0,0
2010-01-18 23:00:00,0.7643,0.8016,0,0,0,0,0,0
2010-01-19 00:00:00,0.7304,0.8085,0,0,0,0,0,0
2010-01-19 01:00:00,0.708,0.7889,0,0,0,0,0,0
2010-01-19 02:00:00,0.6831,0.7709,0,0,0,0,0,0
2010-01-19 03:00:00,0.6877,0.7937,0,0,0,0,0,0
2010-01-19 04:00:00,0.7138,0.5559,0,0,0,0,0,0
2010-01-19 05:00:00,0.6883,0.4692,0,0,0,0,0,0
2010-01-19 06:00:00,0.6786,0.4687,0,0,0,0,0,0
2010-01-19 07:00:00,0.6884,0.5811,0,0,0,0,0,0
2010-01-19 08:00:00,0.7239,0.6769,0,0,0,0,0,0
2010-01-19 09:00:00,0.7641,0.7227,0,0,0,0,0,0
2010-01-19 10:00:00,0.5757,0.4805,0,0,0,0,0,0
2010-01-19 11:00:00,0.4185,0.3043,0,0,0,0,0,0
2010-01-19 12:00:00,0.3671,0.4858,0,0,0,0,0,0
2010-01-19 13:00:00,0.2813,0.4006,0,0,0,0,0,0
2010-01-19 14:00:00,0.2442,0.394,0,0,0,0,0,0
2010-01-19 15:00:00,0.1583,0.2997,0,0,0,0,0,0
2010-01-19 16:00:00,0.1278,0.1047,0,0,0,0,0,0
2010-01-19 17:00:00,0.15,0.1184,0,0,0,0,0,0
2010-01-19 18:00:00,0.1743,0.1353,0,0,0,0,0,0
2010-01-19 19:00:00,0.1676,0.128,0,0,0,0,0,0
2010-01-19 20:00:00,0.1627,0.09,0,0,0,0,0,0
2010-01-19 21:00:00,0.2122,0.155,0,0,0,0,0,0
2010-01-19 22:00:00,0.4557,0.3945,0,0,0,0,0,0
2010-01-19 23:00:00,0.7389,0.6942,0,0,0,0,0,0
2010-01-20 00:00:00,0.7357,0.739,0,0,0,0,0,0
2010-01-20 01:00:00,0.6818,0.6921,0,0,0,0,0,0
2010-01-20 02:00:00,0.6714,0.6912,0,0,0,0,0,0
2010-01-20 03:00:00,0.8529,0.8565,0,0,0,0,0,0
2010-01-20 04:00:00,0.8862,0.8822,0,0,0,0,0,0
2010-01-20 05:00:00,0.8947,0.8938,0,0,0,0,0,0
2010-01-20 06:00:00,0.8954,0.8948,0,0,0,0,0,0
2010-01-20 07:00:00,0.8824,0.8867,0,0,0,0,0,0
2010-01-20 08:00:00,0.8392,0.5585,0,0,0,0,0,0
2010-01-20 09:00:00,0.7936,0.5087,0,0,0,0,0,0
2010-01-20 10:00:00,0.7309,0.4256,0,0,0,0,0,0
2010-01-20 11:00:00,0.6455,0.3378,0,0,0,0,0,0
2010-01-20 12:00:00,0.7668,0.7749,0,0,0,0,0,0
2010-01-20 13:00:00,0.8153,0.8367,0,0,0,0,0,0
2010-01-20 14:00:00,0.8431,0.8706,0,0,0,0,0,0
2010-01-20 15:00:00,0.8431,0.879,0,0,0,0,0,0
2010-01-20 16:00:00,0.8614,0.8569,0,0,0,0,0,0
2010-01-20 17:00:00,0.8672,0.8643,0,0,0,0,0,0
2010-01-20 18:00:00,0.8659,0.8603,0,0,0,0,0,0
2010-01-20 19:00:00,0.8587,0.8497,0,0,0,0,0,0
2010-01-20 20:00:00,0.792,0.8954,0,0,0,0,0,0
2010-01-20 21:00:00,0.6284,0.8833,0,0,0,0,0,0
2010-01-20 22:00:00,0.4419,0.8442,0,0,0,0,0,0
2010-01-20 23:00:00,0.2727,0.7898,0,0,0,0,0,0
2010-01-21 00:00:00,0.1319,0.0221,0,0,0,0,0,0
2010-01-21 01:00:00,0.0615,0.0076,0,0,0,0,0,0
2010-01-21 02:00:00,0.0344,0.0054,0,0,0,0,0,0
2010-01-21 03:00:00,0.0151,0.0005,0,0,0,0,0,0
2010-01-21 04:00:00,0.0012,0.0,0,0,0,0,0,0
2010-01-21 05:00:00,0.0,-0.0,0,0,0,0,0,0
2010-01-21 06:00:00,0.0001,-0.0,0,0,0,0,0,0
2010-01-21 07:00:00,0.0045,0.0,0,0,0,0,0,0
2010-01-21 08:00:00,0.0321,0.005,0,0,0,0,0,0
2010-01-21 09:00:00,0.0859,0.0294,0,0,0,0,0,0
2010-01-21 10:00:00,0.1846,0.0858,0,0,0,0,0,0
2010-01-21 11:00:00,0.2401,0.1332,0,0,0,0,0,0
2010-01-21 12:00:00,0.2736,0.2152,0,0,0,0,0,0
2010-01-21 13:00:00,0.2876,0.2212,0,0,0,0,0,0
2010-01-21 14:00:00,0.2692,0.1726,0,0,0,0,0,0
2010-01-21 15:00:00,0.2758,0.1695,0,0,0,0,0,0
2010-01-21 16:00:00,0.2937,0.3625,0,0,0,0,0,0
2010-01-21 17:00:00,0.3201,0.3978,0,0,0,0,0,0
2010-01-21 18:00:00,0.3448,0.3652,0,0,0,0,0,0
2010-01-21 19:00:00,0.4173,0.4174,0,0,0,0,0,0
2010-01-21 20:00:00,0.4899,0.1419,0,0,0,0,0,0
2010-01-21 21:00:00,0.4934,0.1664,0,0,0,0,0,0
2010-01-21 22:00:00,0.6064,0.2114,0,0,0,0,0,0
2010-01-21 23:00:00,0.6626,0.2415,0,0,0,0,0,0
2010-01-22 00:00:00,0.5838,0.6928,0,0,0,0,0,0
2010-01-22 01:00:00,0.4812,0.6531,0,0,0,0,0,0
2010-01-22 02:00:00,0.4164,0.5922,0,0,0,0,0,0
2010-01-22 03:00:00,0.3661,0.4997,0,0,0,0,0,0
2010-01-22 04:00:00,0.329,0.4913,0,0,0,0,0,0
2010-01-22 05:00:00,0.3053,0.4515,0,0,0,0,0,0
2010-01-22 06:00:00,0.3529,0.5184,0,0,0,0,0,0
2010-01-22 07:00:00,0.4029,0.5985,0,0,0,0,0,0
2010-01-22 08:00:00,0.4216,0.3058,0,0,0,0,0,0
2010-01-22 09:00:00,0.3919,0.3146,0,0,0,0,0,0
2010-01-22 10:00:00,0.4129,0.3188,0,0,0,0,0,0
2010-01-22 11:00:00,0.3333,0.2191,0,0,0,0,0,0
2010-01-22 12:00:00,0.3036,0.3229,0,0,0,0,0,0
2010-01-22 13:00:00,0.3445,0.3814,0,0,0,0,0,0
2010-01-22 14:00:00,0.2759,0.33,0,0,0,0,0,0
2010-01-22 15:00:00,0.2159,0.2608,0,0,0,0,0,0
2010-01-22 16:00:00,0.1957,0.1049,0,0,0,0,0,0
2010-01-22 17:00:00,0.1573,0.0666,0,0,0,0,0,0
2010-01-22 18:00:00,0.1336,0.0658,0,0,0,0,0,0
2010-01-22 19:00:00,0.1343,0.0858,0,0,0,0,0,0
2010-01-22 20:00:00,0.1327,0.1389,0,0,0,0,0,0
2010-01-22 21:00:00,0.1189,0.1325,0,0,0,0,0,0
2010-01-22 22:00:00,0.0551,0.0884,0,0,0,0,0,0
2010-01-22 23:00:00,0.0237,0.0625,0,0,0,0,0,0
2010-01-23 00:00:00,0.0125,0.0004,0,0,0,0,0,0
2010-01-23 01:00:00,0.0074,0.0001,0,0,0,0,0,0
2010-01-23 02:00:00,0.0064,0.0,0,0,0,0,0,0
2010-01-23 03:00:00,0.0051,0.0,0,0,0,0,0,0
2010-01-23 04:00:00,0.0004,0.0252,0,0,0,0,0,0
2010-01-23 05:00:00,0.0,0.0138,0,0,0,0,0,0
2010-01-23 06:00:00,0.0003,0.0144,0,0,0,0,0,0
2010-01-23 07:00:00,0.0264,0.0716,0,0,0,0,0,0
2010-01-23 08:00:00,0.1126,0.1856,0,0,0,0,0,0
2010-01-23 09:00:00,0.1241,0.1953,0,0,0,0,0,0
2010-01-23 10:00:00,0.0322,0.0503,0,0,0,0,0,0
2010-01-23 11:00:00,0.0109,0.0227,0,0,0,0,0,0
2010-01-23 12:00:00,0.0018,-0.0,0,0,0,0,0,0
2010-01-23 13:00:00,0.0001,-0.0,0,0,0,0,0,0
2010-01-23 14:00:00,0.0001,-0.0,0,0,0,0,0,0
2010-01-23 15:00:00,0.0002,-0.0,0,0,0,0,0,0
2010-01-23 16:00:00,0.0028,0.0001,0,0,0,0,0,0
2010-01-23 17:00:00,0.012,0.0025,0,0,0,0,0,0
2010-01-23 18:00:00,0.026,0.0053,0,0,0,0,0,0
2010-01-23 19:00:00,0.0297,0.0021,0,0,0,0,0,0
2010-01-23 20:00:00,0.023,0.0214,0,0,0,0,0,0
2010-01-23 21:00:00,0.0158,0.031,0,0,0,0,0,0
2010-01-23 22:00:00,0.0044,0.0081,0,0,0,0,0,0
2010-01-23 23:00:00,0.0101,0.0129,0,0,0,0,0,0
2010-01-24 00:00:00,0.0165,0.0558,0,0,0,0,0,0
2010-01-24 01:00:00,0.0423,0.1274,0,0,0,0,0,0
2010-01-24 02:00:00,0.0919,0.2114,0,0,0,0,0,0
2010-01-24 03:00:00,0.167,0.2865,0,0,0,0,0,0
2010-01-24 04:00:00,0.235,0.1705,0,0,0,0,0,0
2010-01-24 05:00:00,0.2806,0.206,0,0,0,0,0,0
2010-01-24 06:00:00,0.2952,0.2221,0,0,0,0,0,0
2010-01-24 07:00:00,0.3101,0.2384,0,0,0,0,0,0
2010-01-24 08:00:00,0.3396,0.3385,0,0,0,0,0,0
2010-01-24 09:00:00,0.3775,0.4021,0,0,0,0,0,0
2010-01-24 10:00:00,0.408,0.4392,0,0,0,0,0,0
2010-01-24 11:00:00,0.3546,0.3109,0,0,0,0,0,0
2010-01-24 12:00:00,0.3215,0.2676,0,0,0,0,0,0
2010-01-24 13:00:00,0.3169,0.3373,0,0,0,0,0,0
2010-01-24 14:00:00,0.3201,0.3832,0,0,0,0,0,0
2010-01-24 15:00:00,0.3289,0.3335,0,0,0,0,0,0
2010-01-24 16:00:00,0.3124,0.4279,0,0,0,0,0,0
2010-01-24 17:00:00,0.3143,0.4159,0,0,0,0,0,0
2010-01-24 18:00:00,0.3687,0.4425,0,0,0,0,0,0
2010-01-24 19:00:00,0.4511,0.5208,0,0,0,0,0,0
2010-01-24 20:00:00,0.482,0.5105,0,0,0,0,0,0
2010-01-24 21:00:00,0.4225,0.4801,0,0,0,0,0,0
2010-01-24 22:00:00,0.2906,0.328,0,0,0,0,0,0
2010-01-24 23:00:00,0.2018,0.1912,0,0,0,0,0,0
2010-01-25 00:00:00,0.1451,0.0106,0,0,0,0,0,0
2010-01-25 01:00:00,0.1402,0.0081,0,0,0,0,0,0
2010-01-25 02:00:00,0.1272,0.0032,0,0,0,0,0,0
2010-01-25 03:00:00,0.0895,0.0005,0,0,0,0,0,0
2010-01-25 04:00:00,0.0742,0.2143,0,0,0,0,0,0
2010-01-25 05:00:00,0.0355,0.1892,0,0,0,0,0,0
2010-01-25 06:00:00,0.0106,0.1318,0,0,0,0,0,0
2010-01-25 07:00:00,0.0004,0.0536,0,0,0,0,0,0
2010-01-25 08:00:00,0.0,0.0009,0,0,0,0,0,0
2010-01-25 09:00:00,0.0,0.0003,0,0,0,0,0,0
2010-01-25 10:00:00,0.0001,0.0005,0,0,0,0,0,0
2010-01-25 11:00:00,0.0003,0.0062,0,0,0,0,0,0
2010-01-25 12:00:00,0.0006,0.0001,0,0,0,0,0,0
2010-01-25 13:00:00,0.0003,0.0,0,0,0,0,0,0
2010-01-25 14:00:00,0.0005,0.0,0,0,0,0,0,0
2010-01-25 15:00:00,0.0095,0.0036,0,0,0,0,0,0
2010-01-25 16:00:00,0.0592,0.0672,0,0,0,0,0,0
2010-01-25 17:00:00,0.1699,0.1732,0,0,0,0,0,0
2010-01-25 18:00:00,0.3281,0.4078,0,0,0,0,0,0
2010-01-25 19:00:00,0.4157,0.5504,0,0,0,0,0,0
2010-01-25 20:00:00,0.5257,0.5721,0,0,0,0,0,0
2010-01-25 21:00:00,0.6335,0.6474,0,0,0,0,0,0
2010-01-25 22:00:00,0.706,0.6787,0,0,0,0,0,0
2010-01-25 23:00:00,0.688,0.6599,0,0,0,0,0,0
2010-01-26 00:00:00,0.6317,0.5125,0,0,0,0,0,0
2010-01-26 01:00:00,0.5807,0.4287,0,0,0,0,0,0
2010-01-26 02:00:00,0.6147,0.462,0,0,0,0,0,0
2010-01-26 03:00:00,0.6904,0.4979,0,0,0,0,0,0
2010-01-26 04:00:00,0.7758,0.6662,0,0,0,0,0,0
2010-01-26 05:00:00,0.7768,0.6679,0,0,0,0,0,0
2010-01-26 06:00:00,0.7708,0.6556,0,0,0,0,0,0
2010-01-26 07:00:00,0.7833,0.6436,0,0,0,0,0,0
2010-01-26 08:00:00,0.783,0.7919,0,0,0,0,0,0
2010-01-26 09:00:00,0.7348,0.7409,0,0,0,0,0,0
2010-01-26 10:00:00,0.6381,0.6037,0,0,0,0,0,0
2010-01-26 11:00:00,0.5337,0.4624,0,0,0,0,0,0
2010-01-26 12:00:00,0.5097,0.5438,0,0,0,0,0,0
2010-01-26 13:00:00,0.524,0.5454,0,0,0,0,0,0
2010-01-26 14:00:00,0.6248,0.5997,0,0,0,0,0,0
2010-01-26 15:00:00,0.7967,0.7109,0,0,0,0,0,0
2010-01-26 16:00:00,0.7751,0.7376,0,0,0,0,0,0
2010-01-26 17:00:00,0.8098,0.7616,0,0,0,0,0,0
2010-01-26 18:00:00,0.8631,0.7993,0,0,0,0,0,0
2010-01-26 19:00:00,0.8737,0.8417,0,0,0,0,0,0
2010-01-26 20:00:00,0.8724,0.8956,0,0,0,0,0,0
2010-01-26 21:00:00,0.8545,0.8951,0,0,0,0,0,0
2010-01-26 22:00:00,0.7229,0.871,0,0,0,0,0,0
2010-01-26 23:00:00,0.6732,0.8612,0,0,0,0,0,0
2010-01-27 00:00:00,0.6576,0.6046,0,0,0,0,0,0
2010-01-27 01:00:00,0.7296,0.7008,0,0,0,0,0,0
2010-01-27 02:00:00,0.8126,0.7951,0,0,0,0,0,0
2010-01-27 03:00:00,0.8702,0.8753,0,0,0,0,0,0
2010-01-27 04:00:00,0.8872,0.8966,0,0,0,0,0,0
2010-01-27 05:00:00,0.8902,0.8969,0,0,0,0,0,0
2010-01-27 06:00:00,0.8838,0.8956,0,0,0,0,0,0
2010-01-27 07:00:00,0.8636,0.8902,0,0,0,0,0,0
2010-01-27 08:00:00,0.8371,0.7644,0,0,0,0,0,0
2010-01-27 09:00:00,0.8053,0.7535,0,0,0,0,0,0
2010-01-27 10:00:00,0.5268,0.4585,0,0,0,0,0,0
2010-01-27 11:00:00,0.4454,0.4256,0,0,0,0,0,0
2010-01-27 12:00:00,0.4298,0.2918,0,0,0,0,0,0
2010-01-27 13:00:00,0.3573,0.2952,0,0,0,0,0,0
2010-01-27 14:00:00,0.2657,0.2325,0,0,0,0,0,0
2010-01-27 15:00:00,0.1592,0.1389,0,0,0,0,0,0
2010-01-27 16:00:00,0.0965,0.063,0,0,0,0,0,0
2010-01-27 17:00:00,0.083,0.0594,0,0,0,0,0,0
2010-01-27 18:00:00,0.1001,0.0611,0,0,0,0,0,0
2010-01-27 19:00:00,0.0726,0.0367,0,0,0,0,0,0
2010-01-27 20:00:00,0.0302,0.0449,0,0,0,0,0,0
2010-01-27 21:00:00,0.0004,0.0018,0,0,0,0,0,0
2010-01-27 22:00:00,0.0016,0.0022,0,0,0,0,0,0
2010-01-27 23:00:00,0.0316,0.0289,0,0,0,0,0,0
2010-01-28 00:00:00,0.0815,0.0445,0,0,0,0,0,0
2010-01-28 01:00:00,0.166,0.1258,0,0,0,0,0,0
2010-01-28 02:00:00,0.2492,0.2008,0,0,0,0,0,0
2010-01-28 03:00:00,0.3873,0.2785,0,0,0,0,0,0
2010-01-28 04:00:00,0.4953,0.8307,0,0,0,0,0,0
2010-01-28 05:00:00,0.503,0.8483,0,0,0,0,0,0
2010-01-28 06:00:00,0.5953,0.8772,0,0,0,0,0,0
2010-01-28 07:00:00,0.6375,0.8824,0,0,0,0,0,0
2010-01-28 08:00:00,0.6827,0.8063,0,0,0,0,0,0
2010-01-28 09:00:00,0.6883,0.7968,0,0,0,0,0,0
2010-01-28 10:00:00,0.6125,0.7436,0,0,0,0,0,0
2010-01-28 11:00:00,0.534,0.7822,0,0,0,0,0,0
2010-01-28 12:00:00,0.4862,0.6568,0,0,0,0,0,0
2010-01-28 13:00:00,0.4975,0.7234,0,0,0,0,0,0
2010-01-28 14:00:00,0.5175,0.7198,0,0,0,0,0,0
2010-01-28 15:00:00,0.554,0.7405,0,0,0,0,0,0
2010-01-28 16:00:00,0.5338,0.8354,0,0,0,0,0,0
2010-01-28 17:00:00,0.451,0.8164,0,0,0,0,0,0
2010-01-28 18:00:00,0.3162,0.7267,0,0,0,0,0,0
2010-01-28 19:00:00,0.2992,0.7,0,0,0,0,0,0
2010-01-28 20:00:00,0.2535,0.123,0,0,0,0,0,0
2010-01-28 21:00:00,0.2217,0.0979,0,0,0,0,0,0
2010-01-28 22:00:00,0.2425,0.1073,0,0,0,0,0,0
2010-01-28 23:00:00,0.284,0.1334,0,0,0,0,0,0
2010-01-29 00:00:00,0.2749,0.432,0,0,0,0,0,0
2010-01-29 01:00:00,0.2548,0.4481,0,0,0,0,0,0
2010-01-29 02:00:00,0.2659,0.4243,0,0,0,0,0,0
2010-01-29 03:00:00,0.3188,0.5238,0,0,0,0,0,0
2010-01-29 04:00:00,0.5096,0.5851,0,0,0,0,0,0
2010-01-29 05:00:00,0.7929,0.848,0,0,0,0,0,0
2010-01-29 06:00:00,0.8318,0.8864,0,0,0,0,0,0
2010-01-29 07:00:00,0.8118,0.8835,0,0,0,0,0,0
2010-01-29 08:00:00,0.8971,0.8931,0,0,0,0,0,0
2010-01-29 09:00:00,0.8985,0.8965,0,0,0,0,0,0
2010-01-29 10:00:00,0.8972,0.8937,0,0,0,0,0,0
2010-01-29 11:00:00,0.8871,0.87,0,0,0,0,0,0
2010-01-29 12:00:00,0.8962,0.8951,0,0,0,0,0,0
2010-01-29 13:00:00,0.8996,0.8995,0,0,0,0,0,0
2010-01-29 14:00:00,0.8998,0.8998,0,0,0,0,0,0
2010-01-29 15:00:00,0.8999,0.8999,0,0,0,0,0,0
2010-01-29 16:00:00,0.8999,0.9,0,0,0,0,0,0
2010-01-29 17:00:00,0.8998,0.9,0,0,0,0,0,0
2010-01-29 18:00:00,0.8998,0.9,0,0,0,0,0,0
2010-01-29 19:00:00,0.8997,0.8999,0,0,0,0,0,0
2010-01-29 20:00:00,0.8994,0.8985,0,0,0,0,0,0
2010-01-29 21:00:00,0.899,0.8972,0,0,0,0,0,0
2010-01-29 22:00:00,0.8991,0.8947,0,0,0,0,0,0
2010-01-29 23:00:00,0.8983,0.8853,0,0,0,0,0,0
2010-01-30 00:00:00,0.8918,0.8952,0,0,0,0,0,0
2010-01-30 01:00:00,0.858,0.8737,0,0,0,0,0,0
2010-01-30 02:00:00,0.8336,0.8614,0,0,0,0,0,0
2010-01-30 03:00:00,0.7232,0.7663,0,0,0,0,0,0
2010-01-30 04:00:00,0.4325,0.2553,0,0,0,0,0,0
2010-01-30 05:00:00,0.1863,0.0753,0,0,0,0,0,0
2010-01-30 06:00:00,0.3586,0.161,0,0,0,0,0,0
2010-01-30 07:00:00,0.4585,0.1992,0,0,0,0,0,0
2010-01-30 08:00:00,0.583,0.5781,0,0,0,0,0,0
2010-01-30 09:00:00,0.696,0.6886,0,0,0,0,0,0
2010-01-30 10:00:00,0.8837,0.8892,0,0,0,0,0,0
2010-01-30 11:00:00,0.8439,0.8757,0,0,0,0,0,0
2010-01-30 12:00:00,0.78,0.8813,0,0,0,0,0,0
2010-01-30 13:00:00,0.7027,0.8612,0,0,0,0,0,0
2010-01-30 14:00:00,0.6033,0.8135,0,0,0,0,0,0
2010-01-30 15:00:00,0.5351,0.7329,0,0,0,0,0,0
2010-01-30 16:00:00,0.4246,0.5791,0,0,0,0,0,0
2010-01-30 17:00:00,0.36,0.4857,0,0,0,0,0,0
2010-01-30 18:00:00,0.2983,0.4205,0,0,0,0,0,0
2010-01-30 19:00:00,0.2371,0.4111,0,0,0,0,0,0
2010-01-30 20:00:00,0.2193,0.1794,0,0,0,0,0,0
2010-01-30 21:00:00,0.2205,0.1914,0,0,0,0,0,0
2010-01-30 22:00:00,0.2294,0.204,0,0,0,0,0,0
2010-01-30 23:00:00,0.1495,0.1125,0,0,0,0,0,0
2010-01-31 00:00:00,0.0844,0.0048,0,0,0,0,0,0
2010-01-31 01:00:00,0.0486,0.0003,0,0,0,0,0,0
2010-01-31 02:00:00,0.0234,0.0,0,0,0,0,0,0
2010-01-31 03:00:00,0.0121,0.0001,0,0,0,0,0,0
2010-01-31 04:00:00,0.0099,0.0039,0,0,0,0,0,0
2010-01-31 05:00:00,0.0085,0.0082,0,0,0,0,0,0
2010-01-31 06:00:00,0.0093,0.0119,0,0,0,0,0,0
2010-01-31 07:00:00,0.0063,0.0134,0,0,0,0,0,0
2010-01-31 08:00:00,0.0073,0.0054,0,0,0,0,0,0
2010-01-31 09:00:00,0.0083,0.0055,0,0,0,0,0,0
2010-01-31 10:00:00,0.0076,0.0066,0,0,0,0,0,0
2010-01-31 11:00:00,0.0129,0.0185,0,0,0,0,0,0
2010-01-31 12:00:00,0.0142,0.0037,0,0,0,0,0,0
2010-01-31 13:00:00,0.0174,0.005,0,0,0,0,0,0
2010-01-31 14:00:00,0.021,0.0067,0,0,0,0,0,0
2010-01-31 15:00:00,0.0261,0.02,0,0,0,0,0,0
2010-01-31 16:00:00,0.0384,0.0005,0,0,0,0,0,0
2010-01-31 17:00:00,0.0519,0.0016,0,0,0,0,0,0
2010-01-31 18:00:00,0.0814,0.0038,0,0,0,0,0,0
2010-01-31 19:00:00,0.129,0.0185,0,0,0,0,0,0
2010-01-31 20:00:00,0.2048,0.2203,0,0,0,0,0,0
2010-01-31 21:00:00,0.2746,0.2946,0,0,0,0,0,0
2010-01-31 22:00:00,0.2029,0.2872,0,0,0,0,0,0
2010-01-31 23:00:00,0.1794,0.2727,0,0,0,0,0,0
2010-02-01 00:00:00,0.1587,0.1367,0,0,0,0,0,0
2010-02-01 01:00:00,0.1733,0.1703,0,0,0,0,0,0
2010-02-01 02:00:00,0.1787,0.2009,0,0,0,0,0,0
2010-02-01 03:00:00,0.1789,0.1723,0,0,0,0,0,0
2010-02-01 04:00:00,0.1163,0.3128,0,0,0,0,0,0
2010-02-01 05:00:00,0.0536,0.1709,0,0,0,0,0,0
2010-02-01 06:00:00,0.0128,0.0876,0,0,0,0,0,0
2010-02-01 07:00:00,0.0003,0.0192,0,0,0,0,0,0
2010-02-01 08:00:00,0.0001,0.0001,0,0,0,0,0,0
2010-02-01 09:00:00,0.0001,0.0001,0,0,0,0,0,0
2010-02-01 10:00:00,0.0001,0.0001,0,0,0,0,0,0
2010-02-01 11:00:00,0.0003,0.0002,0,0,0,0,0,0
2010-02-01 12:00:00,0.028,0.0,0,0,0,0,0,0
2010-02-01 13:00:00,0.0733,0.0001,0,0,0,0,0,0
2010-02-01 14:00:00,0.1265,0.0073,0,0,0,0,0,0
2010-02-01 15:00:00,0.1484,0.008,0,0,0,0,0,0
2010-02-01 16:00:00,0.1631,0.205,0,0,0,0,0,0
2010-02-01 17:00:00,0.1475,0.1712,0,0,0,0,0,0
2010-02-01 18:00:00,0.101,0.1283,0,0,0,0,0,0
2010-02-01 19:00:00,0.0526,0.0799,0,0,0,0,0,0
2010-02-01 20:00:00,0.0267,0.1431,0,0,0,0,0,0
2010-02-01 21:00:00,0.0099,0.1086,0,0,0,0,0,0
2010-02-01 22:00:00,0.009,0.1042,0,0,0,0,0,0
2010-02-01 23:00:00,0.0095,0.1554,0,0,0,0,0,0
2010-02-02 00:00:00,0.0118,0.0032,0,0,0,0,0,0
2010-02-02 01:00:00,0.0212,0.0067,0,0,0,0,0,0
2010-02-02 02:00:00,0.0357,0.0079,0,0,0,0,0,0
2010-02-02 03:00:00,0.042,0.0101,0,0,0,0,0,0
2010-02-02 04:00:00,0.0691,0.0195,0,0,0,0,0,0
2010-02-02 05:00:00,0.1147,0.0553,0,0,0,0,0,0
2010-02-02 06:00:00,0.1636,0.1097,0,0,0,0,0,0
2010-02-02 07:00:00,0.2378,0.2247,0,0,0,0,0,0
2010-02-02 08:00:00,0.3641,0.2318,0,0,0,0,0,0
2010-02-02 09:00:00,0.4972,0.3137,0,0,0,0,0,0
2010-02-02 10:00:00,0.5903,0.4461,0,0,0,0,0,0
2010-02-02 11:00:00,0.5877,0.4933,0,0,0,0,0,0
2010-02-02 12:00:00,0.5644,0.255,0,0,0,0,0,0
2010-02-02 13:00:00,0.6419,0.336,0,0,0,0,0,0
2010-02-02 14:00:00,0.6647,0.4118,0,0,0,0,0,0
2010-02-02 15:00:00,0.5859,0.3718,0,0,0,0,0,0
2010-02-02 16:00:00,0.4811,0.3873,0,0,0,0,0,0
2010-02-02 17:00:00,0.4433,0.328,0,0,0,0,0,0
2010-02-02 18:00:00,0.4593,0.3085,0,0,0,0,0,0
2010-02-02 19:00:00,0.5251,0.3891,0,0,0,0,0,0
2010-02-02 20:00:00,0.5754,0.2591,0,0,0,0,0,0
2010-02-02 21:00:00,0.6014,0.2615,0,0,0,0,0,0
2010-02-02 22:00:00,0.5277,0.2623,0,0,0,0,0,0
2010-02-02 23:00:00,0.5102,0.3229,0,0,0,0,0,0
2010-02-03 00:00:00,0.5071,0.7324,0,0,0,0,0,0
2010-02-03 01:00:00,0.461,0.757,0,0,0,0,0,0
2010-02-03 02:00:00,0.4133,0.7492,0,0,0,0,0,0
2010-02-03 03:00:00,0.3526,0.6712,0,0,0,0,0,0
2010-02-03 04:00:00,0.3232,0.3516,0,0,0,0,0,0
2010-02-03 05:00:00,0.3562,0.4482,0,0,0,0,0,0
2010-02-03 06:00:00,0.3866,0.4995,0,0,0,0,0,0
2010-02-03 07:00:00,0.3513,0.4627,0,0,0,0,0,0
2010-02-03 08:00:00,0.2641,0.2416,0,0,0,0,0,0
2010-02-03 09:00:00,0.1761,0.166,0,0,0,0,0,0
2010-02-03 10:00:00,0.1084,0.1269,0,0,0,0,0,0
2010-02-03 11:00:00,0.0887,0.1014,0,0,0,0,0,0
2010-02-03 12:00:00,0.0792,0.0024,0,0,0,0,0,0
2010-02-03 13:00:00,0.0899,0.0028,0,0,0,0,0,0
2010-02-03 14:00:00,0.1317,0.0099,0,0,0,0,0,0
2010-02-03 15:00:00,0.2044,0.0321,0,0,0,0,0,0
2010-02-03 16:00:00,0.2598,0.4287,0,0,0,0,0,0
2010-02-03 17:00:00,0.2765,0.4605,0,0,0,0,0,0
2010-02-03 18:00:00,0.2421,0.4157,0,0,0,0,0,0
2010-02-03 19:00:00,0.1992,0.348,0,0,0,0,0,0
2010-02-03 20:00:00,0.1703,0.2133,0,0,0,0,0,0
2010-02-03 21:00:00,0.208,0.2651,0,0,0,0,0,0
2010-02-03 22:00:00,0.2805,0.317,0,0,0,0,0,0
2010-02-03 23:00:00,0.3338,0.3528,0,0,0,0,0,0
2010-02-04 00:00:00,0.3422,0.3365,0,0,0,0,0,0
2010-02-04 01:00:00,0.3195,0.3255,0,0,0,0,0,0
2010-02-04 02:00:00,0.3245,0.3386,0,0,0,0,0,0
2010-02-04 03:00:00,0.3343,0.2953,0,0,0,0,0,0
2010-02-04 04:00:00,0.3178,0.4275,0,0,0,0,0,0
2010-02-04 05:00:00,0.2932,0.3636,0,0,0,0,0,0
2010-02-04 06:00:00,0.3231,0.381,0,0,0,0,0,0
2010-02-04 07:00:00,0.4049,0.4529,0,0,0,0,0,0
2010-02-04 08:00:00,0.4408,0.4283,0,0,0,0,0,0
2010-02-04 09:00:00,0.4402,0.4321,0,0,0,0,0,0
2010-02-04 10:00:00,0.4992,0.4586,0,0,0,0,0,0
2010-02-04 11:00:00,0.5395,0.5115,0,0,0,0,0,0
2010-02-04 12:00:00,0.6211,0.6878,0,0,0,0,0,0
2010-02-04 13:00:00,0.7721,0.8118,0,0,0,0,0,0
2010-02-04 14:00:00,0.8759,0.8854,0,0,0,0,0,0
2010-02-04 15:00:00,0.892,0.8958,0,0,0,0,0,0
2010-02-04 16:00:00,0.898,0.8986,0,0,0,0,0,0
2010-02-04 17:00:00,0.8994,0.8996,0,0,0,0,0,0
2010-02-04 18:00:00,0.8997,0.8998,0,0,0,0,0,0
2010-02-04 19:00:00,0.8999,0.8999,0,0,0,0,0,0
2010-02-04 20:00:00,0.8999,0.8997,0,0,0,0,0,0
2010-02-04 21:00:00,0.8974,0.8858,0,0,0,0,0,0
2010-02-04 22:00:00,0.7927,0.6015,0,0,0,0,0,0
2010-02-04 23:00:00,0.637,0.3481,0,0,0,0,0,0
2010-02-05 00:00:00,0.7368,0.4841,0,0,0,0,0,0
2010-02-05 01:00:00,0.8943,0.8629,0,0,0,0,0,0
2010-02-05 02:00:00,0.8908,0.8622,0,0,0,0,0,0
2010-02-05 03:00:00,0.8881,0.8519,0,0,0,0,0,0
2010-02-05 04:00:00,0.8869,0.8258,0,0,0,0,0,0
2010-02-05 05:00:00,0.8574,0.7155,0,0,0,0,0,0
2010-02-05 06:00:00,0.8313,0.629,0,0,0,0,0,0
2010-02-05 07:00:00,0.8451,0.6399,0,0,0,0,0,0
2010-02-05 08:00:00,0.8118,0.8353,0,0,0,0,0,0
2010-02-05 09:00:00,0.7894,0.821,0,0,0,0,0,0
2010-02-05 10:00:00,0.6729,0.7571,0,0,0,0,0,0
2010-02-05 11:00:00,0.806,0.8542,0,0,0,0,0,0
2010-02-05 12:00:00,0.8908,0.895,0,0,0,0,0,0
2010-02-05 13:00:00,0.8874,0.895,0,0,0,0,0,0
2010-02-05 14:00:00,0.8866,0.8943,0,0,0,0,0,0
2010-02-05 15:00:00,0.8966,0.8977,0,0,0,0,0,0
2010-02-05 16:00:00,0.8942,0.8389,0,0,0,0,0,0
2010-02-05 17:00:00,0.8979,0.8582,0,0,0,0,0,0
2010-02-05 18:00:00,0.8994,0.8823,0,0,0,0,0,0
2010-02-05 19:00:00,0.8997,0.8927,0,0,0,0,0,0
2010-02-05 20:00:00,0.8999,0.8999,0,0,0,0,0,0
2010-02-05 21:00:00,0.9,0.9,0,0,0,0,0,0
2010-02-05 22:00:00,0.9,0.9,0,0,0,0,0,0
2010-02-05 23:00:00,0.9,0.9,0,0,0,0,0,0
2010-02-06 00:00:00,0.9,0.8999,0,0,0,0,0,0
2010-02-06 01:00:00,0.9,0.9,0,0,0,0,0,0
2010-02-06 02:00:00,0.8999,0.8999,0,0,0,0,0,0
2010-02-06 03:00:00,0.8998,0.8999,0,0,0,0,0,0
2010-02-06 04:00:00,0.9,0.9,0,0,0,0,0,0
2010-02-06 05:00:00,0.8999,0.8999,0,0,0,0,0,0
2010-02-06 06:00:00,0.8999,0.8999,0,0,0,0,0,0
2010-02-06 07:00:00,0.8999,0.8999,0,0,0,0,0,0
2010-02-06 08:00:00,0.9,0.9,0,0,0,0,0,0
2010-02-06 09:00:00,0.9,0.9,0,0,0,0,0,0
2010-02-06 10:00:00,0.8999,0.8998,0,0,0,0,0,0
2010-02-06 11:00:00,0.8997,0.8987,0,0,0,0,0,0
2010-02-06 12:00:00,0.8991,0.8998,0,0,0,0,0,0
2010-02-06 13:00:00,0.8982,0.8994,0,0,0,0,0,0
2010-02-06 14:00:00,0.898,0.8994,0,0,0,0,0,0
2010-02-06 15:00:00,0.8982,0.899,0,0,0,0,0,0
2010-02-06 16:00:00,0.8955,0.8719,0,0,0,0,0,0
2010-02-06 17:00:00,0.8804,0.8237,0,0,0,0,0,0
2010-02-06 18:00:00,0.8278,0.674,0,0,0,0,0,0
2010-02-06 19:00:00,0.7159,0.4358,0,0,0,0,0,0
2010-02-06 20:00:00,0.608,0.4805,0,0,0,0,0,0
2010-02-06 21:00:00,0.4934,0.385,0,0,0,0,0,0
2010-02-06 22:00:00,0.4231,0.3216,0,0,0,0,0,0
2010-02-06 23:00:00,0.3652,0.2605,0,0,0,0,0,0
2010-02-07 00:00:00,0.3214,0.3926,0,0,0,0,0,0
2010-02-07 01:00:00,0.2963,0.4141,0,0,0,0,0,0
2010-02-07 02:00:00,0.2226,0.3142,0,0,0,0,0,0
2010-02-07 03:00:00,0.1968,0.3063,0,0,0,0,0,0
2010-02-07 04:00:00,0.2229,0.091,0,0,0,0,0,0
2010-02-07 05:00:00,0.2636,0.1413,0,0,0,0,0,0
2010-02-07 06:00:00,0.285,0.1886,0,0,0,0,0,0
2010-02-07 07:00:00,0.2941,0.212,0,0,0,0,0,0
2010-02-07 08:00:00,0.2965,0.5448,0,0,0,0,0,0
2010-02-07 09:00:00,0.2726,0.5186,0,0,0,0,0,0
2010-02-07 10:00:00,0.2044,0.4246,0,0,0,0,0,0
2010-02-07 11:00:00,0.1947,0.4426,0,0,0,0,0,0
2010-02-07 12:00:00,0.2208,0.3343,0,0,0,0,0,0
2010-02-07 13:00:00,0.247,0.3812,0,0,0,0,0,0
2010-02-07 14:00:00,0.218,0.3285,0,0,0,0,0,0
2010-02-07 15:00:00,0.2213,0.3003,0,0,0,0,0,0
2010-02-07 16:00:00,0.3486,0.674,0,0,0,0,0,0
2010-02-07 17:00:00,0.5494,0.7896,0,0,0,0,0,0
2010-02-07 18:00:00,0.6507,0.8472,0,0,0,0,0,0
2010-02-07 19:00:00,0.576,0.7917,0,0,0,0,0,0
2010-02-07 20:00:00,0.5951,0.4248,0,0,0,0,0,0
2010-02-07 21:00:00,0.7281,0.568,0,0,0,0,0,0
2010-02-07 22:00:00,0.8168,0.6729,0,0,0,0,0,0
2010-02-07 23:00:00,0.7363,0.4751,0,0,0,0,0,0
2010-02-08 00:00:00,0.7026,0.8218,0,0,0,0,0,0
2010-02-08 01:00:00,0.7469,0.8212,0,0,0,0,0,0
2010-02-08 02:00:00,0.6955,0.8021,0,0,0,0,0,0
2010-02-08 03:00:00,0.7181,0.8163,0,0,0,0,0,0
2010-02-08 04:00:00,0.7631,0.8195,0,0,0,0,0,0
2010-02-08 05:00:00,0.7213,0.7923,0,0,0,0,0,0
2010-02-08 06:00:00,0.6741,0.8151,0,0,0,0,0,0
2010-02-08 07:00:00,0.6751,0.809,0,0,0,0,0,0
2010-02-08 08:00:00,0.6571,0.8028,0,0,0,0,0,0
2010-02-08 09:00:00,0.6129,0.7819,0,0,0,0,0,0
2010-02-08 10:00:00,0.5911,0.7508,0,0,0,0,0,0
2010-02-08 11:00:00,0.5005,0.6841,0,0,0,0,0,0
2010-02-08 12:00:00,0.4539,0.8164,0,0,0,0,0,0
2010-02-08 13:00:00,0.4225,0.8088,0,0,0,0,0,0
2010-02-08 14:00:00,0.4571,0.8119,0,0,0,0,0,0
2010-02-08 15:00:00,0.4573,0.7517,0,0,0,0,0,0
2010-02-08 16:00:00,0.4862,0.8464,0,0,0,0,0,0
2010-02-08 17:00:00,0.5153,0.8426,0,0,0,0,0,0
2010-02-08 18:00:00,0.5426,0.8657,0,0,0,0,0,0
2010-02-08 19:00:00,0.5203,0.868,0,0,0,0,0,0
2010-02-08 20:00:00,0.4663,0.5876,0,0,0,0,0,0
2010-02-08 21:00:00,0.3957,0.4879,0,0,0,0,0,0
2010-02-08 22:00:00,0.2469,0.2899,0,0,0,0,0,0
2010-02-08 23:00:00,0.2717,0.3244,0,0,0,0,0,0
2010-02-09 00:00:00,0.3686,0.5987,0,0,0,0,0,0
2010-02-09 01:00:00,0.4323,0.6864,0,0,0,0,0,0
2010-02-09 02:00:00,0.4746,0.7647,0,0,0,0,0,0
2010-02-09 03:00:00,0.4774,0.7701,0,0,0,0,0,0
2010-02-09 04:00:00,0.4197,0.5322,0,0,0,0,0,0
2010-02-09 05:00:00,0.374,0.4621,0,0,0,0,0,0
2010-02-09 06:00:00,0.4274,0.4861,0,0,0,0,0,0
2010-02-09 07:00:00,0.5053,0.5311,0,0,0,0,0,0
2010-02-09 08:00:00,0.5723,0.8561,0,0,0,0,0,0
2010-02-09 09:00:00,0.6432,0.8733,0,0,0,0,0,0
2010-02-09 10:00:00,0.7473,0.8873,0,0,0,0,0,0
2010-02-09 11:00:00,0.6685,0.8548,0,0,0,0,0,0
2010-02-09 12:00:00,0.6525,0.3841,0,0,0,0,0,0
2010-02-09 13:00:00,0.6725,0.3668,0,0,0,0,0,0
2010-02-09 14:00:00,0.6581,0.3396,0,0,0,0,0,0
2010-02-09 15:00:00,0.6152,0.3194,0,0,0,0,0,0
2010-02-09 16:00:00,0.6187,0.6379,0,0,0,0,0,0
2010-02-09 17:00:00,0.6555,0.7074,0,0,0,0,0,0
2010-02-09 18:00:00,0.6419,0.7161,0,0,0,0,0,0
2010-02-09 19:00:00,0.6398,0.7478,0,0,0,0,0,0
2010-02-09 20:00:00,0.6682,0.6712,0,0,0,0,0,0
2010-02-09 21:00:00,0.6362,0.6386,0,0,0,0,0,0
2010-02-09 22:00:00,0.676,0.7073,0,0,0,0,0,0
2010-02-09 23:00:00,0.6444,0.6223,0,0,0,0,0,0
2010-02-10 00:00:00,0.5938,0.3052,0,0,0,0,0,0
2010-02-10 01:00:00,0.5475,0.2899,0,0,0,0,0,0
2010-02-10 02:00:00,0.5883,0.3699,0,0,0,0,0,0
2010-02-10 03:00:00,0.6529,0.443,0,0,0,0,0,0
2010-02-10 04:00:00,0.698,0.7318,0,0,0,0,0,0
2010-02-10 05:00:00,0.7206,0.729,0,0,0,0,0,0
2010-02-10 06:00:00,0.7132,0.7265,0,0,0,0,0,0
2010-02-10 07:00:00,0.654,0.6203,0,0,0,0,0,0
2010-02-10 08:00:00,0.5731,0.5095,0,0,0,0,0,0
2010-02-10 09:00:00,0.4654,0.4062,0,0,0,0,0,0
2010-02-10 10:00:00,0.2454,0.2191,0,0,0,0,0,0
2010-02-10 11:00:00,0.1521,0.1614,0,0,0,0,0,0
2010-02-10 12:00:00,0.1128,0.1,0,0,0,0,0,0
2010-02-10 13:00:00,0.1095,0.0859,0,0,0,0,0,0
2010-02-10 14:00:00,0.1072,0.0593,0,0,0,0,0,0
2010-02-10 15:00:00,0.1656,0.0867,0,0,0,0,0,0
2010-02-10 16:00:00,0.3018,0.2957,0,0,0,0,0,0
2010-02-10 17:00:00,0.474,0.4081,0,0,0,0,0,0
2010-02-10 18:00:00,0.6764,0.5515,0,0,0,0,0,0
2010-02-10 19:00:00,0.8666,0.8162,0,0,0,0,0,0
2010-02-10 20:00:00,0.8953,0.8949,0,0,0,0,0,0
2010-02-10 21:00:00,0.8955,0.8955,0,0,0,0,0,0
2010-02-10 22:00:00,0.8857,0.8879,0,0,0,0,0,0
2010-02-10 23:00:00,0.8785,0.885,0,0,0,0,0,0
2010-02-11 00:00:00,0.8281,0.8284,0,0,0,0,0,0
2010-02-11 01:00:00,0.8624,0.8722,0,0,0,0,0,0
2010-02-11 02:00:00,0.8888,0.8894,0,0,0,0,0,0
2010-02-11 03:00:00,0.8913,0.8856,0,0,0,0,0,0
2010-02-11 04:00:00,0.8754,0.8429,0,0,0,0,0,0
2010-02-11 05:00:00,0.8706,0.8312,0,0,0,0,0,0
2010-02-11 06:00:00,0.8871,0.871,0,0,0,0,0,0
2010-02-11 07:00:00,0.8972,0.8949,0,0,0,0,0,0
2010-02-11 08:00:00,0.8988,0.8997,0,0,0,0,0,0
2010-02-11 09:00:00,0.8993,0.8999,0,0,0,0,0,0
2010-02-11 10:00:00,0.8985,0.8998,0,0,0,0,0,0
2010-02-11 11:00:00,0.8985,0.8998,0,0,0,0,0,0
2010-02-11 12:00:00,0.8903,0.7333,0,0,0,0,0,0
2010-02-11 13:00:00,0.867,0.5139,0,0,0,0,0,0
2010-02-11 14:00:00,0.8639,0.4049,0,0,0,0,0,0
2010-02-11 15:00:00,0.8671,0.3748,0,0,0,0,0,0
2010-02-11 16:00:00,0.8714,0.8936,0,0,0,0,0,0
2010-02-11 17:00:00,0.8816,0.8974,0,0,0,0,0,0
2010-02-11 18:00:00,0.882,0.8982,0,0,0,0,0,0
2010-02-11 19:00:00,0.8723,0.8972,0,0,0,0,0,0
2010-02-11 20:00:00,0.8581,0.8249,0,0,0,0,0,0
2010-02-11 21:00:00,0.846,0.8448,0,0,0,0,0,0
2010-02-11 22:00:00,0.8131,0.7698,0,0,0,0,0,0
2010-02-11 23:00:00,0.8347,0.8173,0,0,0,0,0,0
2010-02-12 00:00:00,0.8383,0.8524,0,0,0,0,0,0
2010-02-12 01:00:00,0.8455,0.8781,0,0,0,0,0,0
2010-02-12 02:00:00,0.8537,0.8879,0,0,0,0,0,0
2010-02-12 03:00:00,0.8613,0.8863,0,0,0,0,0,0
2010-02-12 04:00:00,0.8568,0.8756,0,0,0,0,0,0
2010-02-12 05:00:00,0.8322,0.8476,0,0,0,0,0,0
2010-02-12 06:00:00,0.7965,0.814,0,0,0,0,0,0
2010-02-12 07:00:00,0.7613,0.7274,0,0,0,0,0,0
2010-02-12 08:00:00,0.7447,0.7423,0,0,0,0,0,0
2010-02-12 09:00:00,0.7361,0.722,0,0,0,0,0,0
2010-02-12 10:00:00,0.686,0.6898,0,0,0,0,0,0
2010-02-12 11:00:00,0.5629,0.4994,0,0,0,0,0,0
2010-02-12 12:00:00,0.4317,0.3049,0,0,0,0,0,0
2010-02-12 13:00:00,0.3725,0.2172,0,0,0,0,0,0
2010-02-12 14:00:00,0.3818,0.2132,0,0,0,0,0,0
2010-02-12 15:00:00,0.4119,0.2735,0,0,0,0,0,0
2010-02-12 16:00:00,0.4471,0.8097,0,0,0,0,0,0
2010-02-12 17:00:00,0.4582,0.8067,0,0,0,0,0,0
2010-02-12 18:00:00,0.463,0.8187,0,0,0,0,0,0
2010-02-12 19:00:00,0.4362,0.8084,0,0,0,0,0,0
2010-02-12 20:00:00,0.4496,0.5493,0,0,0,0,0,0
2010-02-12 21:00:00,0.4964,0.573,0,0,0,0,0,0
2010-02-12 22:00:00,0.3756,0.3799,0,0,0,0,0,0
2010-02-12 23:00:00,0.3411,0.3526,0,0,0,0,0,0
2010-02-13 00:00:00,0.2843,0.6769,0,0,0,0,0,0
2010-02-13 01:00:00,0.2628,0.6739,0,0,0,0,0,0
2010-02-13 02:00:00,0.251,0.6208,0,0,0,0,0,0
2010-02-13 03:00:00,0.2837,0.6205,0,0,0,0,0,0
2010-02-13 04:00:00,0.3619,0.2952,0,0,0,0,0,0
2010-02-13 05:00:00,0.4535,0.3537,0,0,0,0,0,0
2010-02-13 06:00:00,0.5481,0.4169,0,0,0,0,0,0
2010-02-13 07:00:00,0.6074,0.4798,0,0,0,0,0,0
2010-02-13 08:00:00,0.6056,0.492,0,0,0,0,0,0
2010-02-13 09:00:00,0.561,0.4693,0,0,0,0,0,0
2010-02-13 10:00:00,0.53,0.5105,0,0,0,0,0,0
2010-02-13 11:00:00,0.4216,0.4359,0,0,0,0,0,0
2010-02-13 12:00:00,0.3665,0.1777,0,0,0,0,0,0
2010-02-13 13:00:00,0.3669,0.2121,0,0,0,0,0,0
2010-02-13 14:00:00,0.4028,0.2288,0,0,0,0,0,0
2010-02-13 15:00:00,0.4165,0.2656,0,0,0,0,0,0
2010-02-13 16:00:00,0.4006,0.4774,0,0,0,0,0,0
2010-02-13 17:00:00,0.3853,0.5545,0,0,0,0,0,0
2010-02-13 18:00:00,0.3988,0.664,0,0,0,0,0,0
2010-02-13 19:00:00,0.4228,0.6831,0,0,0,0,0,0
2010-02-13 20:00:00,0.4255,0.474,0,0,0,0,0,0
2010-02-13 21:00:00,0.39,0.4778,0,0,0,0,0,0
2010-02-13 22:00:00,0.3648,0.4599,0,0,0,0,0,0
2010-02-13 23:00:00,0.2936,0.3894,0,0,0,0,0,0
2010-02-14 00:00:00,0.2335,0.3526,0,0,0,0,0,0
2010-02-14 01:00:00,0.1882,0.3224,0,0,0,0,0,0
2010-02-14 02:00:00,0.1481,0.2456,0,0,0,0,0,0
2010-02-14 03:00:00,0.1417,0.2479,0,0,0,0,0,0
2010-02-14 04:00:00,0.1392,0.3208,0,0,0,0,0,0
2010-02-14 05:00:00,0.1471,0.2808,0,0,0,0,0,0
2010-02-14 06:00:00,0.1572,0.3088,0,0,0,0,0,0
2010-02-14 07:00:00,0.1686,0.3257,0,0,0,0,0,0
2010-02-14 08:00:00,0.1813,0.3063,0,0,0,0,0,0
2010-02-14 09:00:00,0.171,0.2905,0,0,0,0,0,0
2010-02-14 10:00:00,0.1781,0.3105,0,0,0,0,0,0
2010-02-14 11:00:00,0.1218,0.328,0,0,0,0,0,0
2010-02-14 12:00:00,0.0801,0.1591,0,0,0,0,0,0
2010-02-14 13:00:00,0.0739,0.1422,0,0,0,0,0,0
2010-02-14 14:00:00,0.0818,0.1123,0,0,0,0,0,0
2010-02-14 15:00:00,0.0828,0.105,0,0,0,0,0,0
2010-02-14 16:00:00,0.0883,0.0632,0,0,0,0,0,0
2010-02-14 17:00:00,0.1142,0.1006,0,0,0,0,0,0
2010-02-14 18:00:00,0.1855,0.1747,0,0,0,0,0,0
2010-02-14 19:00:00,0.2662,0.2654,0,0,0,0,0,0
2010-02-14 20:00:00,0.3223,0.4078,0,0,0,0,0,0
2010-02-14 21:00:00,0.3472,0.4403,0,0,0,0,0,0
2010-02-14 22:00:00,0.359,0.4388,0,0,0,0,0,0
2010-02-14 23:00:00,0.3482,0.3972,0,0,0,0,0,0
2010-02-15 00:00:00,0.299,0.1077,0,0,0,0,0,0
2010-02-15 01:00:00,0.2804,0.1032,0,0,0,0,0,0
2010-02-15 02:00:00,0.3015,0.1296,0,0,0,0,0,0
2010-02-15 03:00:00,0.3168,0.1346,0,0,0,0,0,0
2010-02-15 04:00:00,0.3525,0.216,0,0,0,0,0,0
2010-02-15 05:00:00,0.4081,0.1992,0,0,0,0,0,0
2010-02-15 06:00:00,0.4539,0.2008,0,0,0,0,0,0
2010-02-15 07:00:00,0.4639,0.19,0,0,0,0,0,0
2010-02-15 08:00:00,0.5137,0.4211,0,0,0,0,0,0
2010-02-15 09:00:00,0.5125,0.4616,0,0,0,0,0,0
2010-02-15 10:00:00,0.3814,0.4086,0,0,0,0,0,0
2010-02-15 11:00:00,0.266,0.3511,0,0,0,0,0,0
2010-02-15 12:00:00,0.2191,0.1217,0,0,0,0,0,0
2010-02-15 13:00:00,0.2427,0.15,0,0,0,0,0,0
2010-02-15 14:00:00,0.3024,0.1723,0,0,0,0,0,0
2010-02-15 15:00:00,0.3161,0.1537,0,0,0,0,0,0
2010-02-15 16:00:00,0.3156,0.245,0,0,0,0,0,0
2010-02-15 17:00:00,0.3352,0.2797,0,0,0,0,0,0
2010-02-15 18:00:00,0.369,0.3303,0,0,0,0,0,0
2010-02-15 19:00:00,0.3805,0.3463,0,0,0,0,0,0
2010-02-15 20:00:00,0.3669,0.2891,0,0,0,0,0,0
2010-02-15 21:00:00,0.3452,0.3294,0,0,0,0,0,0
2010-02-15 22:00:00,0.3174,0.2912,0,0,0,0,0,0
2010-02-15 23:00:00,0.2503,0.2246,0,0,0,0,0,0
2010-02-16 00:00:00,0.2367,0.3239,0,0,0,0,0,0
2010-02-16 01:00:00,0.2457,0.2698,0,0,0,0,0,0
2010-02-16 02:00:00,0.2437,0.2586,0,0,0,0,0,0
2010-02-16 03:00:00,0.2291,0.3013,0,0,0,0,0,0
2010-02-16 04:00:00,0.192,0.536,0,0,0,0,0,0
2010-02-16 05:00:00,0.1699,0.4662,0,0,0,0,0,0
2010-02-16 06:00:00,0.1745,0.3769,0,0,0,0,0,0
2010-02-16 07:00:00,0.1958,0.3385,0,0,0,0,0,0
2010-02-16 08:00:00,0.2069,0.0906,0,0,0,0,0,0
2010-02-16 09:00:00,0.1926,0.1015,0,0,0,0,0,0
2010-02-16 10:00:00,0.2367,0.1323,0,0,0,0,0,0
2010-02-16 11:00:00,0.2404,0.1488,0,0,0,0,0,0
2010-02-16 12:00:00,0.2156,0.4323,0,0,0,0,0,0
2010-02-16 13:00:00,0.1697,0.3891,0,0,0,0,0,0
2010-02-16 14:00:00,0.1315,0.3521,0,0,0,0,0,0
2010-02-16 15:00:00,0.1118,0.2718,0,0,0,0,0,0
2010-02-16 16:00:00,0.1341,0.0106,0,0,0,0,0,0
2010-02-16 17:00:00,0.16,0.0215,0,0,0,0,0,0
2010-02-16 18:00:00,0.1944,0.0326,0,0,0,0,0,0
2010-02-16 19:00:00,0.2252,0.0296,0,0,0,0,0,0
2010-02-16 20:00:00,0.2535,0.562,0,0,0,0,0,0
2010-02-16 21:00:00,0.2895,0.6452,0,0,0,0,0,0
2010-02-16 22:00:00,0.2396,0.5724,0,0,0,0,0,0
2010-02-16 23:00:00,0.223,0.4771,0,0,0,0,0,0
2010-02-17 00:00:00,0.148,0.102,0,0,0,0,0,0
2010-02-17 01:00:00,0.0975,0.0761,0,0,0,0,0,0
2010-02-17 02:00:00,0.0462,0.0602,0,0,0,0,0,0
2010-02-17 03:00:00,0.0107,0.0222,0,0,0,0,0,0
2010-02-17 04:00:00,0.0002,0.0004,0,0,0,0,0,0
2010-02-17 05:00:00,0.0,0.0001,0,0,0,0,0,0
2010-02-17 06:00:00,0.0,0.0,0,0,0,0,0,0
2010-02-17 07:00:00,0.0,0.0001,0,0,0,0,0,0
2010-02-17 08:00:00,0.0,0.0001,0,0,0,0,0,0
2010-02-17 09:00:00,0.0,0.0,0,0,0,0,0,0
2010-02-17 10:00:00,0.0003,0.0,0,0,0,0,0,0
2010-02-17 11:00:00,0.0,0.0,0,0,0,0,0,0
2010-02-17 12:00:00,0.0,0.0004,0,0,0,0,0,0
2010-02-17 13:00:00,0.0002,0.0131,0,0,0,0,0,0
2010-02-17 14:00:00,0.0068,0.0393,0,0,0,0,0,0
2010-02-17 15:00:00,0.0208,0.0569,0,0,0,0,0,0
2010-02-17 16:00:00,0.0452,0.1075,0,0,0,0,0,0
2010-02-17 17:00:00,0.0865,0.2021,0,0,0,0,0,0
2010-02-17 18:00:00,0.1227,0.2554,0,0,0,0,0,0
2010-02-17 19:00:00,0.1532,0.269,0,0,0,0,0,0
2010-02-17 20:00:00,0.24,0.2199,0,0,0,0,0,0
2010-02-17 21:00:00,0.3525,0.3048,0,0,0,0,0,0
2010-02-17 22:00:00,0.2964,0.2453,0,0,0,0,0,0
2010-02-17 23:00:00,0.3786,0.2991,0,0,0,0,0,0
2010-02-18 00:00:00,0.5538,0.7113,0,0,0,0,0,0
2010-02-18 01:00:00,0.6436,0.7924,0,0,0,0,0,0
2010-02-18 02:00:00,0.6905,0.8077,0,0,0,0,0,0
2010-02-18 03:00:00,0.8037,0.8407,0,0,0,0,0,0
2010-02-18 04:00:00,0.8582,0.8939,0,0,0,0,0,0
2010-02-18 05:00:00,0.8793,0.8966,0,0,0,0,0,0
2010-02-18 06:00:00,0.8843,0.898,0,0,0,0,0,0
2010-02-18 07:00:00,0.8867,0.8972,0,0,0,0,0,0
2010-02-18 08:00:00,0.8815,0.854,0,0,0,0,0,0
2010-02-18 09:00:00,0.8887,0.8733,0,0,0,0,0,0
2010-02-18 10:00:00,0.8944,0.8903,0,0,0,0,0,0
2010-02-18 11:00:00,0.8963,0.8931,0,0,0,0,0,0
2010-02-18 12:00:00,0.8949,0.8975,0,0,0,0,0,0
2010-02-18 13:00:00,0.8943,0.898,0,0,0,0,0,0
2010-02-18 14:00:00,0.8908,0.8976,0,0,0,0,0,0
2010-02-18 15:00:00,0.8881,0.8967,0,0,0,0,0,0
2010-02-18 16:00:00,0.875,0.8373,0,0,0,0,0,0
2010-02-18 17:00:00,0.8278,0.7295,0,0,0,0,0,0
2010-02-18 18:00:00,0.7615,0.626,0,0,0,0,0,0
2010-02-18 19:00:00,0.6782,0.5087,0,0,0,0,0,0
2010-02-18 20:00:00,0.538,0.8072,0,0,0,0,0,0
2010-02-18 21:00:00,0.4346,0.7528,0,0,0,0,0,0
2010-02-18 22:00:00,0.5106,0.7966,0,0,0,0,0,0
2010-02-18 23:00:00,0.3778,0.6687,0,0,0,0,0,0
2010-02-19 00:00:00,0.2605,0.2651,0,0,0,0,0,0
2010-02-19 01:00:00,0.3065,0.3356,0,0,0,0,0,0
2010-02-19 02:00:00,0.3384,0.4539,0,0,0,0,0,0
2010-02-19 03:00:00,0.3978,0.5728,0,0,0,0,0,0
2010-02-19 04:00:00,0.503,0.5204,0,0,0,0,0,0
2010-02-19 05:00:00,0.5098,0.5326,0,0,0,0,0,0
2010-02-19 06:00:00,0.4429,0.4079,0,0,0,0,0,0
2010-02-19 07:00:00,0.3396,0.2762,0,0,0,0,0,0
2010-02-19 08:00:00,0.2483,0.1817,0,0,0,0,0,0
2010-02-19 09:00:00,0.1745,0.11,0,0,0,0,0,0
2010-02-19 10:00:00,0.1254,0.0748,0,0,0,0,0,0
2010-02-19 11:00:00,0.0766,0.0433,0,0,0,0,0,0
2010-02-19 12:00:00,0.0434,0.0507,0,0,0,0,0,0
2010-02-19 13:00:00,0.0465,0.0552,0,0,0,0,0,0
2010-02-19 14:00:00,0.0703,0.067,0,0,0,0,0,0
2010-02-19 15:00:00,0.0989,0.0513,0,0,0,0,0,0
2010-02-19 16:00:00,0.113,0.2027,0,0,0,0,0,0
2010-02-19 17:00:00,0.0925,0.1704,0,0,0,0,0,0
2010-02-19 18:00:00,0.0884,0.1838,0,0,0,0,0,0
2010-02-19 19:00:00,0.0941,0.2105,0,0,0,0,0,0
2010-02-19 20:00:00,0.1346,0.2859,0,0,0,0,0,0
2010-02-19 21:00:00,0.1612,0.2859,0,0,0,0,0,0
2010-02-19 22:00:00,0.2228,0.3257,0,0,0,0,0,0
2010-02-19 23:00:00,0.379,0.4978,0,0,0,0,0,0
2010-02-20 00:00:00,0.4299,0.2808,0,0,0,0,0,0
2010-02-20 01:00:00,0.4738,0.3487,0,0,0,0,0,0
2010-02-20 02:00:00,0.5137,0.4202,0,0,0,0,0,0
2010-02-20 03:00:00,0.6169,0.5096,0,0,0,0,0,0
2010-02-20 04:00:00,0.6825,0.8469,0,0,0,0,0,0
2010-02-20 05:00:00,0.6679,0.8339,0,0,0,0,0,0
2010-02-20 06:00:00,0.5723,0.7785,0,0,0,0,0,0
2010-02-20 07:00:00,0.4569,0.6211,0,0,0,0,0,0
2010-02-20 08:00:00,0.3036,0.1728,0,0,0,0,0,0
2010-02-20 09:00:00,0.1661,0.077,0,0,0,0,0,0
2010-02-20 10:00:00,0.0456,0.0059,0,0,0,0,0,0
2010-02-20 11:00:00,0.0396,0.0032,0,0,0,0,0,0
2010-02-20 12:00:00,0.0617,0.0195,0,0,0,0,0,0
2010-02-20 13:00:00,0.1166,0.0525,0,0,0,0,0,0
2010-02-20 14:00:00,0.214,0.1046,0,0,0,0,0,0
2010-02-20 15:00:00,0.2546,0.1436,0,0,0,0,0,0
2010-02-20 16:00:00,0.3362,0.4373,0,0,0,0,0,0
2010-02-20 17:00:00,0.5246,0.6162,0,0,0,0,0,0
2010-02-20 18:00:00,0.6232,0.7339,0,0,0,0,0,0
2010-02-20 19:00:00,0.6457,0.7018,0,0,0,0,0,0
2010-02-20 20:00:00,0.6179,0.7524,0,0,0,0,0,0
2010-02-20 21:00:00,0.6019,0.7509,0,0,0,0,0,0
2010-02-20 22:00:00,0.586,0.7281,0,0,0,0,0,0
2010-02-20 23:00:00,0.4816,0.6829,0,0,0,0,0,0
2010-02-21 00:00:00,0.3732,0.4495,0,0,0,0,0,0
2010-02-21 01:00:00,0.2308,0.291,0,0,0,0,0,0
2010-02-21 02:00:00,0.1225,0.131,0,0,0,0,0,0
2010-02-21 03:00:00,0.1188,0.0997,0,0,0,0,0,0
2010-02-21 04:00:00,0.2027,0.371,0,0,0,0,0,0
2010-02-21 05:00:00,0.2837,0.4954,0,0,0,0,0,0
2010-02-21 06:00:00,0.5105,0.6488,0,0,0,0,0,0
2010-02-21 07:00:00,0.7334,0.758,0,0,0,0,0,0
2010-02-21 08:00:00,0.8217,0.8686,0,0,0,0,0,0
2010-02-21 09:00:00,0.8643,0.8916,0,0,0,0,0,0
2010-02-21 10:00:00,0.8899,0.8968,0,0,0,0,0,0
2010-02-21 11:00:00,0.8946,0.8984,0,0,0,0,0,0
2010-02-21 12:00:00,0.8964,0.8622,0,0,0,0,0,0
2010-02-21 13:00:00,0.8928,0.8231,0,0,0,0,0,0
2010-02-21 14:00:00,0.8859,0.7768,0,0,0,0,0,0
2010-02-21 15:00:00,0.8496,0.672,0,0,0,0,0,0
2010-02-21 16:00:00,0.8384,0.6291,0,0,0,0,0,0
2010-02-21 17:00:00,0.8675,0.6588,0,0,0,0,0,0
2010-02-21 18:00:00,0.8871,0.7613,0,0,0,0,0,0
2010-02-21 19:00:00,0.8924,0.8267,0,0,0,0,0,0
2010-02-21 20:00:00,0.8952,0.8989,0,0,0,0,0,0
2010-02-21 21:00:00,0.8985,0.8995,0,0,0,0,0,0
2010-02-21 22:00:00,0.8994,0.8998,0,0,0,0,0,0
2010-02-21 23:00:00,0.8994,0.8998,0,0,0,0,0,0
2010-02-22 00:00:00,0.8992,0.897,0,0,0,0,0,0
2010-02-22 01:00:00,0.8987,0.8951,0,0,0,0,0,0
2010-02-22 02:00:00,0.8988,0.8961,0,0,0,0,0,0
2010-02-22 03:00:00,0.8994,0.8989,0,0,0,0,0,0
2010-02-22 04:00:00,0.8995,0.8999,0,0,0,0,0,0
2010-02-22 05:00:00,0.8995,0.8999,0,0,0,0,0,0
2010-02-22 06:00:00,0.8994,0.8999,0,0,0,0,0,0
2010-02-22 07:00:00,0.8989,0.8998,0,0,0,0,0,0
2010-02-22 08:00:00,0.8962,0.8843,0,0,0,0,0,0
2010-02-22 09:00:00,0.8882,0.8496,0,0,0,0,0,0
2010-02-22 10:00:00,0.8308,0.7041,0,0,0,0,0,0
2010-02-22 11:00:00,0.8131,0.6937,0,0,0,0,0,0
2010-02-22 12:00:00,0.8519,0.8577,0,0,0,0,0,0
2010-02-22 13:00:00,0.8492,0.873,0,0,0,0,0,0
2010-02-22 14:00:00,0.8041,0.85,0,0,0,0,0,0
2010-02-22 15:00:00,0.7706,0.7948,0,0,0,0,0,0
2010-02-22 16:00:00,0.8433,0.8987,0,0,0,0,0,0
2010-02-22 17:00:00,0.8677,0.8995,0,0,0,0,0,0
2010-02-22 18:00:00,0.8719,0.8997,0,0,0,0,0,0
2010-02-22 19:00:00,0.8911,0.8999,0,0,0,0,0,0
2010-02-22 20:00:00,0.8921,0.893,0,0,0,0,0,0
2010-02-22 21:00:00,0.8588,0.837,0,0,0,0,0,0
2010-02-22 22:00:00,0.8445,0.7956,0,0,0,0,0,0
2010-02-22 23:00:00,0.8603,0.8167,0,0,0,0,0,0
2010-02-23 00:00:00,0.8928,0.8618,0,0,0,0,0,0
2010-02-23 01:00:00,0.8984,0.8925,0,0,0,0,0,0
2010-02-23 02:00:00,0.8992,0.8974,0,0,0,0,0,0
2010-02-23 03:00:00,0.8996,0.8988,0,0,0,0,0,0
2010-02-23 04:00:00,0.8995,0.8999,0,0,0,0,0,0
2010-02-23 05:00:00,0.8991,0.8997,0,0,0,0,0,0
2010-02-23 06:00:00,0.8972,0.8994,0,0,0,0,0,0
2010-02-23 07:00:00,0.8906,0.8981,0,0,0,0,0,0
2010-02-23 08:00:00,0.8817,0.8958,0,0,0,0,0,0
2010-02-23 09:00:00,0.8583,0.8877,0,0,0,0,0,0
2010-02-23 10:00:00,0.8874,0.8957,0,0,0,0,0,0
2010-02-23 11:00:00,0.8874,0.8955,0,0,0,0,0,0
2010-02-23 12:00:00,0.8797,0.8926,0,0,0,0,0,0
2010-02-23 13:00:00,0.8726,0.8908,0,0,0,0,0,0
2010-02-23 14:00:00,0.8853,0.8947,0,0,0,0,0,0
2010-02-23 15:00:00,0.8846,0.8878,0,0,0,0,0,0
2010-02-23 16:00:00,0.8483,0.6334,0,0,0,0,0,0
2010-02-23 17:00:00,0.8122,0.5409,0,0,0,0,0,0
2010-02-23 18:00:00,0.8011,0.5767,0,0,0,0,0,0
2010-02-23 19:00:00,0.7766,0.5278,0,0,0,0,0,0
2010-02-23 20:00:00,0.7436,0.8287,0,0,0,0,0,0
2010-02-23 21:00:00,0.6501,0.7743,0,0,0,0,0,0
2010-02-23 22:00:00,0.4572,0.4949,0,0,0,0,0,0
2010-02-23 23:00:00,0.485,0.5445,0,0,0,0,0,0
2010-02-24 00:00:00,0.5991,0.3695,0,0,0,0,0,0
2010-02-24 01:00:00,0.7284,0.5446,0,0,0,0,0,0
2010-02-24 02:00:00,0.8147,0.6757,0,0,0,0,0,0
2010-02-24 03:00:00,0.8501,0.7533,0,0,0,0,0,0
2010-02-24 04:00:00,0.8991,0.8998,0,0,0,0,0,0
2010-02-24 05:00:00,0.8981,0.8998,0,0,0,0,0,0
2010-02-24 06:00:00,0.8996,0.8999,0,0,0,0,0,0
2010-02-24 07:00:00,0.8999,0.9,0,0,0,0,0,0
2010-02-24 08:00:00,0.9,0.9,0,0,0,0,0,0
2010-02-24 09:00:00,0.9,0.9,0,0,0,0,0,0
2010-02-24 10:00:00,0.9,0.9,0,0,0,0,0,0
2010-02-24 11:00:00,0.9,0.9,0,0,0,0,0,0
2010-02-24 12:00:00,0.9,0.9,0,0,0,0,0,0
2010-02-24 13:00:00,0.9,0.9,0,0,0,0,0,0
2010-02-24 14:00:00,0.9,0.9,0,0,0,0,0,0
2010-02-24 15:00:00,0.9,0.9,0,0,0,0,0,0
2010-02-24 16:00:00,0.9,0.9,0,0,0,0,0,0
2010-02-24 17:00:00,0.9,0.9,0,0,0,0,0,0
2010-02-24 18:00:00,0.8999,0.8999,0,0,0,0,0,0
2010-02-24 19:00:00,0.8997,0.8999,0,0,0,0,0,0
2010-02-24 20:00:00,0.8988,0.8886,0,0,0,0,0,0
2010-02-24 21:00:00,0.8964,0.8596,0,0,0,0,0,0
2010-02-24 22:00:00,0.8472,0.623,0,0,0,0,0,0
2010-02-24 23:00:00,0.6539,0.3523,0,0,0,0,0,0
2010-02-25 00:00:00,0.4491,0.4514,0,0,0,0,0,0
2010-02-25 01:00:00,0.4286,0.4202,0,0,0,0,0,0
2010-02-25 02:00:00,0.5392,0.4643,0,0,0,0,0,0
2010-02-25 03:00:00,0.6593,0.5813,0,0,0,0,0,0
2010-02-25 04:00:00,0.7877,0.6889,0,0,0,0,0,0
2010-02-25 05:00:00,0.8892,0.8837,0,0,0,0,0,0
2010-02-25 06:00:00,0.8986,0.8985,0,0,0,0,0,0
2010-02-25 07:00:00,0.8997,0.8997,0,0,0,0,0,0
2010-02-25 08:00:00,0.8999,0.8999,0,0,0,0,0,0
2010-02-25 09:00:00,0.9,0.9,0,0,0,0,0,0
2010-02-25 10:00:00,0.8999,0.8999,0,0,0,0,0,0
2010-02-25 11:00:00,0.8997,0.8998,0,0,0,0,0,0
2010-02-25 12:00:00,0.8993,0.8946,0,0,0,0,0,0
2010-02-25 13:00:00,0.8982,0.8848,0,0,0,0,0,0
2010-02-25 14:00:00,0.8945,0.8614,0,0,0,0,0,0
2010-02-25 15:00:00,0.8953,0.8658,0,0,0,0,0,0
2010-02-25 16:00:00,0.8986,0.8995,0,0,0,0,0,0
2010-02-25 17:00:00,0.8979,0.8994,0,0,0,0,0,0
2010-02-25 18:00:00,0.8993,0.8997,0,0,0,0,0,0
2010-02-25 19:00:00,0.9,0.9,0,0,0,0,0,0
2010-02-25 20:00:00,0.9,0.9,0,0,0,0,0,0
2010-02-25 21:00:00,0.9,0.9,0,0,0,0,0,0
2010-02-25 22:00:00,0.9,0.9,0,0,0,0,0,0
2010-02-25 23:00:00,0.9,0.9,0,0,0,0,0,0
2010-02-26 00:00:00,0.9,0.9,0,0,0,0,0,0
2010-02-26 01:00:00,0.9,0.9,0,0,0,0,0,0
2010-02-26 02:00:00,0.9,0.9,0,0,0,0,0,0
2010-02-26 03:00:00,0.9,0.9,0,0,0,0,0,0
2010-02-26 04:00:00,0.9,0.8999,0,0,0,0,0,0
2010-02-26 05:00:00,0.8999,0.8999,0,0,0,0,0,0
2010-02-26 06:00:00,0.8999,0.8998,0,0,0,0,0,0
2010-02-26 07:00:00,0.8997,0.8997,0,0,0,0,0,0
2010-02-26 08:00:00,0.8992,0.897,0,0,0,0,0,0
2010-02-26 09:00:00,0.8964,0.8834,0,0,0,0,0,0
2010-02-26 10:00:00,0.8864,0.8366,0,0,0,0,0,0
2010-02-26 11:00:00,0.8283,0.7138,0,0,0,0,0,0
2010-02-26 12:00:00,0.7495,0.867,0,0,0,0,0,0
2010-02-26 13:00:00,0.7409,0.8605,0,0,0,0,0,0
2010-02-26 14:00:00,0.704,0.8251,0,0,0,0,0,0
2010-02-26 15:00:00,0.6834,0.8256,0,0,0,0,0,0
2010-02-26 16:00:00,0.6361,0.4686,0,0,0,0,0,0
2010-02-26 17:00:00,0.5421,0.4528,0,0,0,0,0,0
2010-02-26 18:00:00,0.4998,0.3545,0,0,0,0,0,0
2010-02-26 19:00:00,0.4636,0.2959,0,0,0,0,0,0
2010-02-26 20:00:00,0.4178,0.5186,0,0,0,0,0,0
2010-02-26 21:00:00,0.4245,0.4869,0,0,0,0,0,0
2010-02-26 22:00:00,0.5923,0.613,0,0,0,0,0,0
2010-02-26 23:00:00,0.7994,0.782,0,0,0,0,0,0
2010-02-27 00:00:00,0.8593,0.8885,0,0,0,0,0,0
2010-02-27 01:00:00,0.8619,0.8905,0,0,0,0,0,0
2010-02-27 02:00:00,0.8815,0.8934,0,0,0,0,0,0
2010-02-27 03:00:00,0.8771,0.8923,0,0,0,0,0,0
2010-02-27 04:00:00,0.859,0.8815,0,0,0,0,0,0
2010-02-27 05:00:00,0.8569,0.884,0,0,0,0,0,0
2010-02-27 06:00:00,0.8604,0.8839,0,0,0,0,0,0
2010-02-27 07:00:00,0.8712,0.8862,0,0,0,0,0,0
2010-02-27 08:00:00,0.8769,0.6769,0,0,0,0,0,0
2010-02-27 09:00:00,0.8844,0.7389,0,0,0,0,0,0
2010-02-27 10:00:00,0.8897,0.7863,0,0,0,0,0,0
2010-02-27 11:00:00,0.8935,0.8159,0,0,0,0,0,0
2010-02-27 12:00:00,0.8883,0.8974,0,0,0,0,0,0
2010-02-27 13:00:00,0.8922,0.8986,0,0,0,0,0,0
2010-02-27 14:00:00,0.8984,0.8997,0,0,0,0,0,0
2010-02-27 15:00:00,0.8997,0.8999,0,0,0,0,0,0
2010-02-27 16:00:00,0.8999,0.8998,0,0,0,0,0,0
2010-02-27 17:00:00,0.8999,0.8998,0,0,0,0,0,0
2010-02-27 18:00:00,0.8999,0.8998,0,0,0,0,0,0
2010-02-27 19:00:00,0.8999,0.8998,0,0,0,0,0,0
2010-02-27 20:00:00,0.9,0.8999,0,0,0,0,0,0
2010-02-27 21:00:00,0.9,0.8999,0,0,0,0,0,0
2010-02-27 22:00:00,0.9,0.9,0,0,0,0,0,0
2010-02-27 23:00:00,0.9,0.9,0,0,0,0,0,0
2010-02-28 00:00:00,0.7007,0.9,0,0,0,0,0,0
2010-02-28 01:00:00,0.0,0.1389,0,0,0,0,0,0
2010-02-28 02:00:00,0.0,0.1389,0,0,0,0,0,0
2010-02-28 03:00:00,0.0,0.9,0,0,0,0,0,0
2010-02-28 04:00:00,0.9,0.9,0,0,0,0,0,0
2010-02-28 05:00:00,0.9,0.9,0,0,0,0,0,0
2010-02-28 06:00:00,0.9,0.9,0,0,0,0,0,0
2010-02-28 07:00:00,0.8999,0.9,0,0,0,0,0,0
2010-02-28 08:00:00,0.8996,0.8995,0,0,0,0,0,0
2010-02-28 09:00:00,0.8971,0.8974,0,0,0,0,0,0
2010-02-28 10:00:00,0.8826,0.8906,0,0,0,0,0,0
2010-02-28 11:00:00,0.8624,0.8757,0,0,0,0,0,0
2010-02-28 12:00:00,0.8727,0.8975,0,0,0,0,0,0
2010-02-28 13:00:00,0.8791,0.8986,0,0,0,0,0,0
2010-02-28 14:00:00,0.846,0.8974,0,0,0,0,0,0
2010-02-28 15:00:00,0.6887,0.8837,0,0,0,0,0,0
2010-02-28 16:00:00,0.4906,0.6813,0,0,0,0,0,0
2010-02-28 17:00:00,0.3929,0.5361,0,0,0,0,0,0
2010-02-28 18:00:00,0.2555,0.3748,0,0,0,0,0,0
2010-02-28 19:00:00,0.0987,0.1832,0,0,0,0,0,0
2010-02-28 20:00:00,0.0345,0.0006,0,0,0,0,0,0
2010-02-28 21:00:00,0.0017,-0.0,0,0,0,0,0,0
2010-02-28 22:00:00,0.0002,-0.0,0,0,0,0,0,0
2010-02-28 23:00:00,0.0233,0.0,0,0,0,0,0,0
2010-03-01 00:00:00,0.1135,0.2723,0,0,0,0,0,0
2010-03-01 01:00:00,0.2435,0.4737,0,0,0,0,0,0
2010-03-01 02:00:00,0.3525,0.563,0,0,0,0,0,0
2010-03-01 03:00:00,0.4215,0.6353,0,0,0,0,0,0
2010-03-01 04:00:00,0.4871,0.6742,0,0,0,0,0,0
2010-03-01 05:00:00,0.5963,0.7512,0,0,0,0,0,0
2010-03-01 06:00:00,0.6732,0.7807,0,0,0,0,0,0
2010-03-01 07:00:00,0.7353,0.8123,0,0,0,0,0,0
2010-03-01 08:00:00,0.7879,0.839,0,0,0,0,0,0
2010-03-01 09:00:00,0.8479,0.8687,0,0,0,0,0,0
2010-03-01 10:00:00,0.8671,0.886,0,0,0,0,0,0
2010-03-01 11:00:00,0.7201,0.8107,0,0,0,0,0,0
2010-03-01 12:00:00,0.8954,0.8884,0,0,0,0,0,0
2010-03-01 13:00:00,0.8991,0.8983,0,0,0,0,0,0
2010-03-01 14:00:00,0.8988,0.8986,0,0,0,0,0,0
2010-03-01 15:00:00,0.8989,0.8985,0,0,0,0,0,0
2010-03-01 16:00:00,0.8912,0.8722,0,0,0,0,0,0
2010-03-01 17:00:00,0.8317,0.6986,0,0,0,0,0,0
2010-03-01 18:00:00,0.8341,0.6297,0,0,0,0,0,0
2010-03-01 19:00:00,0.7991,0.5216,0,0,0,0,0,0
2010-03-01 20:00:00,0.8711,0.8839,0,0,0,0,0,0
2010-03-01 21:00:00,0.8943,0.8966,0,0,0,0,0,0
2010-03-01 22:00:00,0.8985,0.8988,0,0,0,0,0,0
2010-03-01 23:00:00,0.8995,0.8997,0,0,0,0,0,0
2010-03-02 00:00:00,0.8997,0.8997,0,0,0,0,0,0
2010-03-02 01:00:00,0.8997,0.8997,0,0,0,0,0,0
2010-03-02 02:00:00,0.8992,0.899,0,0,0,0,0,0
2010-03-02 03:00:00,0.8972,0.8973,0,0,0,0,0,0
2010-03-02 04:00:00,0.8757,0.8801,0,0,0,0,0,0
2010-03-02 05:00:00,0.6735,0.677,0,0,0,0,0,0
2010-03-02 06:00:00,0.283,0.2838,0,0,0,0,0,0
2010-03-02 07:00:00,0.0637,0.0539,0,0,0,0,0,0
2010-03-02 08:00:00,0.0023,-0.0,0,0,0,0,0,0
2010-03-02 09:00:00,0.0,-0.0,0,0,0,0,0,0
2010-03-02 10:00:00,0.0002,-0.0,0,0,0,0,0,0
2010-03-02 11:00:00,0.0003,-0.0,0,0,0,0,0,0
2010-03-02 12:00:00,0.0071,0.1154,0,0,0,0,0,0
2010-03-02 13:00:00,0.0099,0.138,0,0,0,0,0,0
2010-03-02 14:00:00,0.0104,0.1427,0,0,0,0,0,0
2010-03-02 15:00:00,0.0427,0.2317,0,0,0,0,0,0
2010-03-02 16:00:00,0.1281,0.0812,0,0,0,0,0,0
2010-03-02 17:00:00,0.3279,0.2196,0,0,0,0,0,0
2010-03-02 18:00:00,0.7001,0.5202,0,0,0,0,0,0
2010-03-02 19:00:00,0.8627,0.7881,0,0,0,0,0,0
2010-03-02 20:00:00,0.8903,0.8723,0,0,0,0,0,0
2010-03-02 21:00:00,0.8951,0.8777,0,0,0,0,0,0
2010-03-02 22:00:00,0.8953,0.8821,0,0,0,0,0,0
2010-03-02 23:00:00,0.8959,0.8859,0,0,0,0,0,0
2010-03-03 00:00:00,0.8959,0.8457,0,0,0,0,0,0
2010-03-03 01:00:00,0.8948,0.7968,0,0,0,0,0,0
2010-03-03 02:00:00,0.8937,0.7598,0,0,0,0,0,0
2010-03-03 03:00:00,0.8884,0.6209,0,0,0,0,0,0
2010-03-03 04:00:00,0.8787,0.8957,0,0,0,0,0,0
2010-03-03 05:00:00,0.8628,0.8906,0,0,0,0,0,0
2010-03-03 06:00:00,0.8472,0.883,0,0,0,0,0,0
2010-03-03 07:00:00,0.8443,0.8847,0,0,0,0,0,0
2010-03-03 08:00:00,0.8207,0.7209,0,0,0,0,0,0
2010-03-03 09:00:00,0.7812,0.6599,0,0,0,0,0,0
2010-03-03 10:00:00,0.5664,0.4055,0,0,0,0,0,0
2010-03-03 11:00:00,0.4454,0.3049,0,0,0,0,0,0
2010-03-03 12:00:00,0.2669,0.1786,0,0,0,0,0,0
2010-03-03 13:00:00,0.1122,0.0855,0,0,0,0,0,0
2010-03-03 14:00:00,0.0445,0.0262,0,0,0,0,0,0
2010-03-03 15:00:00,0.0352,0.0179,0,0,0,0,0,0
2010-03-03 16:00:00,0.0583,0.0138,0,0,0,0,0,0
2010-03-03 17:00:00,0.0726,0.0134,0,0,0,0,0,0
2010-03-03 18:00:00,0.0661,0.0032,0,0,0,0,0,0
2010-03-03 19:00:00,0.0474,0.0002,0,0,0,0,0,0
2010-03-03 20:00:00,0.0309,0.0678,0,0,0,0,0,0
2010-03-03 21:00:00,0.0178,0.0364,0,0,0,0,0,0
2010-03-03 22:00:00,0.0038,0.0169,0,0,0,0,0,0
2010-03-03 23:00:00,0.0223,0.0591,0,0,0,0,0,0
2010-03-04 00:00:00,0.06,0.1364,0,0,0,0,0,0
2010-03-04 01:00:00,0.1055,0.2225,0,0,0,0,0,0
2010-03-04 02:00:00,0.1079,0.2585,0,0,0,0,0,0
2010-03-04 03:00:00,0.1031,0.2383,0,0,0,0,0,0
2010-03-04 04:00:00,0.0965,0.0003,0,0,0,0,0,0
2010-03-04 05:00:00,0.0876,0.0005,0,0,0,0,0,0
2010-03-04 06:00:00,0.0719,0.0017,0,0,0,0,0,0
2010-03-04 07:00:00,0.0822,0.0066,0,0,0,0,0,0
2010-03-04 08:00:00,0.1055,0.0645,0,0,0,0,0,0
2010-03-04 09:00:00,0.1016,0.0651,0,0,0,0,0,0
2010-03-04 10:00:00,0.0566,0.0205,0,0,0,0,0,0
2010-03-04 11:00:00,0.0319,0.0114,0,0,0,0,0,0
2010-03-04 12:00:00,0.0318,0.0085,0,0,0,0,0,0
2010-03-04 13:00:00,0.0612,0.0266,0,0,0,0,0,0
2010-03-04 14:00:00,0.1139,0.0692,0,0,0,0,0,0
2010-03-04 15:00:00,0.1487,0.11,0,0,0,0,0,0
2010-03-04 16:00:00,0.1281,0.1925,0,0,0,0,0,0
2010-03-04 17:00:00,0.1307,0.2208,0,0,0,0,0,0
2010-03-04 18:00:00,0.1945,0.3332,0,0,0,0,0,0
2010-03-04 19:00:00,0.4061,0.6711,0,0,0,0,0,0
2010-03-04 20:00:00,0.6557,0.519,0,0,0,0,0,0
2010-03-04 21:00:00,0.801,0.714,0,0,0,0,0,0
2010-03-04 22:00:00,0.8608,0.7949,0,0,0,0,0,0
2010-03-04 23:00:00,0.8766,0.814,0,0,0,0,0,0
2010-03-05 00:00:00,0.8817,0.8579,0,0,0,0,0,0
2010-03-05 01:00:00,0.8825,0.869,0,0,0,0,0,0
2010-03-05 02:00:00,0.8829,0.8697,0,0,0,0,0,0
2010-03-05 03:00:00,0.8875,0.8753,0,0,0,0,0,0
2010-03-05 04:00:00,0.891,0.8729,0,0,0,0,0,0
2010-03-05 05:00:00,0.8946,0.874,0,0,0,0,0,0
2010-03-05 06:00:00,0.8925,0.8558,0,0,0,0,0,0
2010-03-05 07:00:00,0.8882,0.8175,0,0,0,0,0,0
2010-03-05 08:00:00,0.886,0.8725,0,0,0,0,0,0
2010-03-05 09:00:00,0.8848,0.8765,0,0,0,0,0,0
2010-03-05 10:00:00,0.8784,0.8341,0,0,0,0,0,0
2010-03-05 11:00:00,0.8593,0.7151,0,0,0,0,0,0
2010-03-05 12:00:00,0.8134,0.3722,0,0,0,0,0,0
2010-03-05 13:00:00,0.7487,0.3027,0,0,0,0,0,0
2010-03-05 14:00:00,0.6895,0.2421,0,0,0,0,0,0
2010-03-05 15:00:00,0.6746,0.2144,0,0,0,0,0,0
2010-03-05 16:00:00,0.7198,0.5886,0,0,0,0,0,0
2010-03-05 17:00:00,0.7998,0.6634,0,0,0,0,0,0
2010-03-05 18:00:00,0.8365,0.7065,0,0,0,0,0,0
2010-03-05 19:00:00,0.8218,0.6578,0,0,0,0,0,0
2010-03-05 20:00:00,0.812,0.8728,0,0,0,0,0,0
2010-03-05 21:00:00,0.7841,0.8718,0,0,0,0,0,0
2010-03-05 22:00:00,0.6427,0.8144,0,0,0,0,0,0
2010-03-05 23:00:00,0.6316,0.8081,0,0,0,0,0,0
2010-03-06 00:00:00,0.6084,0.4257,0,0,0,0,0,0
2010-03-06 01:00:00,0.6624,0.4552,0,0,0,0,0,0
2010-03-06 02:00:00,0.6806,0.4813,0,0,0,0,0,0
2010-03-06 03:00:00,0.6716,0.5216,0,0,0,0,0,0
2010-03-06 04:00:00,0.664,0.4902,0,0,0,0,0,0
2010-03-06 05:00:00,0.6355,0.3822,0,0,0,0,0,0
2010-03-06 06:00:00,0.5651,0.2362,0,0,0,0,0,0
2010-03-06 07:00:00,0.5302,0.2131,0,0,0,0,0,0
2010-03-06 08:00:00,0.5051,0.438,0,0,0,0,0,0
2010-03-06 09:00:00,0.4456,0.396,0,0,0,0,0,0
2010-03-06 10:00:00,0.3571,0.3153,0,0,0,0,0,0
2010-03-06 11:00:00,0.292,0.2576,0,0,0,0,0,0
2010-03-06 12:00:00,0.2136,0.3431,0,0,0,0,0,0
2010-03-06 13:00:00,0.1956,0.3241,0,0,0,0,0,0
2010-03-06 14:00:00,0.2602,0.4817,0,0,0,0,0,0
2010-03-06 15:00:00,0.381,0.6187,0,0,0,0,0,0
2010-03-06 16:00:00,0.547,0.4062,0,0,0,0,0,0
2010-03-06 17:00:00,0.6902,0.5417,0,0,0,0,0,0
2010-03-06 18:00:00,0.7983,0.6603,0,0,0,0,0,0
2010-03-06 19:00:00,0.8288,0.6987,0,0,0,0,0,0
2010-03-06 20:00:00,0.8219,0.8235,0,0,0,0,0,0
2010-03-06 21:00:00,0.8179,0.8136,0,0,0,0,0,0
2010-03-06 22:00:00,0.8162,0.8269,0,0,0,0,0,0
2010-03-06 23:00:00,0.8667,0.8754,0,0,0,0,0,0
2010-03-07 00:00:00,0.8874,0.8963,0,0,0,0,0,0
2010-03-07 01:00:00,0.8948,0.8989,0,0,0,0,0,0
2010-03-07 02:00:00,0.8965,0.8995,0,0,0,0,0,0
2010-03-07 03:00:00,0.8978,0.8998,0,0,0,0,0,0
2010-03-07 04:00:00,0.8982,0.8991,0,0,0,0,0,0
2010-03-07 05:00:00,0.8979,0.8987,0,0,0,0,0,0
2010-03-07 06:00:00,0.8984,0.8982,0,0,0,0,0,0
2010-03-07 07:00:00,0.8987,0.8969,0,0,0,0,0,0
2010-03-07 08:00:00,0.8986,0.8998,0,0,0,0,0,0
2010-03-07 09:00:00,0.8984,0.8998,0,0,0,0,0,0
2010-03-07 10:00:00,0.8981,0.8998,0,0,0,0,0,0
2010-03-07 11:00:00,0.8963,0.8997,0,0,0,0,0,0
2010-03-07 12:00:00,0.8977,0.8996,0,0,0,0,0,0
2010-03-07 13:00:00,0.8986,0.8997,0,0,0,0,0,0
2010-03-07 14:00:00,0.8987,0.8998,0,0,0,0,0,0
2010-03-07 15:00:00,0.8991,0.8997,0,0,0,0,0,0
2010-03-07 16:00:00,0.8995,0.8993,0,0,0,0,0,0
2010-03-07 17:00:00,0.8997,0.8993,0,0,0,0,0,0
2010-03-07 18:00:00,0.8995,0.8986,0,0,0,0,0,0
2010-03-07 19:00:00,0.8973,0.8919,0,0,0,0,0,0
2010-03-07 20:00:00,0.897,0.8998,0,0,0,0,0,0
2010-03-07 21:00:00,0.8989,0.8999,0,0,0,0,0,0
2010-03-07 22:00:00,0.8984,0.8999,0,0,0,0,0,0
2010-03-07 23:00:00,0.8987,0.8999,0,0,0,0,0,0
2010-03-08 00:00:00,0.8987,0.8984,0,0,0,0,0,0
2010-03-08 01:00:00,0.8975,0.8949,0,0,0,0,0,0
2010-03-08 02:00:00,0.8956,0.8831,0,0,0,0,0,0
2010-03-08 03:00:00,0.8954,0.8729,0,0,0,0,0,0
2010-03-08 04:00:00,0.8966,0.8841,0,0,0,0,0,0
2010-03-08 05:00:00,0.8963,0.8907,0,0,0,0,0,0
2010-03-08 06:00:00,0.8942,0.8867,0,0,0,0,0,0
2010-03-08 07:00:00,0.8954,0.8763,0,0,0,0,0,0
2010-03-08 08:00:00,0.8973,0.8996,0,0,0,0,0,0
2010-03-08 09:00:00,0.8948,0.8993,0,0,0,0,0,0
2010-03-08 10:00:00,0.882,0.8984,0,0,0,0,0,0
2010-03-08 11:00:00,0.8694,0.897,0,0,0,0,0,0
2010-03-08 12:00:00,0.86,0.883,0,0,0,0,0,0
2010-03-08 13:00:00,0.8651,0.8748,0,0,0,0,0,0
2010-03-08 14:00:00,0.8563,0.8438,0,0,0,0,0,0
2010-03-08 15:00:00,0.8632,0.8212,0,0,0,0,0,0
2010-03-08 16:00:00,0.8838,0.8216,0,0,0,0,0,0
2010-03-08 17:00:00,0.8962,0.8587,0,0,0,0,0,0
2010-03-08 18:00:00,0.8985,0.8768,0,0,0,0,0,0
2010-03-08 19:00:00,0.8988,0.8745,0,0,0,0,0,0
2010-03-08 20:00:00,0.8988,0.8996,0,0,0,0,0,0
2010-03-08 21:00:00,0.8986,0.8992,0,0,0,0,0,0
2010-03-08 22:00:00,0.8984,0.8993,0,0,0,0,0,0
2010-03-08 23:00:00,0.8986,0.8996,0,0,0,0,0,0
2010-03-09 00:00:00,0.8986,0.8984,0,0,0,0,0,0
2010-03-09 01:00:00,0.8986,0.8978,0,0,0,0,0,0
2010-03-09 02:00:00,0.8985,0.8962,0,0,0,0,0,0
2010-03-09 03:00:00,0.8983,0.8966,0,0,0,0,0,0
2010-03-09 04:00:00,0.8984,0.8992,0,0,0,0,0,0
2010-03-09 05:00:00,0.8986,0.8996,0,0,0,0,0,0
2010-03-09 06:00:00,0.8985,0.8997,0,0,0,0,0,0
2010-03-09 07:00:00,0.8981,0.8997,0,0,0,0,0,0
2010-03-09 08:00:00,0.8979,0.8984,0,0,0,0,0,0
2010-03-09 09:00:00,0.8972,0.8988,0,0,0,0,0,0
2010-03-09 10:00:00,0.8919,0.8984,0,0,0,0,0,0
2010-03-09 11:00:00,0.8763,0.8932,0,0,0,0,0,0
2010-03-09 12:00:00,0.8399,0.8612,0,0,0,0,0,0
2010-03-09 13:00:00,0.8279,0.8374,0,0,0,0,0,0
2010-03-09 14:00:00,0.8474,0.8655,0,0,0,0,0,0
2010-03-09 15:00:00,0.8631,0.8789,0,0,0,0,0,0
2010-03-09 16:00:00,0.8735,0.8906,0,0,0,0,0,0
2010-03-09 17:00:00,0.878,0.8923,0,0,0,0,0,0
2010-03-09 18:00:00,0.8869,0.8962,0,0,0,0,0,0
2010-03-09 19:00:00,0.8909,0.8958,0,0,0,0,0,0
2010-03-09 20:00:00,0.8908,0.8375,0,0,0,0,0,0
2010-03-09 21:00:00,0.8902,0.845,0,0,0,0,0,0
2010-03-09 22:00:00,0.8901,0.8375,0,0,0,0,0,0
2010-03-09 23:00:00,0.8894,0.8228,0,0,0,0,0,0
2010-03-10 00:00:00,0.8719,0.8461,0,0,0,0,0,0
2010-03-10 01:00:00,0.8459,0.8112,0,0,0,0,0,0
2010-03-10 02:00:00,0.821,0.8199,0,0,0,0,0,0
2010-03-10 03:00:00,0.8022,0.8208,0,0,0,0,0,0
2010-03-10 04:00:00,0.8125,0.5964,0,0,0,0,0,0
2010-03-10 05:00:00,0.8561,0.6522,0,0,0,0,0,0
2010-03-10 06:00:00,0.8774,0.6998,0,0,0,0,0,0
2010-03-10 07:00:00,0.8776,0.7039,0,0,0,0,0,0
2010-03-10 08:00:00,0.8683,0.8715,0,0,0,0,0,0
2010-03-10 09:00:00,0.8393,0.8341,0,0,0,0,0,0
2010-03-10 10:00:00,0.7062,0.6935,0,0,0,0,0,0
2010-03-10 11:00:00,0.5992,0.571,0,0,0,0,0,0
2010-03-10 12:00:00,0.6175,0.7352,0,0,0,0,0,0
2010-03-10 13:00:00,0.611,0.7525,0,0,0,0,0,0
2010-03-10 14:00:00,0.6208,0.7694,0,0,0,0,0,0
2010-03-10 15:00:00,0.6553,0.8137,0,0,0,0,0,0
2010-03-10 16:00:00,0.6349,0.6156,0,0,0,0,0,0
2010-03-10 17:00:00,0.6206,0.6457,0,0,0,0,0,0
2010-03-10 18:00:00,0.5293,0.6083,0,0,0,0,0,0
2010-03-10 19:00:00,0.2508,0.3481,0,0,0,0,0,0
2010-03-10 20:00:00,0.0941,0.0407,0,0,0,0,0,0
2010-03-10 21:00:00,0.0208,0.0012,0,0,0,0,0,0
2010-03-10 22:00:00,0.0047,0.0,0,0,0,0,0,0
2010-03-10 23:00:00,0.0039,0.0001,0,0,0,0,0,0
2010-03-11 00:00:00,0.0141,0.057,0,0,0,0,0,0
2010-03-11 01:00:00,0.0547,0.166,0,0,0,0,0,0
2010-03-11 02:00:00,0.1645,0.3312,0,0,0,0,0,0
2010-03-11 03:00:00,0.3684,0.6575,0,0,0,0,0,0
2010-03-11 04:00:00,0.5525,0.4559,0,0,0,0,0,0
2010-03-11 05:00:00,0.5947,0.4375,0,0,0,0,0,0
2010-03-11 06:00:00,0.5907,0.4287,0,0,0,0,0,0
2010-03-11 07:00:00,0.56,0.3662,0,0,0,0,0,0
2010-03-11 08:00:00,0.4972,0.5139,0,0,0,0,0,0
2010-03-11 09:00:00,0.4302,0.4774,0,0,0,0,0,0
2010-03-11 10:00:00,0.4067,0.5037,0,0,0,0,0,0
2010-03-11 11:00:00,0.3105,0.4415,0,0,0,0,0,0
2010-03-11 12:00:00,0.2559,0.2732,0,0,0,0,0,0
2010-03-11 13:00:00,0.2424,0.2654,0,0,0,0,0,0
2010-03-11 14:00:00,0.2557,0.3021,0,0,0,0,0,0
2010-03-11 15:00:00,0.2349,0.2998,0,0,0,0,0,0
2010-03-11 16:00:00,0.2322,0.1594,0,0,0,0,0,0
2010-03-11 17:00:00,0.2548,0.1895,0,0,0,0,0,0
2010-03-11 18:00:00,0.2721,0.2318,0,0,0,0,0,0
2010-03-11 19:00:00,0.1998,0.1848,0,0,0,0,0,0
2010-03-11 20:00:00,0.0934,0.0491,0,0,0,0,0,0
2010-03-11 21:00:00,0.034,0.0167,0,0,0,0,0,0
2010-03-11 22:00:00,0.0079,0.0004,0,0,0,0,0,0
2010-03-11 23:00:00,0.002,0.0,0,0,0,0,0,0
2010-03-12 00:00:00,0.0012,0.0,0,0,0,0,0,0
2010-03-12 01:00:00,0.0087,0.0,0,0,0,0,0,0
2010-03-12 02:00:00,0.0434,0.0092,0,0,0,0,0,0
2010-03-12 03:00:00,0.1023,0.0668,0,0,0,0,0,0
2010-03-12 04:00:00,0.1631,0.1796,0,0,0,0,0,0
2010-03-12 05:00:00,0.1932,0.1458,0,0,0,0,0,0
2010-03-12 06:00:00,0.1838,0.1058,0,0,0,0,0,0
2010-03-12 07:00:00,0.167,0.1063,0,0,0,0,0,0
2010-03-12 08:00:00,0.1614,0.1856,0,0,0,0,0,0
2010-03-12 09:00:00,0.1403,0.1586,0,0,0,0,0,0
2010-03-12 10:00:00,0.1425,0.1913,0,0,0,0,0,0
2010-03-12 11:00:00,0.1093,0.1461,0,0,0,0,0,0
2010-03-12 12:00:00,0.1001,0.3268,0,0,0,0,0,0
2010-03-12 13:00:00,0.1132,0.3596,0,0,0,0,0,0
2010-03-12 14:00:00,0.1331,0.3885,0,0,0,0,0,0
2010-03-12 15:00:00,0.1637,0.4248,0,0,0,0,0,0
2010-03-12 16:00:00,0.1948,0.2817,0,0,0,0,0,0
2010-03-12 17:00:00,0.2304,0.288,0,0,0,0,0,0
2010-03-12 18:00:00,0.2427,0.2772,0,0,0,0,0,0
2010-03-12 19:00:00,0.21,0.2261,0,0,0,0,0,0
2010-03-12 20:00:00,0.1568,0.1723,0,0,0,0,0,0
2010-03-12 21:00:00,0.0682,0.0922,0,0,0,0,0,0
2010-03-12 22:00:00,0.0294,0.0604,0,0,0,0,0,0
2010-03-12 23:00:00,0.0054,0.0356,0,0,0,0,0,0
2010-03-13 00:00:00,0.0005,0.0061,0,0,0,0,0,0
2010-03-13 01:00:00,0.0001,0.0041,0,0,0,0,0,0
2010-03-13 02:00:00,0.0003,0.0107,0,0,0,0,0,0
2010-03-13 03:00:00,0.003,0.0204,0,0,0,0,0,0
2010-03-13 04:00:00,0.0097,0.0122,0,0,0,0,0,0
2010-03-13 05:00:00,0.0067,0.0061,0,0,0,0,0,0
2010-03-13 06:00:00,0.0013,0.0001,0,0,0,0,0,0
2010-03-13 07:00:00,0.0003,0.0,0,0,0,0,0,0
2010-03-13 08:00:00,0.0023,0.0048,0,0,0,0,0,0
2010-03-13 09:00:00,0.0217,0.0256,0,0,0,0,0,0
2010-03-13 10:00:00,0.0178,0.0219,0,0,0,0,0,0
2010-03-13 11:00:00,0.0254,0.0336,0,0,0,0,0,0
2010-03-13 12:00:00,0.0409,0.0177,0,0,0,0,0,0
2010-03-13 13:00:00,0.0649,0.0218,0,0,0,0,0,0
2010-03-13 14:00:00,0.1148,0.0471,0,0,0,0,0,0
2010-03-13 15:00:00,0.1614,0.0553,0,0,0,0,0,0
2010-03-13 16:00:00,0.2028,0.3442,0,0,0,0,0,0
2010-03-13 17:00:00,0.2376,0.3814,0,0,0,0,0,0
2010-03-13 18:00:00,0.3164,0.4539,0,0,0,0,0,0
2010-03-13 19:00:00,0.3615,0.4875,0,0,0,0,0,0
2010-03-13 20:00:00,0.3557,0.4539,0,0,0,0,0,0
2010-03-13 21:00:00,0.3214,0.3756,0,0,0,0,0,0
2010-03-13 22:00:00,0.2315,0.2984,0,0,0,0,0,0
2010-03-13 23:00:00,0.1559,0.195,0,0,0,0,0,0
2010-03-14 00:00:00,0.0978,0.2559,0,0,0,0,0,0
2010-03-14 01:00:00,0.086,0.2304,0,0,0,0,0,0
2010-03-14 02:00:00,0.0987,0.2945,0,0,0,0,0,0
2010-03-14 03:00:00,0.1207,0.3638,0,0,0,0,0,0
2010-03-14 04:00:00,0.141,0.1202,0,0,0,0,0,0
2010-03-14 05:00:00,0.1523,0.1273,0,0,0,0,0,0
2010-03-14 06:00:00,0.1492,0.1376,0,0,0,0,0,0
2010-03-14 07:00:00,0.1377,0.1201,0,0,0,0,0,0
2010-03-14 08:00:00,0.1156,0.0651,0,0,0,0,0,0
2010-03-14 09:00:00,0.0926,0.043,0,0,0,0,0,0
2010-03-14 10:00:00,0.071,0.0143,0,0,0,0,0,0
2010-03-14 11:00:00,0.0637,0.0106,0,0,0,0,0,0
2010-03-14 12:00:00,0.0627,0.0416,0,0,0,0,0,0
2010-03-14 13:00:00,0.0813,0.0686,0,0,0,0,0,0
2010-03-14 14:00:00,0.1217,0.1051,0,0,0,0,0,0
2010-03-14 15:00:00,0.1621,0.1151,0,0,0,0,0,0
2010-03-14 16:00:00,0.1939,0.1775,0,0,0,0,0,0
2010-03-14 17:00:00,0.2095,0.2096,0,0,0,0,0,0
2010-03-14 18:00:00,0.1834,0.2249,0,0,0,0,0,0
2010-03-14 19:00:00,0.1523,0.2068,0,0,0,0,0,0
2010-03-14 20:00:00,0.1297,0.0225,0,0,0,0,0,0
2010-03-14 21:00:00,0.105,0.0169,0,0,0,0,0,0
2010-03-14 22:00:00,0.0503,0.0035,0,0,0,0,0,0
2010-03-14 23:00:00,0.0406,0.0029,0,0,0,0,0,0
2010-03-15 00:00:00,0.0307,0.0073,0,0,0,0,0,0
2010-03-15 01:00:00,0.0253,0.0079,0,0,0,0,0,0
2010-03-15 02:00:00,0.0176,0.0047,0,0,0,0,0,0
2010-03-15 03:00:00,0.011,0.0036,0,0,0,0,0,0
2010-03-15 04:00:00,0.0082,0.0,0,0,0,0,0,0
2010-03-15 05:00:00,0.0053,0.0001,0,0,0,0,0,0
2010-03-15 06:00:00,0.0047,0.0,0,0,0,0,0,0
2010-03-15 07:00:00,0.007,0.0001,0,0,0,0,0,0
2010-03-15 08:00:00,0.0076,0.0024,0,0,0,0,0,0
2010-03-15 09:00:00,0.0037,0.0003,0,0,0,0,0,0
2010-03-15 10:00:00,0.0004,0.0001,0,0,0,0,0,0
2010-03-15 11:00:00,0.0,0.0,0,0,0,0,0,0
2010-03-15 12:00:00,0.0,0.0003,0,0,0,0,0,0
2010-03-15 13:00:00,0.0,0.005,0,0,0,0,0,0
2010-03-15 14:00:00,0.0038,0.0507,0,0,0,0,0,0
2010-03-15 15:00:00,0.0221,0.1016,0,0,0,0,0,0
2010-03-15 16:00:00,0.045,0.0122,0,0,0,0,0,0
2010-03-15 17:00:00,0.0684,0.0223,0,0,0,0,0,0
2010-03-15 18:00:00,0.0767,0.0319,0,0,0,0,0,0
2010-03-15 19:00:00,0.0963,0.0373,0,0,0,0,0,0
2010-03-15 20:00:00,0.1369,0.2573,0,0,0,0,0,0
2010-03-15 21:00:00,0.1972,0.3781,0,0,0,0,0,0
2010-03-15 22:00:00,0.2028,0.3692,0,0,0,0,0,0
2010-03-15 23:00:00,0.1899,0.2553,0,0,0,0,0,0
2010-03-16 00:00:00,0.1636,0.0757,0,0,0,0,0,0
2010-03-16 01:00:00,0.1468,0.0591,0,0,0,0,0,0
2010-03-16 02:00:00,0.1944,0.0891,0,0,0,0,0,0
2010-03-16 03:00:00,0.2085,0.0941,0,0,0,0,0,0
2010-03-16 04:00:00,0.1794,0.1625,0,0,0,0,0,0
2010-03-16 05:00:00,0.1941,0.204,0,0,0,0,0,0
2010-03-16 06:00:00,0.2646,0.3235,0,0,0,0,0,0
2010-03-16 07:00:00,0.338,0.4572,0,0,0,0,0,0
2010-03-16 08:00:00,0.3624,0.5706,0,0,0,0,0,0
2010-03-16 09:00:00,0.3392,0.5652,0,0,0,0,0,0
2010-03-16 10:00:00,0.4007,0.644,0,0,0,0,0,0
2010-03-16 11:00:00,0.4455,0.6926,0,0,0,0,0,0
2010-03-16 12:00:00,0.4515,0.0898,0,0,0,0,0,0
2010-03-16 13:00:00,0.3451,0.0413,0,0,0,0,0,0
2010-03-16 14:00:00,0.2213,0.009,0,0,0,0,0,0
2010-03-16 15:00:00,0.1361,0.0005,0,0,0,0,0,0
2010-03-16 16:00:00,0.1118,0.0821,0,0,0,0,0,0
2010-03-16 17:00:00,0.161,0.1232,0,0,0,0,0,0
2010-03-16 18:00:00,0.2764,0.229,0,0,0,0,0,0
2010-03-16 19:00:00,0.397,0.3728,0,0,0,0,0,0
2010-03-16 20:00:00,0.5004,0.4165,0,0,0,0,0,0
2010-03-16 21:00:00,0.4906,0.4366,0,0,0,0,0,0
2010-03-16 22:00:00,0.4222,0.362,0,0,0,0,0,0
2010-03-16 23:00:00,0.3532,0.3739,0,0,0,0,0,0
2010-03-17 00:00:00,0.2721,0.2002,0,0,0,0,0,0
2010-03-17 01:00:00,0.2143,0.1427,0,0,0,0,0,0
2010-03-17 02:00:00,0.1771,0.1018,0,0,0,0,0,0
2010-03-17 03:00:00,0.1341,0.0478,0,0,0,0,0,0
2010-03-17 04:00:00,0.0951,0.0505,0,0,0,0,0,0
2010-03-17 05:00:00,0.0717,0.0423,0,0,0,0,0,0
2010-03-17 06:00:00,0.0842,0.0572,0,0,0,0,0,0
2010-03-17 07:00:00,0.1009,0.0648,0,0,0,0,0,0
2010-03-17 08:00:00,0.1141,0.2368,0,0,0,0,0,0
2010-03-17 09:00:00,0.113,0.2377,0,0,0,0,0,0
2010-03-17 10:00:00,0.0125,0.0776,0,0,0,0,0,0
2010-03-17 11:00:00,0.0169,0.112,0,0,0,0,0,0
2010-03-17 12:00:00,0.0286,0.0058,0,0,0,0,0,0
2010-03-17 13:00:00,0.0439,0.0108,0,0,0,0,0,0
2010-03-17 14:00:00,0.0585,0.0169,0,0,0,0,0,0
2010-03-17 15:00:00,0.0607,0.0269,0,0,0,0,0,0
2010-03-17 16:00:00,0.0771,0.1291,0,0,0,0,0,0
2010-03-17 17:00:00,0.1098,0.1548,0,0,0,0,0,0
2010-03-17 18:00:00,0.1887,0.276,0,0,0,0,0,0
2010-03-17 19:00:00,0.3197,0.4476,0,0,0,0,0,0
2010-03-17 20:00:00,0.4558,0.6475,0,0,0,0,0,0
2010-03-17 21:00:00,0.6016,0.7554,0,0,0,0,0,0
2010-03-17 22:00:00,0.7647,0.8555,0,0,0,0,0,0
2010-03-17 23:00:00,0.8669,0.8869,0,0,0,0,0,0
2010-03-18 00:00:00,0.8907,0.8977,0,0,0,0,0,0
2010-03-18 01:00:00,0.8927,0.8986,0,0,0,0,0,0
2010-03-18 02:00:00,0.8938,0.8983,0,0,0,0,0,0
2010-03-18 03:00:00,0.8955,0.8981,0,0,0,0,0,0
2010-03-18 04:00:00,0.8965,0.8566,0,0,0,0,0,0
2010-03-18 05:00:00,0.8973,0.8658,0,0,0,0,0,0
2010-03-18 06:00:00,0.8978,0.8743,0,0,0,0,0,0
2010-03-18 07:00:00,0.8982,0.8885,0,0,0,0,0,0
2010-03-18 08:00:00,0.8984,0.8995,0,0,0,0,0,0
2010-03-18 09:00:00,0.8985,0.8996,0,0,0,0,0,0
2010-03-18 10:00:00,0.8746,0.8955,0,0,0,0,0,0
2010-03-18 11:00:00,0.8858,0.8981,0,0,0,0,0,0
2010-03-18 12:00:00,0.8905,0.8721,0,0,0,0,0,0
2010-03-18 13:00:00,0.8893,0.8765,0,0,0,0,0,0
2010-03-18 14:00:00,0.8759,0.8425,0,0,0,0,0,0
2010-03-18 15:00:00,0.7941,0.6507,0,0,0,0,0,0
2010-03-18 16:00:00,0.6037,0.6373,0,0,0,0,0,0
2010-03-18 17:00:00,0.321,0.3567,0,0,0,0,0,0
2010-03-18 18:00:00,0.0861,0.0789,0,0,0,0,0,0
2010-03-18 19:00:00,0.0223,0.0106,0,0,0,0,0,0
2010-03-18 20:00:00,0.0706,0.0259,0,0,0,0,0,0
2010-03-18 21:00:00,0.1851,0.0659,0,0,0,0,0,0
2010-03-18 22:00:00,0.2527,0.0868,0,0,0,0,0,0
2010-03-18 23:00:00,0.3895,0.1397,0,0,0,0,0,0
2010-03-19 00:00:00,0.5815,0.51,0,0,0,0,0,0
2010-03-19 01:00:00,0.692,0.5727,0,0,0,0,0,0
2010-03-19 02:00:00,0.7317,0.6275,0,0,0,0,0,0
2010-03-19 03:00:00,0.7552,0.7449,0,0,0,0,0,0
2010-03-19 04:00:00,0.7898,0.8746,0,0,0,0,0,0
2010-03-19 05:00:00,0.8493,0.8836,0,0,0,0,0,0
2010-03-19 06:00:00,0.886,0.8946,0,0,0,0,0,0
2010-03-19 07:00:00,0.8926,0.8985,0,0,0,0,0,0
2010-03-19 08:00:00,0.8976,0.8951,0,0,0,0,0,0
2010-03-19 09:00:00,0.8985,0.8967,0,0,0,0,0,0
2010-03-19 10:00:00,0.8917,0.8819,0,0,0,0,0,0
2010-03-19 11:00:00,0.8926,0.8864,0,0,0,0,0,0
2010-03-19 12:00:00,0.8966,0.8949,0,0,0,0,0,0
2010-03-19 13:00:00,0.8979,0.8965,0,0,0,0,0,0
2010-03-19 14:00:00,0.8971,0.8955,0,0,0,0,0,0
2010-03-19 15:00:00,0.8854,0.8794,0,0,0,0,0,0
2010-03-19 16:00:00,0.8847,0.8947,0,0,0,0,0,0
2010-03-19 17:00:00,0.8632,0.8899,0,0,0,0,0,0
2010-03-19 18:00:00,0.821,0.8808,0,0,0,0,0,0
2010-03-19 19:00:00,0.7785,0.8842,0,0,0,0,0,0
2010-03-19 20:00:00,0.7541,0.7618,0,0,0,0,0,0
2010-03-19 21:00:00,0.7529,0.7817,0,0,0,0,0,0
2010-03-19 22:00:00,0.5794,0.5771,0,0,0,0,0,0
2010-03-19 23:00:00,0.4722,0.3661,0,0,0,0,0,0
2010-03-20 00:00:00,0.474,0.6107,0,0,0,0,0,0
2010-03-20 01:00:00,0.6407,0.7685,0,0,0,0,0,0
2010-03-20 02:00:00,0.7687,0.8517,0,0,0,0,0,0
2010-03-20 03:00:00,0.7954,0.8656,0,0,0,0,0,0
2010-03-20 04:00:00,0.7693,0.7722,0,0,0,0,0,0
2010-03-20 05:00:00,0.5395,0.5803,0,0,0,0,0,0
2010-03-20 06:00:00,0.2343,0.2757,0,0,0,0,0,0
2010-03-20 07:00:00,0.1558,0.2001,0,0,0,0,0,0
2010-03-20 08:00:00,0.2785,0.3806,0,0,0,0,0,0
2010-03-20 09:00:00,0.3333,0.3785,0,0,0,0,0,0
2010-03-20 10:00:00,0.2022,0.2263,0,0,0,0,0,0
2010-03-20 11:00:00,0.2918,0.2805,0,0,0,0,0,0
2010-03-20 12:00:00,0.6053,0.7475,0,0,0,0,0,0
2010-03-20 13:00:00,0.7252,0.7539,0,0,0,0,0,0
2010-03-20 14:00:00,0.786,0.7938,0,0,0,0,0,0
2010-03-20 15:00:00,0.7395,0.7761,0,0,0,0,0,0
2010-03-20 16:00:00,0.7196,0.5431,0,0,0,0,0,0
2010-03-20 17:00:00,0.8253,0.6993,0,0,0,0,0,0
2010-03-20 18:00:00,0.8657,0.7928,0,0,0,0,0,0
2010-03-20 19:00:00,0.8741,0.8289,0,0,0,0,0,0
2010-03-20 20:00:00,0.8556,0.7944,0,0,0,0,0,0
2010-03-20 21:00:00,0.8049,0.718,0,0,0,0,0,0
2010-03-20 22:00:00,0.7795,0.6842,0,0,0,0,0,0
2010-03-20 23:00:00,0.6388,0.5562,0,0,0,0,0,0
2010-03-21 00:00:00,0.492,0.535,0,0,0,0,0,0
2010-03-21 01:00:00,0.3679,0.4048,0,0,0,0,0,0
2010-03-21 02:00:00,0.303,0.3086,0,0,0,0,0,0
2010-03-21 03:00:00,0.2761,0.2708,0,0,0,0,0,0
2010-03-21 04:00:00,0.2243,0.4298,0,0,0,0,0,0
2010-03-21 05:00:00,0.1675,0.3041,0,0,0,0,0,0
2010-03-21 06:00:00,0.1386,0.2514,0,0,0,0,0,0
2010-03-21 07:00:00,0.093,0.1777,0,0,0,0,0,0
2010-03-21 08:00:00,0.0298,0.1102,0,0,0,0,0,0
2010-03-21 09:00:00,0.0036,0.0314,0,0,0,0,0,0
2010-03-21 10:00:00,0.0097,0.0558,0,0,0,0,0,0
2010-03-21 11:00:00,0.0061,0.0518,0,0,0,0,0,0
2010-03-21 12:00:00,0.0014,0.0161,0,0,0,0,0,0
2010-03-21 13:00:00,0.0001,0.0044,0,0,0,0,0,0
2010-03-21 14:00:00,0.0002,0.0075,0,0,0,0,0,0
2010-03-21 15:00:00,0.0,0.0003,0,0,0,0,0,0
2010-03-21 16:00:00,0.0002,0.004,0,0,0,0,0,0
2010-03-21 17:00:00,0.0024,0.0121,0,0,0,0,0,0
2010-03-21 18:00:00,0.0063,0.0208,0,0,0,0,0,0
2010-03-21 19:00:00,0.0068,0.0191,0,0,0,0,0,0
2010-03-21 20:00:00,0.0057,0.0001,0,0,0,0,0,0
2010-03-21 21:00:00,0.0036,0.0,0,0,0,0,0,0
2010-03-21 22:00:00,0.0003,-0.0,0,0,0,0,0,0
2010-03-21 23:00:00,0.0009,-0.0,0,0,0,0,0,0
2010-03-22 00:00:00,0.004,0.0544,0,0,0,0,0,0
2010-03-22 01:00:00,0.0064,0.073,0,0,0,0,0,0
2010-03-22 02:00:00,0.0042,0.0661,0,0,0,0,0,0
2010-03-22 03:00:00,0.0022,0.0298,0,0,0,0,0,0
2010-03-22 04:00:00,0.0004,0.0253,0,0,0,0,0,0
2010-03-22 05:00:00,0.0,0.0061,0,0,0,0,0,0
2010-03-22 06:00:00,0.0,0.0026,0,0,0,0,0,0
2010-03-22 07:00:00,0.0,0.0005,0,0,0,0,0,0
2010-03-22 08:00:00,-0.0,-0.0,0,0,0,0,0,0
2010-03-22 09:00:00,-0.0,-0.0,0,0,0,0,0,0
2010-03-22 10:00:00,0.0,-0.0,0,0,0,0,0,0
2010-03-22 11:00:00,0.0,-0.0,0,0,0,0,0,0
2010-03-22 12:00:00,0.0002,0.0,0,0,0,0,0,0
2010-03-22 13:00:00,0.0036,0.0003,0,0,0,0,0,0
2010-03-22 14:00:00,0.0122,0.0028,0,0,0,0,0,0
2010-03-22 15:00:00,0.0141,0.0033,0,0,0,0,0,0
2010-03-22 16:00:00,0.0162,0.007,0,0,0,0,0,0
2010-03-22 17:00:00,0.0206,0.009,0,0,0,0,0,0
2010-03-22 18:00:00,0.032,0.0093,0,0,0,0,0,0
2010-03-22 19:00:00,0.0376,0.0176,0,0,0,0,0,0
2010-03-22 20:00:00,0.0364,0.0719,0,0,0,0,0,0
2010-03-22 21:00:00,0.0332,0.0534,0,0,0,0,0,0
2010-03-22 22:00:00,0.065,0.0975,0,0,0,0,0,0
2010-03-22 23:00:00,0.0643,0.1138,0,0,0,0,0,0
2010-03-23 00:00:00,0.0672,0.165,0,0,0,0,0,0
2010-03-23 01:00:00,0.0554,0.1799,0,0,0,0,0,0
2010-03-23 02:00:00,0.0453,0.1744,0,0,0,0,0,0
2010-03-23 03:00:00,0.0389,0.1352,0,0,0,0,0,0
2010-03-23 04:00:00,0.0678,0.1728,0,0,0,0,0,0
2010-03-23 05:00:00,0.1282,0.2305,0,0,0,0,0,0
2010-03-23 06:00:00,0.2081,0.3535,0,0,0,0,0,0
2010-03-23 07:00:00,0.2335,0.403,0,0,0,0,0,0
2010-03-23 08:00:00,0.2347,0.1224,0,0,0,0,0,0
2010-03-23 09:00:00,0.2298,0.1311,0,0,0,0,0,0
2010-03-23 10:00:00,0.1902,0.0886,0,0,0,0,0,0
2010-03-23 11:00:00,0.1808,0.0727,0,0,0,0,0,0
2010-03-23 12:00:00,0.1575,0.1831,0,0,0,0,0,0
2010-03-23 13:00:00,0.1358,0.1643,0,0,0,0,0,0
2010-03-23 14:00:00,0.1677,0.1975,0,0,0,0,0,0
2010-03-23 15:00:00,0.2149,0.2491,0,0,0,0,0,0
2010-03-23 16:00:00,0.2446,0.2028,0,0,0,0,0,0
2010-03-23 17:00:00,0.3093,0.3006,0,0,0,0,0,0
2010-03-23 18:00:00,0.4268,0.3731,0,0,0,0,0,0
2010-03-23 19:00:00,0.5603,0.5255,0,0,0,0,0,0
2010-03-23 20:00:00,0.6271,0.6197,0,0,0,0,0,0
2010-03-23 21:00:00,0.5917,0.574,0,0,0,0,0,0
2010-03-23 22:00:00,0.6444,0.655,0,0,0,0,0,0
2010-03-23 23:00:00,0.6735,0.6196,0,0,0,0,0,0
2010-03-24 00:00:00,0.6192,0.7237,0,0,0,0,0,0
2010-03-24 01:00:00,0.5144,0.6388,0,0,0,0,0,0
2010-03-24 02:00:00,0.3603,0.4592,0,0,0,0,0,0
2010-03-24 03:00:00,0.3621,0.4507,0,0,0,0,0,0
2010-03-24 04:00:00,0.6613,0.5111,0,0,0,0,0,0
2010-03-24 05:00:00,0.8379,0.6851,0,0,0,0,0,0
2010-03-24 06:00:00,0.8734,0.7119,0,0,0,0,0,0
2010-03-24 07:00:00,0.8819,0.7004,0,0,0,0,0,0
2010-03-24 08:00:00,0.8877,0.7772,0,0,0,0,0,0
2010-03-24 09:00:00,0.8948,0.8495,0,0,0,0,0,0
2010-03-24 10:00:00,0.8933,0.8428,0,0,0,0,0,0
2010-03-24 11:00:00,0.8952,0.8554,0,0,0,0,0,0
2010-03-24 12:00:00,0.8954,0.897,0,0,0,0,0,0
2010-03-24 13:00:00,0.8908,0.8962,0,0,0,0,0,0
2010-03-24 14:00:00,0.8771,0.8871,0,0,0,0,0,0
2010-03-24 15:00:00,0.8773,0.8737,0,0,0,0,0,0
2010-03-24 16:00:00,0.8817,0.8278,0,0,0,0,0,0
2010-03-24 17:00:00,0.8824,0.7984,0,0,0,0,0,0
2010-03-24 18:00:00,0.8069,0.5458,0,0,0,0,0,0
2010-03-24 19:00:00,0.4225,0.1587,0,0,0,0,0,0
2010-03-24 20:00:00,0.1836,0.1498,0,0,0,0,0,0
2010-03-24 21:00:00,0.114,0.0677,0,0,0,0,0,0
2010-03-24 22:00:00,0.074,0.0183,0,0,0,0,0,0
2010-03-24 23:00:00,0.1932,0.0539,0,0,0,0,0,0
2010-03-25 00:00:00,0.2672,0.2989,0,0,0,0,0,0
2010-03-25 01:00:00,0.2733,0.3319,0,0,0,0,0,0
2010-03-25 02:00:00,0.4777,0.526,0,0,0,0,0,0
2010-03-25 03:00:00,0.7394,0.7619,0,0,0,0,0,0
2010-03-25 04:00:00,0.8807,0.8818,0,0,0,0,0,0
2010-03-25 05:00:00,0.8972,0.8977,0,0,0,0,0,0
2010-03-25 06:00:00,0.8992,0.8993,0,0,0,0,0,0
2010-03-25 07:00:00,0.8997,0.8997,0,0,0,0,0,0
2010-03-25 08:00:00,0.8998,0.8999,0,0,0,0,0,0
2010-03-25 09:00:00,0.8998,0.8999,0,0,0,0,0,0
2010-03-25 10:00:00,0.8998,0.8999,0,0,0,0,0,0
2010-03-25 11:00:00,0.8999,0.9,0,0,0,0,0,0
2010-03-25 12:00:00,0.8997,0.9,0,0,0,0,0,0
2010-03-25 13:00:00,0.8977,0.8999,0,0,0,0,0,0
2010-03-25 14:00:00,0.8986,0.9,0,0,0,0,0,0
2010-03-25 15:00:00,0.897,0.8999,0,0,0,0,0,0
2010-03-25 16:00:00,0.88,0.8968,0,0,0,0,0,0
2010-03-25 17:00:00,0.8104,0.8811,0,0,0,0,0,0
2010-03-25 18:00:00,0.6358,0.8267,0,0,0,0,0,0
2010-03-25 19:00:00,0.3879,0.6561,0,0,0,0,0,0
2010-03-25 20:00:00,0.1932,0.077,0,0,0,0,0,0
2010-03-25 21:00:00,0.1135,0.0345,0,0,0,0,0,0
2010-03-25 22:00:00,0.2516,0.1471,0,0,0,0,0,0
2010-03-25 23:00:00,0.2766,0.1772,0,0,0,0,0,0
2010-03-26 00:00:00,0.2263,0.2495,0,0,0,0,0,0
2010-03-26 01:00:00,0.2701,0.2884,0,0,0,0,0,0
2010-03-26 02:00:00,0.2061,0.2359,0,0,0,0,0,0
2010-03-26 03:00:00,0.4961,0.5432,0,0,0,0,0,0
2010-03-26 04:00:00,0.5495,0.5747,0,0,0,0,0,0
2010-03-26 05:00:00,0.8338,0.8208,0,0,0,0,0,0
2010-03-26 06:00:00,0.8795,0.8626,0,0,0,0,0,0
2010-03-26 07:00:00,0.8943,0.884,0,0,0,0,0,0
2010-03-26 08:00:00,0.8955,0.8952,0,0,0,0,0,0
2010-03-26 09:00:00,0.8975,0.8983,0,0,0,0,0,0
2010-03-26 10:00:00,0.8993,0.8997,0,0,0,0,0,0
2010-03-26 11:00:00,0.8995,0.8998,0,0,0,0,0,0
2010-03-26 12:00:00,0.8995,0.8995,0,0,0,0,0,0
2010-03-26 13:00:00,0.8991,0.8989,0,0,0,0,0,0
2010-03-26 14:00:00,0.8989,0.8991,0,0,0,0,0,0
2010-03-26 15:00:00,0.8976,0.8986,0,0,0,0,0,0
2010-03-26 16:00:00,0.8985,0.8983,0,0,0,0,0,0
2010-03-26 17:00:00,0.8979,0.8984,0,0,0,0,0,0
2010-03-26 18:00:00,0.8993,0.8995,0,0,0,0,0,0
2010-03-26 19:00:00,0.8988,0.899,0,0,0,0,0,0
2010-03-26 20:00:00,0.8994,0.8985,0,0,0,0,0,0
2010-03-26 21:00:00,0.8998,0.8996,0,0,0,0,0,0
2010-03-26 22:00:00,0.9,0.9,0,0,0,0,0,0
2010-03-26 23:00:00,0.9,0.9,0,0,0,0,0,0
2010-03-27 00:00:00,0.9,0.9,0,0,0,0,0,0
2010-03-27 01:00:00,0.9,0.9,0,0,0,0,0,0
2010-03-27 02:00:00,0.9,0.9,0,0,0,0,0,0
2010-03-27 03:00:00,0.9,0.9,0,0,0,0,0,0
2010-03-27 04:00:00,0.9,0.9,0,0,0,0,0,0
2010-03-27 05:00:00,0.8999,0.9,0,0,0,0,0,0
2010-03-27 06:00:00,0.9,0.9,0,0,0,0,0,0
2010-03-27 07:00:00,0.9,0.9,0,0,0,0,0,0
2010-03-27 08:00:00,0.9,0.9,0,0,0,0,0,0
2010-03-27 09:00:00,0.9,0.9,0,0,0,0,0,0
2010-03-27 10:00:00,0.8999,0.9,0,0,0,0,0,0
2010-03-27 11:00:00,0.8993,0.8999,0,0,0,0,0,0
2010-03-27 12:00:00,0.8984,0.8987,0,0,0,0,0,0
2010-03-27 13:00:00,0.898,0.899,0,0,0,0,0,0
2010-03-27 14:00:00,0.8975,0.899,0,0,0,0,0,0
2010-03-27 15:00:00,0.8973,0.899,0,0,0,0,0,0
2010-03-27 16:00:00,0.8942,0.8995,0,0,0,0,0,0
2010-03-27 17:00:00,0.8855,0.8986,0,0,0,0,0,0
2010-03-27 18:00:00,0.8851,0.8991,0,0,0,0,0,0
2010-03-27 19:00:00,0.8872,0.8995,0,0,0,0,0,0
2010-03-27 20:00:00,0.8799,0.8932,0,0,0,0,0,0
2010-03-27 21:00:00,0.8673,0.8945,0,0,0,0,0,0
2010-03-27 22:00:00,0.8266,0.8871,0,0,0,0,0,0
2010-03-27 23:00:00,0.697,0.8504,0,0,0,0,0,0
2010-03-28 00:00:00,0.7069,0.2715,0,0,0,0,0,0
2010-03-28 01:00:00,0.8724,0.4794,0,0,0,0,0,0
2010-03-28 02:00:00,0.8949,0.6795,0,0,0,0,0,0
2010-03-28 03:00:00,0.8907,0.6169,0,0,0,0,0,0
2010-03-28 04:00:00,0.8904,0.8918,0,0,0,0,0,0
2010-03-28 05:00:00,0.891,0.8914,0,0,0,0,0,0
2010-03-28 06:00:00,0.8894,0.8899,0,0,0,0,0,0
2010-03-28 07:00:00,0.888,0.8868,0,0,0,0,0,0
2010-03-28 08:00:00,0.8834,0.8876,0,0,0,0,0,0
2010-03-28 09:00:00,0.8572,0.8731,0,0,0,0,0,0
2010-03-28 10:00:00,0.801,0.827,0,0,0,0,0,0
2010-03-28 11:00:00,0.7295,0.7873,0,0,0,0,0,0
2010-03-28 12:00:00,0.607,0.3423,0,0,0,0,0,0
2010-03-28 13:00:00,0.5162,0.3242,0,0,0,0,0,0
2010-03-28 14:00:00,0.4199,0.2612,0,0,0,0,0,0
2010-03-28 15:00:00,0.3587,0.2067,0,0,0,0,0,0
2010-03-28 16:00:00,0.3342,0.4214,0,0,0,0,0,0
2010-03-28 17:00:00,0.3196,0.4439,0,0,0,0,0,0
2010-03-28 18:00:00,0.2177,0.3472,0,0,0,0,0,0
2010-03-28 19:00:00,0.2056,0.3246,0,0,0,0,0,0
2010-03-28 20:00:00,0.1751,0.2565,0,0,0,0,0,0
2010-03-28 21:00:00,0.1064,0.1906,0,0,0,0,0,0
2010-03-28 22:00:00,0.0326,0.0828,0,0,0,0,0,0
2010-03-28 23:00:00,0.0573,0.1484,0,0,0,0,0,0
2010-03-29 00:00:00,0.1665,0.0798,0,0,0,0,0,0
2010-03-29 01:00:00,0.3238,0.1608,0,0,0,0,0,0
2010-03-29 02:00:00,0.4529,0.2125,0,0,0,0,0,0
2010-03-29 03:00:00,0.634,0.3414,0,0,0,0,0,0
2010-03-29 04:00:00,0.7871,0.8883,0,0,0,0,0,0
2010-03-29 05:00:00,0.823,0.8905,0,0,0,0,0,0
2010-03-29 06:00:00,0.8492,0.8916,0,0,0,0,0,0
2010-03-29 07:00:00,0.8654,0.8947,0,0,0,0,0,0
2010-03-29 08:00:00,0.8639,0.616,0,0,0,0,0,0
2010-03-29 09:00:00,0.8466,0.6034,0,0,0,0,0,0
2010-03-29 10:00:00,0.5028,0.2305,0,0,0,0,0,0
2010-03-29 11:00:00,0.4408,0.178,0,0,0,0,0,0
2010-03-29 12:00:00,0.3905,0.2235,0,0,0,0,0,0
2010-03-29 13:00:00,0.1898,0.1099,0,0,0,0,0,0
2010-03-29 14:00:00,0.1655,0.1216,0,0,0,0,0,0
2010-03-29 15:00:00,0.1712,0.1344,0,0,0,0,0,0
2010-03-29 16:00:00,0.244,0.3967,0,0,0,0,0,0
2010-03-29 17:00:00,0.3987,0.6205,0,0,0,0,0,0
2010-03-29 18:00:00,0.564,0.7364,0,0,0,0,0,0
2010-03-29 19:00:00,0.7064,0.7987,0,0,0,0,0,0
2010-03-29 20:00:00,0.8122,0.8684,0,0,0,0,0,0
2010-03-29 21:00:00,0.8989,0.8996,0,0,0,0,0,0
2010-03-29 22:00:00,0.8785,0.8942,0,0,0,0,0,0
2010-03-29 23:00:00,0.5302,0.6703,0,0,0,0,0,0
2010-03-30 00:00:00,0.7401,0.5805,0,0,0,0,0,0
2010-03-30 01:00:00,0.8492,0.7059,0,0,0,0,0,0
2010-03-30 02:00:00,0.8846,0.7784,0,0,0,0,0,0
2010-03-30 03:00:00,0.8624,0.6419,0,0,0,0,0,0
2010-03-30 04:00:00,0.8971,0.8954,0,0,0,0,0,0
2010-03-30 05:00:00,0.8998,0.8996,0,0,0,0,0,0
2010-03-30 06:00:00,0.8859,0.8834,0,0,0,0,0,0
2010-03-30 07:00:00,0.8765,0.8713,0,0,0,0,0,0
2010-03-30 08:00:00,0.8998,0.8999,0,0,0,0,0,0
2010-03-30 09:00:00,0.9,0.9,0,0,0,0,0,0
2010-03-30 10:00:00,0.9,0.9,0,0,0,0,0,0
2010-03-30 11:00:00,0.9,0.9,0,0,0,0,0,0
2010-03-30 12:00:00,0.9,0.9,0,0,0,0,0,0
2010-03-30 13:00:00,0.8999,0.8999,0,0,0,0,0,0
2010-03-30 14:00:00,0.8998,0.8997,0,0,0,0,0,0
2010-03-30 15:00:00,0.8995,0.8987,0,0,0,0,0,0
2010-03-30 16:00:00,0.8996,0.8999,0,0,0,0,0,0
2010-03-30 17:00:00,0.8997,0.8999,0,0,0,0,0,0
2010-03-30 18:00:00,0.8997,0.8999,0,0,0,0,0,0
2010-03-30 19:00:00,0.8998,0.9,0,0,0,0,0,0
2010-03-30 20:00:00,0.8994,0.8994,0,0,0,0,0,0
2010-03-30 21:00:00,0.8993,0.8995,0,0,0,0,0,0
2010-03-30 22:00:00,0.8998,0.8999,0,0,0,0,0,0
2010-03-30 23:00:00,0.8997,0.8998,0,0,0,0,0,0
2010-03-31 00:00:00,0.8996,0.8951,0,0,0,0,0,0
2010-03-31 01:00:00,0.8996,0.8945,0,0,0,0,0,0
2010-03-31 02:00:00,0.8996,0.897,0,0,0,0,0,0
2010-03-31 03:00:00,0.8996,0.8968,0,0,0,0,0,0
2010-03-31 04:00:00,0.8995,0.8997,0,0,0,0,0,0
2010-03-31 05:00:00,0.8996,0.8997,0,0,0,0,0,0
2010-03-31 06:00:00,0.8993,0.8993,0,0,0,0,0,0
2010-03-31 07:00:00,0.8979,0.898,0,0,0,0,0,0
2010-03-31 08:00:00,0.8958,0.8897,0,0,0,0,0,0
2010-03-31 09:00:00,0.8708,0.8375,0,0,0,0,0,0
2010-03-31 10:00:00,0.6571,0.5978,0,0,0,0,0,0
2010-03-31 11:00:00,0.5567,0.5327,0,0,0,0,0,0
2010-03-31 12:00:00,0.4371,0.6708,0,0,0,0,0,0
2010-03-31 13:00:00,0.3761,0.6369,0,0,0,0,0,0
2010-03-31 14:00:00,0.2269,0.4198,0,0,0,0,0,0
2010-03-31 15:00:00,0.1436,0.3403,0,0,0,0,0,0
2010-03-31 16:00:00,0.0959,0.0415,0,0,0,0,0,0
2010-03-31 17:00:00,0.0722,0.0603,0,0,0,0,0,0
2010-03-31 18:00:00,0.1419,0.1624,0,0,0,0,0,0
2010-03-31 19:00:00,0.2797,0.2598,0,0,0,0,0,0
2010-03-31 20:00:00,0.3489,0.4265,0,0,0,0,0,0
2010-03-31 21:00:00,0.3097,0.3809,0,0,0,0,0,0
2010-03-31 22:00:00,0.2814,0.3352,0,0,0,0,0,0
2010-03-31 23:00:00,0.2529,0.3674,0,0,0,0,0,0
2010-04-01 00:00:00,0.2332,0.5166,0,0,0,0,0,0
2010-04-01 01:00:00,0.1484,0.4333,0,0,0,0,0,0
2010-04-01 02:00:00,0.1113,0.4401,0,0,0,0,0,0
2010-04-01 03:00:00,0.0722,0.347,0,0,0,0,0,0
2010-04-01 04:00:00,0.0481,0.1086,0,0,0,0,0,0
2010-04-01 05:00:00,0.0381,0.1263,0,0,0,0,0,0
2010-04-01 06:00:00,0.0276,0.0974,0,0,0,0,0,0
2010-04-01 07:00:00,0.0139,0.0747,0,0,0,0,0,0
2010-04-01 08:00:00,0.0031,0.0162,0,0,0,0,0,0
2010-04-01 09:00:00,0.0022,0.0095,0,0,0,0,0,0
2010-04-01 10:00:00,0.0038,0.0102,0,0,0,0,0,0
2010-04-01 11:00:00,0.0054,0.011,0,0,0,0,0,0
2010-04-01 12:00:00,0.0136,0.0124,0,0,0,0,0,0
2010-04-01 13:00:00,0.0278,0.0239,0,0,0,0,0,0
2010-04-01 14:00:00,0.0466,0.048,0,0,0,0,0,0
2010-04-01 15:00:00,0.083,0.0596,0,0,0,0,0,0
2010-04-01 16:00:00,0.1213,0.0212,0,0,0,0,0,0
2010-04-01 17:00:00,0.1501,0.0283,0,0,0,0,0,0
2010-04-01 18:00:00,0.2005,0.0456,0,0,0,0,0,0
2010-04-01 19:00:00,0.2421,0.0536,0,0,0,0,0,0
2010-04-01 20:00:00,0.2878,0.1886,0,0,0,0,0,0
2010-04-01 21:00:00,0.4591,0.3467,0,0,0,0,0,0
2010-04-01 22:00:00,0.787,0.6587,0,0,0,0,0,0
2010-04-01 23:00:00,0.8167,0.7092,0,0,0,0,0,0
2010-04-02 00:00:00,0.8255,0.57,0,0,0,0,0,0
2010-04-02 01:00:00,0.8176,0.5282,0,0,0,0,0,0
2010-04-02 02:00:00,0.8217,0.6062,0,0,0,0,0,0
2010-04-02 03:00:00,0.8689,0.6921,0,0,0,0,0,0
2010-04-02 04:00:00,0.8931,0.8995,0,0,0,0,0,0
2010-04-02 05:00:00,0.8987,0.8998,0,0,0,0,0,0
2010-04-02 06:00:00,0.8996,0.8999,0,0,0,0,0,0
2010-04-02 07:00:00,0.8999,0.9,0,0,0,0,0,0
2010-04-02 08:00:00,0.8999,0.9,0,0,0,0,0,0
2010-04-02 09:00:00,0.9,0.9,0,0,0,0,0,0
2010-04-02 10:00:00,0.8997,0.8999,0,0,0,0,0,0
2010-04-02 11:00:00,0.8984,0.8992,0,0,0,0,0,0
2010-04-02 12:00:00,0.8949,0.8962,0,0,0,0,0,0
2010-04-02 13:00:00,0.8973,0.8987,0,0,0,0,0,0
2010-04-02 14:00:00,0.899,0.8996,0,0,0,0,0,0
2010-04-02 15:00:00,0.8994,0.8997,0,0,0,0,0,0
2010-04-02 16:00:00,0.8976,0.849,0,0,0,0,0,0
2010-04-02 17:00:00,0.8961,0.8204,0,0,0,0,0,0
2010-04-02 18:00:00,0.8929,0.839,0,0,0,0,0,0
2010-04-02 19:00:00,0.8867,0.847,0,0,0,0,0,0
2010-04-02 20:00:00,0.8858,0.8607,0,0,0,0,0,0
2010-04-02 21:00:00,0.8884,0.877,0,0,0,0,0,0
2010-04-02 22:00:00,0.8977,0.8965,0,0,0,0,0,0
2010-04-02 23:00:00,0.8954,0.8927,0,0,0,0,0,0
2010-04-03 00:00:00,0.8949,0.8987,0,0,0,0,0,0
2010-04-03 01:00:00,0.8961,0.8993,0,0,0,0,0,0
2010-04-03 02:00:00,0.8982,0.8997,0,0,0,0,0,0
2010-04-03 03:00:00,0.8993,0.8999,0,0,0,0,0,0
2010-04-03 04:00:00,0.8988,0.8987,0,0,0,0,0,0
2010-04-03 05:00:00,0.8988,0.8989,0,0,0,0,0,0
2010-04-03 06:00:00,0.8991,0.8993,0,0,0,0,0,0
2010-04-03 07:00:00,0.8994,0.8994,0,0,0,0,0,0
2010-04-03 08:00:00,0.8993,0.8999,0,0,0,0,0,0
2010-04-03 09:00:00,0.8989,0.8999,0,0,0,0,0,0
2010-04-03 10:00:00,0.8986,0.8998,0,0,0,0,0,0
2010-04-03 11:00:00,0.8998,0.8999,0,0,0,0,0,0
2010-04-03 12:00:00,0.9,0.9,0,0,0,0,0,0
2010-04-03 13:00:00,0.9,0.9,0,0,0,0,0,0
2010-04-03 14:00:00,0.9,0.9,0,0,0,0,0,0
2010-04-03 15:00:00,0.8998,0.9,0,0,0,0,0,0
2010-04-03 16:00:00,0.8998,0.8999,0,0,0,0,0,0
2010-04-03 17:00:00,0.8997,0.8999,0,0,0,0,0,0
2010-04-03 18:00:00,0.8996,0.8999,0,0,0,0,0,0
2010-04-03 19:00:00,0.8995,0.8999,0,0,0,0,0,0
2010-04-03 20:00:00,0.8993,0.8997,0,0,0,0,0,0
2010-04-03 21:00:00,0.897,0.8992,0,0,0,0,0,0
2010-04-03 22:00:00,0.8977,0.8994,0,0,0,0,0,0
2010-04-03 23:00:00,0.8945,0.8985,0,0,0,0,0,0
2010-04-04 00:00:00,0.8758,0.8516,0,0,0,0,0,0
2010-04-04 01:00:00,0.8355,0.816,0,0,0,0,0,0
2010-04-04 02:00:00,0.8356,0.8049,0,0,0,0,0,0
2010-04-04 03:00:00,0.8154,0.7536,0,0,0,0,0,0
2010-04-04 04:00:00,0.7709,0.6549,0,0,0,0,0,0
2010-04-04 05:00:00,0.7839,0.687,0,0,0,0,0,0
2010-04-04 06:00:00,0.8457,0.7581,0,0,0,0,0,0
2010-04-04 07:00:00,0.8627,0.7841,0,0,0,0,0,0
2010-04-04 08:00:00,0.8249,0.8969,0,0,0,0,0,0
2010-04-04 09:00:00,0.7719,0.8958,0,0,0,0,0,0
2010-04-04 10:00:00,0.7235,0.8958,0,0,0,0,0,0
2010-04-04 11:00:00,0.7557,0.8956,0,0,0,0,0,0
2010-04-04 12:00:00,0.7949,0.7976,0,0,0,0,0,0
2010-04-04 13:00:00,0.7851,0.7953,0,0,0,0,0,0
2010-04-04 14:00:00,0.7692,0.8063,0,0,0,0,0,0
2010-04-04 15:00:00,0.7174,0.7568,0,0,0,0,0,0
2010-04-04 16:00:00,0.6369,0.7033,0,0,0,0,0,0
2010-04-04 17:00:00,0.5267,0.6028,0,0,0,0,0,0
2010-04-04 18:00:00,0.3812,0.4162,0,0,0,0,0,0
2010-04-04 19:00:00,0.3107,0.3094,0,0,0,0,0,0
2010-04-04 20:00:00,0.2963,0.3225,0,0,0,0,0,0
2010-04-04 21:00:00,0.251,0.26,0,0,0,0,0,0
2010-04-04 22:00:00,0.1739,0.1923,0,0,0,0,0,0
2010-04-04 23:00:00,0.0971,0.1166,0,0,0,0,0,0
2010-04-05 00:00:00,0.0693,0.0793,0,0,0,0,0,0
2010-04-05 01:00:00,0.0518,0.0643,0,0,0,0,0,0
2010-04-05 02:00:00,0.056,0.0561,0,0,0,0,0,0
2010-04-05 03:00:00,0.0441,0.0366,0,0,0,0,0,0
2010-04-05 04:00:00,0.027,0.0491,0,0,0,0,0,0
2010-04-05 05:00:00,0.0197,0.0361,0,0,0,0,0,0
2010-04-05 06:00:00,0.0265,0.0475,0,0,0,0,0,0
2010-04-05 07:00:00,0.0493,0.0828,0,0,0,0,0,0
2010-04-05 08:00:00,0.0867,0.2186,0,0,0,0,0,0
2010-04-05 09:00:00,0.1054,0.2388,0,0,0,0,0,0
2010-04-05 10:00:00,0.0671,0.1374,0,0,0,0,0,0
2010-04-05 11:00:00,0.0784,0.1568,0,0,0,0,0,0
2010-04-05 12:00:00,0.0806,0.0135,0,0,0,0,0,0
2010-04-05 13:00:00,0.0665,0.0083,0,0,0,0,0,0
2010-04-05 14:00:00,0.0272,0.0003,0,0,0,0,0,0
2010-04-05 15:00:00,0.0035,0.0,0,0,0,0,0,0
2010-04-05 16:00:00,0.0005,0.0005,0,0,0,0,0,0
2010-04-05 17:00:00,0.0118,0.0119,0,0,0,0,0,0
2010-04-05 18:00:00,0.0892,0.0763,0,0,0,0,0,0
2010-04-05 19:00:00,0.2723,0.2665,0,0,0,0,0,0
2010-04-05 20:00:00,0.4906,0.5073,0,0,0,0,0,0
2010-04-05 21:00:00,0.6366,0.643,0,0,0,0,0,0
2010-04-05 22:00:00,0.7495,0.7342,0,0,0,0,0,0
2010-04-05 23:00:00,0.7214,0.7169,0,0,0,0,0,0
2010-04-06 00:00:00,0.6379,0.7176,0,0,0,0,0,0
2010-04-06 01:00:00,0.5429,0.6733,0,0,0,0,0,0
2010-04-06 02:00:00,0.5278,0.6722,0,0,0,0,0,0
2010-04-06 03:00:00,0.6067,0.7375,0,0,0,0,0,0
2010-04-06 04:00:00,0.712,0.7936,0,0,0,0,0,0
2010-04-06 05:00:00,0.7397,0.8094,0,0,0,0,0,0
2010-04-06 06:00:00,0.6999,0.7574,0,0,0,0,0,0
2010-04-06 07:00:00,0.675,0.7373,0,0,0,0,0,0
2010-04-06 08:00:00,0.698,0.4725,0,0,0,0,0,0
2010-04-06 09:00:00,0.6671,0.5148,0,0,0,0,0,0
2010-04-06 10:00:00,0.4128,0.352,0,0,0,0,0,0
2010-04-06 11:00:00,0.4468,0.4879,0,0,0,0,0,0
2010-04-06 12:00:00,0.4831,0.4238,0,0,0,0,0,0
2010-04-06 13:00:00,0.5332,0.4948,0,0,0,0,0,0
2010-04-06 14:00:00,0.4907,0.4132,0,0,0,0,0,0
2010-04-06 15:00:00,0.4644,0.4269,0,0,0,0,0,0
2010-04-06 16:00:00,0.3877,0.1316,0,0,0,0,0,0
2010-04-06 17:00:00,0.3433,0.0907,0,0,0,0,0,0
2010-04-06 18:00:00,0.3597,0.076,0,0,0,0,0,0
2010-04-06 19:00:00,0.2468,0.0412,0,0,0,0,0,0
2010-04-06 20:00:00,0.2136,0.1978,0,0,0,0,0,0
2010-04-06 21:00:00,0.2801,0.218,0,0,0,0,0,0
2010-04-06 22:00:00,0.5864,0.4367,0,0,0,0,0,0
2010-04-06 23:00:00,0.4476,0.2685,0,0,0,0,0,0
2010-04-07 00:00:00,0.4978,0.621,0,0,0,0,0,0
2010-04-07 01:00:00,0.6989,0.7921,0,0,0,0,0,0
2010-04-07 02:00:00,0.7841,0.8428,0,0,0,0,0,0
2010-04-07 03:00:00,0.746,0.7725,0,0,0,0,0,0
2010-04-07 04:00:00,0.4766,0.6431,0,0,0,0,0,0
2010-04-07 05:00:00,0.3316,0.5306,0,0,0,0,0,0
2010-04-07 06:00:00,0.3361,0.5093,0,0,0,0,0,0
2010-04-07 07:00:00,0.4081,0.5694,0,0,0,0,0,0
2010-04-07 08:00:00,0.4313,0.3265,0,0,0,0,0,0
2010-04-07 09:00:00,0.4068,0.334,0,0,0,0,0,0
2010-04-07 10:00:00,0.3554,0.3296,0,0,0,0,0,0
2010-04-07 11:00:00,0.2861,0.2267,0,0,0,0,0,0
2010-04-07 12:00:00,0.281,0.063,0,0,0,0,0,0
2010-04-07 13:00:00,0.3276,0.0773,0,0,0,0,0,0
2010-04-07 14:00:00,0.3891,0.0857,0,0,0,0,0,0
2010-04-07 15:00:00,0.4134,0.0808,0,0,0,0,0,0
2010-04-07 16:00:00,0.419,0.4056,0,0,0,0,0,0
2010-04-07 17:00:00,0.4702,0.3918,0,0,0,0,0,0
2010-04-07 18:00:00,0.4868,0.3769,0,0,0,0,0,0
2010-04-07 19:00:00,0.4559,0.3771,0,0,0,0,0,0
2010-04-07 20:00:00,0.4014,0.1512,0,0,0,0,0,0
2010-04-07 21:00:00,0.3611,0.0963,0,0,0,0,0,0
2010-04-07 22:00:00,0.2787,0.0649,0,0,0,0,0,0
2010-04-07 23:00:00,0.2888,0.0578,0,0,0,0,0,0
2010-04-08 00:00:00,0.3264,0.4112,0,0,0,0,0,0
2010-04-08 01:00:00,0.3572,0.4442,0,0,0,0,0,0
2010-04-08 02:00:00,0.3237,0.4692,0,0,0,0,0,0
2010-04-08 03:00:00,0.2891,0.4724,0,0,0,0,0,0
2010-04-08 04:00:00,0.2493,0.2106,0,0,0,0,0,0
2010-04-08 05:00:00,0.2496,0.1627,0,0,0,0,0,0
2010-04-08 06:00:00,0.252,0.1462,0,0,0,0,0,0
2010-04-08 07:00:00,0.2398,0.183,0,0,0,0,0,0
2010-04-08 08:00:00,0.2063,0.0889,0,0,0,0,0,0
2010-04-08 09:00:00,0.1536,0.0599,0,0,0,0,0,0
2010-04-08 10:00:00,0.0936,0.0391,0,0,0,0,0,0
2010-04-08 11:00:00,0.0734,0.0407,0,0,0,0,0,0
2010-04-08 12:00:00,0.0846,0.051,0,0,0,0,0,0
2010-04-08 13:00:00,0.1096,0.0705,0,0,0,0,0,0
2010-04-08 14:00:00,0.1695,0.1211,0,0,0,0,0,0
2010-04-08 15:00:00,0.2724,0.2386,0,0,0,0,0,0
2010-04-08 16:00:00,0.3715,0.2463,0,0,0,0,0,0
2010-04-08 17:00:00,0.4187,0.3209,0,0,0,0,0,0
2010-04-08 18:00:00,0.4216,0.3366,0,0,0,0,0,0
2010-04-08 19:00:00,0.4018,0.3331,0,0,0,0,0,0
2010-04-08 20:00:00,0.3676,0.4579,0,0,0,0,0,0
2010-04-08 21:00:00,0.3238,0.3288,0,0,0,0,0,0
2010-04-08 22:00:00,0.2494,0.22,0,0,0,0,0,0
2010-04-08 23:00:00,0.2706,0.2549,0,0,0,0,0,0
2010-04-09 00:00:00,0.3041,0.2492,0,0,0,0,0,0
2010-04-09 01:00:00,0.3255,0.2606,0,0,0,0,0,0
2010-04-09 02:00:00,0.3542,0.2854,0,0,0,0,0,0
2010-04-09 03:00:00,0.4011,0.341,0,0,0,0,0,0
2010-04-09 04:00:00,0.4465,0.5669,0,0,0,0,0,0
2010-04-09 05:00:00,0.4272,0.5609,0,0,0,0,0,0
2010-04-09 06:00:00,0.4076,0.5345,0,0,0,0,0,0
2010-04-09 07:00:00,0.3697,0.478,0,0,0,0,0,0
2010-04-09 08:00:00,0.3371,0.367,0,0,0,0,0,0
2010-04-09 09:00:00,0.3153,0.3787,0,0,0,0,0,0
2010-04-09 10:00:00,0.2897,0.3867,0,0,0,0,0,0
2010-04-09 11:00:00,0.308,0.4417,0,0,0,0,0,0
2010-04-09 12:00:00,0.2657,0.0922,0,0,0,0,0,0
2010-04-09 13:00:00,0.1934,0.0542,0,0,0,0,0,0
2010-04-09 14:00:00,0.1647,0.0532,0,0,0,0,0,0
2010-04-09 15:00:00,0.1918,0.0761,0,0,0,0,0,0
2010-04-09 16:00:00,0.2859,0.1769,0,0,0,0,0,0
2010-04-09 17:00:00,0.4525,0.3492,0,0,0,0,0,0
2010-04-09 18:00:00,0.5376,0.4067,0,0,0,0,0,0
2010-04-09 19:00:00,0.5121,0.3727,0,0,0,0,0,0
2010-04-09 20:00:00,0.4603,0.4057,0,0,0,0,0,0
2010-04-09 21:00:00,0.4395,0.3829,0,0,0,0,0,0
2010-04-09 22:00:00,0.4597,0.4601,0,0,0,0,0,0
2010-04-09 23:00:00,0.4791,0.5439,0,0,0,0,0,0
2010-04-10 00:00:00,0.5147,0.4455,0,0,0,0,0,0
2010-04-10 01:00:00,0.6076,0.6032,0,0,0,0,0,0
2010-04-10 02:00:00,0.6955,0.6889,0,0,0,0,0,0
2010-04-10 03:00:00,0.7493,0.7107,0,0,0,0,0,0
2010-04-10 04:00:00,0.7282,0.4546,0,0,0,0,0,0
2010-04-10 05:00:00,0.6802,0.4804,0,0,0,0,0,0
2010-04-10 06:00:00,0.6266,0.433,0,0,0,0,0,0
2010-04-10 07:00:00,0.5753,0.4117,0,0,0,0,0,0
2010-04-10 08:00:00,0.4994,0.6692,0,0,0,0,0,0
2010-04-10 09:00:00,0.4453,0.639,0,0,0,0,0,0
2010-04-10 10:00:00,0.4695,0.6499,0,0,0,0,0,0
2010-04-10 11:00:00,0.5118,0.671,0,0,0,0,0,0
2010-04-10 12:00:00,0.6119,0.5289,0,0,0,0,0,0
2010-04-10 13:00:00,0.6429,0.5849,0,0,0,0,0,0
2010-04-10 14:00:00,0.6354,0.563,0,0,0,0,0,0
2010-04-10 15:00:00,0.6404,0.59,0,0,0,0,0,0
2010-04-10 16:00:00,0.6772,0.7306,0,0,0,0,0,0
2010-04-10 17:00:00,0.7304,0.7757,0,0,0,0,0,0
2010-04-10 18:00:00,0.7869,0.8326,0,0,0,0,0,0
2010-04-10 19:00:00,0.8281,0.8591,0,0,0,0,0,0
2010-04-10 20:00:00,0.8539,0.8228,0,0,0,0,0,0
2010-04-10 21:00:00,0.8685,0.8268,0,0,0,0,0,0
2010-04-10 22:00:00,0.8858,0.8486,0,0,0,0,0,0
2010-04-10 23:00:00,0.8795,0.8148,0,0,0,0,0,0
2010-04-11 00:00:00,0.8756,0.8909,0,0,0,0,0,0
2010-04-11 01:00:00,0.8651,0.8842,0,0,0,0,0,0
2010-04-11 02:00:00,0.8552,0.8832,0,0,0,0,0,0
2010-04-11 03:00:00,0.8457,0.8835,0,0,0,0,0,0
2010-04-11 04:00:00,0.8302,0.7485,0,0,0,0,0,0
2010-04-11 05:00:00,0.8248,0.763,0,0,0,0,0,0
2010-04-11 06:00:00,0.8343,0.7232,0,0,0,0,0,0
2010-04-11 07:00:00,0.8387,0.7092,0,0,0,0,0,0
2010-04-11 08:00:00,0.835,0.7138,0,0,0,0,0,0
2010-04-11 09:00:00,0.8024,0.6491,0,0,0,0,0,0
2010-04-11 10:00:00,0.7427,0.5022,0,0,0,0,0,0
2010-04-11 11:00:00,0.7527,0.4787,0,0,0,0,0,0
2010-04-11 12:00:00,0.784,0.5918,0,0,0,0,0,0
2010-04-11 13:00:00,0.8104,0.6517,0,0,0,0,0,0
2010-04-11 14:00:00,0.8398,0.7306,0,0,0,0,0,0
2010-04-11 15:00:00,0.8711,0.7903,0,0,0,0,0,0
2010-04-11 16:00:00,0.8856,0.8927,0,0,0,0,0,0
2010-04-11 17:00:00,0.8896,0.8931,0,0,0,0,0,0
2010-04-11 18:00:00,0.895,0.8969,0,0,0,0,0,0
2010-04-11 19:00:00,0.8957,0.8975,0,0,0,0,0,0
2010-04-11 20:00:00,0.895,0.891,0,0,0,0,0,0
2010-04-11 21:00:00,0.8972,0.897,0,0,0,0,0,0
2010-04-11 22:00:00,0.8955,0.8959,0,0,0,0,0,0
2010-04-11 23:00:00,0.8935,0.8953,0,0,0,0,0,0
2010-04-12 00:00:00,0.8929,0.892,0,0,0,0,0,0
2010-04-12 01:00:00,0.8927,0.8831,0,0,0,0,0,0
2010-04-12 02:00:00,0.8931,0.8724,0,0,0,0,0,0
2010-04-12 03:00:00,0.8946,0.8843,0,0,0,0,0,0
2010-04-12 04:00:00,0.8936,0.8874,0,0,0,0,0,0
2010-04-12 05:00:00,0.8926,0.8826,0,0,0,0,0,0
2010-04-12 06:00:00,0.8949,0.8893,0,0,0,0,0,0
2010-04-12 07:00:00,0.8958,0.8944,0,0,0,0,0,0
2010-04-12 08:00:00,0.8956,0.8967,0,0,0,0,0,0
2010-04-12 09:00:00,0.8897,0.8911,0,0,0,0,0,0
2010-04-12 10:00:00,0.8707,0.8687,0,0,0,0,0,0
2010-04-12 11:00:00,0.8529,0.8337,0,0,0,0,0,0
2010-04-12 12:00:00,0.8496,0.7076,0,0,0,0,0,0
2010-04-12 13:00:00,0.8721,0.7363,0,0,0,0,0,0
2010-04-12 14:00:00,0.8586,0.6206,0,0,0,0,0,0
2010-04-12 15:00:00,0.8042,0.4492,0,0,0,0,0,0
2010-04-12 16:00:00,0.8135,0.8713,0,0,0,0,0,0
2010-04-12 17:00:00,0.8304,0.875,0,0,0,0,0,0
2010-04-12 18:00:00,0.8096,0.8341,0,0,0,0,0,0
2010-04-12 19:00:00,0.6727,0.7093,0,0,0,0,0,0
2010-04-12 20:00:00,0.5248,0.4422,0,0,0,0,0,0
2010-04-12 21:00:00,0.5023,0.4141,0,0,0,0,0,0
2010-04-12 22:00:00,0.5452,0.4171,0,0,0,0,0,0
2010-04-12 23:00:00,0.5123,0.3395,0,0,0,0,0,0
2010-04-13 00:00:00,0.5088,0.3996,0,0,0,0,0,0
2010-04-13 01:00:00,0.5769,0.4451,0,0,0,0,0,0
2010-04-13 02:00:00,0.5882,0.4252,0,0,0,0,0,0
2010-04-13 03:00:00,0.6039,0.4037,0,0,0,0,0,0
2010-04-13 04:00:00,0.6624,0.638,0,0,0,0,0,0
2010-04-13 05:00:00,0.6407,0.6307,0,0,0,0,0,0
2010-04-13 06:00:00,0.6332,0.7131,0,0,0,0,0,0
2010-04-13 07:00:00,0.5952,0.6817,0,0,0,0,0,0
2010-04-13 08:00:00,0.451,0.3221,0,0,0,0,0,0
2010-04-13 09:00:00,0.3788,0.2134,0,0,0,0,0,0
2010-04-13 10:00:00,0.3105,0.1617,0,0,0,0,0,0
2010-04-13 11:00:00,0.3321,0.1629,0,0,0,0,0,0
2010-04-13 12:00:00,0.2786,0.4591,0,0,0,0,0,0
2010-04-13 13:00:00,0.2037,0.3354,0,0,0,0,0,0
2010-04-13 14:00:00,0.1722,0.266,0,0,0,0,0,0
2010-04-13 15:00:00,0.154,0.2875,0,0,0,0,0,0
2010-04-13 16:00:00,0.1786,0.2316,0,0,0,0,0,0
2010-04-13 17:00:00,0.173,0.2452,0,0,0,0,0,0
2010-04-13 18:00:00,0.1267,0.1706,0,0,0,0,0,0
2010-04-13 19:00:00,0.07,0.0934,0,0,0,0,0,0
2010-04-13 20:00:00,0.0581,0.1192,0,0,0,0,0,0
2010-04-13 21:00:00,0.1259,0.1952,0,0,0,0,0,0
2010-04-13 22:00:00,0.1497,0.2085,0,0,0,0,0,0
2010-04-13 23:00:00,0.2041,0.2718,0,0,0,0,0,0
2010-04-14 00:00:00,0.1446,0.3271,0,0,0,0,0,0
2010-04-14 01:00:00,0.1171,0.3235,0,0,0,0,0,0
2010-04-14 02:00:00,0.1341,0.3574,0,0,0,0,0,0
2010-04-14 03:00:00,0.171,0.422,0,0,0,0,0,0
2010-04-14 04:00:00,0.2267,0.4548,0,0,0,0,0,0
2010-04-14 05:00:00,0.2648,0.423,0,0,0,0,0,0
2010-04-14 06:00:00,0.2711,0.3756,0,0,0,0,0,0
2010-04-14 07:00:00,0.2787,0.371,0,0,0,0,0,0
2010-04-14 08:00:00,0.261,0.2276,0,0,0,0,0,0
2010-04-14 09:00:00,0.2439,0.2499,0,0,0,0,0,0
2010-04-14 10:00:00,0.2165,0.1911,0,0,0,0,0,0
2010-04-14 11:00:00,0.179,0.1229,0,0,0,0,0,0
2010-04-14 12:00:00,0.1689,0.2633,0,0,0,0,0,0
2010-04-14 13:00:00,0.1114,0.1636,0,0,0,0,0,0
2010-04-14 14:00:00,0.1112,0.1467,0,0,0,0,0,0
2010-04-14 15:00:00,0.1718,0.2051,0,0,0,0,0,0
2010-04-14 16:00:00,0.2448,0.1189,0,0,0,0,0,0
2010-04-14 17:00:00,0.3696,0.2129,0,0,0,0,0,0
2010-04-14 18:00:00,0.6171,0.4376,0,0,0,0,0,0
2010-04-14 19:00:00,0.8011,0.6664,0,0,0,0,0,0
2010-04-14 20:00:00,0.8546,0.8648,0,0,0,0,0,0
2010-04-14 21:00:00,0.8321,0.8476,0,0,0,0,0,0
2010-04-14 22:00:00,0.7798,0.7544,0,0,0,0,0,0
2010-04-14 23:00:00,0.7152,0.6352,0,0,0,0,0,0
2010-04-15 00:00:00,0.6459,0.7049,0,0,0,0,0,0
2010-04-15 01:00:00,0.6128,0.6611,0,0,0,0,0,0
2010-04-15 02:00:00,0.5783,0.6176,0,0,0,0,0,0
2010-04-15 03:00:00,0.6085,0.6464,0,0,0,0,0,0
2010-04-15 04:00:00,0.6336,0.3648,0,0,0,0,0,0
2010-04-15 05:00:00,0.6469,0.3653,0,0,0,0,0,0
2010-04-15 06:00:00,0.6569,0.3639,0,0,0,0,0,0
2010-04-15 07:00:00,0.6601,0.3084,0,0,0,0,0,0
2010-04-15 08:00:00,0.6495,0.4165,0,0,0,0,0,0
2010-04-15 09:00:00,0.5972,0.2816,0,0,0,0,0,0
2010-04-15 10:00:00,0.5586,0.2385,0,0,0,0,0,0
2010-04-15 11:00:00,0.5602,0.1904,0,0,0,0,0,0
2010-04-15 12:00:00,0.5979,0.5692,0,0,0,0,0,0
2010-04-15 13:00:00,0.6177,0.5965,0,0,0,0,0,0
2010-04-15 14:00:00,0.6462,0.6162,0,0,0,0,0,0
2010-04-15 15:00:00,0.6509,0.6225,0,0,0,0,0,0
2010-04-15 16:00:00,0.7207,0.636,0,0,0,0,0,0
2010-04-15 17:00:00,0.8064,0.7064,0,0,0,0,0,0
2010-04-15 18:00:00,0.834,0.6726,0,0,0,0,0,0
2010-04-15 19:00:00,0.848,0.7251,0,0,0,0,0,0
2010-04-15 20:00:00,0.8646,0.7228,0,0,0,0,0,0
2010-04-15 21:00:00,0.8731,0.7312,0,0,0,0,0,0
2010-04-15 22:00:00,0.8633,0.7193,0,0,0,0,0,0
2010-04-15 23:00:00,0.8516,0.7376,0,0,0,0,0,0
2010-04-16 00:00:00,0.8342,0.8629,0,0,0,0,0,0
2010-04-16 01:00:00,0.8181,0.8422,0,0,0,0,0,0
2010-04-16 02:00:00,0.79,0.8062,0,0,0,0,0,0
2010-04-16 03:00:00,0.784,0.8427,0,0,0,0,0,0
2010-04-16 04:00:00,0.7918,0.7043,0,0,0,0,0,0
2010-04-16 05:00:00,0.8098,0.6871,0,0,0,0,0,0
2010-04-16 06:00:00,0.8133,0.6134,0,0,0,0,0,0
2010-04-16 07:00:00,0.7841,0.4717,0,0,0,0,0,0
2010-04-16 08:00:00,0.7399,0.8925,0,0,0,0,0,0
2010-04-16 09:00:00,0.6911,0.8896,0,0,0,0,0,0
2010-04-16 10:00:00,0.7139,0.8939,0,0,0,0,0,0
2010-04-16 11:00:00,0.6921,0.8928,0,0,0,0,0,0
2010-04-16 12:00:00,0.7089,0.7796,0,0,0,0,0,0
2010-04-16 13:00:00,0.7159,0.7793,0,0,0,0,0,0
2010-04-16 14:00:00,0.7179,0.8207,0,0,0,0,0,0
2010-04-16 15:00:00,0.761,0.8643,0,0,0,0,0,0
2010-04-16 16:00:00,0.7741,0.7736,0,0,0,0,0,0
2010-04-16 17:00:00,0.7841,0.7767,0,0,0,0,0,0
2010-04-16 18:00:00,0.8203,0.8174,0,0,0,0,0,0
2010-04-16 19:00:00,0.8693,0.8731,0,0,0,0,0,0
2010-04-16 20:00:00,0.8856,0.8447,0,0,0,0,0,0
2010-04-16 21:00:00,0.8837,0.8235,0,0,0,0,0,0
2010-04-16 22:00:00,0.8762,0.7875,0,0,0,0,0,0
2010-04-16 23:00:00,0.8741,0.7928,0,0,0,0,0,0
2010-04-17 00:00:00,0.8764,0.8759,0,0,0,0,0,0
2010-04-17 01:00:00,0.8826,0.8846,0,0,0,0,0,0
2010-04-17 02:00:00,0.8735,0.8716,0,0,0,0,0,0
2010-04-17 03:00:00,0.8546,0.8514,0,0,0,0,0,0
2010-04-17 04:00:00,0.8177,0.8924,0,0,0,0,0,0
2010-04-17 05:00:00,0.7955,0.8793,0,0,0,0,0,0
2010-04-17 06:00:00,0.778,0.877,0,0,0,0,0,0
2010-04-17 07:00:00,0.7423,0.8601,0,0,0,0,0,0
2010-04-17 08:00:00,0.6544,0.7152,0,0,0,0,0,0
2010-04-17 09:00:00,0.5302,0.539,0,0,0,0,0,0
2010-04-17 10:00:00,0.4778,0.4431,0,0,0,0,0,0
2010-04-17 11:00:00,0.4301,0.3535,0,0,0,0,0,0
2010-04-17 12:00:00,0.3903,0.445,0,0,0,0,0,0
2010-04-17 13:00:00,0.3682,0.3812,0,0,0,0,0,0
2010-04-17 14:00:00,0.3205,0.3735,0,0,0,0,0,0
2010-04-17 15:00:00,0.2805,0.3288,0,0,0,0,0,0
2010-04-17 16:00:00,0.2711,0.1798,0,0,0,0,0,0
2010-04-17 17:00:00,0.2638,0.2065,0,0,0,0,0,0
2010-04-17 18:00:00,0.2807,0.2244,0,0,0,0,0,0
2010-04-17 19:00:00,0.3271,0.2758,0,0,0,0,0,0
2010-04-17 20:00:00,0.4484,0.4618,0,0,0,0,0,0
2010-04-17 21:00:00,0.5856,0.5552,0,0,0,0,0,0
2010-04-17 22:00:00,0.5618,0.5819,0,0,0,0,0,0
2010-04-17 23:00:00,0.5033,0.5503,0,0,0,0,0,0
2010-04-18 00:00:00,0.4442,0.6988,0,0,0,0,0,0
2010-04-18 01:00:00,0.4061,0.6432,0,0,0,0,0,0
2010-04-18 02:00:00,0.3598,0.5592,0,0,0,0,0,0
2010-04-18 03:00:00,0.284,0.4348,0,0,0,0,0,0
2010-04-18 04:00:00,0.2127,0.2328,0,0,0,0,0,0
2010-04-18 05:00:00,0.1487,0.1564,0,0,0,0,0,0
2010-04-18 06:00:00,0.1017,0.0947,0,0,0,0,0,0
2010-04-18 07:00:00,0.071,0.0589,0,0,0,0,0,0
2010-04-18 08:00:00,0.0478,0.0526,0,0,0,0,0,0
2010-04-18 09:00:00,0.0362,0.0365,0,0,0,0,0,0
2010-04-18 10:00:00,0.0045,0.0061,0,0,0,0,0,0
2010-04-18 11:00:00,0.0044,0.0069,0,0,0,0,0,0
2010-04-18 12:00:00,0.0039,0.0058,0,0,0,0,0,0
2010-04-18 13:00:00,0.0061,0.0038,0,0,0,0,0,0
2010-04-18 14:00:00,0.0118,0.0058,0,0,0,0,0,0
2010-04-18 15:00:00,0.0199,0.0105,0,0,0,0,0,0
2010-04-18 16:00:00,0.0206,0.004,0,0,0,0,0,0
2010-04-18 17:00:00,0.0205,0.0056,0,0,0,0,0,0
2010-04-18 18:00:00,0.0344,0.0156,0,0,0,0,0,0
2010-04-18 19:00:00,0.0382,0.016,0,0,0,0,0,0
2010-04-18 20:00:00,0.0468,0.0649,0,0,0,0,0,0
2010-04-18 21:00:00,0.0848,0.1381,0,0,0,0,0,0
2010-04-18 22:00:00,0.1768,0.2438,0,0,0,0,0,0
2010-04-18 23:00:00,0.2192,0.2293,0,0,0,0,0,0
2010-04-19 00:00:00,0.1842,0.165,0,0,0,0,0,0
2010-04-19 01:00:00,0.1436,0.1342,0,0,0,0,0,0
2010-04-19 02:00:00,0.0885,0.0954,0,0,0,0,0,0
2010-04-19 03:00:00,0.0133,0.0173,0,0,0,0,0,0
2010-04-19 04:00:00,0.003,0.0662,0,0,0,0,0,0
2010-04-19 05:00:00,0.0086,0.0975,0,0,0,0,0,0
2010-04-19 06:00:00,0.0679,0.1872,0,0,0,0,0,0
2010-04-19 07:00:00,0.1485,0.3163,0,0,0,0,0,0
2010-04-19 08:00:00,0.0911,0.1536,0,0,0,0,0,0
2010-04-19 09:00:00,0.0411,0.087,0,0,0,0,0,0
2010-04-19 10:00:00,0.0033,0.0222,0,0,0,0,0,0
2010-04-19 11:00:00,0.0,0.0021,0,0,0,0,0,0
2010-04-19 12:00:00,0.0075,0.0594,0,0,0,0,0,0
2010-04-19 13:00:00,0.0527,0.1637,0,0,0,0,0,0
2010-04-19 14:00:00,0.0805,0.2177,0,0,0,0,0,0
2010-04-19 15:00:00,0.1212,0.3094,0,0,0,0,0,0
2010-04-19 16:00:00,0.1523,0.3364,0,0,0,0,0,0
2010-04-19 17:00:00,0.118,0.2674,0,0,0,0,0,0
2010-04-19 18:00:00,0.0706,0.1843,0,0,0,0,0,0
2010-04-19 19:00:00,0.0533,0.1968,0,0,0,0,0,0
2010-04-19 20:00:00,0.0371,0.0081,0,0,0,0,0,0
2010-04-19 21:00:00,0.0185,0.0018,0,0,0,0,0,0
2010-04-19 22:00:00,0.0144,0.0,0,0,0,0,0,0
2010-04-19 23:00:00,0.0223,0.0,0,0,0,0,0,0
2010-04-20 00:00:00,0.0611,0.0003,0,0,0,0,0,0
2010-04-20 01:00:00,0.0876,0.0011,0,0,0,0,0,0
2010-04-20 02:00:00,0.1166,0.0079,0,0,0,0,0,0
2010-04-20 03:00:00,0.1139,0.0109,0,0,0,0,0,0
2010-04-20 04:00:00,0.1005,0.308,0,0,0,0,0,0
2010-04-20 05:00:00,0.0712,0.2629,0,0,0,0,0,0
2010-04-20 06:00:00,0.0339,0.1465,0,0,0,0,0,0
2010-04-20 07:00:00,0.0034,0.0478,0,0,0,0,0,0
2010-04-20 08:00:00,0.0001,-0.0,0,0,0,0,0,0
2010-04-20 09:00:00,0.0004,-0.0,0,0,0,0,0,0
2010-04-20 10:00:00,0.0013,-0.0,0,0,0,0,0,0
2010-04-20 11:00:00,0.0035,-0.0,0,0,0,0,0,0
2010-04-20 12:00:00,0.0036,0.0027,0,0,0,0,0,0
2010-04-20 13:00:00,0.0093,0.0127,0,0,0,0,0,0
2010-04-20 14:00:00,0.0102,0.0098,0,0,0,0,0,0
2010-04-20 15:00:00,0.0045,0.0022,0,0,0,0,0,0
2010-04-20 16:00:00,0.0051,0.0555,0,0,0,0,0,0
2010-04-20 17:00:00,0.0167,0.0853,0,0,0,0,0,0
2010-04-20 18:00:00,0.0406,0.1766,0,0,0,0,0,0
2010-04-20 19:00:00,0.0692,0.2934,0,0,0,0,0,0
2010-04-20 20:00:00,0.1094,0.0998,0,0,0,0,0,0
2010-04-20 21:00:00,0.1686,0.1355,0,0,0,0,0,0
2010-04-20 22:00:00,0.2663,0.2119,0,0,0,0,0,0
2010-04-20 23:00:00,0.3857,0.3492,0,0,0,0,0,0
2010-04-21 00:00:00,0.5124,0.4306,0,0,0,0,0,0
2010-04-21 01:00:00,0.5326,0.4809,0,0,0,0,0,0
2010-04-21 02:00:00,0.451,0.3285,0,0,0,0,0,0
2010-04-21 03:00:00,0.4222,0.3102,0,0,0,0,0,0
2010-04-21 04:00:00,0.4759,0.4345,0,0,0,0,0,0
2010-04-21 05:00:00,0.4576,0.505,0,0,0,0,0,0
2010-04-21 06:00:00,0.3922,0.411,0,0,0,0,0,0
2010-04-21 07:00:00,0.3789,0.3645,0,0,0,0,0,0
2010-04-21 08:00:00,0.3528,0.6785,0,0,0,0,0,0
2010-04-21 09:00:00,0.307,0.5297,0,0,0,0,0,0
2010-04-21 10:00:00,0.3862,0.6048,0,0,0,0,0,0
2010-04-21 11:00:00,0.3546,0.6388,0,0,0,0,0,0
2010-04-21 12:00:00,0.4624,0.5716,0,0,0,0,0,0
2010-04-21 13:00:00,0.5522,0.5847,0,0,0,0,0,0
2010-04-21 14:00:00,0.5802,0.5534,0,0,0,0,0,0
2010-04-21 15:00:00,0.6382,0.594,0,0,0,0,0,0
2010-04-21 16:00:00,0.6854,0.3518,0,0,0,0,0,0
2010-04-21 17:00:00,0.7208,0.4808,0,0,0,0,0,0
2010-04-21 18:00:00,0.7815,0.5765,0,0,0,0,0,0
2010-04-21 19:00:00,0.8435,0.7162,0,0,0,0,0,0
2010-04-21 20:00:00,0.8699,0.8043,0,0,0,0,0,0
2010-04-21 21:00:00,0.8396,0.6494,0,0,0,0,0,0
2010-04-21 22:00:00,0.7676,0.497,0,0,0,0,0,0
2010-04-21 23:00:00,0.7836,0.6183,0,0,0,0,0,0
2010-04-22 00:00:00,0.806,0.5419,0,0,0,0,0,0
2010-04-22 01:00:00,0.8097,0.5133,0,0,0,0,0,0
2010-04-22 02:00:00,0.8059,0.5523,0,0,0,0,0,0
2010-04-22 03:00:00,0.8163,0.6435,0,0,0,0,0,0
2010-04-22 04:00:00,0.7793,0.7332,0,0,0,0,0,0
2010-04-22 05:00:00,0.7428,0.7225,0,0,0,0,0,0
2010-04-22 06:00:00,0.6783,0.6838,0,0,0,0,0,0
2010-04-22 07:00:00,0.5633,0.5477,0,0,0,0,0,0
2010-04-22 08:00:00,0.4493,0.2667,0,0,0,0,0,0
2010-04-22 09:00:00,0.2889,0.1678,0,0,0,0,0,0
2010-04-22 10:00:00,0.1968,0.099,0,0,0,0,0,0
2010-04-22 11:00:00,0.2017,0.1202,0,0,0,0,0,0
2010-04-22 12:00:00,0.1806,0.1596,0,0,0,0,0,0
2010-04-22 13:00:00,0.047,0.0411,0,0,0,0,0,0
2010-04-22 14:00:00,0.0014,0.0007,0,0,0,0,0,0
2010-04-22 15:00:00,0.0036,0.0039,0,0,0,0,0,0
2010-04-22 16:00:00,0.0098,0.0172,0,0,0,0,0,0
2010-04-22 17:00:00,0.0005,0.002,0,0,0,0,0,0
2010-04-22 18:00:00,0.0054,0.0048,0,0,0,0,0,0
2010-04-22 19:00:00,0.0357,0.0268,0,0,0,0,0,0
2010-04-22 20:00:00,0.13,0.094,0,0,0,0,0,0
2010-04-22 21:00:00,0.1885,0.1511,0,0,0,0,0,0
2010-04-22 22:00:00,0.2358,0.1748,0,0,0,0,0,0
2010-04-22 23:00:00,0.1634,0.1048,0,0,0,0,0,0
2010-04-23 00:00:00,0.0958,0.034,0,0,0,0,0,0
2010-04-23 01:00:00,0.067,0.0206,0,0,0,0,0,0
2010-04-23 02:00:00,0.0513,0.0083,0,0,0,0,0,0
2010-04-23 03:00:00,0.0665,0.01,0,0,0,0,0,0
2010-04-23 04:00:00,0.1123,0.153,0,0,0,0,0,0
2010-04-23 05:00:00,0.1583,0.2031,0,0,0,0,0,0
2010-04-23 06:00:00,0.1644,0.2115,0,0,0,0,0,0
2010-04-23 07:00:00,0.1409,0.1895,0,0,0,0,0,0
2010-04-23 08:00:00,0.1087,0.0504,0,0,0,0,0,0
2010-04-23 09:00:00,0.0763,0.0254,0,0,0,0,0,0
2010-04-23 10:00:00,0.0359,0.0089,0,0,0,0,0,0
2010-04-23 11:00:00,0.0292,0.011,0,0,0,0,0,0
2010-04-23 12:00:00,0.0193,0.0033,0,0,0,0,0,0
2010-04-23 13:00:00,0.0011,0.0,0,0,0,0,0,0
2010-04-23 14:00:00,0.0001,0.0,0,0,0,0,0,0
2010-04-23 15:00:00,0.0093,0.0031,0,0,0,0,0,0
2010-04-23 16:00:00,0.0434,0.0623,0,0,0,0,0,0
2010-04-23 17:00:00,0.0806,0.1394,0,0,0,0,0,0
2010-04-23 18:00:00,0.1253,0.2537,0,0,0,0,0,0
2010-04-23 19:00:00,0.1227,0.2509,0,0,0,0,0,0
2010-04-23 20:00:00,0.0974,0.0992,0,0,0,0,0,0
2010-04-23 21:00:00,0.0713,0.0798,0,0,0,0,0,0
2010-04-23 22:00:00,0.0134,0.0189,0,0,0,0,0,0
2010-04-23 23:00:00,0.0077,0.0111,0,0,0,0,0,0
2010-04-24 00:00:00,0.0105,0.0398,0,0,0,0,0,0
2010-04-24 01:00:00,0.0182,0.0644,0,0,0,0,0,0
2010-04-24 02:00:00,0.031,0.0964,0,0,0,0,0,0
2010-04-24 03:00:00,0.0216,0.0993,0,0,0,0,0,0
2010-04-24 04:00:00,0.0085,0.0041,0,0,0,0,0,0
2010-04-24 05:00:00,0.002,0.0003,0,0,0,0,0,0
2010-04-24 06:00:00,0.0005,0.0001,0,0,0,0,0,0
2010-04-24 07:00:00,0.0013,0.0004,0,0,0,0,0,0
2010-04-24 08:00:00,0.0045,0.0022,0,0,0,0,0,0
2010-04-24 09:00:00,0.0063,0.0038,0,0,0,0,0,0
2010-04-24 10:00:00,0.0089,0.0097,0,0,0,0,0,0
2010-04-24 11:00:00,0.0132,0.0067,0,0,0,0,0,0
2010-04-24 12:00:00,0.0153,0.0039,0,0,0,0,0,0
2010-04-24 13:00:00,0.0112,0.0005,0,0,0,0,0,0
2010-04-24 14:00:00,0.0051,0.0,0,0,0,0,0,0
2010-04-24 15:00:00,0.0029,0.0,0,0,0,0,0,0
2010-04-24 16:00:00,0.005,0.0376,0,0,0,0,0,0
2010-04-24 17:00:00,0.0094,0.0307,0,0,0,0,0,0
2010-04-24 18:00:00,0.0145,0.0204,0,0,0,0,0,0
2010-04-24 19:00:00,0.0197,0.0213,0,0,0,0,0,0
2010-04-24 20:00:00,0.0201,0.0584,0,0,0,0,0,0
2010-04-24 21:00:00,0.0167,0.0569,0,0,0,0,0,0
2010-04-24 22:00:00,0.0232,0.0924,0,0,0,0,0,0
2010-04-24 23:00:00,0.0101,0.0751,0,0,0,0,0,0
2010-04-25 00:00:00,0.0017,0.0123,0,0,0,0,0,0
2010-04-25 01:00:00,0.0005,0.0089,0,0,0,0,0,0
2010-04-25 02:00:00,0.0011,0.0052,0,0,0,0,0,0
2010-04-25 03:00:00,0.0014,0.0016,0,0,0,0,0,0
2010-04-25 04:00:00,0.0117,0.0004,0,0,0,0,0,0
2010-04-25 05:00:00,0.0367,0.0097,0,0,0,0,0,0
2010-04-25 06:00:00,0.0355,0.0059,0,0,0,0,0,0
2010-04-25 07:00:00,0.0401,0.0076,0,0,0,0,0,0
2010-04-25 08:00:00,0.0377,0.0361,0,0,0,0,0,0
2010-04-25 09:00:00,0.0292,0.0341,0,0,0,0,0,0
2010-04-25 10:00:00,0.024,0.0273,0,0,0,0,0,0
2010-04-25 11:00:00,0.0125,0.0115,0,0,0,0,0,0
2010-04-25 12:00:00,0.0095,0.0321,0,0,0,0,0,0
2010-04-25 13:00:00,0.0167,0.0453,0,0,0,0,0,0
2010-04-25 14:00:00,0.0322,0.0706,0,0,0,0,0,0
2010-04-25 15:00:00,0.0531,0.0864,0,0,0,0,0,0
2010-04-25 16:00:00,0.0704,0.0769,0,0,0,0,0,0
2010-04-25 17:00:00,0.0796,0.0882,0,0,0,0,0,0
2010-04-25 18:00:00,0.073,0.0735,0,0,0,0,0,0
2010-04-25 19:00:00,0.0713,0.0759,0,0,0,0,0,0
2010-04-25 20:00:00,0.0845,0.1287,0,0,0,0,0,0
2010-04-25 21:00:00,0.0969,0.1377,0,0,0,0,0,0
2010-04-25 22:00:00,0.0847,0.1163,0,0,0,0,0,0
2010-04-25 23:00:00,0.0534,0.0884,0,0,0,0,0,0
2010-04-26 00:00:00,0.0323,0.1053,0,0,0,0,0,0
2010-04-26 01:00:00,0.0213,0.0845,0,0,0,0,0,0
2010-04-26 02:00:00,0.0177,0.0673,0,0,0,0,0,0
2010-04-26 03:00:00,0.0232,0.0784,0,0,0,0,0,0
2010-04-26 04:00:00,0.0231,0.0324,0,0,0,0,0,0
2010-04-26 05:00:00,0.0266,0.0261,0,0,0,0,0,0
2010-04-26 06:00:00,0.0232,0.0117,0,0,0,0,0,0
2010-04-26 07:00:00,0.0207,0.0028,0,0,0,0,0,0
2010-04-26 08:00:00,0.0182,0.0,0,0,0,0,0,0
2010-04-26 09:00:00,0.0133,0.0,0,0,0,0,0,0
2010-04-26 10:00:00,0.0159,0.0001,0,0,0,0,0,0
2010-04-26 11:00:00,0.0104,0.0001,0,0,0,0,0,0
2010-04-26 12:00:00,0.0131,0.0078,0,0,0,0,0,0
2010-04-26 13:00:00,0.0394,0.0312,0,0,0,0,0,0
2010-04-26 14:00:00,0.0404,0.0374,0,0,0,0,0,0
2010-04-26 15:00:00,0.0428,0.0249,0,0,0,0,0,0
2010-04-26 16:00:00,0.05,0.0981,0,0,0,0,0,0
2010-04-26 17:00:00,0.0709,0.1253,0,0,0,0,0,0
2010-04-26 18:00:00,0.2055,0.2868,0,0,0,0,0,0
2010-04-26 19:00:00,0.3697,0.5231,0,0,0,0,0,0
2010-04-26 20:00:00,0.4442,0.5937,0,0,0,0,0,0
2010-04-26 21:00:00,0.4254,0.5731,0,0,0,0,0,0
2010-04-26 22:00:00,0.4441,0.5977,0,0,0,0,0,0
2010-04-26 23:00:00,0.3726,0.5719,0,0,0,0,0,0
2010-04-27 00:00:00,0.3427,0.1448,0,0,0,0,0,0
2010-04-27 01:00:00,0.3475,0.1638,0,0,0,0,0,0
2010-04-27 02:00:00,0.3984,0.225,0,0,0,0,0,0
2010-04-27 03:00:00,0.4065,0.2267,0,0,0,0,0,0
2010-04-27 04:00:00,0.4578,0.4101,0,0,0,0,0,0
2010-04-27 05:00:00,0.5263,0.5212,0,0,0,0,0,0
2010-04-27 06:00:00,0.5329,0.5637,0,0,0,0,0,0
2010-04-27 07:00:00,0.3891,0.3852,0,0,0,0,0,0
2010-04-27 08:00:00,0.2835,0.1709,0,0,0,0,0,0
2010-04-27 09:00:00,0.2617,0.1625,0,0,0,0,0,0
2010-04-27 10:00:00,0.297,0.2031,0,0,0,0,0,0
2010-04-27 11:00:00,0.2477,0.229,0,0,0,0,0,0
2010-04-27 12:00:00,0.208,0.0701,0,0,0,0,0,0
2010-04-27 13:00:00,0.1669,0.0419,0,0,0,0,0,0
2010-04-27 14:00:00,0.164,0.0272,0,0,0,0,0,0
2010-04-27 15:00:00,0.1947,0.0226,0,0,0,0,0,0
2010-04-27 16:00:00,0.2671,0.4239,0,0,0,0,0,0
2010-04-27 17:00:00,0.3198,0.518,0,0,0,0,0,0
2010-04-27 18:00:00,0.3725,0.5157,0,0,0,0,0,0
2010-04-27 19:00:00,0.4538,0.5914,0,0,0,0,0,0
2010-04-27 20:00:00,0.5377,0.6378,0,0,0,0,0,0
2010-04-27 21:00:00,0.5701,0.7003,0,0,0,0,0,0
2010-04-27 22:00:00,0.5911,0.7336,0,0,0,0,0,0
2010-04-27 23:00:00,0.6487,0.7708,0,0,0,0,0,0
2010-04-28 00:00:00,0.6167,0.7996,0,0,0,0,0,0
2010-04-28 01:00:00,0.5325,0.7212,0,0,0,0,0,0
2010-04-28 02:00:00,0.4468,0.6745,0,0,0,0,0,0
2010-04-28 03:00:00,0.3387,0.5854,0,0,0,0,0,0
2010-04-28 04:00:00,0.2578,0.4291,0,0,0,0,0,0
2010-04-28 05:00:00,0.208,0.4023,0,0,0,0,0,0
2010-04-28 06:00:00,0.169,0.3471,0,0,0,0,0,0
2010-04-28 07:00:00,0.1295,0.2687,0,0,0,0,0,0
2010-04-28 08:00:00,0.1033,0.07,0,0,0,0,0,0
2010-04-28 09:00:00,0.103,0.0947,0,0,0,0,0,0
2010-04-28 10:00:00,0.1217,0.1234,0,0,0,0,0,0
2010-04-28 11:00:00,0.1194,0.108,0,0,0,0,0,0
2010-04-28 12:00:00,0.0809,0.153,0,0,0,0,0,0
2010-04-28 13:00:00,0.0481,0.1576,0,0,0,0,0,0
2010-04-28 14:00:00,0.0224,0.1163,0,0,0,0,0,0
2010-04-28 15:00:00,0.0021,0.0315,0,0,0,0,0,0
2010-04-28 16:00:00,0.0,0.0,0,0,0,0,0,0
2010-04-28 17:00:00,0.0,-0.0,0,0,0,0,0,0
2010-04-28 18:00:00,0.002,0.0,0,0,0,0,0,0
2010-04-28 19:00:00,0.0307,0.0121,0,0,0,0,0,0
2010-04-28 20:00:00,0.0735,0.139,0,0,0,0,0,0
2010-04-28 21:00:00,0.102,0.1963,0,0,0,0,0,0
2010-04-28 22:00:00,0.2055,0.3861,0,0,0,0,0,0
2010-04-28 23:00:00,0.3427,0.5932,0,0,0,0,0,0
2010-04-29 00:00:00,0.5217,0.7865,0,0,0,0,0,0
2010-04-29 01:00:00,0.7107,0.8666,0,0,0,0,0,0
2010-04-29 02:00:00,0.8243,0.8919,0,0,0,0,0,0
2010-04-29 03:00:00,0.8756,0.8973,0,0,0,0,0,0
2010-04-29 04:00:00,0.8898,0.8872,0,0,0,0,0,0
2010-04-29 05:00:00,0.8719,0.877,0,0,0,0,0,0
2010-04-29 06:00:00,0.7152,0.7766,0,0,0,0,0,0
2010-04-29 07:00:00,0.5879,0.7213,0,0,0,0,0,0
2010-04-29 08:00:00,0.2349,0.1556,0,0,0,0,0,0
2010-04-29 09:00:00,0.1963,0.1254,0,0,0,0,0,0
2010-04-29 10:00:00,0.2969,0.2717,0,0,0,0,0,0
2010-04-29 11:00:00,0.52,0.4514,0,0,0,0,0,0
2010-04-29 12:00:00,0.7646,0.8875,0,0,0,0,0,0
2010-04-29 13:00:00,0.8528,0.8954,0,0,0,0,0,0
2010-04-29 14:00:00,0.7266,0.8618,0,0,0,0,0,0
2010-04-29 15:00:00,0.5652,0.7979,0,0,0,0,0,0
2010-04-29 16:00:00,0.4699,0.4246,0,0,0,0,0,0
2010-04-29 17:00:00,0.3437,0.2876,0,0,0,0,0,0
2010-04-29 18:00:00,0.275,0.2161,0,0,0,0,0,0
2010-04-29 19:00:00,0.292,0.2213,0,0,0,0,0,0
2010-04-29 20:00:00,0.315,0.2845,0,0,0,0,0,0
2010-04-29 21:00:00,0.336,0.2679,0,0,0,0,0,0
2010-04-29 22:00:00,0.3736,0.3116,0,0,0,0,0,0
2010-04-29 23:00:00,0.2885,0.2531,0,0,0,0,0,0
2010-04-30 00:00:00,0.2289,0.1522,0,0,0,0,0,0
2010-04-30 01:00:00,0.2018,0.1038,0,0,0,0,0,0
2010-04-30 02:00:00,0.1826,0.0533,0,0,0,0,0,0
2010-04-30 03:00:00,0.1608,0.0384,0,0,0,0,0,0
2010-04-30 04:00:00,0.1234,0.1569,0,0,0,0,0,0
2010-04-30 05:00:00,0.0877,0.1185,0,0,0,0,0,0
2010-04-30 06:00:00,0.0713,0.0868,0,0,0,0,0,0
2010-04-30 07:00:00,0.0406,0.0419,0,0,0,0,0,0
2010-04-30 08:00:00,0.0101,0.0198,0,0,0,0,0,0
2010-04-30 09:00:00,0.0004,0.0018,0,0,0,0,0,0
2010-04-30 10:00:00,0.001,0.007,0,0,0,0,0,0
2010-04-30 11:00:00,0.0004,0.0033,0,0,0,0,0,0
2010-04-30 12:00:00,0.0003,0.0,0,0,0,0,0,0
2010-04-30 13:00:00,0.0002,0.0001,0,0,0,0,0,0
2010-04-30 14:00:00,0.0007,0.0001,0,0,0,0,0,0
2010-04-30 15:00:00,0.0037,0.0003,0,0,0,0,0,0
2010-04-30 16:00:00,0.0081,0.0196,0,0,0,0,0,0
2010-04-30 17:00:00,0.014,0.0394,0,0,0,0,0,0
2010-04-30 18:00:00,0.0157,0.0381,0,0,0,0,0,0
2010-04-30 19:00:00,0.019,0.0402,0,0,0,0,0,0
2010-04-30 20:00:00,0.0241,0.0195,0,0,0,0,0,0
2010-04-30 21:00:00,0.0289,0.0158,0,0,0,0,0,0
2010-04-30 22:00:00,0.0326,0.0107,0,0,0,0,0,0
2010-04-30 23:00:00,0.0427,0.0152,0,0,0,0,0,0
2010-05-01 00:00:00,0.0647,0.1705,0,0,0,0,0,0
2010-05-01 01:00:00,0.072,0.139,0,0,0,0,0,0
2010-05-01 02:00:00,0.0782,0.1245,0,0,0,0,0,0
2010-05-01 03:00:00,0.0922,0.1422,0,0,0,0,0,0
2010-05-01 04:00:00,0.1071,0.0801,0,0,0,0,0,0
2010-05-01 05:00:00,0.0991,0.0674,0,0,0,0,0,0
2010-05-01 06:00:00,0.0831,0.0601,0,0,0,0,0,0
2010-05-01 07:00:00,0.0714,0.0628,0,0,0,0,0,0
2010-05-01 08:00:00,0.0517,0.0305,0,0,0,0,0,0
2010-05-01 09:00:00,0.0173,0.0023,0,0,0,0,0,0
2010-05-01 10:00:00,0.0004,0.0,0,0,0,0,0,0
2010-05-01 11:00:00,0.0002,-0.0,0,0,0,0,0,0
2010-05-01 12:00:00,0.0134,0.0512,0,0,0,0,0,0
2010-05-01 13:00:00,0.0853,0.2264,0,0,0,0,0,0
2010-05-01 14:00:00,0.1491,0.429,0,0,0,0,0,0
2010-05-01 15:00:00,0.1887,0.5775,0,0,0,0,0,0
2010-05-01 16:00:00,0.2288,0.2854,0,0,0,0,0,0
2010-05-01 17:00:00,0.2711,0.3003,0,0,0,0,0,0
2010-05-01 18:00:00,0.2542,0.2379,0,0,0,0,0,0
2010-05-01 19:00:00,0.207,0.1774,0,0,0,0,0,0
2010-05-01 20:00:00,0.2001,0.5295,0,0,0,0,0,0
2010-05-01 21:00:00,0.2079,0.5535,0,0,0,0,0,0
2010-05-01 22:00:00,0.2555,0.6535,0,0,0,0,0,0
2010-05-01 23:00:00,0.2268,0.6208,0,0,0,0,0,0
2010-05-02 00:00:00,0.2334,0.2829,0,0,0,0,0,0
2010-05-02 01:00:00,0.3237,0.3288,0,0,0,0,0,0
2010-05-02 02:00:00,0.3888,0.3718,0,0,0,0,0,0
2010-05-02 03:00:00,0.4319,0.4205,0,0,0,0,0,0
2010-05-02 04:00:00,0.4408,0.4443,0,0,0,0,0,0
2010-05-02 05:00:00,0.3833,0.4105,0,0,0,0,0,0
2010-05-02 06:00:00,0.3114,0.2761,0,0,0,0,0,0
2010-05-02 07:00:00,0.2871,0.268,0,0,0,0,0,0
2010-05-02 08:00:00,0.2965,0.2539,0,0,0,0,0,0
2010-05-02 09:00:00,0.3268,0.312,0,0,0,0,0,0
2010-05-02 10:00:00,0.4334,0.4412,0,0,0,0,0,0
2010-05-02 11:00:00,0.4923,0.5426,0,0,0,0,0,0
2010-05-02 12:00:00,0.5314,0.557,0,0,0,0,0,0
2010-05-02 13:00:00,0.561,0.5456,0,0,0,0,0,0
2010-05-02 14:00:00,0.5948,0.5488,0,0,0,0,0,0
2010-05-02 15:00:00,0.591,0.523,0,0,0,0,0,0
2010-05-02 16:00:00,0.557,0.4669,0,0,0,0,0,0
2010-05-02 17:00:00,0.5167,0.4544,0,0,0,0,0,0
2010-05-02 18:00:00,0.4647,0.3579,0,0,0,0,0,0
2010-05-02 19:00:00,0.4538,0.3754,0,0,0,0,0,0
2010-05-02 20:00:00,0.4345,0.2631,0,0,0,0,0,0
2010-05-02 21:00:00,0.3522,0.1934,0,0,0,0,0,0
2010-05-02 22:00:00,0.2399,0.0904,0,0,0,0,0,0
2010-05-02 23:00:00,0.1731,0.0677,0,0,0,0,0,0
2010-05-03 00:00:00,0.2138,0.1703,0,0,0,0,0,0
2010-05-03 01:00:00,0.4157,0.3263,0,0,0,0,0,0
2010-05-03 02:00:00,0.6934,0.5576,0,0,0,0,0,0
2010-05-03 03:00:00,0.8198,0.7136,0,0,0,0,0,0
2010-05-03 04:00:00,0.847,0.8308,0,0,0,0,0,0
2010-05-03 05:00:00,0.849,0.8487,0,0,0,0,0,0
2010-05-03 06:00:00,0.8718,0.8776,0,0,0,0,0,0
2010-05-03 07:00:00,0.8727,0.8823,0,0,0,0,0,0
2010-05-03 08:00:00,0.8459,0.8565,0,0,0,0,0,0
2010-05-03 09:00:00,0.8006,0.8249,0,0,0,0,0,0
2010-05-03 10:00:00,0.5373,0.654,0,0,0,0,0,0
2010-05-03 11:00:00,0.4829,0.6422,0,0,0,0,0,0
2010-05-03 12:00:00,0.5489,0.6066,0,0,0,0,0,0
2010-05-03 13:00:00,0.6138,0.6118,0,0,0,0,0,0
2010-05-03 14:00:00,0.6987,0.6905,0,0,0,0,0,0
2010-05-03 15:00:00,0.7735,0.7754,0,0,0,0,0,0
2010-05-03 16:00:00,0.813,0.6694,0,0,0,0,0,0
2010-05-03 17:00:00,0.8507,0.6928,0,0,0,0,0,0
2010-05-03 18:00:00,0.872,0.7069,0,0,0,0,0,0
2010-05-03 19:00:00,0.8862,0.7998,0,0,0,0,0,0
2010-05-03 20:00:00,0.8916,0.815,0,0,0,0,0,0
2010-05-03 21:00:00,0.8955,0.8199,0,0,0,0,0,0
2010-05-03 22:00:00,0.8962,0.7995,0,0,0,0,0,0
2010-05-03 23:00:00,0.8973,0.8222,0,0,0,0,0,0
2010-05-04 00:00:00,0.898,0.8998,0,0,0,0,0,0
2010-05-04 01:00:00,0.8989,0.8999,0,0,0,0,0,0
2010-05-04 02:00:00,0.8991,0.8999,0,0,0,0,0,0
2010-05-04 03:00:00,0.8986,0.8998,0,0,0,0,0,0
2010-05-04 04:00:00,0.8987,0.895,0,0,0,0,0,0
2010-05-04 05:00:00,0.8992,0.8972,0,0,0,0,0,0
2010-05-04 06:00:00,0.8995,0.8989,0,0,0,0,0,0
2010-05-04 07:00:00,0.8996,0.8995,0,0,0,0,0,0
2010-05-04 08:00:00,0.8997,0.8997,0,0,0,0,0,0
2010-05-04 09:00:00,0.8996,0.8997,0,0,0,0,0,0
2010-05-04 10:00:00,0.8995,0.8997,0,0,0,0,0,0
2010-05-04 11:00:00,0.8996,0.8997,0,0,0,0,0,0
2010-05-04 12:00:00,0.8995,0.8997,0,0,0,0,0,0
2010-05-04 13:00:00,0.8993,0.8996,0,0,0,0,0,0
2010-05-04 14:00:00,0.8991,0.8996,0,0,0,0,0,0
2010-05-04 15:00:00,0.8986,0.8997,0,0,0,0,0,0
2010-05-04 16:00:00,0.8981,0.8651,0,0,0,0,0,0
2010-05-04 17:00:00,0.8981,0.8735,0,0,0,0,0,0
2010-05-04 18:00:00,0.8988,0.8845,0,0,0,0,0,0
2010-05-04 19:00:00,0.8992,0.887,0,0,0,0,0,0
2010-05-04 20:00:00,0.8991,0.8984,0,0,0,0,0,0
2010-05-04 21:00:00,0.8985,0.895,0,0,0,0,0,0
2010-05-04 22:00:00,0.8976,0.8918,0,0,0,0,0,0
2010-05-04 23:00:00,0.8901,0.8722,0,0,0,0,0,0
2010-05-05 00:00:00,0.8785,0.8758,0,0,0,0,0,0
2010-05-05 01:00:00,0.8742,0.8682,0,0,0,0,0,0
2010-05-05 02:00:00,0.8849,0.8812,0,0,0,0,0,0
2010-05-05 03:00:00,0.8901,0.8723,0,0,0,0,0,0
2010-05-05 04:00:00,0.8875,0.8998,0,0,0,0,0,0
2010-05-05 05:00:00,0.8873,0.8999,0,0,0,0,0,0
2010-05-05 06:00:00,0.8849,0.8999,0,0,0,0,0,0
2010-05-05 07:00:00,0.8835,0.8999,0,0,0,0,0,0
2010-05-05 08:00:00,0.8738,0.804,0,0,0,0,0,0
2010-05-05 09:00:00,0.8462,0.7317,0,0,0,0,0,0
2010-05-05 10:00:00,0.833,0.7405,0,0,0,0,0,0
2010-05-05 11:00:00,0.8203,0.775,0,0,0,0,0,0
2010-05-05 12:00:00,0.8374,0.8826,0,0,0,0,0,0
2010-05-05 13:00:00,0.8497,0.8906,0,0,0,0,0,0
2010-05-05 14:00:00,0.8233,0.8843,0,0,0,0,0,0
2010-05-05 15:00:00,0.7406,0.8577,0,0,0,0,0,0
2010-05-05 16:00:00,0.7942,0.8763,0,0,0,0,0,0
2010-05-05 17:00:00,0.8522,0.8876,0,0,0,0,0,0
2010-05-05 18:00:00,0.8648,0.8954,0,0,0,0,0,0
2010-05-05 19:00:00,0.8529,0.8934,0,0,0,0,0,0
2010-05-05 20:00:00,0.8454,0.8853,0,0,0,0,0,0
2010-05-05 21:00:00,0.8265,0.8806,0,0,0,0,0,0
2010-05-05 22:00:00,0.8277,0.8872,0,0,0,0,0,0
2010-05-05 23:00:00,0.7171,0.8402,0,0,0,0,0,0
2010-05-06 00:00:00,0.6166,0.7454,0,0,0,0,0,0
2010-05-06 01:00:00,0.5046,0.55,0,0,0,0,0,0
2010-05-06 02:00:00,0.4619,0.4437,0,0,0,0,0,0
2010-05-06 03:00:00,0.4841,0.4512,0,0,0,0,0,0
2010-05-06 04:00:00,0.5067,0.5907,0,0,0,0,0,0
2010-05-06 05:00:00,0.4934,0.6269,0,0,0,0,0,0
2010-05-06 06:00:00,0.4285,0.5323,0,0,0,0,0,0
2010-05-06 07:00:00,0.3483,0.4494,0,0,0,0,0,0
2010-05-06 08:00:00,0.2948,0.4757,0,0,0,0,0,0
2010-05-06 09:00:00,0.2492,0.4884,0,0,0,0,0,0
2010-05-06 10:00:00,0.1843,0.3763,0,0,0,0,0,0
2010-05-06 11:00:00,0.1087,0.2597,0,0,0,0,0,0
2010-05-06 12:00:00,0.0463,0.0735,0,0,0,0,0,0
2010-05-06 13:00:00,0.02,0.0317,0,0,0,0,0,0
2010-05-06 14:00:00,0.0841,0.0992,0,0,0,0,0,0
2010-05-06 15:00:00,0.2265,0.258,0,0,0,0,0,0
2010-05-06 16:00:00,0.3402,0.1717,0,0,0,0,0,0
2010-05-06 17:00:00,0.4121,0.1924,0,0,0,0,0,0
2010-05-06 18:00:00,0.4208,0.2117,0,0,0,0,0,0
2010-05-06 19:00:00,0.3756,0.1958,0,0,0,0,0,0
2010-05-06 20:00:00,0.3308,0.3705,0,0,0,0,0,0
2010-05-06 21:00:00,0.2761,0.2794,0,0,0,0,0,0
2010-05-06 22:00:00,0.2642,0.2449,0,0,0,0,0,0
2010-05-06 23:00:00,0.2386,0.2146,0,0,0,0,0,0
2010-05-07 00:00:00,0.1788,0.2524,0,0,0,0,0,0
2010-05-07 01:00:00,0.1011,0.169,0,0,0,0,0,0
2010-05-07 02:00:00,0.0418,0.1064,0,0,0,0,0,0
2010-05-07 03:00:00,0.0173,0.068,0,0,0,0,0,0
2010-05-07 04:00:00,0.0064,0.0,0,0,0,0,0,0
2010-05-07 05:00:00,0.0029,0.0001,0,0,0,0,0,0
2010-05-07 06:00:00,0.0013,0.0,0,0,0,0,0,0
2010-05-07 07:00:00,0.001,0.0,0,0,0,0,0,0
2010-05-07 08:00:00,0.0013,0.0123,0,0,0,0,0,0
2010-05-07 09:00:00,0.0005,0.0069,0,0,0,0,0,0
2010-05-07 10:00:00,0.0,0.0004,0,0,0,0,0,0
2010-05-07 11:00:00,0.0001,0.0052,0,0,0,0,0,0
2010-05-07 12:00:00,0.0003,0.0,0,0,0,0,0,0
2010-05-07 13:00:00,0.0055,0.0005,0,0,0,0,0,0
2010-05-07 14:00:00,0.0114,0.0024,0,0,0,0,0,0
2010-05-07 15:00:00,0.0169,0.0126,0,0,0,0,0,0
2010-05-07 16:00:00,0.0328,0.0641,0,0,0,0,0,0
2010-05-07 17:00:00,0.0495,0.087,0,0,0,0,0,0
2010-05-07 18:00:00,0.0544,0.0847,0,0,0,0,0,0
2010-05-07 19:00:00,0.0588,0.1184,0,0,0,0,0,0
2010-05-07 20:00:00,0.0694,0.1317,0,0,0,0,0,0
2010-05-07 21:00:00,0.0654,0.1151,0,0,0,0,0,0
2010-05-07 22:00:00,0.0291,0.0506,0,0,0,0,0,0
2010-05-07 23:00:00,0.0094,0.0211,0,0,0,0,0,0
2010-05-08 00:00:00,0.0005,0.0003,0,0,0,0,0,0
2010-05-08 01:00:00,0.0002,0.0,0,0,0,0,0,0
2010-05-08 02:00:00,0.0003,0.0001,0,0,0,0,0,0
2010-05-08 03:00:00,0.0005,0.0044,0,0,0,0,0,0
2010-05-08 04:00:00,0.0005,0.0118,0,0,0,0,0,0
2010-05-08 05:00:00,0.0003,0.0108,0,0,0,0,0,0
2010-05-08 06:00:00,0.0004,0.0204,0,0,0,0,0,0
2010-05-08 07:00:00,0.0005,0.0265,0,0,0,0,0,0
2010-05-08 08:00:00,0.0002,0.0001,0,0,0,0,0,0
2010-05-08 09:00:00,0.0001,0.0001,0,0,0,0,0,0
2010-05-08 10:00:00,0.0,0.0001,0,0,0,0,0,0
2010-05-08 11:00:00,0.0001,0.0001,0,0,0,0,0,0
2010-05-08 12:00:00,0.0,0.0005,0,0,0,0,0,0
2010-05-08 13:00:00,0.0001,0.0034,0,0,0,0,0,0
2010-05-08 14:00:00,0.0004,0.0113,0,0,0,0,0,0
2010-05-08 15:00:00,0.003,0.0174,0,0,0,0,0,0
2010-05-08 16:00:00,0.005,0.0005,0,0,0,0,0,0
2010-05-08 17:00:00,0.0148,0.01,0,0,0,0,0,0
2010-05-08 18:00:00,0.0349,0.0297,0,0,0,0,0,0
2010-05-08 19:00:00,0.0363,0.0392,0,0,0,0,0,0
2010-05-08 20:00:00,0.0545,0.0905,0,0,0,0,0,0
2010-05-08 21:00:00,0.0822,0.1573,0,0,0,0,0,0
2010-05-08 22:00:00,0.2223,0.3996,0,0,0,0,0,0
2010-05-08 23:00:00,0.3537,0.5654,0,0,0,0,0,0
2010-05-09 00:00:00,0.5011,0.4973,0,0,0,0,0,0
2010-05-09 01:00:00,0.5713,0.5232,0,0,0,0,0,0
2010-05-09 02:00:00,0.6719,0.6569,0,0,0,0,0,0
2010-05-09 03:00:00,0.7088,0.707,0,0,0,0,0,0
2010-05-09 04:00:00,0.7349,0.7216,0,0,0,0,0,0
2010-05-09 05:00:00,0.7327,0.7602,0,0,0,0,0,0
2010-05-09 06:00:00,0.7464,0.7907,0,0,0,0,0,0
2010-05-09 07:00:00,0.6256,0.6552,0,0,0,0,0,0
2010-05-09 08:00:00,0.5855,0.4777,0,0,0,0,0,0
2010-05-09 09:00:00,0.55,0.4931,0,0,0,0,0,0
2010-05-09 10:00:00,0.5815,0.5758,0,0,0,0,0,0
2010-05-09 11:00:00,0.5737,0.5038,0,0,0,0,0,0
2010-05-09 12:00:00,0.5184,0.3918,0,0,0,0,0,0
2010-05-09 13:00:00,0.4434,0.3154,0,0,0,0,0,0
2010-05-09 14:00:00,0.3744,0.2182,0,0,0,0,0,0
2010-05-09 15:00:00,0.329,0.1936,0,0,0,0,0,0
2010-05-09 16:00:00,0.3562,0.2256,0,0,0,0,0,0
2010-05-09 17:00:00,0.4329,0.2829,0,0,0,0,0,0
2010-05-09 18:00:00,0.4968,0.3467,0,0,0,0,0,0
2010-05-09 19:00:00,0.468,0.2956,0,0,0,0,0,0
2010-05-09 20:00:00,0.4875,0.7131,0,0,0,0,0,0
2010-05-09 21:00:00,0.4809,0.7691,0,0,0,0,0,0
2010-05-09 22:00:00,0.5035,0.7908,0,0,0,0,0,0
2010-05-09 23:00:00,0.3307,0.6207,0,0,0,0,0,0
2010-05-10 00:00:00,0.1734,0.4477,0,0,0,0,0,0
2010-05-10 01:00:00,0.0714,0.2365,0,0,0,0,0,0
2010-05-10 02:00:00,0.0488,0.1756,0,0,0,0,0,0
2010-05-10 03:00:00,0.0389,0.1385,0,0,0,0,0,0
2010-05-10 04:00:00,0.0169,0.001,0,0,0,0,0,0
2010-05-10 05:00:00,0.0035,0.0,0,0,0,0,0,0
2010-05-10 06:00:00,0.0025,0.0,0,0,0,0,0,0
2010-05-10 07:00:00,0.0158,0.0005,0,0,0,0,0,0
2010-05-10 08:00:00,0.0429,0.0423,0,0,0,0,0,0
2010-05-10 09:00:00,0.0602,0.0634,0,0,0,0,0,0
2010-05-10 10:00:00,0.048,0.0467,0,0,0,0,0,0
2010-05-10 11:00:00,0.0765,0.0672,0,0,0,0,0,0
2010-05-10 12:00:00,0.0705,0.2933,0,0,0,0,0,0
2010-05-10 13:00:00,0.0589,0.2313,0,0,0,0,0,0
2010-05-10 14:00:00,0.0542,0.1875,0,0,0,0,0,0
2010-05-10 15:00:00,0.0534,0.1957,0,0,0,0,0,0
2010-05-10 16:00:00,0.0448,0.0603,0,0,0,0,0,0
2010-05-10 17:00:00,0.0339,0.0553,0,0,0,0,0,0
2010-05-10 18:00:00,0.0222,0.0353,0,0,0,0,0,0
2010-05-10 19:00:00,0.0111,0.0166,0,0,0,0,0,0
2010-05-10 20:00:00,0.0018,0.0229,0,0,0,0,0,0
2010-05-10 21:00:00,0.0001,0.0131,0,0,0,0,0,0
2010-05-10 22:00:00,0.0,0.0028,0,0,0,0,0,0
2010-05-10 23:00:00,0.0001,0.0005,0,0,0,0,0,0
2010-05-11 00:00:00,0.0066,0.0234,0,0,0,0,0,0
2010-05-11 01:00:00,0.0176,0.0484,0,0,0,0,0,0
2010-05-11 02:00:00,0.0276,0.0468,0,0,0,0,0,0
2010-05-11 03:00:00,0.0377,0.0423,0,0,0,0,0,0
2010-05-11 04:00:00,0.0435,0.0435,0,0,0,0,0,0
2010-05-11 05:00:00,0.0489,0.0366,0,0,0,0,0,0
2010-05-11 06:00:00,0.0602,0.0339,0,0,0,0,0,0
2010-05-11 07:00:00,0.0508,0.0288,0,0,0,0,0,0
2010-05-11 08:00:00,0.022,0.0952,0,0,0,0,0,0
2010-05-11 09:00:00,0.0033,0.0511,0,0,0,0,0,0
2010-05-11 10:00:00,0.0026,0.0319,0,0,0,0,0,0
2010-05-11 11:00:00,0.0045,0.0272,0,0,0,0,0,0
2010-05-11 12:00:00,0.0008,0.0004,0,0,0,0,0,0
2010-05-11 13:00:00,0.0,0.0,0,0,0,0,0,0
2010-05-11 14:00:00,0.0003,0.0001,0,0,0,0,0,0
2010-05-11 15:00:00,0.0204,0.0174,0,0,0,0,0,0
2010-05-11 16:00:00,0.1393,0.1048,0,0,0,0,0,0
2010-05-11 17:00:00,0.427,0.3273,0,0,0,0,0,0
2010-05-11 18:00:00,0.6235,0.5059,0,0,0,0,0,0
2010-05-11 19:00:00,0.676,0.515,0,0,0,0,0,0
2010-05-11 20:00:00,0.6461,0.3892,0,0,0,0,0,0
2010-05-11 21:00:00,0.5837,0.3214,0,0,0,0,0,0
2010-05-11 22:00:00,0.4762,0.2081,0,0,0,0,0,0
2010-05-11 23:00:00,0.4629,0.1631,0,0,0,0,0,0
2010-05-12 00:00:00,0.432,0.7273,0,0,0,0,0,0
2010-05-12 01:00:00,0.4167,0.7794,0,0,0,0,0,0
2010-05-12 02:00:00,0.4892,0.8693,0,0,0,0,0,0
2010-05-12 03:00:00,0.5336,0.8908,0,0,0,0,0,0
2010-05-12 04:00:00,0.5267,0.3935,0,0,0,0,0,0
2010-05-12 05:00:00,0.5612,0.4587,0,0,0,0,0,0
2010-05-12 06:00:00,0.562,0.5091,0,0,0,0,0,0
2010-05-12 07:00:00,0.5334,0.4746,0,0,0,0,0,0
2010-05-12 08:00:00,0.4836,0.2664,0,0,0,0,0,0
2010-05-12 09:00:00,0.4241,0.2735,0,0,0,0,0,0
2010-05-12 10:00:00,0.344,0.2363,0,0,0,0,0,0
2010-05-12 11:00:00,0.2869,0.1872,0,0,0,0,0,0
2010-05-12 12:00:00,0.2577,0.1559,0,0,0,0,0,0
2010-05-12 13:00:00,0.2206,0.1423,0,0,0,0,0,0
2010-05-12 14:00:00,0.2273,0.1816,0,0,0,0,0,0
2010-05-12 15:00:00,0.2447,0.202,0,0,0,0,0,0
2010-05-12 16:00:00,0.2565,0.281,0,0,0,0,0,0
2010-05-12 17:00:00,0.2796,0.3427,0,0,0,0,0,0
2010-05-12 18:00:00,0.3114,0.4669,0,0,0,0,0,0
2010-05-12 19:00:00,0.3414,0.5417,0,0,0,0,0,0
2010-05-12 20:00:00,0.3384,0.2475,0,0,0,0,0,0
2010-05-12 21:00:00,0.2781,0.1715,0,0,0,0,0,0
2010-05-12 22:00:00,0.2085,0.0963,0,0,0,0,0,0
2010-05-12 23:00:00,0.1683,0.0463,0,0,0,0,0,0
2010-05-13 00:00:00,0.1637,0.363,0,0,0,0,0,0
2010-05-13 01:00:00,0.1707,0.3587,0,0,0,0,0,0
2010-05-13 02:00:00,0.1909,0.3657,0,0,0,0,0,0
2010-05-13 03:00:00,0.1815,0.333,0,0,0,0,0,0
2010-05-13 04:00:00,0.1893,0.2721,0,0,0,0,0,0
2010-05-13 05:00:00,0.212,0.3238,0,0,0,0,0,0
2010-05-13 06:00:00,0.2189,0.4197,0,0,0,0,0,0
2010-05-13 07:00:00,0.1965,0.4448,0,0,0,0,0,0
2010-05-13 08:00:00,0.1386,0.0273,0,0,0,0,0,0
2010-05-13 09:00:00,0.1068,0.0176,0,0,0,0,0,0
2010-05-13 10:00:00,0.0595,0.0038,0,0,0,0,0,0
2010-05-13 11:00:00,0.0623,0.0042,0,0,0,0,0,0
2010-05-13 12:00:00,0.077,0.0068,0,0,0,0,0,0
2010-05-13 13:00:00,0.0927,0.0021,0,0,0,0,0,0
2010-05-13 14:00:00,0.1155,0.0035,0,0,0,0,0,0
2010-05-13 15:00:00,0.1303,0.0101,0,0,0,0,0,0
2010-05-13 16:00:00,0.1486,0.0688,0,0,0,0,0,0
2010-05-13 17:00:00,0.1839,0.1087,0,0,0,0,0,0
2010-05-13 18:00:00,0.2119,0.1375,0,0,0,0,0,0
2010-05-13 19:00:00,0.2182,0.1753,0,0,0,0,0,0
2010-05-13 20:00:00,0.2061,0.2432,0,0,0,0,0,0
2010-05-13 21:00:00,0.1285,0.1583,0,0,0,0,0,0
2010-05-13 22:00:00,0.0478,0.0744,0,0,0,0,0,0
2010-05-13 23:00:00,0.0202,0.0468,0,0,0,0,0,0
2010-05-14 00:00:00,0.0125,0.004,0,0,0,0,0,0
2010-05-14 01:00:00,0.0126,0.0091,0,0,0,0,0,0
2010-05-14 02:00:00,0.0135,0.0118,0,0,0,0,0,0
2010-05-14 03:00:00,0.0081,0.0191,0,0,0,0,0,0
2010-05-14 04:00:00,0.004,0.0004,0,0,0,0,0,0
2010-05-14 05:00:00,0.002,0.0003,0,0,0,0,0,0
2010-05-14 06:00:00,0.0001,0.0,0,0,0,0,0,0
2010-05-14 07:00:00,0.0,-0.0,0,0,0,0,0,0
2010-05-14 08:00:00,0.0,0.0,0,0,0,0,0,0
2010-05-14 09:00:00,0.0,0.0001,0,0,0,0,0,0
2010-05-14 10:00:00,0.002,0.0036,0,0,0,0,0,0
2010-05-14 11:00:00,0.0108,0.0268,0,0,0,0,0,0
2010-05-14 12:00:00,0.0291,0.0182,0,0,0,0,0,0
2010-05-14 13:00:00,0.0527,0.0418,0,0,0,0,0,0
2010-05-14 14:00:00,0.0706,0.0543,0,0,0,0,0,0
2010-05-14 15:00:00,0.0667,0.0549,0,0,0,0,0,0
2010-05-14 16:00:00,0.0518,0.0046,0,0,0,0,0,0
2010-05-14 17:00:00,0.0386,0.007,0,0,0,0,0,0
2010-05-14 18:00:00,0.0157,0.0006,0,0,0,0,0,0
2010-05-14 19:00:00,0.0014,0.0,0,0,0,0,0,0
2010-05-14 20:00:00,0.0001,0.0004,0,0,0,0,0,0
2010-05-14 21:00:00,0.0,0.0003,0,0,0,0,0,0
2010-05-14 22:00:00,0.0,0.0002,0,0,0,0,0,0
2010-05-14 23:00:00,0.0,0.0001,0,0,0,0,0,0
2010-05-15 00:00:00,0.0001,0.0022,0,0,0,0,0,0
2010-05-15 01:00:00,0.0005,0.0159,0,0,0,0,0,0
2010-05-15 02:00:00,0.0055,0.042,0,0,0,0,0,0
2010-05-15 03:00:00,0.017,0.0589,0,0,0,0,0,0
2010-05-15 04:00:00,0.0368,0.0309,0,0,0,0,0,0
2010-05-15 05:00:00,0.0565,0.0521,0,0,0,0,0,0
2010-05-15 06:00:00,0.0673,0.0559,0,0,0,0,0,0
2010-05-15 07:00:00,0.0543,0.0505,0,0,0,0,0,0
2010-05-15 08:00:00,0.0392,0.0407,0,0,0,0,0,0
2010-05-15 09:00:00,0.0227,0.0287,0,0,0,0,0,0
2010-05-15 10:00:00,0.0313,0.0429,0,0,0,0,0,0
2010-05-15 11:00:00,0.0545,0.0893,0,0,0,0,0,0
2010-05-15 12:00:00,0.085,0.1909,0,0,0,0,0,0
2010-05-15 13:00:00,0.1383,0.2234,0,0,0,0,0,0
2010-05-15 14:00:00,0.1989,0.2487,0,0,0,0,0,0
2010-05-15 15:00:00,0.268,0.2557,0,0,0,0,0,0
2010-05-15 16:00:00,0.3247,0.3219,0,0,0,0,0,0
2010-05-15 17:00:00,0.3382,0.3786,0,0,0,0,0,0
2010-05-15 18:00:00,0.3854,0.4346,0,0,0,0,0,0
2010-05-15 19:00:00,0.415,0.4511,0,0,0,0,0,0
2010-05-15 20:00:00,0.4257,0.368,0,0,0,0,0,0
2010-05-15 21:00:00,0.3772,0.2844,0,0,0,0,0,0
2010-05-15 22:00:00,0.2872,0.1935,0,0,0,0,0,0
2010-05-15 23:00:00,0.3073,0.2245,0,0,0,0,0,0
2010-05-16 00:00:00,0.3186,0.6314,0,0,0,0,0,0
2010-05-16 01:00:00,0.3208,0.5935,0,0,0,0,0,0
2010-05-16 02:00:00,0.3476,0.6678,0,0,0,0,0,0
2010-05-16 03:00:00,0.4167,0.7792,0,0,0,0,0,0
2010-05-16 04:00:00,0.4271,0.2131,0,0,0,0,0,0
2010-05-16 05:00:00,0.3715,0.1376,0,0,0,0,0,0
2010-05-16 06:00:00,0.313,0.1208,0,0,0,0,0,0
2010-05-16 07:00:00,0.2312,0.0867,0,0,0,0,0,0
2010-05-16 08:00:00,0.1793,0.2303,0,0,0,0,0,0
2010-05-16 09:00:00,0.132,0.2009,0,0,0,0,0,0
2010-05-16 10:00:00,0.0945,0.1844,0,0,0,0,0,0
2010-05-16 11:00:00,0.1537,0.2649,0,0,0,0,0,0
2010-05-16 12:00:00,0.1852,0.3567,0,0,0,0,0,0
2010-05-16 13:00:00,0.2112,0.3938,0,0,0,0,0,0
2010-05-16 14:00:00,0.2663,0.4593,0,0,0,0,0,0
2010-05-16 15:00:00,0.2739,0.3804,0,0,0,0,0,0
2010-05-16 16:00:00,0.3299,0.1893,0,0,0,0,0,0
2010-05-16 17:00:00,0.3102,0.1662,0,0,0,0,0,0
2010-05-16 18:00:00,0.3341,0.148,0,0,0,0,0,0
2010-05-16 19:00:00,0.388,0.1716,0,0,0,0,0,0
2010-05-16 20:00:00,0.3955,0.2326,0,0,0,0,0,0
2010-05-16 21:00:00,0.3177,0.1463,0,0,0,0,0,0
2010-05-16 22:00:00,0.3064,0.1665,0,0,0,0,0,0
2010-05-16 23:00:00,0.3803,0.2392,0,0,0,0,0,0
2010-05-17 00:00:00,0.4022,0.4522,0,0,0,0,0,0
2010-05-17 01:00:00,0.41,0.4134,0,0,0,0,0,0
2010-05-17 02:00:00,0.3973,0.4411,0,0,0,0,0,0
2010-05-17 03:00:00,0.423,0.5354,0,0,0,0,0,0
2010-05-17 04:00:00,0.4666,0.5037,0,0,0,0,0,0
2010-05-17 05:00:00,0.4482,0.4392,0,0,0,0,0,0
2010-05-17 06:00:00,0.3244,0.2913,0,0,0,0,0,0
2010-05-17 07:00:00,0.1974,0.1576,0,0,0,0,0,0
2010-05-17 08:00:00,0.1376,0.1851,0,0,0,0,0,0
2010-05-17 09:00:00,0.1224,0.1075,0,0,0,0,0,0
2010-05-17 10:00:00,0.133,0.0774,0,0,0,0,0,0
2010-05-17 11:00:00,0.1108,0.0536,0,0,0,0,0,0
2010-05-17 12:00:00,0.0987,0.0685,0,0,0,0,0,0
2010-05-17 13:00:00,0.122,0.0864,0,0,0,0,0,0
2010-05-17 14:00:00,0.1841,0.1475,0,0,0,0,0,0
2010-05-17 15:00:00,0.2116,0.1733,0,0,0,0,0,0
2010-05-17 16:00:00,0.1562,0.3331,0,0,0,0,0,0
2010-05-17 17:00:00,0.1461,0.3202,0,0,0,0,0,0
2010-05-17 18:00:00,0.1771,0.3655,0,0,0,0,0,0
2010-05-17 19:00:00,0.1685,0.3133,0,0,0,0,0,0
2010-05-17 20:00:00,0.1176,0.1782,0,0,0,0,0,0
2010-05-17 21:00:00,0.0795,0.1049,0,0,0,0,0,0
2010-05-17 22:00:00,0.0934,0.1452,0,0,0,0,0,0
2010-05-17 23:00:00,0.0895,0.1698,0,0,0,0,0,0
2010-05-18 00:00:00,0.0836,0.1355,0,0,0,0,0,0
2010-05-18 01:00:00,0.0722,0.1499,0,0,0,0,0,0
2010-05-18 02:00:00,0.044,0.1068,0,0,0,0,0,0
2010-05-18 03:00:00,0.0276,0.1034,0,0,0,0,0,0
2010-05-18 04:00:00,0.0163,0.0218,0,0,0,0,0,0
2010-05-18 05:00:00,0.0072,0.0109,0,0,0,0,0,0
2010-05-18 06:00:00,0.0013,0.003,0,0,0,0,0,0
2010-05-18 07:00:00,0.0006,0.0049,0,0,0,0,0,0
2010-05-18 08:00:00,0.0034,0.0,0,0,0,0,0,0
2010-05-18 09:00:00,0.0104,0.0001,0,0,0,0,0,0
2010-05-18 10:00:00,0.016,0.0002,0,0,0,0,0,0
2010-05-18 11:00:00,0.0204,0.0004,0,0,0,0,0,0
2010-05-18 12:00:00,0.0392,0.1335,0,0,0,0,0,0
2010-05-18 13:00:00,0.0758,0.2138,0,0,0,0,0,0
2010-05-18 14:00:00,0.1245,0.2724,0,0,0,0,0,0
2010-05-18 15:00:00,0.2008,0.3955,0,0,0,0,0,0
2010-05-18 16:00:00,0.2757,0.0608,0,0,0,0,0,0
2010-05-18 17:00:00,0.3865,0.1343,0,0,0,0,0,0
2010-05-18 18:00:00,0.4652,0.1727,0,0,0,0,0,0
2010-05-18 19:00:00,0.5318,0.2036,0,0,0,0,0,0
2010-05-18 20:00:00,0.5417,0.7736,0,0,0,0,0,0
2010-05-18 21:00:00,0.5554,0.7504,0,0,0,0,0,0
2010-05-18 22:00:00,0.5134,0.6902,0,0,0,0,0,0
2010-05-18 23:00:00,0.487,0.6726,0,0,0,0,0,0
2010-05-19 00:00:00,0.4785,0.4394,0,0,0,0,0,0
2010-05-19 01:00:00,0.4583,0.418,0,0,0,0,0,0
2010-05-19 02:00:00,0.4357,0.3541,0,0,0,0,0,0
2010-05-19 03:00:00,0.3941,0.2769,0,0,0,0,0,0
2010-05-19 04:00:00,0.3484,0.5849,0,0,0,0,0,0
2010-05-19 05:00:00,0.2996,0.5492,0,0,0,0,0,0
2010-05-19 06:00:00,0.2257,0.4049,0,0,0,0,0,0
2010-05-19 07:00:00,0.169,0.3324,0,0,0,0,0,0
2010-05-19 08:00:00,0.1356,0.0489,0,0,0,0,0,0
2010-05-19 09:00:00,0.1051,0.0356,0,0,0,0,0,0
2010-05-19 10:00:00,0.0688,0.0234,0,0,0,0,0,0
2010-05-19 11:00:00,0.0853,0.0141,0,0,0,0,0,0
2010-05-19 12:00:00,0.1173,0.0119,0,0,0,0,0,0
2010-05-19 13:00:00,0.153,0.02,0,0,0,0,0,0
2010-05-19 14:00:00,0.2392,0.0419,0,0,0,0,0,0
2010-05-19 15:00:00,0.3897,0.0861,0,0,0,0,0,0
2010-05-19 16:00:00,0.5447,0.6974,0,0,0,0,0,0
2010-05-19 17:00:00,0.6359,0.5971,0,0,0,0,0,0
2010-05-19 18:00:00,0.6704,0.4754,0,0,0,0,0,0
2010-05-19 19:00:00,0.6673,0.4424,0,0,0,0,0,0
2010-05-19 20:00:00,0.6582,0.712,0,0,0,0,0,0
2010-05-19 21:00:00,0.6416,0.7156,0,0,0,0,0,0
2010-05-19 22:00:00,0.5636,0.6064,0,0,0,0,0,0
2010-05-19 23:00:00,0.5162,0.5393,0,0,0,0,0,0
2010-05-20 00:00:00,0.4754,0.5421,0,0,0,0,0,0
2010-05-20 01:00:00,0.4423,0.4929,0,0,0,0,0,0
2010-05-20 02:00:00,0.3645,0.413,0,0,0,0,0,0
2010-05-20 03:00:00,0.2361,0.2481,0,0,0,0,0,0
2010-05-20 04:00:00,0.1474,0.2175,0,0,0,0,0,0
2010-05-20 05:00:00,0.106,0.1581,0,0,0,0,0,0
2010-05-20 06:00:00,0.0748,0.1117,0,0,0,0,0,0
2010-05-20 07:00:00,0.0525,0.0938,0,0,0,0,0,0
2010-05-20 08:00:00,0.0337,0.0598,0,0,0,0,0,0
2010-05-20 09:00:00,0.0246,0.0387,0,0,0,0,0,0
2010-05-20 10:00:00,0.0163,0.0201,0,0,0,0,0,0
2010-05-20 11:00:00,0.0137,0.0158,0,0,0,0,0,0
2010-05-20 12:00:00,0.0358,0.0,0,0,0,0,0,0
2010-05-20 13:00:00,0.0693,0.0002,0,0,0,0,0,0
2010-05-20 14:00:00,0.1139,0.0002,0,0,0,0,0,0
2010-05-20 15:00:00,0.1807,0.0047,0,0,0,0,0,0
2010-05-20 16:00:00,0.2888,0.2198,0,0,0,0,0,0
2010-05-20 17:00:00,0.3826,0.308,0,0,0,0,0,0
2010-05-20 18:00:00,0.4159,0.3781,0,0,0,0,0,0
2010-05-20 19:00:00,0.4836,0.4359,0,0,0,0,0,0
2010-05-20 20:00:00,0.5544,0.5356,0,0,0,0,0,0
2010-05-20 21:00:00,0.5911,0.5553,0,0,0,0,0,0
2010-05-20 22:00:00,0.5994,0.5366,0,0,0,0,0,0
2010-05-20 23:00:00,0.6211,0.563,0,0,0,0,0,0
2010-05-21 00:00:00,0.6228,0.7491,0,0,0,0,0,0
2010-05-21 01:00:00,0.6473,0.8045,0,0,0,0,0,0
2010-05-21 02:00:00,0.6371,0.8012,0,0,0,0,0,0
2010-05-21 03:00:00,0.5996,0.8167,0,0,0,0,0,0
2010-05-21 04:00:00,0.5854,0.856,0,0,0,0,0,0
2010-05-21 05:00:00,0.6213,0.8819,0,0,0,0,0,0
2010-05-21 06:00:00,0.6657,0.8931,0,0,0,0,0,0
2010-05-21 07:00:00,0.6796,0.8956,0,0,0,0,0,0
2010-05-21 08:00:00,0.6113,0.7711,0,0,0,0,0,0
2010-05-21 09:00:00,0.5056,0.6283,0,0,0,0,0,0
2010-05-21 10:00:00,0.4838,0.5825,0,0,0,0,0,0
2010-05-21 11:00:00,0.4609,0.5531,0,0,0,0,0,0
2010-05-21 12:00:00,0.4529,0.476,0,0,0,0,0,0
2010-05-21 13:00:00,0.4252,0.5382,0,0,0,0,0,0
2010-05-21 14:00:00,0.4351,0.5797,0,0,0,0,0,0
2010-05-21 15:00:00,0.4734,0.649,0,0,0,0,0,0
2010-05-21 16:00:00,0.5316,0.2289,0,0,0,0,0,0
2010-05-21 17:00:00,0.6097,0.2164,0,0,0,0,0,0
2010-05-21 18:00:00,0.6907,0.2388,0,0,0,0,0,0
2010-05-21 19:00:00,0.7475,0.3198,0,0,0,0,0,0
2010-05-21 20:00:00,0.7981,0.8216,0,0,0,0,0,0
2010-05-21 21:00:00,0.8186,0.8453,0,0,0,0,0,0
2010-05-21 22:00:00,0.7904,0.8541,0,0,0,0,0,0
2010-05-21 23:00:00,0.8152,0.8804,0,0,0,0,0,0
2010-05-22 00:00:00,0.8326,0.8674,0,0,0,0,0,0
2010-05-22 01:00:00,0.8411,0.8604,0,0,0,0,0,0
2010-05-22 02:00:00,0.8258,0.8294,0,0,0,0,0,0
2010-05-22 03:00:00,0.8185,0.7993,0,0,0,0,0,0
2010-05-22 04:00:00,0.8215,0.7575,0,0,0,0,0,0
2010-05-22 05:00:00,0.8103,0.6937,0,0,0,0,0,0
2010-05-22 06:00:00,0.7772,0.6244,0,0,0,0,0,0
2010-05-22 07:00:00,0.7458,0.5651,0,0,0,0,0,0
2010-05-22 08:00:00,0.6782,0.3946,0,0,0,0,0,0
2010-05-22 09:00:00,0.6157,0.3326,0,0,0,0,0,0
2010-05-22 10:00:00,0.6225,0.3665,0,0,0,0,0,0
2010-05-22 11:00:00,0.6555,0.4215,0,0,0,0,0,0
2010-05-22 12:00:00,0.6932,0.7767,0,0,0,0,0,0
2010-05-22 13:00:00,0.7331,0.8282,0,0,0,0,0,0
2010-05-22 14:00:00,0.7577,0.8496,0,0,0,0,0,0
2010-05-22 15:00:00,0.7743,0.8609,0,0,0,0,0,0
2010-05-22 16:00:00,0.7963,0.847,0,0,0,0,0,0
2010-05-22 17:00:00,0.8197,0.8554,0,0,0,0,0,0
2010-05-22 18:00:00,0.836,0.8641,0,0,0,0,0,0
2010-05-22 19:00:00,0.827,0.8555,0,0,0,0,0,0
2010-05-22 20:00:00,0.824,0.6326,0,0,0,0,0,0
2010-05-22 21:00:00,0.8241,0.7012,0,0,0,0,0,0
2010-05-22 22:00:00,0.8505,0.7933,0,0,0,0,0,0
2010-05-22 23:00:00,0.8512,0.7949,0,0,0,0,0,0
2010-05-23 00:00:00,0.8617,0.7541,0,0,0,0,0,0
2010-05-23 01:00:00,0.8666,0.7861,0,0,0,0,0,0
2010-05-23 02:00:00,0.8659,0.81,0,0,0,0,0,0
2010-05-23 03:00:00,0.8716,0.826,0,0,0,0,0,0
2010-05-23 04:00:00,0.8746,0.8796,0,0,0,0,0,0
2010-05-23 05:00:00,0.8745,0.8836,0,0,0,0,0,0
2010-05-23 06:00:00,0.8645,0.8593,0,0,0,0,0,0
2010-05-23 07:00:00,0.8479,0.8303,0,0,0,0,0,0
2010-05-23 08:00:00,0.8206,0.7383,0,0,0,0,0,0
2010-05-23 09:00:00,0.7895,0.6466,0,0,0,0,0,0
2010-05-23 10:00:00,0.7333,0.5624,0,0,0,0,0,0
2010-05-23 11:00:00,0.7336,0.5651,0,0,0,0,0,0
2010-05-23 12:00:00,0.7201,0.5978,0,0,0,0,0,0
2010-05-23 13:00:00,0.6648,0.5558,0,0,0,0,0,0
2010-05-23 14:00:00,0.5908,0.5347,0,0,0,0,0,0
2010-05-23 15:00:00,0.5332,0.4711,0,0,0,0,0,0
2010-05-23 16:00:00,0.5021,0.3282,0,0,0,0,0,0
2010-05-23 17:00:00,0.5225,0.3515,0,0,0,0,0,0
2010-05-23 18:00:00,0.5768,0.405,0,0,0,0,0,0
2010-05-23 19:00:00,0.6201,0.4785,0,0,0,0,0,0
2010-05-23 20:00:00,0.6741,0.7158,0,0,0,0,0,0
2010-05-23 21:00:00,0.7519,0.7972,0,0,0,0,0,0
2010-05-23 22:00:00,0.826,0.8621,0,0,0,0,0,0
2010-05-23 23:00:00,0.8431,0.8863,0,0,0,0,0,0
2010-05-24 00:00:00,0.8216,0.5108,0,0,0,0,0,0
2010-05-24 01:00:00,0.7916,0.4911,0,0,0,0,0,0
2010-05-24 02:00:00,0.7401,0.5032,0,0,0,0,0,0
2010-05-24 03:00:00,0.6288,0.3853,0,0,0,0,0,0
2010-05-24 04:00:00,0.5248,0.3588,0,0,0,0,0,0
2010-05-24 05:00:00,0.4731,0.2674,0,0,0,0,0,0
2010-05-24 06:00:00,0.4481,0.2232,0,0,0,0,0,0
2010-05-24 07:00:00,0.3941,0.183,0,0,0,0,0,0
2010-05-24 08:00:00,0.3072,0.1877,0,0,0,0,0,0
2010-05-24 09:00:00,0.2272,0.1141,0,0,0,0,0,0
2010-05-24 10:00:00,0.1024,0.028,0,0,0,0,0,0
2010-05-24 11:00:00,0.071,0.0094,0,0,0,0,0,0
2010-05-24 12:00:00,0.0427,0.0648,0,0,0,0,0,0
2010-05-24 13:00:00,0.0169,0.0418,0,0,0,0,0,0
2010-05-24 14:00:00,0.0026,0.0291,0,0,0,0,0,0
2010-05-24 15:00:00,0.0005,0.0394,0,0,0,0,0,0
2010-05-24 16:00:00,0.0005,0.0033,0,0,0,0,0,0
2010-05-24 17:00:00,0.0002,0.0006,0,0,0,0,0,0
2010-05-24 18:00:00,0.0001,0.0011,0,0,0,0,0,0
2010-05-24 19:00:00,0.0,0.0004,0,0,0,0,0,0
2010-05-24 20:00:00,0.0005,0.0001,0,0,0,0,0,0
2010-05-24 21:00:00,0.0093,0.0031,0,0,0,0,0,0
2010-05-24 22:00:00,0.0951,0.0759,0,0,0,0,0,0
2010-05-24 23:00:00,0.273,0.2382,0,0,0,0,0,0
2010-05-25 00:00:00,0.3536,0.2631,0,0,0,0,0,0
2010-05-25 01:00:00,0.2096,0.1421,0,0,0,0,0,0
2010-05-25 02:00:00,0.1598,0.1305,0,0,0,0,0,0
2010-05-25 03:00:00,0.193,0.1832,0,0,0,0,0,0
2010-05-25 04:00:00,0.1764,0.1547,0,0,0,0,0,0
2010-05-25 05:00:00,0.1878,0.1577,0,0,0,0,0,0
2010-05-25 06:00:00,0.241,0.2369,0,0,0,0,0,0
2010-05-25 07:00:00,0.3144,0.3527,0,0,0,0,0,0
2010-05-25 08:00:00,0.3455,0.5546,0,0,0,0,0,0
2010-05-25 09:00:00,0.4901,0.6405,0,0,0,0,0,0
2010-05-25 10:00:00,0.3879,0.5184,0,0,0,0,0,0
2010-05-25 11:00:00,0.2918,0.4487,0,0,0,0,0,0
2010-05-25 12:00:00,0.3193,0.4419,0,0,0,0,0,0
2010-05-25 13:00:00,0.213,0.3326,0,0,0,0,0,0
2010-05-25 14:00:00,0.1269,0.2133,0,0,0,0,0,0
2010-05-25 15:00:00,0.0976,0.1668,0,0,0,0,0,0
2010-05-25 16:00:00,0.1035,0.0831,0,0,0,0,0,0
2010-05-25 17:00:00,0.0899,0.0634,0,0,0,0,0,0
2010-05-25 18:00:00,0.081,0.0646,0,0,0,0,0,0
2010-05-25 19:00:00,0.1178,0.1103,0,0,0,0,0,0
2010-05-25 20:00:00,0.1495,0.0168,0,0,0,0,0,0
2010-05-25 21:00:00,0.0276,-0.0,0,0,0,0,0,0
2010-05-25 22:00:00,0.0005,-0.0,0,0,0,0,0,0
2010-05-25 23:00:00,0.0166,0.0,0,0,0,0,0,0
2010-05-26 00:00:00,0.054,0.0883,0,0,0,0,0,0
2010-05-26 01:00:00,0.0745,0.1061,0,0,0,0,0,0
2010-05-26 02:00:00,0.0717,0.1351,0,0,0,0,0,0
2010-05-26 03:00:00,0.0911,0.1972,0,0,0,0,0,0
2010-05-26 04:00:00,0.1148,0.1211,0,0,0,0,0,0
2010-05-26 05:00:00,0.081,0.0909,0,0,0,0,0,0
2010-05-26 06:00:00,0.0499,0.0551,0,0,0,0,0,0
2010-05-26 07:00:00,0.0543,0.0568,0,0,0,0,0,0
2010-05-26 08:00:00,0.086,0.0637,0,0,0,0,0,0
2010-05-26 09:00:00,0.1309,0.1121,0,0,0,0,0,0
2010-05-26 10:00:00,0.2216,0.1615,0,0,0,0,0,0
2010-05-26 11:00:00,0.2715,0.1763,0,0,0,0,0,0
2010-05-26 12:00:00,0.3126,0.3794,0,0,0,0,0,0
2010-05-26 13:00:00,0.5034,0.5627,0,0,0,0,0,0
2010-05-26 14:00:00,0.6862,0.7209,0,0,0,0,0,0
2010-05-26 15:00:00,0.7993,0.8009,0,0,0,0,0,0
2010-05-26 16:00:00,0.8325,0.8336,0,0,0,0,0,0
2010-05-26 17:00:00,0.8109,0.8097,0,0,0,0,0,0
2010-05-26 18:00:00,0.7684,0.7875,0,0,0,0,0,0
2010-05-26 19:00:00,0.7242,0.795,0,0,0,0,0,0
2010-05-26 20:00:00,0.6056,0.8132,0,0,0,0,0,0
2010-05-26 21:00:00,0.4506,0.7536,0,0,0,0,0,0
2010-05-26 22:00:00,0.4142,0.7721,0,0,0,0,0,0
2010-05-26 23:00:00,0.3152,0.6477,0,0,0,0,0,0
2010-05-27 00:00:00,0.2634,0.509,0,0,0,0,0,0
2010-05-27 01:00:00,0.2426,0.4497,0,0,0,0,0,0
2010-05-27 02:00:00,0.246,0.5093,0,0,0,0,0,0
2010-05-27 03:00:00,0.2348,0.5808,0,0,0,0,0,0
2010-05-27 04:00:00,0.2214,0.3668,0,0,0,0,0,0
2010-05-27 05:00:00,0.2463,0.4077,0,0,0,0,0,0
2010-05-27 06:00:00,0.3054,0.5399,0,0,0,0,0,0
2010-05-27 07:00:00,0.2864,0.582,0,0,0,0,0,0
2010-05-27 08:00:00,0.1796,0.1397,0,0,0,0,0,0
2010-05-27 09:00:00,0.1432,0.1327,0,0,0,0,0,0
2010-05-27 10:00:00,0.2474,0.2954,0,0,0,0,0,0
2010-05-27 11:00:00,0.3817,0.4962,0,0,0,0,0,0
2010-05-27 12:00:00,0.4434,0.4242,0,0,0,0,0,0
2010-05-27 13:00:00,0.397,0.3863,0,0,0,0,0,0
2010-05-27 14:00:00,0.3551,0.4214,0,0,0,0,0,0
2010-05-27 15:00:00,0.3169,0.3479,0,0,0,0,0,0
2010-05-27 16:00:00,0.2699,0.2101,0,0,0,0,0,0
2010-05-27 17:00:00,0.2244,0.177,0,0,0,0,0,0
2010-05-27 18:00:00,0.1835,0.1763,0,0,0,0,0,0
2010-05-27 19:00:00,0.1411,0.2112,0,0,0,0,0,0
2010-05-27 20:00:00,0.0984,0.0781,0,0,0,0,0,0
2010-05-27 21:00:00,0.069,0.027,0,0,0,0,0,0
2010-05-27 22:00:00,0.0535,0.0153,0,0,0,0,0,0
2010-05-27 23:00:00,0.0801,0.0357,0,0,0,0,0,0
2010-05-28 00:00:00,0.107,0.0391,0,0,0,0,0,0
2010-05-28 01:00:00,0.1337,0.0435,0,0,0,0,0,0
2010-05-28 02:00:00,0.1308,0.0461,0,0,0,0,0,0
2010-05-28 03:00:00,0.1218,0.0455,0,0,0,0,0,0
2010-05-28 04:00:00,0.1042,0.1025,0,0,0,0,0,0
2010-05-28 05:00:00,0.0691,0.0663,0,0,0,0,0,0
2010-05-28 06:00:00,0.0468,0.0422,0,0,0,0,0,0
2010-05-28 07:00:00,0.0326,0.0358,0,0,0,0,0,0
2010-05-28 08:00:00,0.0233,0.0068,0,0,0,0,0,0
2010-05-28 09:00:00,0.0091,0.0002,0,0,0,0,0,0
2010-05-28 10:00:00,0.0002,0.0,0,0,0,0,0,0
2010-05-28 11:00:00,0.0,-0.0,0,0,0,0,0,0
2010-05-28 12:00:00,0.0001,0.0,0,0,0,0,0,0
2010-05-28 13:00:00,0.0074,0.0015,0,0,0,0,0,0
2010-05-28 14:00:00,0.0311,0.0166,0,0,0,0,0,0
2010-05-28 15:00:00,0.0382,0.0113,0,0,0,0,0,0
2010-05-28 16:00:00,0.0221,0.0003,0,0,0,0,0,0
2010-05-28 17:00:00,0.0182,0.001,0,0,0,0,0,0
2010-05-28 18:00:00,0.0219,0.0013,0,0,0,0,0,0
2010-05-28 19:00:00,0.0095,0.0002,0,0,0,0,0,0
2010-05-28 20:00:00,0.0006,0.0084,0,0,0,0,0,0
2010-05-28 21:00:00,0.0039,0.0199,0,0,0,0,0,0
2010-05-28 22:00:00,0.0294,0.0803,0,0,0,0,0,0
2010-05-28 23:00:00,0.054,0.1244,0,0,0,0,0,0
2010-05-29 00:00:00,0.0988,0.3884,0,0,0,0,0,0
2010-05-29 01:00:00,0.1523,0.5484,0,0,0,0,0,0
2010-05-29 02:00:00,0.178,0.6203,0,0,0,0,0,0
2010-05-29 03:00:00,0.1953,0.644,0,0,0,0,0,0
2010-05-29 04:00:00,0.1964,0.2941,0,0,0,0,0,0
2010-05-29 05:00:00,0.1837,0.2702,0,0,0,0,0,0
2010-05-29 06:00:00,0.2733,0.3331,0,0,0,0,0,0
2010-05-29 07:00:00,0.4029,0.4357,0,0,0,0,0,0
2010-05-29 08:00:00,0.5404,0.73,0,0,0,0,0,0
2010-05-29 09:00:00,0.5975,0.7693,0,0,0,0,0,0
2010-05-29 10:00:00,0.6813,0.8268,0,0,0,0,0,0
2010-05-29 11:00:00,0.8777,0.8969,0,0,0,0,0,0
2010-05-29 12:00:00,0.8952,0.8847,0,0,0,0,0,0
2010-05-29 13:00:00,0.891,0.8818,0,0,0,0,0,0
2010-05-29 14:00:00,0.8821,0.8609,0,0,0,0,0,0
2010-05-29 15:00:00,0.8806,0.8712,0,0,0,0,0,0
2010-05-29 16:00:00,0.8752,0.8986,0,0,0,0,0,0
2010-05-29 17:00:00,0.8802,0.8979,0,0,0,0,0,0
2010-05-29 18:00:00,0.8948,0.8991,0,0,0,0,0,0
2010-05-29 19:00:00,0.8959,0.8994,0,0,0,0,0,0
2010-05-29 20:00:00,0.896,0.894,0,0,0,0,0,0
2010-05-29 21:00:00,0.8928,0.8849,0,0,0,0,0,0
2010-05-29 22:00:00,0.8903,0.8794,0,0,0,0,0,0
2010-05-29 23:00:00,0.8919,0.8802,0,0,0,0,0,0
2010-05-30 00:00:00,0.8991,0.8991,0,0,0,0,0,0
2010-05-30 01:00:00,0.8994,0.8996,0,0,0,0,0,0
2010-05-30 02:00:00,0.8992,0.8995,0,0,0,0,0,0
2010-05-30 03:00:00,0.8992,0.8997,0,0,0,0,0,0
2010-05-30 04:00:00,0.8994,0.8999,0,0,0,0,0,0
2010-05-30 05:00:00,0.8993,0.8999,0,0,0,0,0,0
2010-05-30 06:00:00,0.8941,0.899,0,0,0,0,0,0
2010-05-30 07:00:00,0.8843,0.896,0,0,0,0,0,0
2010-05-30 08:00:00,0.8626,0.7285,0,0,0,0,0,0
2010-05-30 09:00:00,0.7924,0.6238,0,0,0,0,0,0
2010-05-30 10:00:00,0.7261,0.4999,0,0,0,0,0,0
2010-05-30 11:00:00,0.7484,0.4988,0,0,0,0,0,0
2010-05-30 12:00:00,0.7581,0.5764,0,0,0,0,0,0
2010-05-30 13:00:00,0.7973,0.6883,0,0,0,0,0,0
2010-05-30 14:00:00,0.8154,0.7194,0,0,0,0,0,0
2010-05-30 15:00:00,0.8112,0.6373,0,0,0,0,0,0
2010-05-30 16:00:00,0.846,0.8963,0,0,0,0,0,0
2010-05-30 17:00:00,0.852,0.8956,0,0,0,0,0,0
2010-05-30 18:00:00,0.8675,0.8965,0,0,0,0,0,0
2010-05-30 19:00:00,0.8731,0.8975,0,0,0,0,0,0
2010-05-30 20:00:00,0.8701,0.8727,0,0,0,0,0,0
2010-05-30 21:00:00,0.8899,0.8898,0,0,0,0,0,0
2010-05-30 22:00:00,0.8991,0.8992,0,0,0,0,0,0
2010-05-30 23:00:00,0.8988,0.899,0,0,0,0,0,0
2010-05-31 00:00:00,0.8984,0.8898,0,0,0,0,0,0
2010-05-31 01:00:00,0.8918,0.8573,0,0,0,0,0,0
2010-05-31 02:00:00,0.8821,0.8549,0,0,0,0,0,0
2010-05-31 03:00:00,0.8701,0.8423,0,0,0,0,0,0
2010-05-31 04:00:00,0.8482,0.8734,0,0,0,0,0,0
2010-05-31 05:00:00,0.8155,0.8709,0,0,0,0,0,0
2010-05-31 06:00:00,0.7575,0.8606,0,0,0,0,0,0
2010-05-31 07:00:00,0.7165,0.8548,0,0,0,0,0,0
2010-05-31 08:00:00,0.5797,0.5954,0,0,0,0,0,0
2010-05-31 09:00:00,0.4914,0.4892,0,0,0,0,0,0
2010-05-31 10:00:00,0.5006,0.4902,0,0,0,0,0,0
2010-05-31 11:00:00,0.3607,0.3545,0,0,0,0,0,0
2010-05-31 12:00:00,0.3618,0.2467,0,0,0,0,0,0
2010-05-31 13:00:00,0.3543,0.2152,0,0,0,0,0,0
2010-05-31 14:00:00,0.3791,0.2197,0,0,0,0,0,0
2010-05-31 15:00:00,0.3881,0.2268,0,0,0,0,0,0
2010-05-31 16:00:00,0.393,0.83,0,0,0,0,0,0
2010-05-31 17:00:00,0.4599,0.8457,0,0,0,0,0,0
2010-05-31 18:00:00,0.4634,0.8364,0,0,0,0,0,0
2010-05-31 19:00:00,0.3794,0.7867,0,0,0,0,0,0
2010-05-31 20:00:00,0.2686,0.2102,0,0,0,0,0,0
2010-05-31 21:00:00,0.1201,0.0901,0,0,0,0,0,0
2010-05-31 22:00:00,0.0141,0.0078,0,0,0,0,0,0
2010-05-31 23:00:00,0.0174,0.0087,0,0,0,0,0,0
2010-06-01 00:00:00,0.0683,0.1172,0,0,0,0,0,0
2010-06-01 01:00:00,0.1148,0.1725,0,0,0,0,0,0
2010-06-01 02:00:00,0.1628,0.2335,0,0,0,0,0,0
2010-06-01 03:00:00,0.2085,0.2873,0,0,0,0,0,0
2010-06-01 04:00:00,0.2163,0.2682,0,0,0,0,0,0
2010-06-01 05:00:00,0.1839,0.3209,0,0,0,0,0,0
2010-06-01 06:00:00,0.1445,0.2768,0,0,0,0,0,0
2010-06-01 07:00:00,0.1273,0.2408,0,0,0,0,0,0
2010-06-01 08:00:00,0.0968,0.0818,0,0,0,0,0,0
2010-06-01 09:00:00,0.0787,0.0342,0,0,0,0,0,0
2010-06-01 10:00:00,0.1242,0.0552,0,0,0,0,0,0
2010-06-01 11:00:00,0.156,0.0927,0,0,0,0,0,0
2010-06-01 12:00:00,0.1621,0.0339,0,0,0,0,0,0
2010-06-01 13:00:00,0.2372,0.069,0,0,0,0,0,0
2010-06-01 14:00:00,0.3364,0.1323,0,0,0,0,0,0
2010-06-01 15:00:00,0.3386,0.1438,0,0,0,0,0,0
2010-06-01 16:00:00,0.3498,0.2016,0,0,0,0,0,0
2010-06-01 17:00:00,0.3555,0.1477,0,0,0,0,0,0
2010-06-01 18:00:00,0.3976,0.1271,0,0,0,0,0,0
2010-06-01 19:00:00,0.472,0.1932,0,0,0,0,0,0
2010-06-01 20:00:00,0.4642,0.2528,0,0,0,0,0,0
2010-06-01 21:00:00,0.3769,0.2186,0,0,0,0,0,0
2010-06-01 22:00:00,0.297,0.1767,0,0,0,0,0,0
2010-06-01 23:00:00,0.3775,0.2299,0,0,0,0,0,0
2010-06-02 00:00:00,0.3431,0.4892,0,0,0,0,0,0
2010-06-02 01:00:00,0.2663,0.4539,0,0,0,0,0,0
2010-06-02 02:00:00,0.2671,0.4314,0,0,0,0,0,0
2010-06-02 03:00:00,0.2448,0.3581,0,0,0,0,0,0
2010-06-02 04:00:00,0.2265,0.1537,0,0,0,0,0,0
2010-06-02 05:00:00,0.2305,0.1787,0,0,0,0,0,0
2010-06-02 06:00:00,0.2433,0.2024,0,0,0,0,0,0
2010-06-02 07:00:00,0.235,0.1903,0,0,0,0,0,0
2010-06-02 08:00:00,0.185,0.2103,0,0,0,0,0,0
2010-06-02 09:00:00,0.1435,0.1925,0,0,0,0,0,0
2010-06-02 10:00:00,0.069,0.1335,0,0,0,0,0,0
2010-06-02 11:00:00,0.052,0.109,0,0,0,0,0,0
2010-06-02 12:00:00,0.0674,0.0076,0,0,0,0,0,0
2010-06-02 13:00:00,0.0939,0.0071,0,0,0,0,0,0
2010-06-02 14:00:00,0.1207,0.0096,0,0,0,0,0,0
2010-06-02 15:00:00,0.1537,0.0165,0,0,0,0,0,0
2010-06-02 16:00:00,0.1704,0.2801,0,0,0,0,0,0
2010-06-02 17:00:00,0.1663,0.2967,0,0,0,0,0,0
2010-06-02 18:00:00,0.157,0.3392,0,0,0,0,0,0
2010-06-02 19:00:00,0.1438,0.3998,0,0,0,0,0,0
2010-06-02 20:00:00,0.1529,0.0893,0,0,0,0,0,0
2010-06-02 21:00:00,0.1913,0.1442,0,0,0,0,0,0
2010-06-02 22:00:00,0.2234,0.1771,0,0,0,0,0,0
2010-06-02 23:00:00,0.255,0.1727,0,0,0,0,0,0
2010-06-03 00:00:00,0.3223,0.5098,0,0,0,0,0,0
2010-06-03 01:00:00,0.3865,0.554,0,0,0,0,0,0
2010-06-03 02:00:00,0.4615,0.6469,0,0,0,0,0,0
2010-06-03 03:00:00,0.5813,0.7906,0,0,0,0,0,0
2010-06-03 04:00:00,0.671,0.8172,0,0,0,0,0,0
2010-06-03 05:00:00,0.691,0.8344,0,0,0,0,0,0
2010-06-03 06:00:00,0.6714,0.8591,0,0,0,0,0,0
2010-06-03 07:00:00,0.586,0.8439,0,0,0,0,0,0
2010-06-03 08:00:00,0.462,0.8023,0,0,0,0,0,0
2010-06-03 09:00:00,0.3507,0.7831,0,0,0,0,0,0
2010-06-03 10:00:00,0.195,0.6582,0,0,0,0,0,0
2010-06-03 11:00:00,0.1157,0.564,0,0,0,0,0,0
2010-06-03 12:00:00,0.0931,0.0448,0,0,0,0,0,0
2010-06-03 13:00:00,0.1,0.0561,0,0,0,0,0,0
2010-06-03 14:00:00,0.1132,0.0559,0,0,0,0,0,0
2010-06-03 15:00:00,0.1151,0.0568,0,0,0,0,0,0
2010-06-03 16:00:00,0.1082,0.0837,0,0,0,0,0,0
2010-06-03 17:00:00,0.127,0.1075,0,0,0,0,0,0
2010-06-03 18:00:00,0.1624,0.1119,0,0,0,0,0,0
2010-06-03 19:00:00,0.1981,0.1266,0,0,0,0,0,0
2010-06-03 20:00:00,0.203,0.0976,0,0,0,0,0,0
2010-06-03 21:00:00,0.2147,0.0974,0,0,0,0,0,0
2010-06-03 22:00:00,0.1941,0.1019,0,0,0,0,0,0
2010-06-03 23:00:00,0.1522,0.081,0,0,0,0,0,0
2010-06-04 00:00:00,0.1405,0.1473,0,0,0,0,0,0
2010-06-04 01:00:00,0.1718,0.2061,0,0,0,0,0,0
2010-06-04 02:00:00,0.1358,0.1442,0,0,0,0,0,0
2010-06-04 03:00:00,0.1189,0.1107,0,0,0,0,0,0
2010-06-04 04:00:00,0.1308,0.1144,0,0,0,0,0,0
2010-06-04 05:00:00,0.1187,0.0899,0,0,0,0,0,0
2010-06-04 06:00:00,0.0735,0.0453,0,0,0,0,0,0
2010-06-04 07:00:00,0.0347,0.0219,0,0,0,0,0,0
2010-06-04 08:00:00,0.014,0.004,0,0,0,0,0,0
2010-06-04 09:00:00,0.0023,0.0006,0,0,0,0,0,0
2010-06-04 10:00:00,0.0,-0.0,0,0,0,0,0,0
2010-06-04 11:00:00,-0.0,-0.0,0,0,0,0,0,0
2010-06-04 12:00:00,0.0005,0.0005,0,0,0,0,0,0
2010-06-04 13:00:00,0.0152,0.008,0,0,0,0,0,0
2010-06-04 14:00:00,0.0522,0.024,0,0,0,0,0,0
2010-06-04 15:00:00,0.1,0.1004,0,0,0,0,0,0
2010-06-04 16:00:00,0.147,0.0674,0,0,0,0,0,0
2010-06-04 17:00:00,0.178,0.0976,0,0,0,0,0,0
2010-06-04 18:00:00,0.2224,0.1154,0,0,0,0,0,0
2010-06-04 19:00:00,0.2623,0.1315,0,0,0,0,0,0
2010-06-04 20:00:00,0.2637,0.2758,0,0,0,0,0,0
2010-06-04 21:00:00,0.2084,0.2346,0,0,0,0,0,0
2010-06-04 22:00:00,0.135,0.1735,0,0,0,0,0,0
2010-06-04 23:00:00,0.084,0.127,0,0,0,0,0,0
2010-06-05 00:00:00,0.0448,0.0013,0,0,0,0,0,0
2010-06-05 01:00:00,0.0196,0.0001,0,0,0,0,0,0
2010-06-05 02:00:00,0.0238,0.0002,0,0,0,0,0,0
2010-06-05 03:00:00,0.0562,0.0031,0,0,0,0,0,0
2010-06-05 04:00:00,0.0774,0.0383,0,0,0,0,0,0
2010-06-05 05:00:00,0.0622,0.0268,0,0,0,0,0,0
2010-06-05 06:00:00,0.048,0.0154,0,0,0,0,0,0
2010-06-05 07:00:00,0.032,0.0033,0,0,0,0,0,0
2010-06-05 08:00:00,0.0181,0.0,0,0,0,0,0,0
2010-06-05 09:00:00,0.0135,0.0001,0,0,0,0,0,0
2010-06-05 10:00:00,0.01,0.0001,0,0,0,0,0,0
2010-06-05 11:00:00,0.0204,0.0004,0,0,0,0,0,0
2010-06-05 12:00:00,0.0298,0.0029,0,0,0,0,0,0
2010-06-05 13:00:00,0.031,0.0035,0,0,0,0,0,0
2010-06-05 14:00:00,0.0455,0.0047,0,0,0,0,0,0
2010-06-05 15:00:00,0.0837,0.0198,0,0,0,0,0,0
2010-06-05 16:00:00,0.1849,0.1734,0,0,0,0,0,0
2010-06-05 17:00:00,0.3562,0.3254,0,0,0,0,0,0
2010-06-05 18:00:00,0.5305,0.4866,0,0,0,0,0,0
2010-06-05 19:00:00,0.5487,0.4212,0,0,0,0,0,0
2010-06-05 20:00:00,0.4786,0.6174,0,0,0,0,0,0
2010-06-05 21:00:00,0.3934,0.5138,0,0,0,0,0,0
2010-06-05 22:00:00,0.348,0.4736,0,0,0,0,0,0
2010-06-05 23:00:00,0.443,0.4713,0,0,0,0,0,0
2010-06-06 00:00:00,0.3173,0.2934,0,0,0,0,0,0
2010-06-06 01:00:00,0.2205,0.1965,0,0,0,0,0,0
2010-06-06 02:00:00,0.3121,0.2762,0,0,0,0,0,0
2010-06-06 03:00:00,0.4028,0.3718,0,0,0,0,0,0
2010-06-06 04:00:00,0.4409,0.3133,0,0,0,0,0,0
2010-06-06 05:00:00,0.4648,0.2923,0,0,0,0,0,0
2010-06-06 06:00:00,0.4043,0.209,0,0,0,0,0,0
2010-06-06 07:00:00,0.2939,0.1636,0,0,0,0,0,0
2010-06-06 08:00:00,0.2863,0.2783,0,0,0,0,0,0
2010-06-06 09:00:00,0.2867,0.2594,0,0,0,0,0,0
2010-06-06 10:00:00,0.3784,0.3512,0,0,0,0,0,0
2010-06-06 11:00:00,0.3869,0.3727,0,0,0,0,0,0
2010-06-06 12:00:00,0.3272,0.4249,0,0,0,0,0,0
2010-06-06 13:00:00,0.2978,0.4298,0,0,0,0,0,0
2010-06-06 14:00:00,0.2727,0.4173,0,0,0,0,0,0
2010-06-06 15:00:00,0.2556,0.3962,0,0,0,0,0,0
2010-06-06 16:00:00,0.2391,0.2323,0,0,0,0,0,0
2010-06-06 17:00:00,0.285,0.3302,0,0,0,0,0,0
2010-06-06 18:00:00,0.2709,0.3793,0,0,0,0,0,0
2010-06-06 19:00:00,0.2289,0.3651,0,0,0,0,0,0
2010-06-06 20:00:00,0.2438,0.1869,0,0,0,0,0,0
2010-06-06 21:00:00,0.2751,0.2483,0,0,0,0,0,0
2010-06-06 22:00:00,0.2108,0.1464,0,0,0,0,0,0
2010-06-06 23:00:00,0.128,0.0996,0,0,0,0,0,0
2010-06-07 00:00:00,0.0544,0.1002,0,0,0,0,0,0
2010-06-07 01:00:00,0.0172,0.0402,0,0,0,0,0,0
2010-06-07 02:00:00,0.0045,0.0152,0,0,0,0,0,0
2010-06-07 03:00:00,0.001,0.0253,0,0,0,0,0,0
2010-06-07 04:00:00,0.0002,0.0004,0,0,0,0,0,0
2010-06-07 05:00:00,0.0002,0.0002,0,0,0,0,0,0
2010-06-07 06:00:00,0.0001,0.0001,0,0,0,0,0,0
2010-06-07 07:00:00,0.0002,0.0002,0,0,0,0,0,0
2010-06-07 08:00:00,0.0004,0.0154,0,0,0,0,0,0
2010-06-07 09:00:00,0.0011,0.0119,0,0,0,0,0,0
2010-06-07 10:00:00,0.0024,0.0218,0,0,0,0,0,0
2010-06-07 11:00:00,0.0047,0.0357,0,0,0,0,0,0
2010-06-07 12:00:00,0.0103,0.0148,0,0,0,0,0,0
2010-06-07 13:00:00,0.017,0.0332,0,0,0,0,0,0
2010-06-07 14:00:00,0.0205,0.0353,0,0,0,0,0,0
2010-06-07 15:00:00,0.0106,0.0218,0,0,0,0,0,0
2010-06-07 16:00:00,0.0167,0.0048,0,0,0,0,0,0
2010-06-07 17:00:00,0.0467,0.02,0,0,0,0,0,0
2010-06-07 18:00:00,0.0694,0.0367,0,0,0,0,0,0
2010-06-07 19:00:00,0.0512,0.0291,0,0,0,0,0,0
2010-06-07 20:00:00,0.0411,0.0047,0,0,0,0,0,0
2010-06-07 21:00:00,0.0768,0.0272,0,0,0,0,0,0
2010-06-07 22:00:00,0.2048,0.1339,0,0,0,0,0,0
2010-06-07 23:00:00,0.2602,0.1844,0,0,0,0,0,0
2010-06-08 00:00:00,0.4298,0.6685,0,0,0,0,0,0
2010-06-08 01:00:00,0.6548,0.8411,0,0,0,0,0,0
2010-06-08 02:00:00,0.7432,0.8736,0,0,0,0,0,0
2010-06-08 03:00:00,0.7603,0.8806,0,0,0,0,0,0
2010-06-08 04:00:00,0.7059,0.564,0,0,0,0,0,0
2010-06-08 05:00:00,0.5685,0.4046,0,0,0,0,0,0
2010-06-08 06:00:00,0.5037,0.3679,0,0,0,0,0,0
2010-06-08 07:00:00,0.4836,0.3698,0,0,0,0,0,0
2010-06-08 08:00:00,0.4851,0.5922,0,0,0,0,0,0
2010-06-08 09:00:00,0.4804,0.6153,0,0,0,0,0,0
2010-06-08 10:00:00,0.5514,0.6445,0,0,0,0,0,0
2010-06-08 11:00:00,0.5614,0.6065,0,0,0,0,0,0
2010-06-08 12:00:00,0.5601,0.5009,0,0,0,0,0,0
2010-06-08 13:00:00,0.514,0.4428,0,0,0,0,0,0
2010-06-08 14:00:00,0.4429,0.3554,0,0,0,0,0,0
2010-06-08 15:00:00,0.3736,0.2175,0,0,0,0,0,0
2010-06-08 16:00:00,0.2687,0.2863,0,0,0,0,0,0
2010-06-08 17:00:00,0.21,0.2757,0,0,0,0,0,0
2010-06-08 18:00:00,0.1718,0.2631,0,0,0,0,0,0
2010-06-08 19:00:00,0.1058,0.14,0,0,0,0,0,0
2010-06-08 20:00:00,0.0746,0.028,0,0,0,0,0,0
2010-06-08 21:00:00,0.0901,0.0622,0,0,0,0,0,0
2010-06-08 22:00:00,0.1269,0.1158,0,0,0,0,0,0
2010-06-08 23:00:00,0.1149,0.1176,0,0,0,0,0,0
2010-06-09 00:00:00,0.0977,0.0673,0,0,0,0,0,0
2010-06-09 01:00:00,0.0691,0.0516,0,0,0,0,0,0
2010-06-09 02:00:00,0.0332,0.0277,0,0,0,0,0,0
2010-06-09 03:00:00,0.0106,0.0095,0,0,0,0,0,0
2010-06-09 04:00:00,0.003,0.004,0,0,0,0,0,0
2010-06-09 05:00:00,0.0011,0.0005,0,0,0,0,0,0
2010-06-09 06:00:00,0.0068,0.009,0,0,0,0,0,0
2010-06-09 07:00:00,0.0275,0.0325,0,0,0,0,0,0
2010-06-09 08:00:00,0.0443,0.1111,0,0,0,0,0,0
2010-06-09 09:00:00,0.0384,0.1318,0,0,0,0,0,0
2010-06-09 10:00:00,0.0838,0.2322,0,0,0,0,0,0
2010-06-09 11:00:00,0.0484,0.1506,0,0,0,0,0,0
2010-06-09 12:00:00,0.009,-0.0,0,0,0,0,0,0
2010-06-09 13:00:00,0.0003,-0.0,0,0,0,0,0,0
2010-06-09 14:00:00,0.001,-0.0,0,0,0,0,0,0
2010-06-09 15:00:00,0.0146,0.0,0,0,0,0,0,0
2010-06-09 16:00:00,0.054,0.0397,0,0,0,0,0,0
2010-06-09 17:00:00,0.097,0.096,0,0,0,0,0,0
2010-06-09 18:00:00,0.1063,0.1178,0,0,0,0,0,0
2010-06-09 19:00:00,0.1274,0.1406,0,0,0,0,0,0
2010-06-09 20:00:00,0.1953,0.3271,0,0,0,0,0,0
2010-06-09 21:00:00,0.2282,0.3665,0,0,0,0,0,0
2010-06-09 22:00:00,0.2928,0.3742,0,0,0,0,0,0
2010-06-09 23:00:00,0.3327,0.4377,0,0,0,0,0,0
2010-06-10 00:00:00,0.3104,0.1242,0,0,0,0,0,0
2010-06-10 01:00:00,0.4483,0.2387,0,0,0,0,0,0
2010-06-10 02:00:00,0.5103,0.339,0,0,0,0,0,0
2010-06-10 03:00:00,0.5324,0.353,0,0,0,0,0,0
2010-06-10 04:00:00,0.6092,0.2373,0,0,0,0,0,0
2010-06-10 05:00:00,0.4812,0.1543,0,0,0,0,0,0
2010-06-10 06:00:00,0.3637,0.0785,0,0,0,0,0,0
2010-06-10 07:00:00,0.3526,0.0684,0,0,0,0,0,0
2010-06-10 08:00:00,0.4312,0.4351,0,0,0,0,0,0
2010-06-10 09:00:00,0.3733,0.4027,0,0,0,0,0,0
2010-06-10 10:00:00,0.0686,0.0888,0,0,0,0,0,0
2010-06-10 11:00:00,0.1006,0.1419,0,0,0,0,0,0
2010-06-10 12:00:00,0.1001,0.0981,0,0,0,0,0,0
2010-06-10 13:00:00,0.1131,0.1165,0,0,0,0,0,0
2010-06-10 14:00:00,0.2479,0.2499,0,0,0,0,0,0
2010-06-10 15:00:00,0.3931,0.4233,0,0,0,0,0,0
2010-06-10 16:00:00,0.7816,0.7514,0,0,0,0,0,0
2010-06-10 17:00:00,0.8592,0.8238,0,0,0,0,0,0
2010-06-10 18:00:00,0.8868,0.8841,0,0,0,0,0,0
2010-06-10 19:00:00,0.8992,0.8994,0,0,0,0,0,0
2010-06-10 20:00:00,0.8996,0.8995,0,0,0,0,0,0
2010-06-10 21:00:00,0.899,0.8973,0,0,0,0,0,0
2010-06-10 22:00:00,0.8972,0.89,0,0,0,0,0,0
2010-06-10 23:00:00,0.871,0.8535,0,0,0,0,0,0
2010-06-11 00:00:00,0.7093,0.8136,0,0,0,0,0,0
2010-06-11 01:00:00,0.7767,0.8608,0,0,0,0,0,0
2010-06-11 02:00:00,0.8496,0.8871,0,0,0,0,0,0
2010-06-11 03:00:00,0.8193,0.8702,0,0,0,0,0,0
2010-06-11 04:00:00,0.7316,0.6374,0,0,0,0,0,0
2010-06-11 05:00:00,0.5991,0.3758,0,0,0,0,0,0
2010-06-11 06:00:00,0.472,0.2566,0,0,0,0,0,0
2010-06-11 07:00:00,0.3608,0.1893,0,0,0,0,0,0
2010-06-11 08:00:00,0.3417,0.3921,0,0,0,0,0,0
2010-06-11 09:00:00,0.3995,0.4869,0,0,0,0,0,0
2010-06-11 10:00:00,0.744,0.8451,0,0,0,0,0,0
2010-06-11 11:00:00,0.7216,0.8216,0,0,0,0,0,0
2010-06-11 12:00:00,0.7321,0.6503,0,0,0,0,0,0
2010-06-11 13:00:00,0.6635,0.609,0,0,0,0,0,0
2010-06-11 14:00:00,0.5452,0.4666,0,0,0,0,0,0
2010-06-11 15:00:00,0.3826,0.3589,0,0,0,0,0,0
2010-06-11 16:00:00,0.3347,0.2213,0,0,0,0,0,0
2010-06-11 17:00:00,0.2656,0.1566,0,0,0,0,0,0
2010-06-11 18:00:00,0.2294,0.1028,0,0,0,0,0,0
2010-06-11 19:00:00,0.2575,0.0902,0,0,0,0,0,0
2010-06-11 20:00:00,0.2881,0.4423,0,0,0,0,0,0
2010-06-11 21:00:00,0.2246,0.3941,0,0,0,0,0,0
2010-06-11 22:00:00,0.1598,0.3015,0,0,0,0,0,0
2010-06-11 23:00:00,0.1252,0.2347,0,0,0,0,0,0
2010-06-12 00:00:00,0.1451,0.0118,0,0,0,0,0,0
2010-06-12 01:00:00,0.1599,0.0183,0,0,0,0,0,0
2010-06-12 02:00:00,0.1604,0.0172,0,0,0,0,0,0
2010-06-12 03:00:00,0.2188,0.0313,0,0,0,0,0,0
2010-06-12 04:00:00,0.336,0.2413,0,0,0,0,0,0
2010-06-12 05:00:00,0.4327,0.2424,0,0,0,0,0,0
2010-06-12 06:00:00,0.3834,0.2166,0,0,0,0,0,0
2010-06-12 07:00:00,0.2636,0.1335,0,0,0,0,0,0
2010-06-12 08:00:00,0.1509,0.4118,0,0,0,0,0,0
2010-06-12 09:00:00,0.11,0.3545,0,0,0,0,0,0
2010-06-12 10:00:00,0.1362,0.3924,0,0,0,0,0,0
2010-06-12 11:00:00,0.0506,0.2609,0,0,0,0,0,0
2010-06-12 12:00:00,0.0012,-0.0,0,0,0,0,0,0
2010-06-12 13:00:00,0.0003,0.0,0,0,0,0,0,0
2010-06-12 14:00:00,0.0036,0.0002,0,0,0,0,0,0
2010-06-12 15:00:00,0.0139,0.0017,0,0,0,0,0,0
2010-06-12 16:00:00,0.0573,0.0435,0,0,0,0,0,0
2010-06-12 17:00:00,0.1349,0.1021,0,0,0,0,0,0
2010-06-12 18:00:00,0.2794,0.1987,0,0,0,0,0,0
2010-06-12 19:00:00,0.3097,0.2225,0,0,0,0,0,0
2010-06-12 20:00:00,0.2889,0.4457,0,0,0,0,0,0
2010-06-12 21:00:00,0.2702,0.3947,0,0,0,0,0,0
2010-06-12 22:00:00,0.2162,0.3015,0,0,0,0,0,0
2010-06-12 23:00:00,0.2098,0.2835,0,0,0,0,0,0
2010-06-13 00:00:00,0.2449,0.1787,0,0,0,0,0,0
2010-06-13 01:00:00,0.2753,0.2151,0,0,0,0,0,0
2010-06-13 02:00:00,0.2105,0.1367,0,0,0,0,0,0
2010-06-13 03:00:00,0.1724,0.0948,0,0,0,0,0,0
2010-06-13 04:00:00,0.1537,0.1512,0,0,0,0,0,0
2010-06-13 05:00:00,0.1473,0.1487,0,0,0,0,0,0
2010-06-13 06:00:00,0.1156,0.1336,0,0,0,0,0,0
2010-06-13 07:00:00,0.0639,0.0899,0,0,0,0,0,0
2010-06-13 08:00:00,0.0202,0.0409,0,0,0,0,0,0
2010-06-13 09:00:00,0.01,0.0204,0,0,0,0,0,0
2010-06-13 10:00:00,0.0403,0.0531,0,0,0,0,0,0
2010-06-13 11:00:00,0.1301,0.1561,0,0,0,0,0,0
2010-06-13 12:00:00,0.2729,0.4335,0,0,0,0,0,0
2010-06-13 13:00:00,0.374,0.641,0,0,0,0,0,0
2010-06-13 14:00:00,0.4235,0.6996,0,0,0,0,0,0
2010-06-13 15:00:00,0.4829,0.7088,0,0,0,0,0,0
2010-06-13 16:00:00,0.494,0.3149,0,0,0,0,0,0
2010-06-13 17:00:00,0.3847,0.1961,0,0,0,0,0,0
2010-06-13 18:00:00,0.4307,0.2141,0,0,0,0,0,0
2010-06-13 19:00:00,0.4585,0.2717,0,0,0,0,0,0
2010-06-13 20:00:00,0.5434,0.7538,0,0,0,0,0,0
2010-06-13 21:00:00,0.5525,0.7644,0,0,0,0,0,0
2010-06-13 22:00:00,0.6335,0.8439,0,0,0,0,0,0
2010-06-13 23:00:00,0.6378,0.8751,0,0,0,0,0,0
2010-06-14 00:00:00,0.524,0.4408,0,0,0,0,0,0
2010-06-14 01:00:00,0.5116,0.4167,0,0,0,0,0,0
2010-06-14 02:00:00,0.4809,0.4275,0,0,0,0,0,0
2010-06-14 03:00:00,0.5063,0.4682,0,0,0,0,0,0
2010-06-14 04:00:00,0.6819,0.5299,0,0,0,0,0,0
2010-06-14 05:00:00,0.691,0.5133,0,0,0,0,0,0
2010-06-14 06:00:00,0.6267,0.424,0,0,0,0,0,0
2010-06-14 07:00:00,0.5037,0.3109,0,0,0,0,0,0
2010-06-14 08:00:00,0.3145,0.5346,0,0,0,0,0,0
2010-06-14 09:00:00,0.2073,0.3691,0,0,0,0,0,0
2010-06-14 10:00:00,0.1703,0.3076,0,0,0,0,0,0
2010-06-14 11:00:00,0.2058,0.3562,0,0,0,0,0,0
2010-06-14 12:00:00,0.2746,0.3348,0,0,0,0,0,0
2010-06-14 13:00:00,0.2557,0.343,0,0,0,0,0,0
2010-06-14 14:00:00,0.2282,0.3489,0,0,0,0,0,0
2010-06-14 15:00:00,0.1978,0.3242,0,0,0,0,0,0
2010-06-14 16:00:00,0.1617,0.1625,0,0,0,0,0,0
2010-06-14 17:00:00,0.1053,0.1228,0,0,0,0,0,0
2010-06-14 18:00:00,0.0558,0.0708,0,0,0,0,0,0
2010-06-14 19:00:00,0.0237,0.0243,0,0,0,0,0,0
2010-06-14 20:00:00,0.0182,0.2299,0,0,0,0,0,0
2010-06-14 21:00:00,0.0368,0.3629,0,0,0,0,0,0
2010-06-14 22:00:00,0.019,0.2463,0,0,0,0,0,0
2010-06-14 23:00:00,0.0179,0.2105,0,0,0,0,0,0
2010-06-15 00:00:00,0.0312,0.008,0,0,0,0,0,0
2010-06-15 01:00:00,0.0773,0.0432,0,0,0,0,0,0
2010-06-15 02:00:00,0.1348,0.0805,0,0,0,0,0,0
2010-06-15 03:00:00,0.1631,0.1148,0,0,0,0,0,0
2010-06-15 04:00:00,0.1802,0.2167,0,0,0,0,0,0
2010-06-15 05:00:00,0.1915,0.2348,0,0,0,0,0,0
2010-06-15 06:00:00,0.2281,0.3214,0,0,0,0,0,0
2010-06-15 07:00:00,0.2814,0.4134,0,0,0,0,0,0
2010-06-15 08:00:00,0.3064,0.3219,0,0,0,0,0,0
2010-06-15 09:00:00,0.3831,0.4656,0,0,0,0,0,0
2010-06-15 10:00:00,0.5036,0.6423,0,0,0,0,0,0
2010-06-15 11:00:00,0.6165,0.8065,0,0,0,0,0,0
2010-06-15 12:00:00,0.7028,0.81,0,0,0,0,0,0
2010-06-15 13:00:00,0.7038,0.8014,0,0,0,0,0,0
2010-06-15 14:00:00,0.6865,0.7895,0,0,0,0,0,0
2010-06-15 15:00:00,0.62,0.8014,0,0,0,0,0,0
2010-06-15 16:00:00,0.5637,0.4542,0,0,0,0,0,0
2010-06-15 17:00:00,0.7335,0.5492,0,0,0,0,0,0
2010-06-15 18:00:00,0.8539,0.7059,0,0,0,0,0,0
2010-06-15 19:00:00,0.8851,0.7788,0,0,0,0,0,0
2010-06-15 20:00:00,0.8885,0.8991,0,0,0,0,0,0
2010-06-15 21:00:00,0.8947,0.8997,0,0,0,0,0,0
2010-06-15 22:00:00,0.8977,0.8998,0,0,0,0,0,0
2010-06-15 23:00:00,0.8972,0.8996,0,0,0,0,0,0
2010-06-16 00:00:00,0.8977,0.8423,0,0,0,0,0,0
2010-06-16 01:00:00,0.8984,0.8524,0,0,0,0,0,0
2010-06-16 02:00:00,0.8985,0.8621,0,0,0,0,0,0
2010-06-16 03:00:00,0.8987,0.8813,0,0,0,0,0,0
2010-06-16 04:00:00,0.8986,0.8869,0,0,0,0,0,0
2010-06-16 05:00:00,0.8983,0.8864,0,0,0,0,0,0
2010-06-16 06:00:00,0.898,0.8901,0,0,0,0,0,0
2010-06-16 07:00:00,0.8983,0.8921,0,0,0,0,0,0
2010-06-16 08:00:00,0.8975,0.8963,0,0,0,0,0,0
2010-06-16 09:00:00,0.8945,0.8858,0,0,0,0,0,0
2010-06-16 10:00:00,0.8783,0.8532,0,0,0,0,0,0
2010-06-16 11:00:00,0.848,0.7805,0,0,0,0,0,0
2010-06-16 12:00:00,0.8527,0.7079,0,0,0,0,0,0
2010-06-16 13:00:00,0.7763,0.5297,0,0,0,0,0,0
2010-06-16 14:00:00,0.496,0.2461,0,0,0,0,0,0
2010-06-16 15:00:00,0.3299,0.1672,0,0,0,0,0,0
2010-06-16 16:00:00,0.2265,0.3379,0,0,0,0,0,0
2010-06-16 17:00:00,0.1484,0.2426,0,0,0,0,0,0
2010-06-16 18:00:00,0.1376,0.2448,0,0,0,0,0,0
2010-06-16 19:00:00,0.2575,0.3932,0,0,0,0,0,0
2010-06-16 20:00:00,0.5857,0.8148,0,0,0,0,0,0
2010-06-16 21:00:00,0.7316,0.8831,0,0,0,0,0,0
2010-06-16 22:00:00,0.6449,0.8738,0,0,0,0,0,0
2010-06-16 23:00:00,0.6334,0.8533,0,0,0,0,0,0
2010-06-17 00:00:00,0.7155,0.557,0,0,0,0,0,0
2010-06-17 01:00:00,0.7708,0.5829,0,0,0,0,0,0
2010-06-17 02:00:00,0.7659,0.5881,0,0,0,0,0,0
2010-06-17 03:00:00,0.7219,0.5476,0,0,0,0,0,0
2010-06-17 04:00:00,0.6002,0.21,0,0,0,0,0,0
2010-06-17 05:00:00,0.4738,0.1652,0,0,0,0,0,0
2010-06-17 06:00:00,0.3721,0.1335,0,0,0,0,0,0
2010-06-17 07:00:00,0.3006,0.1018,0,0,0,0,0,0
2010-06-17 08:00:00,0.2367,0.1744,0,0,0,0,0,0
2010-06-17 09:00:00,0.2044,0.1491,0,0,0,0,0,0
2010-06-17 10:00:00,0.1221,0.1178,0,0,0,0,0,0
2010-06-17 11:00:00,0.1018,0.1369,0,0,0,0,0,0
2010-06-17 12:00:00,0.0707,0.0699,0,0,0,0,0,0
2010-06-17 13:00:00,0.0633,0.0819,0,0,0,0,0,0
2010-06-17 14:00:00,0.0736,0.0795,0,0,0,0,0,0
2010-06-17 15:00:00,0.0801,0.1017,0,0,0,0,0,0
2010-06-17 16:00:00,0.095,0.1657,0,0,0,0,0,0
2010-06-17 17:00:00,0.1116,0.1804,0,0,0,0,0,0
2010-06-17 18:00:00,0.0795,0.1414,0,0,0,0,0,0
2010-06-17 19:00:00,0.0473,0.095,0,0,0,0,0,0
2010-06-17 20:00:00,0.0326,0.0832,0,0,0,0,0,0
2010-06-17 21:00:00,0.0348,0.0943,0,0,0,0,0,0
2010-06-17 22:00:00,0.012,0.0411,0,0,0,0,0,0
2010-06-17 23:00:00,0.0138,0.0502,0,0,0,0,0,0
2010-06-18 00:00:00,0.0144,0.0266,0,0,0,0,0,0
2010-06-18 01:00:00,0.0189,0.0287,0,0,0,0,0,0
2010-06-18 02:00:00,0.0286,0.0314,0,0,0,0,0,0
2010-06-18 03:00:00,0.0358,0.0345,0,0,0,0,0,0
2010-06-18 04:00:00,0.0375,0.035,0,0,0,0,0,0
2010-06-18 05:00:00,0.0328,0.036,0,0,0,0,0,0
2010-06-18 06:00:00,0.0268,0.0331,0,0,0,0,0,0
2010-06-18 07:00:00,0.026,0.0447,0,0,0,0,0,0
2010-06-18 08:00:00,0.0389,0.1022,0,0,0,0,0,0
2010-06-18 09:00:00,0.0544,0.1373,0,0,0,0,0,0
2010-06-18 10:00:00,0.0109,0.0394,0,0,0,0,0,0
2010-06-18 11:00:00,0.0124,0.0315,0,0,0,0,0,0
2010-06-18 12:00:00,0.0249,0.0624,0,0,0,0,0,0
2010-06-18 13:00:00,0.0422,0.0993,0,0,0,0,0,0
2010-06-18 14:00:00,0.0593,0.1233,0,0,0,0,0,0
2010-06-18 15:00:00,0.0948,0.1579,0,0,0,0,0,0
2010-06-18 16:00:00,0.1349,0.0341,0,0,0,0,0,0
2010-06-18 17:00:00,0.1816,0.0613,0,0,0,0,0,0
2010-06-18 18:00:00,0.2139,0.0777,0,0,0,0,0,0
2010-06-18 19:00:00,0.2151,0.104,0,0,0,0,0,0
2010-06-18 20:00:00,0.2096,0.3759,0,0,0,0,0,0
2010-06-18 21:00:00,0.2331,0.508,0,0,0,0,0,0
2010-06-18 22:00:00,0.2115,0.5533,0,0,0,0,0,0
2010-06-18 23:00:00,0.1741,0.415,0,0,0,0,0,0
2010-06-19 00:00:00,0.1644,0.2216,0,0,0,0,0,0
2010-06-19 01:00:00,0.1561,0.1901,0,0,0,0,0,0
2010-06-19 02:00:00,0.1242,0.1743,0,0,0,0,0,0
2010-06-19 03:00:00,0.0847,0.0933,0,0,0,0,0,0
2010-06-19 04:00:00,0.062,0.055,0,0,0,0,0,0
2010-06-19 05:00:00,0.071,0.0665,0,0,0,0,0,0
2010-06-19 06:00:00,0.091,0.0688,0,0,0,0,0,0
2010-06-19 07:00:00,0.134,0.1035,0,0,0,0,0,0
2010-06-19 08:00:00,0.1784,0.3161,0,0,0,0,0,0
2010-06-19 09:00:00,0.215,0.3765,0,0,0,0,0,0
2010-06-19 10:00:00,0.27,0.4784,0,0,0,0,0,0
2010-06-19 11:00:00,0.3299,0.5733,0,0,0,0,0,0
2010-06-19 12:00:00,0.4434,0.5743,0,0,0,0,0,0
2010-06-19 13:00:00,0.5432,0.6525,0,0,0,0,0,0
2010-06-19 14:00:00,0.5868,0.7075,0,0,0,0,0,0
2010-06-19 15:00:00,0.536,0.6805,0,0,0,0,0,0
2010-06-19 16:00:00,0.478,0.6566,0,0,0,0,0,0
2010-06-19 17:00:00,0.4303,0.6636,0,0,0,0,0,0
2010-06-19 18:00:00,0.4294,0.6814,0,0,0,0,0,0
2010-06-19 19:00:00,0.4976,0.7757,0,0,0,0,0,0
2010-06-19 20:00:00,0.6098,0.6197,0,0,0,0,0,0
2010-06-19 21:00:00,0.6838,0.6869,0,0,0,0,0,0
2010-06-19 22:00:00,0.6998,0.7318,0,0,0,0,0,0
2010-06-19 23:00:00,0.691,0.7384,0,0,0,0,0,0
2010-06-20 00:00:00,0.6541,0.8461,0,0,0,0,0,0
2010-06-20 01:00:00,0.6275,0.8115,0,0,0,0,0,0
2010-06-20 02:00:00,0.6277,0.7679,0,0,0,0,0,0
2010-06-20 03:00:00,0.6231,0.7329,0,0,0,0,0,0
2010-06-20 04:00:00,0.6246,0.5621,0,0,0,0,0,0
2010-06-20 05:00:00,0.6204,0.5019,0,0,0,0,0,0
2010-06-20 06:00:00,0.5742,0.4691,0,0,0,0,0,0
2010-06-20 07:00:00,0.5096,0.4239,0,0,0,0,0,0
2010-06-20 08:00:00,0.4379,0.4306,0,0,0,0,0,0
2010-06-20 09:00:00,0.3839,0.2882,0,0,0,0,0,0
2010-06-20 10:00:00,0.3043,0.2051,0,0,0,0,0,0
2010-06-20 11:00:00,0.3805,0.2607,0,0,0,0,0,0
2010-06-20 12:00:00,0.3655,0.392,0,0,0,0,0,0
2010-06-20 13:00:00,0.3352,0.467,0,0,0,0,0,0
2010-06-20 14:00:00,0.3396,0.5497,0,0,0,0,0,0
2010-06-20 15:00:00,0.347,0.5754,0,0,0,0,0,0
2010-06-20 16:00:00,0.3404,0.2394,0,0,0,0,0,0
2010-06-20 17:00:00,0.317,0.229,0,0,0,0,0,0
2010-06-20 18:00:00,0.2836,0.2046,0,0,0,0,0,0
2010-06-20 19:00:00,0.2673,0.2174,0,0,0,0,0,0
2010-06-20 20:00:00,0.2582,0.3084,0,0,0,0,0,0
2010-06-20 21:00:00,0.2243,0.2933,0,0,0,0,0,0
2010-06-20 22:00:00,0.1444,0.2483,0,0,0,0,0,0
2010-06-20 23:00:00,0.1423,0.2452,0,0,0,0,0,0
2010-06-21 00:00:00,0.1599,0.1485,0,0,0,0,0,0
2010-06-21 01:00:00,0.1663,0.1693,0,0,0,0,0,0
2010-06-21 02:00:00,0.1606,0.1607,0,0,0,0,0,0
2010-06-21 03:00:00,0.181,0.2114,0,0,0,0,0,0
2010-06-21 04:00:00,0.1844,0.3867,0,0,0,0,0,0
2010-06-21 05:00:00,0.1953,0.3919,0,0,0,0,0,0
2010-06-21 06:00:00,0.1727,0.3121,0,0,0,0,0,0
2010-06-21 07:00:00,0.1353,0.2399,0,0,0,0,0,0
2010-06-21 08:00:00,0.0835,0.087,0,0,0,0,0,0
2010-06-21 09:00:00,0.0432,0.0621,0,0,0,0,0,0
2010-06-21 10:00:00,0.0146,0.0348,0,0,0,0,0,0
2010-06-21 11:00:00,0.0131,0.0533,0,0,0,0,0,0
2010-06-21 12:00:00,0.0253,0.004,0,0,0,0,0,0
2010-06-21 13:00:00,0.0397,0.0098,0,0,0,0,0,0
2010-06-21 14:00:00,0.0467,0.0256,0,0,0,0,0,0
2010-06-21 15:00:00,0.0488,0.039,0,0,0,0,0,0
2010-06-21 16:00:00,0.0392,0.0004,0,0,0,0,0,0
2010-06-21 17:00:00,0.0639,0.0024,0,0,0,0,0,0
2010-06-21 18:00:00,0.1057,0.0083,0,0,0,0,0,0
2010-06-21 19:00:00,0.1236,0.0067,0,0,0,0,0,0
2010-06-21 20:00:00,0.1131,0.0452,0,0,0,0,0,0
2010-06-21 21:00:00,0.124,0.0454,0,0,0,0,0,0
2010-06-21 22:00:00,0.0532,0.0129,0,0,0,0,0,0
2010-06-21 23:00:00,0.0237,0.0047,0,0,0,0,0,0
2010-06-22 00:00:00,0.0126,0.0036,0,0,0,0,0,0
2010-06-22 01:00:00,0.0105,0.0011,0,0,0,0,0,0
2010-06-22 02:00:00,0.0098,0.0005,0,0,0,0,0,0
2010-06-22 03:00:00,0.0165,0.0035,0,0,0,0,0,0
2010-06-22 04:00:00,0.0303,0.0289,0,0,0,0,0,0
2010-06-22 05:00:00,0.0378,0.0429,0,0,0,0,0,0
2010-06-22 06:00:00,0.0247,0.0214,0,0,0,0,0,0
2010-06-22 07:00:00,0.0121,0.0018,0,0,0,0,0,0
2010-06-22 08:00:00,0.0074,0.0024,0,0,0,0,0,0
2010-06-22 09:00:00,0.0072,0.0005,0,0,0,0,0,0
2010-06-22 10:00:00,0.0032,0.0002,0,0,0,0,0,0
2010-06-22 11:00:00,0.002,0.0001,0,0,0,0,0,0
2010-06-22 12:00:00,0.0035,0.0004,0,0,0,0,0,0
2010-06-22 13:00:00,0.0284,0.0212,0,0,0,0,0,0
2010-06-22 14:00:00,0.0829,0.0736,0,0,0,0,0,0
2010-06-22 15:00:00,0.1842,0.1267,0,0,0,0,0,0
2010-06-22 16:00:00,0.3118,0.4237,0,0,0,0,0,0
2010-06-22 17:00:00,0.4216,0.5456,0,0,0,0,0,0
2010-06-22 18:00:00,0.4525,0.5672,0,0,0,0,0,0
2010-06-22 19:00:00,0.3901,0.4034,0,0,0,0,0,0
2010-06-22 20:00:00,0.28,0.3964,0,0,0,0,0,0
2010-06-22 21:00:00,0.1862,0.3449,0,0,0,0,0,0
2010-06-22 22:00:00,0.1275,0.3146,0,0,0,0,0,0
2010-06-22 23:00:00,0.1009,0.2738,0,0,0,0,0,0
2010-06-23 00:00:00,0.105,0.2522,0,0,0,0,0,0
2010-06-23 01:00:00,0.1204,0.3418,0,0,0,0,0,0
2010-06-23 02:00:00,0.1758,0.4679,0,0,0,0,0,0
2010-06-23 03:00:00,0.2342,0.5706,0,0,0,0,0,0
2010-06-23 04:00:00,0.2579,0.568,0,0,0,0,0,0
2010-06-23 05:00:00,0.2614,0.5948,0,0,0,0,0,0
2010-06-23 06:00:00,0.2383,0.5363,0,0,0,0,0,0
2010-06-23 07:00:00,0.1997,0.4395,0,0,0,0,0,0
2010-06-23 08:00:00,0.1507,0.3232,0,0,0,0,0,0
2010-06-23 09:00:00,0.1181,0.2776,0,0,0,0,0,0
2010-06-23 10:00:00,0.1132,0.2743,0,0,0,0,0,0
2010-06-23 11:00:00,0.0938,0.2758,0,0,0,0,0,0
2010-06-23 12:00:00,0.0765,0.1517,0,0,0,0,0,0
2010-06-23 13:00:00,0.0633,0.174,0,0,0,0,0,0
2010-06-23 14:00:00,0.0763,0.1829,0,0,0,0,0,0
2010-06-23 15:00:00,0.1114,0.2401,0,0,0,0,0,0
2010-06-23 16:00:00,0.1541,0.215,0,0,0,0,0,0
2010-06-23 17:00:00,0.1817,0.2632,0,0,0,0,0,0
2010-06-23 18:00:00,0.1836,0.3047,0,0,0,0,0,0
2010-06-23 19:00:00,0.1676,0.2713,0,0,0,0,0,0
2010-06-23 20:00:00,0.1522,0.0665,0,0,0,0,0,0
2010-06-23 21:00:00,0.1536,0.0584,0,0,0,0,0,0
2010-06-23 22:00:00,0.1742,0.0718,0,0,0,0,0,0
2010-06-23 23:00:00,0.1701,0.0907,0,0,0,0,0,0
2010-06-24 00:00:00,0.1636,0.3233,0,0,0,0,0,0
2010-06-24 01:00:00,0.1475,0.3327,0,0,0,0,0,0
2010-06-24 02:00:00,0.1395,0.3467,0,0,0,0,0,0
2010-06-24 03:00:00,0.152,0.3634,0,0,0,0,0,0
2010-06-24 04:00:00,0.1975,0.3359,0,0,0,0,0,0
2010-06-24 05:00:00,0.2684,0.4733,0,0,0,0,0,0
2010-06-24 06:00:00,0.2989,0.5231,0,0,0,0,0,0
2010-06-24 07:00:00,0.2785,0.4601,0,0,0,0,0,0
2010-06-24 08:00:00,0.226,0.3627,0,0,0,0,0,0
2010-06-24 09:00:00,0.1841,0.3467,0,0,0,0,0,0
2010-06-24 10:00:00,0.1379,0.3121,0,0,0,0,0,0
2010-06-24 11:00:00,0.1145,0.2572,0,0,0,0,0,0
2010-06-24 12:00:00,0.0681,0.4831,0,0,0,0,0,0
2010-06-24 13:00:00,0.0406,0.3789,0,0,0,0,0,0
2010-06-24 14:00:00,0.0414,0.3458,0,0,0,0,0,0
2010-06-24 15:00:00,0.058,0.4291,0,0,0,0,0,0
2010-06-24 16:00:00,0.108,0.0649,0,0,0,0,0,0
2010-06-24 17:00:00,0.1793,0.1817,0,0,0,0,0,0
2010-06-24 18:00:00,0.2434,0.2601,0,0,0,0,0,0
2010-06-24 19:00:00,0.2402,0.2078,0,0,0,0,0,0
2010-06-24 20:00:00,0.2122,0.2064,0,0,0,0,0,0
2010-06-24 21:00:00,0.2331,0.2634,0,0,0,0,0,0
2010-06-24 22:00:00,0.194,0.226,0,0,0,0,0,0
2010-06-24 23:00:00,0.283,0.315,0,0,0,0,0,0
2010-06-25 00:00:00,0.4297,0.3912,0,0,0,0,0,0
2010-06-25 01:00:00,0.5395,0.4704,0,0,0,0,0,0
2010-06-25 02:00:00,0.5795,0.4909,0,0,0,0,0,0
2010-06-25 03:00:00,0.5602,0.4912,0,0,0,0,0,0
2010-06-25 04:00:00,0.5278,0.5764,0,0,0,0,0,0
2010-06-25 05:00:00,0.5136,0.5016,0,0,0,0,0,0
2010-06-25 06:00:00,0.473,0.4594,0,0,0,0,0,0
2010-06-25 07:00:00,0.3912,0.3922,0,0,0,0,0,0
2010-06-25 08:00:00,0.3025,0.1792,0,0,0,0,0,0
2010-06-25 09:00:00,0.2362,0.1404,0,0,0,0,0,0
2010-06-25 10:00:00,0.1577,0.0785,0,0,0,0,0,0
2010-06-25 11:00:00,0.1086,0.0441,0,0,0,0,0,0
2010-06-25 12:00:00,0.0896,0.1581,0,0,0,0,0,0
2010-06-25 13:00:00,0.1134,0.1935,0,0,0,0,0,0
2010-06-25 14:00:00,0.1606,0.1943,0,0,0,0,0,0
2010-06-25 15:00:00,0.2104,0.2408,0,0,0,0,0,0
2010-06-25 16:00:00,0.2779,0.2692,0,0,0,0,0,0
2010-06-25 17:00:00,0.3369,0.2887,0,0,0,0,0,0
2010-06-25 18:00:00,0.3589,0.2942,0,0,0,0,0,0
2010-06-25 19:00:00,0.3605,0.2674,0,0,0,0,0,0
2010-06-25 20:00:00,0.3774,0.1777,0,0,0,0,0,0
2010-06-25 21:00:00,0.3665,0.1752,0,0,0,0,0,0
2010-06-25 22:00:00,0.312,0.178,0,0,0,0,0,0
2010-06-25 23:00:00,0.3462,0.1867,0,0,0,0,0,0
2010-06-26 00:00:00,0.3665,0.698,0,0,0,0,0,0
2010-06-26 01:00:00,0.3203,0.65,0,0,0,0,0,0
2010-06-26 02:00:00,0.2894,0.6409,0,0,0,0,0,0
2010-06-26 03:00:00,0.2775,0.5722,0,0,0,0,0,0
2010-06-26 04:00:00,0.2516,0.3398,0,0,0,0,0,0
2010-06-26 05:00:00,0.2424,0.3394,0,0,0,0,0,0
2010-06-26 06:00:00,0.2081,0.3013,0,0,0,0,0,0
2010-06-26 07:00:00,0.1599,0.2732,0,0,0,0,0,0
2010-06-26 08:00:00,0.1103,0.021,0,0,0,0,0,0
2010-06-26 09:00:00,0.085,0.0087,0,0,0,0,0,0
2010-06-26 10:00:00,0.0345,0.0003,0,0,0,0,0,0
2010-06-26 11:00:00,0.0153,0.0001,0,0,0,0,0,0
2010-06-26 12:00:00,0.0103,0.0161,0,0,0,0,0,0
2010-06-26 13:00:00,0.0241,0.0421,0,0,0,0,0,0
2010-06-26 14:00:00,0.0757,0.1155,0,0,0,0,0,0
2010-06-26 15:00:00,0.1813,0.2499,0,0,0,0,0,0
2010-06-26 16:00:00,0.3346,0.3081,0,0,0,0,0,0
2010-06-26 17:00:00,0.4994,0.5004,0,0,0,0,0,0
2010-06-26 18:00:00,0.6543,0.6896,0,0,0,0,0,0
2010-06-26 19:00:00,0.7407,0.7121,0,0,0,0,0,0
2010-06-26 20:00:00,0.7651,0.8321,0,0,0,0,0,0
2010-06-26 21:00:00,0.7208,0.7773,0,0,0,0,0,0
2010-06-26 22:00:00,0.6598,0.7256,0,0,0,0,0,0
2010-06-26 23:00:00,0.5528,0.6046,0,0,0,0,0,0
2010-06-27 00:00:00,0.4397,0.4131,0,0,0,0,0,0
2010-06-27 01:00:00,0.2635,0.232,0,0,0,0,0,0
2010-06-27 02:00:00,0.1303,0.1365,0,0,0,0,0,0
2010-06-27 03:00:00,0.0676,0.0826,0,0,0,0,0,0
2010-06-27 04:00:00,0.0326,0.0043,0,0,0,0,0,0
2010-06-27 05:00:00,0.0141,0.0014,0,0,0,0,0,0
2010-06-27 06:00:00,0.0035,0.0005,0,0,0,0,0,0
2010-06-27 07:00:00,0.0002,0.0002,0,0,0,0,0,0
2010-06-27 08:00:00,0.0,0.0002,0,0,0,0,0,0
2010-06-27 09:00:00,0.0001,0.0001,0,0,0,0,0,0
2010-06-27 10:00:00,0.0005,0.0013,0,0,0,0,0,0
2010-06-27 11:00:00,0.0125,0.0084,0,0,0,0,0,0
2010-06-27 12:00:00,0.0298,0.0148,0,0,0,0,0,0
2010-06-27 13:00:00,0.061,0.0378,0,0,0,0,0,0
2010-06-27 14:00:00,0.161,0.122,0,0,0,0,0,0
2010-06-27 15:00:00,0.3667,0.3247,0,0,0,0,0,0
2010-06-27 16:00:00,0.5837,0.7062,0,0,0,0,0,0
2010-06-27 17:00:00,0.7655,0.8263,0,0,0,0,0,0
2010-06-27 18:00:00,0.8056,0.8565,0,0,0,0,0,0
2010-06-27 19:00:00,0.8233,0.864,0,0,0,0,0,0
2010-06-27 20:00:00,0.7853,0.5726,0,0,0,0,0,0
2010-06-27 21:00:00,0.6607,0.3476,0,0,0,0,0,0
2010-06-27 22:00:00,0.4237,0.1813,0,0,0,0,0,0
2010-06-27 23:00:00,0.3988,0.1741,0,0,0,0,0,0
2010-06-28 00:00:00,0.4795,0.8636,0,0,0,0,0,0
2010-06-28 01:00:00,0.4541,0.8606,0,0,0,0,0,0
2010-06-28 02:00:00,0.4678,0.8724,0,0,0,0,0,0
2010-06-28 03:00:00,0.4448,0.8724,0,0,0,0,0,0
2010-06-28 04:00:00,0.3835,0.1276,0,0,0,0,0,0
2010-06-28 05:00:00,0.3354,0.1029,0,0,0,0,0,0
2010-06-28 06:00:00,0.2714,0.0776,0,0,0,0,0,0
2010-06-28 07:00:00,0.2343,0.0556,0,0,0,0,0,0
2010-06-28 08:00:00,0.2375,0.2529,0,0,0,0,0,0
2010-06-28 09:00:00,0.2403,0.2527,0,0,0,0,0,0
2010-06-28 10:00:00,0.1029,0.0946,0,0,0,0,0,0
2010-06-28 11:00:00,0.0979,0.0816,0,0,0,0,0,0
2010-06-28 12:00:00,0.0978,0.1417,0,0,0,0,0,0
2010-06-28 13:00:00,0.1375,0.2249,0,0,0,0,0,0
2010-06-28 14:00:00,0.2647,0.3901,0,0,0,0,0,0
2010-06-28 15:00:00,0.4101,0.4805,0,0,0,0,0,0
2010-06-28 16:00:00,0.4793,0.4853,0,0,0,0,0,0
2010-06-28 17:00:00,0.5279,0.5131,0,0,0,0,0,0
2010-06-28 18:00:00,0.6051,0.555,0,0,0,0,0,0
2010-06-28 19:00:00,0.5891,0.5584,0,0,0,0,0,0
2010-06-28 20:00:00,0.5518,0.5755,0,0,0,0,0,0
2010-06-28 21:00:00,0.4894,0.5705,0,0,0,0,0,0
2010-06-28 22:00:00,0.1951,0.2039,0,0,0,0,0,0
2010-06-28 23:00:00,0.1704,0.1053,0,0,0,0,0,0
2010-06-29 00:00:00,0.1581,0.2095,0,0,0,0,0,0
2010-06-29 01:00:00,0.1132,0.1325,0,0,0,0,0,0
2010-06-29 02:00:00,0.0729,0.0837,0,0,0,0,0,0
2010-06-29 03:00:00,0.0416,0.0527,0,0,0,0,0,0
2010-06-29 04:00:00,0.0204,0.0001,0,0,0,0,0,0
2010-06-29 05:00:00,0.0087,0.0001,0,0,0,0,0,0
2010-06-29 06:00:00,0.0027,0.0,0,0,0,0,0,0
2010-06-29 07:00:00,0.0003,0.0,0,0,0,0,0,0
2010-06-29 08:00:00,0.0,0.0001,0,0,0,0,0,0
2010-06-29 09:00:00,0.0,0.0,0,0,0,0,0,0
2010-06-29 10:00:00,0.0,0.0,0,0,0,0,0,0
2010-06-29 11:00:00,0.0017,0.0116,0,0,0,0,0,0
2010-06-29 12:00:00,0.0389,0.0248,0,0,0,0,0,0
2010-06-29 13:00:00,0.0887,0.0889,0,0,0,0,0,0
2010-06-29 14:00:00,0.1303,0.1578,0,0,0,0,0,0
2010-06-29 15:00:00,0.1646,0.1802,0,0,0,0,0,0
2010-06-29 16:00:00,0.2008,0.1674,0,0,0,0,0,0
2010-06-29 17:00:00,0.2543,0.1568,0,0,0,0,0,0
2010-06-29 18:00:00,0.3332,0.1813,0,0,0,0,0,0
2010-06-29 19:00:00,0.4364,0.2465,0,0,0,0,0,0
2010-06-29 20:00:00,0.4886,0.6393,0,0,0,0,0,0
2010-06-29 21:00:00,0.4327,0.5573,0,0,0,0,0,0
2010-06-29 22:00:00,0.4555,0.5338,0,0,0,0,0,0
2010-06-29 23:00:00,0.4203,0.5249,0,0,0,0,0,0
2010-06-30 00:00:00,0.3906,0.5153,0,0,0,0,0,0
2010-06-30 01:00:00,0.3773,0.4575,0,0,0,0,0,0
2010-06-30 02:00:00,0.2977,0.3444,0,0,0,0,0,0
2010-06-30 03:00:00,0.1757,0.1666,0,0,0,0,0,0
2010-06-30 04:00:00,0.1064,0.1328,0,0,0,0,0,0
2010-06-30 05:00:00,0.0758,0.1047,0,0,0,0,0,0
2010-06-30 06:00:00,0.0431,0.0712,0,0,0,0,0,0
2010-06-30 07:00:00,0.0159,0.0327,0,0,0,0,0,0
2010-06-30 08:00:00,0.0046,-0.0,0,0,0,0,0,0
2010-06-30 09:00:00,0.0042,0.0,0,0,0,0,0,0
2010-06-30 10:00:00,0.0304,0.0004,0,0,0,0,0,0
2010-06-30 11:00:00,0.0538,0.0076,0,0,0,0,0,0
2010-06-30 12:00:00,0.0668,0.0405,0,0,0,0,0,0
2010-06-30 13:00:00,0.0729,0.0367,0,0,0,0,0,0
2010-06-30 14:00:00,0.1009,0.0502,0,0,0,0,0,0
2010-06-30 15:00:00,0.1533,0.0852,0,0,0,0,0,0
2010-06-30 16:00:00,0.2277,0.3978,0,0,0,0,0,0
2010-06-30 17:00:00,0.2987,0.5248,0,0,0,0,0,0
2010-06-30 18:00:00,0.3616,0.5288,0,0,0,0,0,0
2010-06-30 19:00:00,0.4139,0.5891,0,0,0,0,0,0
2010-06-30 20:00:00,0.3492,0.3695,0,0,0,0,0,0
2010-06-30 21:00:00,0.2125,0.2674,0,0,0,0,0,0
2010-06-30 22:00:00,0.1302,0.1508,0,0,0,0,0,0
2010-06-30 23:00:00,0.0751,0.0619,0,0,0,0,0,0
2010-07-01 00:00:00,0.0452,0.1827,0,0,0,0,0,0
2010-07-01 01:00:00,0.0308,0.1069,0,0,0,0,0,0
2010-07-01 02:00:00,0.022,0.0809,0,0,0,0,0,0
2010-07-01 03:00:00,0.0189,0.0564,0,0,0,0,0,0
2010-07-01 04:00:00,0.0177,0.0253,0,0,0,0,0,0
2010-07-01 05:00:00,0.0172,0.0366,0,0,0,0,0,0
2010-07-01 06:00:00,0.0131,0.0208,0,0,0,0,0,0
2010-07-01 07:00:00,0.0128,0.0105,0,0,0,0,0,0
2010-07-01 08:00:00,0.0099,0.0441,0,0,0,0,0,0
2010-07-01 09:00:00,0.0076,0.0441,0,0,0,0,0,0
2010-07-01 10:00:00,0.0093,0.0334,0,0,0,0,0,0
2010-07-01 11:00:00,0.0008,0.0103,0,0,0,0,0,0
2010-07-01 12:00:00,0.0,0.0002,0,0,0,0,0,0
2010-07-01 13:00:00,0.0,0.0003,0,0,0,0,0,0
2010-07-01 14:00:00,0.0002,0.0002,0,0,0,0,0,0
2010-07-01 15:00:00,0.0004,0.0001,0,0,0,0,0,0
2010-07-01 16:00:00,0.0077,0.0327,0,0,0,0,0,0
2010-07-01 17:00:00,0.0304,0.0735,0,0,0,0,0,0
2010-07-01 18:00:00,0.0284,0.0818,0,0,0,0,0,0
2010-07-01 19:00:00,0.0223,0.1039,0,0,0,0,0,0
2010-07-01 20:00:00,0.0222,0.0223,0,0,0,0,0,0
2010-07-01 21:00:00,0.0229,0.0156,0,0,0,0,0,0
2010-07-01 22:00:00,0.06,0.0461,0,0,0,0,0,0
2010-07-01 23:00:00,0.1027,0.1058,0,0,0,0,0,0
2010-07-02 00:00:00,0.0751,0.0811,0,0,0,0,0,0
2010-07-02 01:00:00,0.0496,0.0359,0,0,0,0,0,0
2010-07-02 02:00:00,0.0405,0.0445,0,0,0,0,0,0
2010-07-02 03:00:00,0.0307,0.0365,0,0,0,0,0,0
2010-07-02 04:00:00,0.0215,0.0066,0,0,0,0,0,0
2010-07-02 05:00:00,0.0032,0.0001,0,0,0,0,0,0
2010-07-02 06:00:00,0.0002,-0.0,0,0,0,0,0,0
2010-07-02 07:00:00,0.0006,0.0,0,0,0,0,0,0
2010-07-02 08:00:00,0.0219,0.0021,0,0,0,0,0,0
2010-07-02 09:00:00,0.0277,0.0105,0,0,0,0,0,0
2010-07-02 10:00:00,0.0014,0.0004,0,0,0,0,0,0
2010-07-02 11:00:00,0.0037,0.0005,0,0,0,0,0,0
2010-07-02 12:00:00,0.0214,-0.0,0,0,0,0,0,0
2010-07-02 13:00:00,0.0463,0.0,0,0,0,0,0,0
2010-07-02 14:00:00,0.0422,0.0,0,0,0,0,0,0
2010-07-02 15:00:00,0.0371,-0.0,0,0,0,0,0,0
2010-07-02 16:00:00,0.0816,0.0989,0,0,0,0,0,0
2010-07-02 17:00:00,0.1116,0.0791,0,0,0,0,0,0
2010-07-02 18:00:00,0.1451,0.0964,0,0,0,0,0,0
2010-07-02 19:00:00,0.1654,0.1061,0,0,0,0,0,0
2010-07-02 20:00:00,0.1687,0.2542,0,0,0,0,0,0
2010-07-02 21:00:00,0.1507,0.232,0,0,0,0,0,0
2010-07-02 22:00:00,0.1794,0.252,0,0,0,0,0,0
2010-07-02 23:00:00,0.1679,0.2058,0,0,0,0,0,0
2010-07-03 00:00:00,0.1692,0.0521,0,0,0,0,0,0
2010-07-03 01:00:00,0.1428,0.0378,0,0,0,0,0,0
2010-07-03 02:00:00,0.1315,0.0405,0,0,0,0,0,0
2010-07-03 03:00:00,0.1386,0.044,0,0,0,0,0,0
2010-07-03 04:00:00,0.1079,0.2337,0,0,0,0,0,0
2010-07-03 05:00:00,0.0562,0.1672,0,0,0,0,0,0
2010-07-03 06:00:00,0.0441,0.1978,0,0,0,0,0,0
2010-07-03 07:00:00,0.0446,0.2192,0,0,0,0,0,0
2010-07-03 08:00:00,0.0412,0.0046,0,0,0,0,0,0
2010-07-03 09:00:00,0.0554,0.015,0,0,0,0,0,0
2010-07-03 10:00:00,0.0616,0.0212,0,0,0,0,0,0
2010-07-03 11:00:00,0.051,0.0164,0,0,0,0,0,0
2010-07-03 12:00:00,0.0558,0.0017,0,0,0,0,0,0
2010-07-03 13:00:00,0.0894,0.0053,0,0,0,0,0,0
2010-07-03 14:00:00,0.1233,0.0205,0,0,0,0,0,0
2010-07-03 15:00:00,0.1153,0.0452,0,0,0,0,0,0
2010-07-03 16:00:00,0.1962,0.2161,0,0,0,0,0,0
2010-07-03 17:00:00,0.323,0.3119,0,0,0,0,0,0
2010-07-03 18:00:00,0.394,0.4154,0,0,0,0,0,0
2010-07-03 19:00:00,0.3877,0.4398,0,0,0,0,0,0
2010-07-03 20:00:00,0.3523,0.5734,0,0,0,0,0,0
2010-07-03 21:00:00,0.3211,0.4231,0,0,0,0,0,0
2010-07-03 22:00:00,0.2903,0.3456,0,0,0,0,0,0
2010-07-03 23:00:00,0.234,0.3319,0,0,0,0,0,0
2010-07-04 00:00:00,0.1529,0.1045,0,0,0,0,0,0
2010-07-04 01:00:00,0.122,0.1094,0,0,0,0,0,0
2010-07-04 02:00:00,0.0984,0.0919,0,0,0,0,0,0
2010-07-04 03:00:00,0.0657,0.0614,0,0,0,0,0,0
2010-07-04 04:00:00,0.0514,0.046,0,0,0,0,0,0
2010-07-04 05:00:00,0.0383,0.0363,0,0,0,0,0,0
2010-07-04 06:00:00,0.0252,0.0173,0,0,0,0,0,0
2010-07-04 07:00:00,0.0223,0.0094,0,0,0,0,0,0
2010-07-04 08:00:00,0.0288,0.0189,0,0,0,0,0,0
2010-07-04 09:00:00,0.0325,0.0183,0,0,0,0,0,0
2010-07-04 10:00:00,0.043,0.0297,0,0,0,0,0,0
2010-07-04 11:00:00,0.0571,0.0487,0,0,0,0,0,0
2010-07-04 12:00:00,0.1112,0.1799,0,0,0,0,0,0
2010-07-04 13:00:00,0.204,0.3994,0,0,0,0,0,0
2010-07-04 14:00:00,0.3134,0.6046,0,0,0,0,0,0
2010-07-04 15:00:00,0.4218,0.7233,0,0,0,0,0,0
2010-07-04 16:00:00,0.4723,0.5385,0,0,0,0,0,0
2010-07-04 17:00:00,0.4343,0.4886,0,0,0,0,0,0
2010-07-04 18:00:00,0.4871,0.5006,0,0,0,0,0,0
2010-07-04 19:00:00,0.5608,0.5536,0,0,0,0,0,0
2010-07-04 20:00:00,0.5679,0.6429,0,0,0,0,0,0
2010-07-04 21:00:00,0.4821,0.5225,0,0,0,0,0,0
2010-07-04 22:00:00,0.46,0.4489,0,0,0,0,0,0
2010-07-04 23:00:00,0.4119,0.378,0,0,0,0,0,0
2010-07-05 00:00:00,0.3813,0.3299,0,0,0,0,0,0
2010-07-05 01:00:00,0.3284,0.2682,0,0,0,0,0,0
2010-07-05 02:00:00,0.2704,0.2118,0,0,0,0,0,0
2010-07-05 03:00:00,0.2315,0.2149,0,0,0,0,0,0
2010-07-05 04:00:00,0.2016,0.2669,0,0,0,0,0,0
2010-07-05 05:00:00,0.2013,0.2933,0,0,0,0,0,0
2010-07-05 06:00:00,0.1797,0.2548,0,0,0,0,0,0
2010-07-05 07:00:00,0.1489,0.2366,0,0,0,0,0,0
2010-07-05 08:00:00,0.11,0.194,0,0,0,0,0,0
2010-07-05 09:00:00,0.0768,0.1381,0,0,0,0,0,0
2010-07-05 10:00:00,0.0739,0.1344,0,0,0,0,0,0
2010-07-05 11:00:00,0.0978,0.1859,0,0,0,0,0,0
2010-07-05 12:00:00,0.1324,0.1222,0,0,0,0,0,0
2010-07-05 13:00:00,0.1617,0.2288,0,0,0,0,0,0
2010-07-05 14:00:00,0.1712,0.2823,0,0,0,0,0,0
2010-07-05 15:00:00,0.2276,0.3702,0,0,0,0,0,0
2010-07-05 16:00:00,0.3555,0.4591,0,0,0,0,0,0
2010-07-05 17:00:00,0.4742,0.6053,0,0,0,0,0,0
2010-07-05 18:00:00,0.5043,0.66,0,0,0,0,0,0
2010-07-05 19:00:00,0.4583,0.6678,0,0,0,0,0,0
2010-07-05 20:00:00,0.4142,0.4089,0,0,0,0,0,0
2010-07-05 21:00:00,0.3275,0.325,0,0,0,0,0,0
2010-07-05 22:00:00,0.2544,0.2871,0,0,0,0,0,0
2010-07-05 23:00:00,0.1724,0.227,0,0,0,0,0,0
2010-07-06 00:00:00,0.1537,0.1188,0,0,0,0,0,0
2010-07-06 01:00:00,0.2695,0.2064,0,0,0,0,0,0
2010-07-06 02:00:00,0.4568,0.3037,0,0,0,0,0,0
2010-07-06 03:00:00,0.4771,0.2913,0,0,0,0,0,0
2010-07-06 04:00:00,0.4205,0.3302,0,0,0,0,0,0
2010-07-06 05:00:00,0.4012,0.3002,0,0,0,0,0,0
2010-07-06 06:00:00,0.301,0.2128,0,0,0,0,0,0
2010-07-06 07:00:00,0.1747,0.0929,0,0,0,0,0,0
2010-07-06 08:00:00,0.0953,0.0103,0,0,0,0,0,0
2010-07-06 09:00:00,0.0725,0.0083,0,0,0,0,0,0
2010-07-06 10:00:00,0.037,0.0003,0,0,0,0,0,0
2010-07-06 11:00:00,0.0456,0.0034,0,0,0,0,0,0
2010-07-06 12:00:00,0.0637,0.1867,0,0,0,0,0,0
2010-07-06 13:00:00,0.1253,0.2951,0,0,0,0,0,0
2010-07-06 14:00:00,0.2039,0.3767,0,0,0,0,0,0
2010-07-06 15:00:00,0.238,0.4303,0,0,0,0,0,0
2010-07-06 16:00:00,0.3026,0.3253,0,0,0,0,0,0
2010-07-06 17:00:00,0.381,0.4493,0,0,0,0,0,0
2010-07-06 18:00:00,0.4144,0.4648,0,0,0,0,0,0
2010-07-06 19:00:00,0.4033,0.4942,0,0,0,0,0,0
2010-07-06 20:00:00,0.3612,0.2,0,0,0,0,0,0
2010-07-06 21:00:00,0.3309,0.1793,0,0,0,0,0,0
2010-07-06 22:00:00,0.2758,0.1517,0,0,0,0,0,0
2010-07-06 23:00:00,0.2711,0.1676,0,0,0,0,0,0
2010-07-07 00:00:00,0.2446,0.3447,0,0,0,0,0,0
2010-07-07 01:00:00,0.1988,0.3158,0,0,0,0,0,0
2010-07-07 02:00:00,0.1433,0.2131,0,0,0,0,0,0
2010-07-07 03:00:00,0.1009,0.1245,0,0,0,0,0,0
2010-07-07 04:00:00,0.0707,0.0135,0,0,0,0,0,0
2010-07-07 05:00:00,0.0552,0.0066,0,0,0,0,0,0
2010-07-07 06:00:00,0.0542,0.0118,0,0,0,0,0,0
2010-07-07 07:00:00,0.0596,0.0238,0,0,0,0,0,0
2010-07-07 08:00:00,0.0543,0.0532,0,0,0,0,0,0
2010-07-07 09:00:00,0.0323,0.0417,0,0,0,0,0,0
2010-07-07 10:00:00,0.012,0.0164,0,0,0,0,0,0
2010-07-07 11:00:00,0.0,0.0001,0,0,0,0,0,0
2010-07-07 12:00:00,0.0004,0.0004,0,0,0,0,0,0
2010-07-07 13:00:00,0.029,0.023,0,0,0,0,0,0
2010-07-07 14:00:00,0.0613,0.0502,0,0,0,0,0,0
2010-07-07 15:00:00,0.0789,0.0513,0,0,0,0,0,0
2010-07-07 16:00:00,0.1018,0.0366,0,0,0,0,0,0
2010-07-07 17:00:00,0.143,0.0664,0,0,0,0,0,0
2010-07-07 18:00:00,0.248,0.1438,0,0,0,0,0,0
2010-07-07 19:00:00,0.414,0.3074,0,0,0,0,0,0
2010-07-07 20:00:00,0.5358,0.2612,0,0,0,0,0,0
2010-07-07 21:00:00,0.5176,0.2752,0,0,0,0,0,0
2010-07-07 22:00:00,0.3104,0.1478,0,0,0,0,0,0
2010-07-07 23:00:00,0.2473,0.1031,0,0,0,0,0,0
2010-07-08 00:00:00,0.2346,0.075,0,0,0,0,0,0
2010-07-08 01:00:00,0.2368,0.0821,0,0,0,0,0,0
2010-07-08 02:00:00,0.1784,0.0608,0,0,0,0,0,0
2010-07-08 03:00:00,0.1056,0.0356,0,0,0,0,0,0
2010-07-08 04:00:00,0.0904,0.0887,0,0,0,0,0,0
2010-07-08 05:00:00,0.0903,0.0766,0,0,0,0,0,0
2010-07-08 06:00:00,0.0726,0.0455,0,0,0,0,0,0
2010-07-08 07:00:00,0.0662,0.0401,0,0,0,0,0,0
2010-07-08 08:00:00,0.056,0.1294,0,0,0,0,0,0
2010-07-08 09:00:00,0.035,0.1065,0,0,0,0,0,0
2010-07-08 10:00:00,0.0741,0.1671,0,0,0,0,0,0
2010-07-08 11:00:00,0.012,0.0552,0,0,0,0,0,0
2010-07-08 12:00:00,0.0003,0.002,0,0,0,0,0,0
2010-07-08 13:00:00,0.0027,0.0054,0,0,0,0,0,0
2010-07-08 14:00:00,0.0303,0.0468,0,0,0,0,0,0
2010-07-08 15:00:00,0.011,0.0181,0,0,0,0,0,0
2010-07-08 16:00:00,0.036,0.0133,0,0,0,0,0,0
2010-07-08 17:00:00,0.0508,0.0297,0,0,0,0,0,0
2010-07-08 18:00:00,0.0674,0.0493,0,0,0,0,0,0
2010-07-08 19:00:00,0.1471,0.1128,0,0,0,0,0,0
2010-07-08 20:00:00,0.3008,0.3024,0,0,0,0,0,0
2010-07-08 21:00:00,0.4601,0.4193,0,0,0,0,0,0
2010-07-08 22:00:00,0.2068,0.1695,0,0,0,0,0,0
2010-07-08 23:00:00,0.0586,0.0418,0,0,0,0,0,0
2010-07-09 00:00:00,0.2256,0.6268,0,0,0,0,0,0
2010-07-09 01:00:00,0.4117,0.8271,0,0,0,0,0,0
2010-07-09 02:00:00,0.2565,0.6579,0,0,0,0,0,0
2010-07-09 03:00:00,0.2408,0.6165,0,0,0,0,0,0
2010-07-09 04:00:00,0.2589,0.2861,0,0,0,0,0,0
2010-07-09 05:00:00,0.327,0.389,0,0,0,0,0,0
2010-07-09 06:00:00,0.0565,0.1019,0,0,0,0,0,0
2010-07-09 07:00:00,0.018,0.0389,0,0,0,0,0,0
2010-07-09 08:00:00,0.1418,0.0692,0,0,0,0,0,0
2010-07-09 09:00:00,0.3051,0.2029,0,0,0,0,0,0
2010-07-09 10:00:00,0.2054,0.102,0,0,0,0,0,0
2010-07-09 11:00:00,0.2355,0.1165,0,0,0,0,0,0
2010-07-09 12:00:00,0.3122,0.405,0,0,0,0,0,0
2010-07-09 13:00:00,0.2554,0.3247,0,0,0,0,0,0
2010-07-09 14:00:00,0.1466,0.1765,0,0,0,0,0,0
2010-07-09 15:00:00,0.2786,0.3247,0,0,0,0,0,0
2010-07-09 16:00:00,0.5334,0.7608,0,0,0,0,0,0
2010-07-09 17:00:00,0.5111,0.7225,0,0,0,0,0,0
2010-07-09 18:00:00,0.5587,0.7307,0,0,0,0,0,0
2010-07-09 19:00:00,0.6028,0.7639,0,0,0,0,0,0
2010-07-09 20:00:00,0.5719,0.8345,0,0,0,0,0,0
2010-07-09 21:00:00,0.4792,0.7852,0,0,0,0,0,0
2010-07-09 22:00:00,0.3367,0.6668,0,0,0,0,0,0
2010-07-09 23:00:00,0.2867,0.5926,0,0,0,0,0,0
2010-07-10 00:00:00,0.2449,0.4644,0,0,0,0,0,0
2010-07-10 01:00:00,0.203,0.4214,0,0,0,0,0,0
2010-07-10 02:00:00,0.1516,0.3558,0,0,0,0,0,0
2010-07-10 03:00:00,0.1271,0.3382,0,0,0,0,0,0
2010-07-10 04:00:00,0.1116,0.1538,0,0,0,0,0,0
2010-07-10 05:00:00,0.084,0.1094,0,0,0,0,0,0
2010-07-10 06:00:00,0.0512,0.05,0,0,0,0,0,0
2010-07-10 07:00:00,0.0256,0.0218,0,0,0,0,0,0
2010-07-10 08:00:00,0.0158,0.0952,0,0,0,0,0,0
2010-07-10 09:00:00,0.0098,0.0715,0,0,0,0,0,0
2010-07-10 10:00:00,0.0009,0.0331,0,0,0,0,0,0
2010-07-10 11:00:00,0.0015,0.0341,0,0,0,0,0,0
2010-07-10 12:00:00,0.0072,0.003,0,0,0,0,0,0
2010-07-10 13:00:00,0.0185,0.005,0,0,0,0,0,0
2010-07-10 14:00:00,0.0336,0.0162,0,0,0,0,0,0
2010-07-10 15:00:00,0.0302,0.0294,0,0,0,0,0,0
2010-07-10 16:00:00,0.0181,0.0,0,0,0,0,0,0
2010-07-10 17:00:00,0.0457,0.001,0,0,0,0,0,0
2010-07-10 18:00:00,0.0564,0.0037,0,0,0,0,0,0
2010-07-10 19:00:00,0.062,0.0109,0,0,0,0,0,0
2010-07-10 20:00:00,0.0681,0.0989,0,0,0,0,0,0
2010-07-10 21:00:00,0.0261,0.054,0,0,0,0,0,0
2010-07-10 22:00:00,0.0028,0.0113,0,0,0,0,0,0
2010-07-10 23:00:00,0.0037,0.0151,0,0,0,0,0,0
2010-07-11 00:00:00,0.0265,0.0094,0,0,0,0,0,0
2010-07-11 01:00:00,0.0723,0.0474,0,0,0,0,0,0
2010-07-11 02:00:00,0.0932,0.0493,0,0,0,0,0,0
2010-07-11 03:00:00,0.059,0.019,0,0,0,0,0,0
2010-07-11 04:00:00,0.0279,0.0136,0,0,0,0,0,0
2010-07-11 05:00:00,0.0095,0.0095,0,0,0,0,0,0
2010-07-11 06:00:00,0.0004,0.0001,0,0,0,0,0,0
2010-07-11 07:00:00,0.0,0.0,0,0,0,0,0,0
2010-07-11 08:00:00,0.0,0.0003,0,0,0,0,0,0
2010-07-11 09:00:00,0.0,0.0004,0,0,0,0,0,0
2010-07-11 10:00:00,0.0001,0.0017,0,0,0,0,0,0
2010-07-11 11:00:00,0.0008,0.0078,0,0,0,0,0,0
2010-07-11 12:00:00,0.0079,0.0005,0,0,0,0,0,0
2010-07-11 13:00:00,0.021,0.0065,0,0,0,0,0,0
2010-07-11 14:00:00,0.0351,0.0101,0,0,0,0,0,0
2010-07-11 15:00:00,0.0305,0.0045,0,0,0,0,0,0
2010-07-11 16:00:00,0.019,0.0327,0,0,0,0,0,0
2010-07-11 17:00:00,0.0148,0.021,0,0,0,0,0,0
2010-07-11 18:00:00,0.0127,0.0162,0,0,0,0,0,0
2010-07-11 19:00:00,0.0165,0.0178,0,0,0,0,0,0
2010-07-11 20:00:00,0.0183,0.0026,0,0,0,0,0,0
2010-07-11 21:00:00,0.013,0.0002,0,0,0,0,0,0
2010-07-11 22:00:00,0.1831,0.0875,0,0,0,0,0,0
2010-07-11 23:00:00,0.1395,0.0752,0,0,0,0,0,0
2010-07-12 00:00:00,0.0626,0.0827,0,0,0,0,0,0
2010-07-12 01:00:00,0.0629,0.0804,0,0,0,0,0,0
2010-07-12 02:00:00,0.0265,0.0342,0,0,0,0,0,0
2010-07-12 03:00:00,0.0035,0.0015,0,0,0,0,0,0
2010-07-12 04:00:00,0.0169,0.0094,0,0,0,0,0,0
2010-07-12 05:00:00,0.0208,0.0222,0,0,0,0,0,0
2010-07-12 06:00:00,0.0165,0.0286,0,0,0,0,0,0
2010-07-12 07:00:00,0.004,0.0143,0,0,0,0,0,0
2010-07-12 08:00:00,0.0001,0.0388,0,0,0,0,0,0
2010-07-12 09:00:00,0.0,0.0365,0,0,0,0,0,0
2010-07-12 10:00:00,0.0207,0.2067,0,0,0,0,0,0
2010-07-12 11:00:00,0.0662,0.3794,0,0,0,0,0,0
2010-07-12 12:00:00,0.138,0.1929,0,0,0,0,0,0
2010-07-12 13:00:00,0.1912,0.2497,0,0,0,0,0,0
2010-07-12 14:00:00,0.2181,0.2681,0,0,0,0,0,0
2010-07-12 15:00:00,0.214,0.2594,0,0,0,0,0,0
2010-07-12 16:00:00,0.1893,0.2039,0,0,0,0,0,0
2010-07-12 17:00:00,0.1705,0.2104,0,0,0,0,0,0
2010-07-12 18:00:00,0.1728,0.2293,0,0,0,0,0,0
2010-07-12 19:00:00,0.1883,0.2022,0,0,0,0,0,0
2010-07-12 20:00:00,0.2115,0.1344,0,0,0,0,0,0
2010-07-12 21:00:00,0.2596,0.1582,0,0,0,0,0,0
2010-07-12 22:00:00,0.3254,0.1828,0,0,0,0,0,0
2010-07-12 23:00:00,0.3953,0.2366,0,0,0,0,0,0
2010-07-13 00:00:00,0.4926,0.5358,0,0,0,0,0,0
2010-07-13 01:00:00,0.5619,0.5664,0,0,0,0,0,0
2010-07-13 02:00:00,0.5608,0.5771,0,0,0,0,0,0
2010-07-13 03:00:00,0.5915,0.5422,0,0,0,0,0,0
2010-07-13 04:00:00,0.6474,0.8111,0,0,0,0,0,0
2010-07-13 05:00:00,0.6352,0.7914,0,0,0,0,0,0
2010-07-13 06:00:00,0.6188,0.7749,0,0,0,0,0,0
2010-07-13 07:00:00,0.5837,0.7971,0,0,0,0,0,0
2010-07-13 08:00:00,0.5226,0.5751,0,0,0,0,0,0
2010-07-13 09:00:00,0.4202,0.5314,0,0,0,0,0,0
2010-07-13 10:00:00,0.1917,0.2772,0,0,0,0,0,0
2010-07-13 11:00:00,0.1459,0.1885,0,0,0,0,0,0
2010-07-13 12:00:00,0.1432,0.5208,0,0,0,0,0,0
2010-07-13 13:00:00,0.1743,0.5949,0,0,0,0,0,0
2010-07-13 14:00:00,0.1852,0.5589,0,0,0,0,0,0
2010-07-13 15:00:00,0.166,0.5512,0,0,0,0,0,0
2010-07-13 16:00:00,0.1233,0.1597,0,0,0,0,0,0
2010-07-13 17:00:00,0.0955,0.1356,0,0,0,0,0,0
2010-07-13 18:00:00,0.0641,0.0977,0,0,0,0,0,0
2010-07-13 19:00:00,0.0363,0.0587,0,0,0,0,0,0
2010-07-13 20:00:00,0.0262,0.0772,0,0,0,0,0,0
2010-07-13 21:00:00,0.0297,0.1059,0,0,0,0,0,0
2010-07-13 22:00:00,0.0507,0.1296,0,0,0,0,0,0
2010-07-13 23:00:00,0.0876,0.184,0,0,0,0,0,0
2010-07-14 00:00:00,0.127,0.3536,0,0,0,0,0,0
2010-07-14 01:00:00,0.1352,0.3927,0,0,0,0,0,0
2010-07-14 02:00:00,0.1192,0.3725,0,0,0,0,0,0
2010-07-14 03:00:00,0.1191,0.3393,0,0,0,0,0,0
2010-07-14 04:00:00,0.1374,0.153,0,0,0,0,0,0
2010-07-14 05:00:00,0.1275,0.1581,0,0,0,0,0,0
2010-07-14 06:00:00,0.1698,0.2606,0,0,0,0,0,0
2010-07-14 07:00:00,0.2567,0.4322,0,0,0,0,0,0
2010-07-14 08:00:00,0.4427,0.4115,0,0,0,0,0,0
2010-07-14 09:00:00,0.64,0.5961,0,0,0,0,0,0
2010-07-14 10:00:00,0.8947,0.8895,0,0,0,0,0,0
2010-07-14 11:00:00,0.8973,0.8951,0,0,0,0,0,0
2010-07-14 12:00:00,0.8951,0.8971,0,0,0,0,0,0
2010-07-14 13:00:00,0.8969,0.8981,0,0,0,0,0,0
2010-07-14 14:00:00,0.8975,0.8988,0,0,0,0,0,0
2010-07-14 15:00:00,0.8976,0.8991,0,0,0,0,0,0
2010-07-14 16:00:00,0.8985,0.8938,0,0,0,0,0,0
2010-07-14 17:00:00,0.8983,0.8915,0,0,0,0,0,0
2010-07-14 18:00:00,0.8961,0.8799,0,0,0,0,0,0
2010-07-14 19:00:00,0.8924,0.8506,0,0,0,0,0,0
2010-07-14 20:00:00,0.8883,0.8914,0,0,0,0,0,0
2010-07-14 21:00:00,0.8825,0.8901,0,0,0,0,0,0
2010-07-14 22:00:00,0.8903,0.895,0,0,0,0,0,0
2010-07-14 23:00:00,0.8921,0.8967,0,0,0,0,0,0
2010-07-15 00:00:00,0.8872,0.8361,0,0,0,0,0,0
2010-07-15 01:00:00,0.871,0.8264,0,0,0,0,0,0
2010-07-15 02:00:00,0.8521,0.7861,0,0,0,0,0,0
2010-07-15 03:00:00,0.8145,0.7015,0,0,0,0,0,0
2010-07-15 04:00:00,0.7658,0.8702,0,0,0,0,0,0
2010-07-15 05:00:00,0.7192,0.8446,0,0,0,0,0,0
2010-07-15 06:00:00,0.6729,0.8102,0,0,0,0,0,0
2010-07-15 07:00:00,0.5611,0.7271,0,0,0,0,0,0
2010-07-15 08:00:00,0.4641,0.5269,0,0,0,0,0,0
2010-07-15 09:00:00,0.4106,0.4024,0,0,0,0,0,0
2010-07-15 10:00:00,0.3576,0.3754,0,0,0,0,0,0
2010-07-15 11:00:00,0.3687,0.3847,0,0,0,0,0,0
2010-07-15 12:00:00,0.4078,0.711,0,0,0,0,0,0
2010-07-15 13:00:00,0.4619,0.6468,0,0,0,0,0,0
2010-07-15 14:00:00,0.4927,0.6649,0,0,0,0,0,0
2010-07-15 15:00:00,0.47,0.683,0,0,0,0,0,0
2010-07-15 16:00:00,0.357,0.2221,0,0,0,0,0,0
2010-07-15 17:00:00,0.2923,0.1336,0,0,0,0,0,0
2010-07-15 18:00:00,0.283,0.0953,0,0,0,0,0,0
2010-07-15 19:00:00,0.2999,0.0875,0,0,0,0,0,0
2010-07-15 20:00:00,0.3113,0.3498,0,0,0,0,0,0
2010-07-15 21:00:00,0.3185,0.4005,0,0,0,0,0,0
2010-07-15 22:00:00,0.4345,0.5836,0,0,0,0,0,0
2010-07-15 23:00:00,0.3882,0.4889,0,0,0,0,0,0
2010-07-16 00:00:00,0.345,0.6193,0,0,0,0,0,0
2010-07-16 01:00:00,0.3375,0.5895,0,0,0,0,0,0
2010-07-16 02:00:00,0.3689,0.652,0,0,0,0,0,0
2010-07-16 03:00:00,0.4764,0.7769,0,0,0,0,0,0
2010-07-16 04:00:00,0.6325,0.6186,0,0,0,0,0,0
2010-07-16 05:00:00,0.7698,0.7606,0,0,0,0,0,0
2010-07-16 06:00:00,0.7895,0.7517,0,0,0,0,0,0
2010-07-16 07:00:00,0.5549,0.4564,0,0,0,0,0,0
2010-07-16 08:00:00,0.2649,0.2953,0,0,0,0,0,0
2010-07-16 09:00:00,0.1527,0.2173,0,0,0,0,0,0
2010-07-16 10:00:00,0.0846,0.1058,0,0,0,0,0,0
2010-07-16 11:00:00,0.095,0.0997,0,0,0,0,0,0
2010-07-16 12:00:00,0.1337,0.0982,0,0,0,0,0,0
2010-07-16 13:00:00,0.17,0.1326,0,0,0,0,0,0
2010-07-16 14:00:00,0.2285,0.2084,0,0,0,0,0,0
2010-07-16 15:00:00,0.2566,0.2151,0,0,0,0,0,0
2010-07-16 16:00:00,0.2491,0.2687,0,0,0,0,0,0
2010-07-16 17:00:00,0.2393,0.2223,0,0,0,0,0,0
2010-07-16 18:00:00,0.2439,0.2432,0,0,0,0,0,0
2010-07-16 19:00:00,0.2588,0.3017,0,0,0,0,0,0
2010-07-16 20:00:00,0.2909,0.2771,0,0,0,0,0,0
2010-07-16 21:00:00,0.2884,0.2411,0,0,0,0,0,0
2010-07-16 22:00:00,0.2073,0.1617,0,0,0,0,0,0
2010-07-16 23:00:00,0.2172,0.2074,0,0,0,0,0,0
2010-07-17 00:00:00,0.2228,0.2991,0,0,0,0,0,0
2010-07-17 01:00:00,0.2961,0.4098,0,0,0,0,0,0
2010-07-17 02:00:00,0.3224,0.4631,0,0,0,0,0,0
2010-07-17 03:00:00,0.3366,0.5419,0,0,0,0,0,0
2010-07-17 04:00:00,0.3584,0.4778,0,0,0,0,0,0
2010-07-17 05:00:00,0.3145,0.5008,0,0,0,0,0,0
2010-07-17 06:00:00,0.2267,0.4169,0,0,0,0,0,0
2010-07-17 07:00:00,0.1783,0.3269,0,0,0,0,0,0
2010-07-17 08:00:00,0.1212,0.067,0,0,0,0,0,0
2010-07-17 09:00:00,0.0573,0.0382,0,0,0,0,0,0
2010-07-17 10:00:00,0.0332,0.0217,0,0,0,0,0,0
2010-07-17 11:00:00,0.035,0.0261,0,0,0,0,0,0
2010-07-17 12:00:00,0.029,0.0042,0,0,0,0,0,0
2010-07-17 13:00:00,0.0245,0.0025,0,0,0,0,0,0
2010-07-17 14:00:00,0.054,0.0147,0,0,0,0,0,0
2010-07-17 15:00:00,0.0855,0.0222,0,0,0,0,0,0
2010-07-17 16:00:00,0.0992,0.1419,0,0,0,0,0,0
2010-07-17 17:00:00,0.1091,0.1574,0,0,0,0,0,0
2010-07-17 18:00:00,0.1417,0.2201,0,0,0,0,0,0
2010-07-17 19:00:00,0.1582,0.273,0,0,0,0,0,0
2010-07-17 20:00:00,0.1435,0.2912,0,0,0,0,0,0
2010-07-17 21:00:00,0.1204,0.2679,0,0,0,0,0,0
2010-07-17 22:00:00,0.0981,0.2206,0,0,0,0,0,0
2010-07-17 23:00:00,0.104,0.2521,0,0,0,0,0,0
2010-07-18 00:00:00,0.1138,0.2498,0,0,0,0,0,0
2010-07-18 01:00:00,0.123,0.2866,0,0,0,0,0,0
2010-07-18 02:00:00,0.1152,0.2826,0,0,0,0,0,0
2010-07-18 03:00:00,0.113,0.2939,0,0,0,0,0,0
2010-07-18 04:00:00,0.1154,0.1721,0,0,0,0,0,0
2010-07-18 05:00:00,0.0904,0.1524,0,0,0,0,0,0
2010-07-18 06:00:00,0.056,0.1275,0,0,0,0,0,0
2010-07-18 07:00:00,0.0294,0.0993,0,0,0,0,0,0
2010-07-18 08:00:00,0.0169,0.0396,0,0,0,0,0,0
2010-07-18 09:00:00,0.0122,0.0214,0,0,0,0,0,0
2010-07-18 10:00:00,0.0201,0.0403,0,0,0,0,0,0
2010-07-18 11:00:00,0.0162,0.0362,0,0,0,0,0,0
2010-07-18 12:00:00,0.0074,0.0,0,0,0,0,0,0
2010-07-18 13:00:00,0.0088,0.0,0,0,0,0,0,0
2010-07-18 14:00:00,0.0338,0.001,0,0,0,0,0,0
2010-07-18 15:00:00,0.0961,0.032,0,0,0,0,0,0
2010-07-18 16:00:00,0.1442,0.0843,0,0,0,0,0,0
2010-07-18 17:00:00,0.2008,0.1305,0,0,0,0,0,0
2010-07-18 18:00:00,0.2735,0.2076,0,0,0,0,0,0
2010-07-18 19:00:00,0.346,0.2495,0,0,0,0,0,0
2010-07-18 20:00:00,0.3685,0.3737,0,0,0,0,0,0
2010-07-18 21:00:00,0.3138,0.3295,0,0,0,0,0,0
2010-07-18 22:00:00,0.2471,0.2674,0,0,0,0,0,0
2010-07-18 23:00:00,0.2166,0.221,0,0,0,0,0,0
2010-07-19 00:00:00,0.2075,0.1252,0,0,0,0,0,0
2010-07-19 01:00:00,0.2238,0.1425,0,0,0,0,0,0
2010-07-19 02:00:00,0.2309,0.1414,0,0,0,0,0,0
2010-07-19 03:00:00,0.2441,0.1723,0,0,0,0,0,0
2010-07-19 04:00:00,0.2423,0.3003,0,0,0,0,0,0
2010-07-19 05:00:00,0.2447,0.3358,0,0,0,0,0,0
2010-07-19 06:00:00,0.2173,0.3726,0,0,0,0,0,0
2010-07-19 07:00:00,0.1757,0.3099,0,0,0,0,0,0
2010-07-19 08:00:00,0.1138,0.1365,0,0,0,0,0,0
2010-07-19 09:00:00,0.0563,0.0733,0,0,0,0,0,0
2010-07-19 10:00:00,0.0192,0.0224,0,0,0,0,0,0
2010-07-19 11:00:00,0.0039,0.0023,0,0,0,0,0,0
2010-07-19 12:00:00,0.0073,0.0003,0,0,0,0,0,0
2010-07-19 13:00:00,0.0292,0.0086,0,0,0,0,0,0
2010-07-19 14:00:00,0.1078,0.0766,0,0,0,0,0,0
2010-07-19 15:00:00,0.2337,0.224,0,0,0,0,0,0
2010-07-19 16:00:00,0.3362,0.1849,0,0,0,0,0,0
2010-07-19 17:00:00,0.4536,0.2767,0,0,0,0,0,0
2010-07-19 18:00:00,0.5668,0.3805,0,0,0,0,0,0
2010-07-19 19:00:00,0.5824,0.4268,0,0,0,0,0,0
2010-07-19 20:00:00,0.5455,0.4193,0,0,0,0,0,0
2010-07-19 21:00:00,0.4503,0.3617,0,0,0,0,0,0
2010-07-19 22:00:00,0.3537,0.2502,0,0,0,0,0,0
2010-07-19 23:00:00,0.277,0.1492,0,0,0,0,0,0
2010-07-20 00:00:00,0.2623,0.7293,0,0,0,0,0,0
2010-07-20 01:00:00,0.238,0.688,0,0,0,0,0,0
2010-07-20 02:00:00,0.2207,0.7521,0,0,0,0,0,0
2010-07-20 03:00:00,0.1983,0.7384,0,0,0,0,0,0
2010-07-20 04:00:00,0.1486,0.1545,0,0,0,0,0,0
2010-07-20 05:00:00,0.0944,0.1283,0,0,0,0,0,0
2010-07-20 06:00:00,0.0662,0.1092,0,0,0,0,0,0
2010-07-20 07:00:00,0.0714,0.1271,0,0,0,0,0,0
2010-07-20 08:00:00,0.0942,0.2401,0,0,0,0,0,0
2010-07-20 09:00:00,0.1028,0.2616,0,0,0,0,0,0
2010-07-20 10:00:00,0.1099,0.3185,0,0,0,0,0,0
2010-07-20 11:00:00,0.0763,0.248,0,0,0,0,0,0
2010-07-20 12:00:00,0.0748,0.0595,0,0,0,0,0,0
2010-07-20 13:00:00,0.0763,0.0734,0,0,0,0,0,0
2010-07-20 14:00:00,0.0677,0.0644,0,0,0,0,0,0
2010-07-20 15:00:00,0.0763,0.0698,0,0,0,0,0,0
2010-07-20 16:00:00,0.1402,0.164,0,0,0,0,0,0
2010-07-20 17:00:00,0.1408,0.1713,0,0,0,0,0,0
2010-07-20 18:00:00,0.1131,0.1267,0,0,0,0,0,0
2010-07-20 19:00:00,0.1049,0.1271,0,0,0,0,0,0
2010-07-20 20:00:00,0.0869,0.1009,0,0,0,0,0,0
2010-07-20 21:00:00,0.0633,0.0766,0,0,0,0,0,0
2010-07-20 22:00:00,0.0912,0.1474,0,0,0,0,0,0
2010-07-20 23:00:00,0.118,0.2535,0,0,0,0,0,0
2010-07-21 00:00:00,0.1427,0.1158,0,0,0,0,0,0
2010-07-21 01:00:00,0.1273,0.0739,0,0,0,0,0,0
2010-07-21 02:00:00,0.08,0.0237,0,0,0,0,0,0
2010-07-21 03:00:00,0.1122,0.0431,0,0,0,0,0,0
2010-07-21 04:00:00,0.1491,0.1585,0,0,0,0,0,0
2010-07-21 05:00:00,0.1572,0.1419,0,0,0,0,0,0
2010-07-21 06:00:00,0.1664,0.1216,0,0,0,0,0,0
2010-07-21 07:00:00,0.133,0.0968,0,0,0,0,0,0
2010-07-21 08:00:00,0.1133,0.1805,0,0,0,0,0,0
2010-07-21 09:00:00,0.1317,0.209,0,0,0,0,0,0
2010-07-21 10:00:00,0.2037,0.3006,0,0,0,0,0,0
2010-07-21 11:00:00,0.1725,0.2638,0,0,0,0,0,0
2010-07-21 12:00:00,0.1376,0.0691,0,0,0,0,0,0
2010-07-21 13:00:00,0.1254,0.0748,0,0,0,0,0,0
2010-07-21 14:00:00,0.1532,0.1309,0,0,0,0,0,0
2010-07-21 15:00:00,0.1696,0.1406,0,0,0,0,0,0
2010-07-21 16:00:00,0.1803,0.2804,0,0,0,0,0,0
2010-07-21 17:00:00,0.1751,0.3198,0,0,0,0,0,0
2010-07-21 18:00:00,0.1695,0.2899,0,0,0,0,0,0
2010-07-21 19:00:00,0.1759,0.3085,0,0,0,0,0,0
2010-07-21 20:00:00,0.167,0.0795,0,0,0,0,0,0
2010-07-21 21:00:00,0.1727,0.1108,0,0,0,0,0,0
2010-07-21 22:00:00,0.2218,0.1446,0,0,0,0,0,0
2010-07-21 23:00:00,0.248,0.1468,0,0,0,0,0,0
2010-07-22 00:00:00,0.2389,0.1267,0,0,0,0,0,0
2010-07-22 01:00:00,0.2299,0.0913,0,0,0,0,0,0
2010-07-22 02:00:00,0.2544,0.1225,0,0,0,0,0,0
2010-07-22 03:00:00,0.2283,0.1301,0,0,0,0,0,0
2010-07-22 04:00:00,0.207,0.2961,0,0,0,0,0,0
2010-07-22 05:00:00,0.1638,0.2482,0,0,0,0,0,0
2010-07-22 06:00:00,0.1315,0.2352,0,0,0,0,0,0
2010-07-22 07:00:00,0.1157,0.2406,0,0,0,0,0,0
2010-07-22 08:00:00,0.1151,0.0604,0,0,0,0,0,0
2010-07-22 09:00:00,0.1198,0.0883,0,0,0,0,0,0
2010-07-22 10:00:00,0.1849,0.1478,0,0,0,0,0,0
2010-07-22 11:00:00,0.1872,0.1298,0,0,0,0,0,0
2010-07-22 12:00:00,0.18,0.0607,0,0,0,0,0,0
2010-07-22 13:00:00,0.1574,0.0563,0,0,0,0,0,0
2010-07-22 14:00:00,0.1346,0.0456,0,0,0,0,0,0
2010-07-22 15:00:00,0.1349,0.0596,0,0,0,0,0,0
2010-07-22 16:00:00,0.147,0.2367,0,0,0,0,0,0
2010-07-22 17:00:00,0.1626,0.2275,0,0,0,0,0,0
2010-07-22 18:00:00,0.1692,0.1943,0,0,0,0,0,0
2010-07-22 19:00:00,0.1355,0.181,0,0,0,0,0,0
2010-07-22 20:00:00,0.1123,0.0548,0,0,0,0,0,0
2010-07-22 21:00:00,0.1086,0.0755,0,0,0,0,0,0
2010-07-22 22:00:00,0.185,0.138,0,0,0,0,0,0
2010-07-22 23:00:00,0.2107,0.1417,0,0,0,0,0,0
2010-07-23 00:00:00,0.19,0.1253,0,0,0,0,0,0
2010-07-23 01:00:00,0.2161,0.1599,0,0,0,0,0,0
2010-07-23 02:00:00,0.2953,0.2483,0,0,0,0,0,0
2010-07-23 03:00:00,0.3729,0.3258,0,0,0,0,0,0
2010-07-23 04:00:00,0.4009,0.3681,0,0,0,0,0,0
2010-07-23 05:00:00,0.3613,0.371,0,0,0,0,0,0
2010-07-23 06:00:00,0.3238,0.364,0,0,0,0,0,0
2010-07-23 07:00:00,0.2868,0.3321,0,0,0,0,0,0
2010-07-23 08:00:00,0.3269,0.4724,0,0,0,0,0,0
2010-07-23 09:00:00,0.4183,0.6056,0,0,0,0,0,0
2010-07-23 10:00:00,0.4903,0.6975,0,0,0,0,0,0
2010-07-23 11:00:00,0.5162,0.6888,0,0,0,0,0,0
2010-07-23 12:00:00,0.5717,0.5933,0,0,0,0,0,0
2010-07-23 13:00:00,0.6259,0.6946,0,0,0,0,0,0
2010-07-23 14:00:00,0.6516,0.7594,0,0,0,0,0,0
2010-07-23 15:00:00,0.6579,0.7959,0,0,0,0,0,0
2010-07-23 16:00:00,0.61,0.4111,0,0,0,0,0,0
2010-07-23 17:00:00,0.5664,0.3178,0,0,0,0,0,0
2010-07-23 18:00:00,0.5186,0.2282,0,0,0,0,0,0
2010-07-23 19:00:00,0.4785,0.2317,0,0,0,0,0,0
2010-07-23 20:00:00,0.451,0.455,0,0,0,0,0,0
2010-07-23 21:00:00,0.3775,0.4146,0,0,0,0,0,0
2010-07-23 22:00:00,0.3454,0.3573,0,0,0,0,0,0
2010-07-23 23:00:00,0.2769,0.2651,0,0,0,0,0,0
2010-07-24 00:00:00,0.2632,0.202,0,0,0,0,0,0
2010-07-24 01:00:00,0.2209,0.1733,0,0,0,0,0,0
2010-07-24 02:00:00,0.1737,0.1488,0,0,0,0,0,0
2010-07-24 03:00:00,0.1266,0.1078,0,0,0,0,0,0
2010-07-24 04:00:00,0.0708,0.0335,0,0,0,0,0,0
2010-07-24 05:00:00,0.0327,0.0124,0,0,0,0,0,0
2010-07-24 06:00:00,0.029,0.0183,0,0,0,0,0,0
2010-07-24 07:00:00,0.0301,0.0116,0,0,0,0,0,0
2010-07-24 08:00:00,0.0312,0.0318,0,0,0,0,0,0
2010-07-24 09:00:00,0.0216,0.0215,0,0,0,0,0,0
2010-07-24 10:00:00,0.0064,0.0064,0,0,0,0,0,0
2010-07-24 11:00:00,0.0104,0.0194,0,0,0,0,0,0
2010-07-24 12:00:00,0.0495,0.0718,0,0,0,0,0,0
2010-07-24 13:00:00,0.1073,0.1285,0,0,0,0,0,0
2010-07-24 14:00:00,0.1867,0.1419,0,0,0,0,0,0
2010-07-24 15:00:00,0.1553,0.1047,0,0,0,0,0,0
2010-07-24 16:00:00,0.1213,0.0652,0,0,0,0,0,0
2010-07-24 17:00:00,0.1437,0.0932,0,0,0,0,0,0
2010-07-24 18:00:00,0.1765,0.1539,0,0,0,0,0,0
2010-07-24 19:00:00,0.2113,0.2119,0,0,0,0,0,0
2010-07-24 20:00:00,0.222,0.1389,0,0,0,0,0,0
2010-07-24 21:00:00,0.1897,0.0806,0,0,0,0,0,0
2010-07-24 22:00:00,0.1929,0.0523,0,0,0,0,0,0
2010-07-24 23:00:00,0.2055,0.0738,0,0,0,0,0,0
2010-07-25 00:00:00,0.2216,0.34,0,0,0,0,0,0
2010-07-25 01:00:00,0.1901,0.2863,0,0,0,0,0,0
2010-07-25 02:00:00,0.1733,0.2277,0,0,0,0,0,0
2010-07-25 03:00:00,0.1294,0.1219,0,0,0,0,0,0
2010-07-25 04:00:00,0.0847,0.0221,0,0,0,0,0,0
2010-07-25 05:00:00,0.046,0.005,0,0,0,0,0,0
2010-07-25 06:00:00,0.0252,0.0024,0,0,0,0,0,0
2010-07-25 07:00:00,0.0052,0.0001,0,0,0,0,0,0
2010-07-25 08:00:00,0.0,-0.0,0,0,0,0,0,0
2010-07-25 09:00:00,0.0002,-0.0,0,0,0,0,0,0
2010-07-25 10:00:00,0.025,0.0001,0,0,0,0,0,0
2010-07-25 11:00:00,0.0837,0.0184,0,0,0,0,0,0
2010-07-25 12:00:00,0.1338,0.1,0,0,0,0,0,0
2010-07-25 13:00:00,0.1784,0.1315,0,0,0,0,0,0
2010-07-25 14:00:00,0.2014,0.1699,0,0,0,0,0,0
2010-07-25 15:00:00,0.2356,0.1577,0,0,0,0,0,0
2010-07-25 16:00:00,0.2517,0.1561,0,0,0,0,0,0
2010-07-25 17:00:00,0.248,0.1757,0,0,0,0,0,0
2010-07-25 18:00:00,0.2385,0.1562,0,0,0,0,0,0
2010-07-25 19:00:00,0.2512,0.1395,0,0,0,0,0,0
2010-07-25 20:00:00,0.283,0.2061,0,0,0,0,0,0
2010-07-25 21:00:00,0.2993,0.2373,0,0,0,0,0,0
2010-07-25 22:00:00,0.3299,0.2524,0,0,0,0,0,0
2010-07-25 23:00:00,0.3184,0.2346,0,0,0,0,0,0
2010-07-26 00:00:00,0.315,0.4991,0,0,0,0,0,0
2010-07-26 01:00:00,0.2769,0.4143,0,0,0,0,0,0
2010-07-26 02:00:00,0.2331,0.3321,0,0,0,0,0,0
2010-07-26 03:00:00,0.1854,0.1933,0,0,0,0,0,0
2010-07-26 04:00:00,0.1565,0.0373,0,0,0,0,0,0
2010-07-26 05:00:00,0.1288,0.025,0,0,0,0,0,0
2010-07-26 06:00:00,0.1063,0.0165,0,0,0,0,0,0
2010-07-26 07:00:00,0.0973,0.0108,0,0,0,0,0,0
2010-07-26 08:00:00,0.1007,0.0424,0,0,0,0,0,0
2010-07-26 09:00:00,0.0908,0.0333,0,0,0,0,0,0
2010-07-26 10:00:00,0.0452,0.0109,0,0,0,0,0,0
2010-07-26 11:00:00,0.066,0.0215,0,0,0,0,0,0
2010-07-26 12:00:00,0.1361,0.2536,0,0,0,0,0,0
2010-07-26 13:00:00,0.147,0.2507,0,0,0,0,0,0
2010-07-26 14:00:00,0.1289,0.2158,0,0,0,0,0,0
2010-07-26 15:00:00,0.1908,0.3072,0,0,0,0,0,0
2010-07-26 16:00:00,0.333,0.4189,0,0,0,0,0,0
2010-07-26 17:00:00,0.4001,0.4923,0,0,0,0,0,0
2010-07-26 18:00:00,0.369,0.4731,0,0,0,0,0,0
2010-07-26 19:00:00,0.3731,0.4877,0,0,0,0,0,0
2010-07-26 20:00:00,0.4379,0.1499,0,0,0,0,0,0
2010-07-26 21:00:00,0.4595,0.1701,0,0,0,0,0,0
2010-07-26 22:00:00,0.5227,0.2159,0,0,0,0,0,0
2010-07-26 23:00:00,0.4017,0.1638,0,0,0,0,0,0
2010-07-27 00:00:00,0.2907,0.3988,0,0,0,0,0,0
2010-07-27 01:00:00,0.1787,0.2578,0,0,0,0,0,0
2010-07-27 02:00:00,0.1126,0.1641,0,0,0,0,0,0
2010-07-27 03:00:00,0.0862,0.1591,0,0,0,0,0,0
2010-07-27 04:00:00,0.0806,0.1112,0,0,0,0,0,0
2010-07-27 05:00:00,0.0749,0.1016,0,0,0,0,0,0
2010-07-27 06:00:00,0.0585,0.0676,0,0,0,0,0,0
2010-07-27 07:00:00,0.0386,0.0438,0,0,0,0,0,0
2010-07-27 08:00:00,0.0305,0.0781,0,0,0,0,0,0
2010-07-27 09:00:00,0.0268,0.0721,0,0,0,0,0,0
2010-07-27 10:00:00,0.0226,0.0655,0,0,0,0,0,0
2010-07-27 11:00:00,0.0334,0.0735,0,0,0,0,0,0
2010-07-27 12:00:00,0.0486,0.0433,0,0,0,0,0,0
2010-07-27 13:00:00,0.0725,0.0455,0,0,0,0,0,0
2010-07-27 14:00:00,0.1201,0.0716,0,0,0,0,0,0
2010-07-27 15:00:00,0.1839,0.1086,0,0,0,0,0,0
2010-07-27 16:00:00,0.2398,0.3587,0,0,0,0,0,0
2010-07-27 17:00:00,0.2784,0.4168,0,0,0,0,0,0
2010-07-27 18:00:00,0.3461,0.4566,0,0,0,0,0,0
2010-07-27 19:00:00,0.3663,0.4493,0,0,0,0,0,0
2010-07-27 20:00:00,0.3573,0.4492,0,0,0,0,0,0
2010-07-27 21:00:00,0.3415,0.4125,0,0,0,0,0,0
2010-07-27 22:00:00,0.3684,0.438,0,0,0,0,0,0
2010-07-27 23:00:00,0.3458,0.4342,0,0,0,0,0,0
2010-07-28 00:00:00,0.3194,0.4393,0,0,0,0,0,0
2010-07-28 01:00:00,0.2732,0.4505,0,0,0,0,0,0
2010-07-28 02:00:00,0.2057,0.3429,0,0,0,0,0,0
2010-07-28 03:00:00,0.173,0.3158,0,0,0,0,0,0
2010-07-28 04:00:00,0.1405,0.2532,0,0,0,0,0,0
2010-07-28 05:00:00,0.1016,0.1732,0,0,0,0,0,0
2010-07-28 06:00:00,0.0588,0.0785,0,0,0,0,0,0
2010-07-28 07:00:00,0.0238,0.0182,0,0,0,0,0,0
2010-07-28 08:00:00,0.0091,0.0349,0,0,0,0,0,0
2010-07-28 09:00:00,0.0095,0.0274,0,0,0,0,0,0
2010-07-28 10:00:00,0.0677,0.1021,0,0,0,0,0,0
2010-07-28 11:00:00,0.1447,0.1775,0,0,0,0,0,0
2010-07-28 12:00:00,0.1985,0.3066,0,0,0,0,0,0
2010-07-28 13:00:00,0.2537,0.2847,0,0,0,0,0,0
2010-07-28 14:00:00,0.3518,0.3625,0,0,0,0,0,0
2010-07-28 15:00:00,0.4665,0.4143,0,0,0,0,0,0
2010-07-28 16:00:00,0.4747,0.8462,0,0,0,0,0,0
2010-07-28 17:00:00,0.4669,0.8133,0,0,0,0,0,0
2010-07-28 18:00:00,0.4787,0.8283,0,0,0,0,0,0
2010-07-28 19:00:00,0.6451,0.8865,0,0,0,0,0,0
2010-07-28 20:00:00,0.7208,0.8321,0,0,0,0,0,0
2010-07-28 21:00:00,0.7313,0.8288,0,0,0,0,0,0
2010-07-28 22:00:00,0.6367,0.7628,0,0,0,0,0,0
2010-07-28 23:00:00,0.6381,0.7209,0,0,0,0,0,0
2010-07-29 00:00:00,0.6659,0.7146,0,0,0,0,0,0
2010-07-29 01:00:00,0.5789,0.6841,0,0,0,0,0,0
2010-07-29 02:00:00,0.3663,0.4313,0,0,0,0,0,0
2010-07-29 03:00:00,0.2436,0.2573,0,0,0,0,0,0
2010-07-29 04:00:00,0.1869,0.2137,0,0,0,0,0,0
2010-07-29 05:00:00,0.1162,0.1287,0,0,0,0,0,0
2010-07-29 06:00:00,0.104,0.1191,0,0,0,0,0,0
2010-07-29 07:00:00,0.1032,0.1411,0,0,0,0,0,0
2010-07-29 08:00:00,0.0766,0.1363,0,0,0,0,0,0
2010-07-29 09:00:00,0.0521,0.122,0,0,0,0,0,0
2010-07-29 10:00:00,0.0234,0.0692,0,0,0,0,0,0
2010-07-29 11:00:00,0.0234,0.062,0,0,0,0,0,0
2010-07-29 12:00:00,0.0373,0.0284,0,0,0,0,0,0
2010-07-29 13:00:00,0.0747,0.0508,0,0,0,0,0,0
2010-07-29 14:00:00,0.1245,0.0702,0,0,0,0,0,0
2010-07-29 15:00:00,0.1857,0.1361,0,0,0,0,0,0
2010-07-29 16:00:00,0.2601,0.2163,0,0,0,0,0,0
2010-07-29 17:00:00,0.3152,0.2475,0,0,0,0,0,0
2010-07-29 18:00:00,0.3276,0.2403,0,0,0,0,0,0
2010-07-29 19:00:00,0.3114,0.2109,0,0,0,0,0,0
2010-07-29 20:00:00,0.2832,0.4119,0,0,0,0,0,0
2010-07-29 21:00:00,0.2307,0.3601,0,0,0,0,0,0
2010-07-29 22:00:00,0.2959,0.4743,0,0,0,0,0,0
2010-07-29 23:00:00,0.2371,0.4244,0,0,0,0,0,0
2010-07-30 00:00:00,0.16,0.2651,0,0,0,0,0,0
2010-07-30 01:00:00,0.0959,0.178,0,0,0,0,0,0
2010-07-30 02:00:00,0.0512,0.1066,0,0,0,0,0,0
2010-07-30 03:00:00,0.0259,0.0666,0,0,0,0,0,0
2010-07-30 04:00:00,0.0186,0.0112,0,0,0,0,0,0
2010-07-30 05:00:00,0.0186,0.0085,0,0,0,0,0,0
2010-07-30 06:00:00,0.0181,0.0089,0,0,0,0,0,0
2010-07-30 07:00:00,0.0184,0.0047,0,0,0,0,0,0
2010-07-30 08:00:00,0.0159,0.0102,0,0,0,0,0,0
2010-07-30 09:00:00,0.0072,0.0108,0,0,0,0,0,0
2010-07-30 10:00:00,0.0009,0.0068,0,0,0,0,0,0
2010-07-30 11:00:00,0.001,0.0067,0,0,0,0,0,0
2010-07-30 12:00:00,0.0034,0.0069,0,0,0,0,0,0
2010-07-30 13:00:00,0.0174,0.0181,0,0,0,0,0,0
2010-07-30 14:00:00,0.0611,0.0574,0,0,0,0,0,0
2010-07-30 15:00:00,0.1214,0.1497,0,0,0,0,0,0
2010-07-30 16:00:00,0.1664,0.1545,0,0,0,0,0,0
2010-07-30 17:00:00,0.1637,0.1879,0,0,0,0,0,0
2010-07-30 18:00:00,0.1162,0.1547,0,0,0,0,0,0
2010-07-30 19:00:00,0.0831,0.0942,0,0,0,0,0,0
2010-07-30 20:00:00,0.0682,0.2278,0,0,0,0,0,0
2010-07-30 21:00:00,0.0398,0.2344,0,0,0,0,0,0
2010-07-30 22:00:00,0.0281,0.2158,0,0,0,0,0,0
2010-07-30 23:00:00,0.0369,0.2697,0,0,0,0,0,0
2010-07-31 00:00:00,0.0532,0.0808,0,0,0,0,0,0
2010-07-31 01:00:00,0.0669,0.0772,0,0,0,0,0,0
2010-07-31 02:00:00,0.0553,0.0723,0,0,0,0,0,0
2010-07-31 03:00:00,0.03,0.0494,0,0,0,0,0,0
2010-07-31 04:00:00,0.0108,0.087,0,0,0,0,0,0
2010-07-31 05:00:00,0.0009,0.0688,0,0,0,0,0,0
2010-07-31 06:00:00,0.0001,0.0283,0,0,0,0,0,0
2010-07-31 07:00:00,0.0001,0.0164,0,0,0,0,0,0
2010-07-31 08:00:00,0.0002,0.0126,0,0,0,0,0,0
2010-07-31 09:00:00,0.0004,0.0281,0,0,0,0,0,0
2010-07-31 10:00:00,0.0001,0.0216,0,0,0,0,0,0
2010-07-31 11:00:00,0.0003,0.0334,0,0,0,0,0,0
2010-07-31 12:00:00,0.0067,0.01,0,0,0,0,0,0
2010-07-31 13:00:00,0.0265,0.0191,0,0,0,0,0,0
2010-07-31 14:00:00,0.0498,0.0278,0,0,0,0,0,0
2010-07-31 15:00:00,0.0664,0.0352,0,0,0,0,0,0
2010-07-31 16:00:00,0.0941,0.1048,0,0,0,0,0,0
2010-07-31 17:00:00,0.1232,0.1149,0,0,0,0,0,0
2010-07-31 18:00:00,0.1354,0.1312,0,0,0,0,0,0
2010-07-31 19:00:00,0.1426,0.1346,0,0,0,0,0,0
2010-07-31 20:00:00,0.1764,0.2685,0,0,0,0,0,0
2010-07-31 21:00:00,0.2343,0.3187,0,0,0,0,0,0
2010-07-31 22:00:00,0.2626,0.3408,0,0,0,0,0,0
2010-07-31 23:00:00,0.1982,0.2861,0,0,0,0,0,0
2010-08-01 00:00:00,0.2085,0.291,0,0,0,0,0,0
2010-08-01 01:00:00,0.2847,0.4115,0,0,0,0,0,0
2010-08-01 02:00:00,0.2833,0.4239,0,0,0,0,0,0
2010-08-01 03:00:00,0.2423,0.2676,0,0,0,0,0,0
2010-08-01 04:00:00,0.2209,0.1327,0,0,0,0,0,0
2010-08-01 05:00:00,0.1945,0.1111,0,0,0,0,0,0
2010-08-01 06:00:00,0.1334,0.0796,0,0,0,0,0,0
2010-08-01 07:00:00,0.0963,0.0456,0,0,0,0,0,0
2010-08-01 08:00:00,0.06,0.0078,0,0,0,0,0,0
2010-08-01 09:00:00,0.0195,0.0001,0,0,0,0,0,0
2010-08-01 10:00:00,0.0202,0.0,0,0,0,0,0,0
2010-08-01 11:00:00,0.0577,0.0018,0,0,0,0,0,0
2010-08-01 12:00:00,0.0494,0.0468,0,0,0,0,0,0
2010-08-01 13:00:00,0.0527,0.0556,0,0,0,0,0,0
2010-08-01 14:00:00,0.0858,0.1002,0,0,0,0,0,0
2010-08-01 15:00:00,0.0901,0.128,0,0,0,0,0,0
2010-08-01 16:00:00,0.1208,0.0544,0,0,0,0,0,0
2010-08-01 17:00:00,0.1314,0.0566,0,0,0,0,0,0
2010-08-01 18:00:00,0.1534,0.0764,0,0,0,0,0,0
2010-08-01 19:00:00,0.173,0.0892,0,0,0,0,0,0
2010-08-01 20:00:00,0.1606,0.2288,0,0,0,0,0,0
2010-08-01 21:00:00,0.1237,0.1722,0,0,0,0,0,0
2010-08-01 22:00:00,0.1484,0.2073,0,0,0,0,0,0
2010-08-01 23:00:00,0.1255,0.2216,0,0,0,0,0,0
2010-08-02 00:00:00,0.094,0.1668,0,0,0,0,0,0
2010-08-02 01:00:00,0.0715,0.1579,0,0,0,0,0,0
2010-08-02 02:00:00,0.0875,0.1584,0,0,0,0,0,0
2010-08-02 03:00:00,0.0638,0.1226,0,0,0,0,0,0
2010-08-02 04:00:00,0.0377,0.0019,0,0,0,0,0,0
2010-08-02 05:00:00,0.0247,0.0005,0,0,0,0,0,0
2010-08-02 06:00:00,0.0142,0.0003,0,0,0,0,0,0
2010-08-02 07:00:00,0.0105,0.0001,0,0,0,0,0,0
2010-08-02 08:00:00,0.0032,0.0255,0,0,0,0,0,0
2010-08-02 09:00:00,0.0035,0.0229,0,0,0,0,0,0
2010-08-02 10:00:00,0.0386,0.0735,0,0,0,0,0,0
2010-08-02 11:00:00,0.0842,0.1475,0,0,0,0,0,0
2010-08-02 12:00:00,0.0982,0.0938,0,0,0,0,0,0
2010-08-02 13:00:00,0.0761,0.0623,0,0,0,0,0,0
2010-08-02 14:00:00,0.0977,0.0807,0,0,0,0,0,0
2010-08-02 15:00:00,0.1653,0.1644,0,0,0,0,0,0
2010-08-02 16:00:00,0.2268,0.4385,0,0,0,0,0,0
2010-08-02 17:00:00,0.2256,0.3651,0,0,0,0,0,0
2010-08-02 18:00:00,0.253,0.3554,0,0,0,0,0,0
2010-08-02 19:00:00,0.3082,0.3824,0,0,0,0,0,0
2010-08-02 20:00:00,0.3119,0.2108,0,0,0,0,0,0
2010-08-02 21:00:00,0.2801,0.2537,0,0,0,0,0,0
2010-08-02 22:00:00,0.212,0.2385,0,0,0,0,0,0
2010-08-02 23:00:00,0.1583,0.1674,0,0,0,0,0,0
2010-08-03 00:00:00,0.1218,0.4614,0,0,0,0,0,0
2010-08-03 01:00:00,0.0907,0.3439,0,0,0,0,0,0
2010-08-03 02:00:00,0.056,0.2279,0,0,0,0,0,0
2010-08-03 03:00:00,0.041,0.1349,0,0,0,0,0,0
2010-08-03 04:00:00,0.05,0.0435,0,0,0,0,0,0
2010-08-03 05:00:00,0.0533,0.033,0,0,0,0,0,0
2010-08-03 06:00:00,0.0535,0.0219,0,0,0,0,0,0
2010-08-03 07:00:00,0.0504,0.0114,0,0,0,0,0,0
2010-08-03 08:00:00,0.04,0.1083,0,0,0,0,0,0
2010-08-03 09:00:00,0.0285,0.0794,0,0,0,0,0,0
2010-08-03 10:00:00,0.0056,0.0211,0,0,0,0,0,0
2010-08-03 11:00:00,0.0129,0.0399,0,0,0,0,0,0
2010-08-03 12:00:00,0.0285,0.0296,0,0,0,0,0,0
2010-08-03 13:00:00,0.0709,0.0717,0,0,0,0,0,0
2010-08-03 14:00:00,0.1217,0.1115,0,0,0,0,0,0
2010-08-03 15:00:00,0.1549,0.1151,0,0,0,0,0,0
2010-08-03 16:00:00,0.1557,0.0939,0,0,0,0,0,0
2010-08-03 17:00:00,0.1529,0.1306,0,0,0,0,0,0
2010-08-03 18:00:00,0.1711,0.1586,0,0,0,0,0,0
2010-08-03 19:00:00,0.1797,0.2005,0,0,0,0,0,0
2010-08-03 20:00:00,0.1537,0.1221,0,0,0,0,0,0
2010-08-03 21:00:00,0.1024,0.0652,0,0,0,0,0,0
2010-08-03 22:00:00,0.142,0.0788,0,0,0,0,0,0
2010-08-03 23:00:00,0.1401,0.0582,0,0,0,0,0,0
2010-08-04 00:00:00,0.1225,0.0156,0,0,0,0,0,0
2010-08-04 01:00:00,0.1024,0.0045,0,0,0,0,0,0
2010-08-04 02:00:00,0.1328,0.0067,0,0,0,0,0,0
2010-08-04 03:00:00,0.2031,0.0293,0,0,0,0,0,0
2010-08-04 04:00:00,0.3215,0.3444,0,0,0,0,0,0
2010-08-04 05:00:00,0.4653,0.5025,0,0,0,0,0,0
2010-08-04 06:00:00,0.3763,0.4375,0,0,0,0,0,0
2010-08-04 07:00:00,0.2888,0.3284,0,0,0,0,0,0
2010-08-04 08:00:00,0.3517,0.2088,0,0,0,0,0,0
2010-08-04 09:00:00,0.235,0.1285,0,0,0,0,0,0
2010-08-04 10:00:00,0.2701,0.1968,0,0,0,0,0,0
2010-08-04 11:00:00,0.2751,0.1796,0,0,0,0,0,0
2010-08-04 12:00:00,0.2915,0.2837,0,0,0,0,0,0
2010-08-04 13:00:00,0.3412,0.3619,0,0,0,0,0,0
2010-08-04 14:00:00,0.4167,0.3797,0,0,0,0,0,0
2010-08-04 15:00:00,0.535,0.4385,0,0,0,0,0,0
2010-08-04 16:00:00,0.6298,0.4087,0,0,0,0,0,0
2010-08-04 17:00:00,0.6752,0.4747,0,0,0,0,0,0
2010-08-04 18:00:00,0.7946,0.6764,0,0,0,0,0,0
2010-08-04 19:00:00,0.8522,0.7857,0,0,0,0,0,0
2010-08-04 20:00:00,0.8181,0.8126,0,0,0,0,0,0
2010-08-04 21:00:00,0.8252,0.8412,0,0,0,0,0,0
2010-08-04 22:00:00,0.8116,0.8541,0,0,0,0,0,0
2010-08-04 23:00:00,0.7799,0.823,0,0,0,0,0,0
2010-08-05 00:00:00,0.7284,0.7064,0,0,0,0,0,0
2010-08-05 01:00:00,0.6701,0.693,0,0,0,0,0,0
2010-08-05 02:00:00,0.6337,0.6782,0,0,0,0,0,0
2010-08-05 03:00:00,0.6201,0.7094,0,0,0,0,0,0
2010-08-05 04:00:00,0.6426,0.8569,0,0,0,0,0,0
2010-08-05 05:00:00,0.6282,0.8492,0,0,0,0,0,0
2010-08-05 06:00:00,0.5366,0.8101,0,0,0,0,0,0
2010-08-05 07:00:00,0.4208,0.789,0,0,0,0,0,0
2010-08-05 08:00:00,0.2807,0.5,0,0,0,0,0,0
2010-08-05 09:00:00,0.1856,0.3248,0,0,0,0,0,0
2010-08-05 10:00:00,0.0738,0.1179,0,0,0,0,0,0
2010-08-05 11:00:00,0.0997,0.1148,0,0,0,0,0,0
2010-08-05 12:00:00,0.1069,0.2284,0,0,0,0,0,0
2010-08-05 13:00:00,0.1194,0.2856,0,0,0,0,0,0
2010-08-05 14:00:00,0.1682,0.382,0,0,0,0,0,0
2010-08-05 15:00:00,0.2143,0.4364,0,0,0,0,0,0
2010-08-05 16:00:00,0.2516,0.5254,0,0,0,0,0,0
2010-08-05 17:00:00,0.3005,0.6312,0,0,0,0,0,0
2010-08-05 18:00:00,0.3213,0.707,0,0,0,0,0,0
2010-08-05 19:00:00,0.3221,0.72,0,0,0,0,0,0
2010-08-05 20:00:00,0.3207,0.2203,0,0,0,0,0,0
2010-08-05 21:00:00,0.2808,0.2215,0,0,0,0,0,0
2010-08-05 22:00:00,0.2874,0.2561,0,0,0,0,0,0
2010-08-05 23:00:00,0.2141,0.1967,0,0,0,0,0,0
2010-08-06 00:00:00,0.174,0.2452,0,0,0,0,0,0
2010-08-06 01:00:00,0.1253,0.1426,0,0,0,0,0,0
2010-08-06 02:00:00,0.0893,0.0981,0,0,0,0,0,0
2010-08-06 03:00:00,0.0684,0.0887,0,0,0,0,0,0
2010-08-06 04:00:00,0.0298,0.0496,0,0,0,0,0,0
2010-08-06 05:00:00,0.0107,0.0115,0,0,0,0,0,0
2010-08-06 06:00:00,0.0036,0.0047,0,0,0,0,0,0
2010-08-06 07:00:00,0.0005,0.0033,0,0,0,0,0,0
2010-08-06 08:00:00,0.0001,0.002,0,0,0,0,0,0
2010-08-06 09:00:00,0.0003,0.0021,0,0,0,0,0,0
2010-08-06 10:00:00,0.003,0.0057,0,0,0,0,0,0
2010-08-06 11:00:00,0.0028,0.0022,0,0,0,0,0,0
2010-08-06 12:00:00,0.0036,0.0004,0,0,0,0,0,0
2010-08-06 13:00:00,0.0103,0.0049,0,0,0,0,0,0
2010-08-06 14:00:00,0.0247,0.0141,0,0,0,0,0,0
2010-08-06 15:00:00,0.0458,0.0195,0,0,0,0,0,0
2010-08-06 16:00:00,0.0624,0.0484,0,0,0,0,0,0
2010-08-06 17:00:00,0.0787,0.0591,0,0,0,0,0,0
2010-08-06 18:00:00,0.0912,0.05,0,0,0,0,0,0
2010-08-06 19:00:00,0.0757,0.0153,0,0,0,0,0,0
2010-08-06 20:00:00,0.0633,0.1709,0,0,0,0,0,0
2010-08-06 21:00:00,0.0547,0.1261,0,0,0,0,0,0
2010-08-06 22:00:00,0.0364,0.075,0,0,0,0,0,0
2010-08-06 23:00:00,0.0278,0.0579,0,0,0,0,0,0
2010-08-07 00:00:00,0.0183,0.0005,0,0,0,0,0,0
2010-08-07 01:00:00,0.0093,0.0002,0,0,0,0,0,0
2010-08-07 02:00:00,0.0037,0.0,0,0,0,0,0,0
2010-08-07 03:00:00,0.0009,-0.0,0,0,0,0,0,0
2010-08-07 04:00:00,0.0002,-0.0,0,0,0,0,0,0
2010-08-07 05:00:00,0.0,-0.0,0,0,0,0,0,0
2010-08-07 06:00:00,0.0,-0.0,0,0,0,0,0,0
2010-08-07 07:00:00,0.0,-0.0,0,0,0,0,0,0
2010-08-07 08:00:00,0.0,0.0,0,0,0,0,0,0
2010-08-07 09:00:00,0.0001,0.0,0,0,0,0,0,0
2010-08-07 10:00:00,0.0005,0.0,0,0,0,0,0,0
2010-08-07 11:00:00,0.0078,0.0001,0,0,0,0,0,0
2010-08-07 12:00:00,0.029,0.017,0,0,0,0,0,0
2010-08-07 13:00:00,0.0445,0.0415,0,0,0,0,0,0
2010-08-07 14:00:00,0.0459,0.0497,0,0,0,0,0,0
2010-08-07 15:00:00,0.0582,0.0598,0,0,0,0,0,0
2010-08-07 16:00:00,0.1031,0.1005,0,0,0,0,0,0
2010-08-07 17:00:00,0.1465,0.1217,0,0,0,0,0,0
2010-08-07 18:00:00,0.193,0.0993,0,0,0,0,0,0
2010-08-07 19:00:00,0.2316,0.088,0,0,0,0,0,0
2010-08-07 20:00:00,0.2512,0.2559,0,0,0,0,0,0
2010-08-07 21:00:00,0.2135,0.2035,0,0,0,0,0,0
2010-08-07 22:00:00,0.1968,0.167,0,0,0,0,0,0
2010-08-07 23:00:00,0.2329,0.2209,0,0,0,0,0,0
2010-08-08 00:00:00,0.2833,0.3187,0,0,0,0,0,0
2010-08-08 01:00:00,0.2964,0.3209,0,0,0,0,0,0
2010-08-08 02:00:00,0.2722,0.2928,0,0,0,0,0,0
2010-08-08 03:00:00,0.216,0.2541,0,0,0,0,0,0
2010-08-08 04:00:00,0.1491,0.0093,0,0,0,0,0,0
2010-08-08 05:00:00,0.1025,0.0018,0,0,0,0,0,0
2010-08-08 06:00:00,0.0824,0.0031,0,0,0,0,0,0
2010-08-08 07:00:00,0.0667,0.0033,0,0,0,0,0,0
2010-08-08 08:00:00,0.0548,0.0041,0,0,0,0,0,0
2010-08-08 09:00:00,0.0449,0.0003,0,0,0,0,0,0
2010-08-08 10:00:00,0.0197,0.0,0,0,0,0,0,0
2010-08-08 11:00:00,0.019,0.0,0,0,0,0,0,0
2010-08-08 12:00:00,0.0344,0.2069,0,0,0,0,0,0
2010-08-08 13:00:00,0.0851,0.3422,0,0,0,0,0,0
2010-08-08 14:00:00,0.1654,0.5157,0,0,0,0,0,0
2010-08-08 15:00:00,0.2173,0.5683,0,0,0,0,0,0
2010-08-08 16:00:00,0.2812,0.3614,0,0,0,0,0,0
2010-08-08 17:00:00,0.3287,0.4895,0,0,0,0,0,0
2010-08-08 18:00:00,0.3866,0.5638,0,0,0,0,0,0
2010-08-08 19:00:00,0.4236,0.511,0,0,0,0,0,0
2010-08-08 20:00:00,0.3951,0.289,0,0,0,0,0,0
2010-08-08 21:00:00,0.3331,0.2042,0,0,0,0,0,0
2010-08-08 22:00:00,0.2642,0.1489,0,0,0,0,0,0
2010-08-08 23:00:00,0.2542,0.1567,0,0,0,0,0,0
2010-08-09 00:00:00,0.2035,0.1014,0,0,0,0,0,0
2010-08-09 01:00:00,0.1338,0.057,0,0,0,0,0,0
2010-08-09 02:00:00,0.088,0.0502,0,0,0,0,0,0
2010-08-09 03:00:00,0.0496,0.0388,0,0,0,0,0,0
2010-08-09 04:00:00,0.0249,0.0091,0,0,0,0,0,0
2010-08-09 05:00:00,0.036,0.017,0,0,0,0,0,0
2010-08-09 06:00:00,0.0554,0.0336,0,0,0,0,0,0
2010-08-09 07:00:00,0.0766,0.0552,0,0,0,0,0,0
2010-08-09 08:00:00,0.0847,0.2751,0,0,0,0,0,0
2010-08-09 09:00:00,0.0799,0.2707,0,0,0,0,0,0
2010-08-09 10:00:00,0.1178,0.3543,0,0,0,0,0,0
2010-08-09 11:00:00,0.1014,0.2668,0,0,0,0,0,0
2010-08-09 12:00:00,0.117,0.0472,0,0,0,0,0,0
2010-08-09 13:00:00,0.1632,0.0685,0,0,0,0,0,0
2010-08-09 14:00:00,0.1991,0.0764,0,0,0,0,0,0
2010-08-09 15:00:00,0.2706,0.14,0,0,0,0,0,0
2010-08-09 16:00:00,0.3769,0.5958,0,0,0,0,0,0
2010-08-09 17:00:00,0.4656,0.7356,0,0,0,0,0,0
2010-08-09 18:00:00,0.5121,0.8006,0,0,0,0,0,0
2010-08-09 19:00:00,0.505,0.7937,0,0,0,0,0,0
2010-08-09 20:00:00,0.3942,0.229,0,0,0,0,0,0
2010-08-09 21:00:00,0.2557,0.1373,0,0,0,0,0,0
2010-08-09 22:00:00,0.1464,0.0895,0,0,0,0,0,0
2010-08-09 23:00:00,0.0901,0.0534,0,0,0,0,0,0
2010-08-10 00:00:00,0.0481,0.1446,0,0,0,0,0,0
2010-08-10 01:00:00,0.0266,0.0759,0,0,0,0,0,0
2010-08-10 02:00:00,0.02,0.0507,0,0,0,0,0,0
2010-08-10 03:00:00,0.0214,0.0642,0,0,0,0,0,0
2010-08-10 04:00:00,0.0276,0.0079,0,0,0,0,0,0
2010-08-10 05:00:00,0.0247,0.0075,0,0,0,0,0,0
2010-08-10 06:00:00,0.0224,0.0054,0,0,0,0,0,0
2010-08-10 07:00:00,0.0246,0.0095,0,0,0,0,0,0
2010-08-10 08:00:00,0.0167,0.0438,0,0,0,0,0,0
2010-08-10 09:00:00,0.0154,0.0377,0,0,0,0,0,0
2010-08-10 10:00:00,0.0078,0.0235,0,0,0,0,0,0
2010-08-10 11:00:00,0.0233,0.043,0,0,0,0,0,0
2010-08-10 12:00:00,0.0594,0.0557,0,0,0,0,0,0
2010-08-10 13:00:00,0.0787,0.0828,0,0,0,0,0,0
2010-08-10 14:00:00,0.1063,0.0898,0,0,0,0,0,0
2010-08-10 15:00:00,0.1522,0.0935,0,0,0,0,0,0
2010-08-10 16:00:00,0.1603,0.0768,0,0,0,0,0,0
2010-08-10 17:00:00,0.1581,0.069,0,0,0,0,0,0
2010-08-10 18:00:00,0.1167,0.0442,0,0,0,0,0,0
2010-08-10 19:00:00,0.078,0.0243,0,0,0,0,0,0
2010-08-10 20:00:00,0.0752,0.1097,0,0,0,0,0,0
2010-08-10 21:00:00,0.0847,0.1421,0,0,0,0,0,0
2010-08-10 22:00:00,0.1215,0.2105,0,0,0,0,0,0
2010-08-10 23:00:00,0.1855,0.3238,0,0,0,0,0,0
2010-08-11 00:00:00,0.2533,0.1093,0,0,0,0,0,0
2010-08-11 01:00:00,0.2868,0.121,0,0,0,0,0,0
2010-08-11 02:00:00,0.3518,0.1799,0,0,0,0,0,0
2010-08-11 03:00:00,0.3739,0.2138,0,0,0,0,0,0
2010-08-11 04:00:00,0.3859,0.4666,0,0,0,0,0,0
2010-08-11 05:00:00,0.3619,0.4386,0,0,0,0,0,0
2010-08-11 06:00:00,0.4545,0.5442,0,0,0,0,0,0
2010-08-11 07:00:00,0.546,0.6875,0,0,0,0,0,0
2010-08-11 08:00:00,0.5683,0.5629,0,0,0,0,0,0
2010-08-11 09:00:00,0.4966,0.5482,0,0,0,0,0,0
2010-08-11 10:00:00,0.671,0.7601,0,0,0,0,0,0
2010-08-11 11:00:00,0.419,0.4512,0,0,0,0,0,0
2010-08-11 12:00:00,0.2651,0.1768,0,0,0,0,0,0
2010-08-11 13:00:00,0.2387,0.1407,0,0,0,0,0,0
2010-08-11 14:00:00,0.2908,0.1906,0,0,0,0,0,0
2010-08-11 15:00:00,0.3211,0.2124,0,0,0,0,0,0
2010-08-11 16:00:00,0.2668,0.0716,0,0,0,0,0,0
2010-08-11 17:00:00,0.3027,0.0743,0,0,0,0,0,0
2010-08-11 18:00:00,0.3675,0.1258,0,0,0,0,0,0
2010-08-11 19:00:00,0.388,0.1595,0,0,0,0,0,0
2010-08-11 20:00:00,0.4089,0.5646,0,0,0,0,0,0
2010-08-11 21:00:00,0.3919,0.506,0,0,0,0,0,0
2010-08-11 22:00:00,0.3172,0.461,0,0,0,0,0,0
2010-08-11 23:00:00,0.3067,0.4608,0,0,0,0,0,0
2010-08-12 00:00:00,0.3192,0.3444,0,0,0,0,0,0
2010-08-12 01:00:00,0.3523,0.415,0,0,0,0,0,0
2010-08-12 02:00:00,0.3645,0.4745,0,0,0,0,0,0
2010-08-12 03:00:00,0.332,0.4362,0,0,0,0,0,0
2010-08-12 04:00:00,0.3002,0.1969,0,0,0,0,0,0
2010-08-12 05:00:00,0.2619,0.1721,0,0,0,0,0,0
2010-08-12 06:00:00,0.2283,0.1505,0,0,0,0,0,0
2010-08-12 07:00:00,0.2012,0.1458,0,0,0,0,0,0
2010-08-12 08:00:00,0.1759,0.082,0,0,0,0,0,0
2010-08-12 09:00:00,0.1467,0.0876,0,0,0,0,0,0
2010-08-12 10:00:00,0.0686,0.0402,0,0,0,0,0,0
2010-08-12 11:00:00,0.0776,0.0657,0,0,0,0,0,0
2010-08-12 12:00:00,0.1181,0.0778,0,0,0,0,0,0
2010-08-12 13:00:00,0.1679,0.0974,0,0,0,0,0,0
2010-08-12 14:00:00,0.2236,0.1249,0,0,0,0,0,0
2010-08-12 15:00:00,0.2607,0.1433,0,0,0,0,0,0
2010-08-12 16:00:00,0.3086,0.5794,0,0,0,0,0,0
2010-08-12 17:00:00,0.4138,0.6588,0,0,0,0,0,0
2010-08-12 18:00:00,0.4742,0.6752,0,0,0,0,0,0
2010-08-12 19:00:00,0.4805,0.6403,0,0,0,0,0,0
2010-08-12 20:00:00,0.447,0.1943,0,0,0,0,0,0
2010-08-12 21:00:00,0.312,0.1213,0,0,0,0,0,0
2010-08-12 22:00:00,0.2541,0.0802,0,0,0,0,0,0
2010-08-12 23:00:00,0.2137,0.0988,0,0,0,0,0,0
2010-08-13 00:00:00,0.2013,0.1271,0,0,0,0,0,0
2010-08-13 01:00:00,0.204,0.1143,0,0,0,0,0,0
2010-08-13 02:00:00,0.2229,0.1343,0,0,0,0,0,0
2010-08-13 03:00:00,0.2306,0.1251,0,0,0,0,0,0
2010-08-13 04:00:00,0.2512,0.3618,0,0,0,0,0,0
2010-08-13 05:00:00,0.2935,0.4624,0,0,0,0,0,0
2010-08-13 06:00:00,0.3404,0.5382,0,0,0,0,0,0
2010-08-13 07:00:00,0.3104,0.41,0,0,0,0,0,0
2010-08-13 08:00:00,0.2311,0.0467,0,0,0,0,0,0
2010-08-13 09:00:00,0.147,0.0145,0,0,0,0,0,0
2010-08-13 10:00:00,0.0994,0.0005,0,0,0,0,0,0
2010-08-13 11:00:00,0.1038,0.0038,0,0,0,0,0,0
2010-08-13 12:00:00,0.1852,0.3344,0,0,0,0,0,0
2010-08-13 13:00:00,0.312,0.4424,0,0,0,0,0,0
2010-08-13 14:00:00,0.4091,0.5509,0,0,0,0,0,0
2010-08-13 15:00:00,0.4552,0.5929,0,0,0,0,0,0
2010-08-13 16:00:00,0.503,0.4742,0,0,0,0,0,0
2010-08-13 17:00:00,0.558,0.526,0,0,0,0,0,0
2010-08-13 18:00:00,0.5851,0.5739,0,0,0,0,0,0
2010-08-13 19:00:00,0.5119,0.5101,0,0,0,0,0,0
2010-08-13 20:00:00,0.4477,0.5335,0,0,0,0,0,0
2010-08-13 21:00:00,0.3677,0.4734,0,0,0,0,0,0
2010-08-13 22:00:00,0.3113,0.4098,0,0,0,0,0,0
2010-08-13 23:00:00,0.2517,0.3582,0,0,0,0,0,0
2010-08-14 00:00:00,0.2493,0.4185,0,0,0,0,0,0
2010-08-14 01:00:00,0.2919,0.5438,0,0,0,0,0,0
2010-08-14 02:00:00,0.2913,0.5263,0,0,0,0,0,0
2010-08-14 03:00:00,0.2612,0.3943,0,0,0,0,0,0
2010-08-14 04:00:00,0.2265,0.3408,0,0,0,0,0,0
2010-08-14 05:00:00,0.1678,0.3078,0,0,0,0,0,0
2010-08-14 06:00:00,0.1857,0.399,0,0,0,0,0,0
2010-08-14 07:00:00,0.1639,0.3703,0,0,0,0,0,0
2010-08-14 08:00:00,0.1132,0.2685,0,0,0,0,0,0
2010-08-14 09:00:00,0.0759,0.1394,0,0,0,0,0,0
2010-08-14 10:00:00,0.0433,0.0796,0,0,0,0,0,0
2010-08-14 11:00:00,0.0549,0.1143,0,0,0,0,0,0
2010-08-14 12:00:00,0.1286,0.0807,0,0,0,0,0,0
2010-08-14 13:00:00,0.1746,0.202,0,0,0,0,0,0
2010-08-14 14:00:00,0.2161,0.3036,0,0,0,0,0,0
2010-08-14 15:00:00,0.23,0.3396,0,0,0,0,0,0
2010-08-14 16:00:00,0.3319,0.4025,0,0,0,0,0,0
2010-08-14 17:00:00,0.4319,0.4694,0,0,0,0,0,0
2010-08-14 18:00:00,0.3204,0.311,0,0,0,0,0,0
2010-08-14 19:00:00,0.1671,0.1538,0,0,0,0,0,0
2010-08-14 20:00:00,0.0932,0.1127,0,0,0,0,0,0
2010-08-14 21:00:00,0.0958,0.0961,0,0,0,0,0,0
2010-08-14 22:00:00,0.0696,0.0575,0,0,0,0,0,0
2010-08-14 23:00:00,0.0364,0.0469,0,0,0,0,0,0
2010-08-15 00:00:00,0.036,0.1044,0,0,0,0,0,0
2010-08-15 01:00:00,0.0301,0.0956,0,0,0,0,0,0
2010-08-15 02:00:00,0.0383,0.0899,0,0,0,0,0,0
2010-08-15 03:00:00,0.0474,0.0794,0,0,0,0,0,0
2010-08-15 04:00:00,0.0307,0.0258,0,0,0,0,0,0
2010-08-15 05:00:00,0.025,0.0181,0,0,0,0,0,0
2010-08-15 06:00:00,0.0228,0.0241,0,0,0,0,0,0
2010-08-15 07:00:00,0.0309,0.0451,0,0,0,0,0,0
2010-08-15 08:00:00,0.0241,0.0031,0,0,0,0,0,0
2010-08-15 09:00:00,0.0205,0.0017,0,0,0,0,0,0
2010-08-15 10:00:00,0.0078,0.0001,0,0,0,0,0,0
2010-08-15 11:00:00,0.0035,0.0,0,0,0,0,0,0
2010-08-15 12:00:00,0.0268,0.065,0,0,0,0,0,0
2010-08-15 13:00:00,0.0767,0.1536,0,0,0,0,0,0
2010-08-15 14:00:00,0.1341,0.263,0,0,0,0,0,0
2010-08-15 15:00:00,0.1494,0.3136,0,0,0,0,0,0
2010-08-15 16:00:00,0.1503,0.247,0,0,0,0,0,0
2010-08-15 17:00:00,0.2289,0.3457,0,0,0,0,0,0
2010-08-15 18:00:00,0.3443,0.5224,0,0,0,0,0,0
2010-08-15 19:00:00,0.4076,0.6031,0,0,0,0,0,0
2010-08-15 20:00:00,0.3849,0.5939,0,0,0,0,0,0
2010-08-15 21:00:00,0.3271,0.5923,0,0,0,0,0,0
2010-08-15 22:00:00,0.2554,0.5561,0,0,0,0,0,0
2010-08-15 23:00:00,0.2219,0.4873,0,0,0,0,0,0
2010-08-16 00:00:00,0.1796,0.0933,0,0,0,0,0,0
2010-08-16 01:00:00,0.118,0.0686,0,0,0,0,0,0
2010-08-16 02:00:00,0.0871,0.0682,0,0,0,0,0,0
2010-08-16 03:00:00,0.0662,0.0616,0,0,0,0,0,0
2010-08-16 04:00:00,0.0491,0.1336,0,0,0,0,0,0
2010-08-16 05:00:00,0.0381,0.1186,0,0,0,0,0,0
2010-08-16 06:00:00,0.025,0.0913,0,0,0,0,0,0
2010-08-16 07:00:00,0.0125,0.0782,0,0,0,0,0,0
2010-08-16 08:00:00,0.0024,0.0107,0,0,0,0,0,0
2010-08-16 09:00:00,0.0052,0.0182,0,0,0,0,0,0
2010-08-16 10:00:00,0.0218,0.0588,0,0,0,0,0,0
2010-08-16 11:00:00,0.055,0.1498,0,0,0,0,0,0
2010-08-16 12:00:00,0.0877,0.0468,0,0,0,0,0,0
2010-08-16 13:00:00,0.0991,0.0408,0,0,0,0,0,0
2010-08-16 14:00:00,0.1012,0.0395,0,0,0,0,0,0
2010-08-16 15:00:00,0.1274,0.054,0,0,0,0,0,0
2010-08-16 16:00:00,0.1507,0.2428,0,0,0,0,0,0
2010-08-16 17:00:00,0.1686,0.2994,0,0,0,0,0,0
2010-08-16 18:00:00,0.1908,0.3754,0,0,0,0,0,0
2010-08-16 19:00:00,0.1842,0.3686,0,0,0,0,0,0
2010-08-16 20:00:00,0.1467,0.2348,0,0,0,0,0,0
2010-08-16 21:00:00,0.1118,0.1793,0,0,0,0,0,0
2010-08-16 22:00:00,0.121,0.1928,0,0,0,0,0,0
2010-08-16 23:00:00,0.122,0.2006,0,0,0,0,0,0
2010-08-17 00:00:00,0.1447,0.1557,0,0,0,0,0,0
2010-08-17 01:00:00,0.1406,0.1321,0,0,0,0,0,0
2010-08-17 02:00:00,0.0736,0.0622,0,0,0,0,0,0
2010-08-17 03:00:00,0.0343,0.024,0,0,0,0,0,0
2010-08-17 04:00:00,0.0536,0.1064,0,0,0,0,0,0
2010-08-17 05:00:00,0.0823,0.1874,0,0,0,0,0,0
2010-08-17 06:00:00,0.075,0.1807,0,0,0,0,0,0
2010-08-17 07:00:00,0.079,0.2152,0,0,0,0,0,0
2010-08-17 08:00:00,0.0714,0.113,0,0,0,0,0,0
2010-08-17 09:00:00,0.0431,0.066,0,0,0,0,0,0
2010-08-17 10:00:00,0.0402,0.0581,0,0,0,0,0,0
2010-08-17 11:00:00,0.0699,0.0805,0,0,0,0,0,0
2010-08-17 12:00:00,0.0941,0.1404,0,0,0,0,0,0
2010-08-17 13:00:00,0.1106,0.1792,0,0,0,0,0,0
2010-08-17 14:00:00,0.1368,0.2141,0,0,0,0,0,0
2010-08-17 15:00:00,0.1646,0.2656,0,0,0,0,0,0
2010-08-17 16:00:00,0.203,0.1821,0,0,0,0,0,0
2010-08-17 17:00:00,0.225,0.1846,0,0,0,0,0,0
2010-08-17 18:00:00,0.2411,0.1872,0,0,0,0,0,0
2010-08-17 19:00:00,0.2952,0.2016,0,0,0,0,0,0
2010-08-17 20:00:00,0.336,0.3258,0,0,0,0,0,0
2010-08-17 21:00:00,0.3564,0.3097,0,0,0,0,0,0
2010-08-17 22:00:00,0.5263,0.4423,0,0,0,0,0,0
2010-08-17 23:00:00,0.4635,0.4072,0,0,0,0,0,0
2010-08-18 00:00:00,0.376,0.0179,0,0,0,0,0,0
2010-08-18 01:00:00,0.3555,0.0259,0,0,0,0,0,0
2010-08-18 02:00:00,0.288,0.0144,0,0,0,0,0,0
2010-08-18 03:00:00,0.1714,0.0006,0,0,0,0,0,0
2010-08-18 04:00:00,0.1307,0.106,0,0,0,0,0,0
2010-08-18 05:00:00,0.1189,0.0857,0,0,0,0,0,0
2010-08-18 06:00:00,0.0961,0.0664,0,0,0,0,0,0
2010-08-18 07:00:00,0.0913,0.0373,0,0,0,0,0,0
2010-08-18 08:00:00,0.0851,0.1417,0,0,0,0,0,0
2010-08-18 09:00:00,0.0551,0.1175,0,0,0,0,0,0
2010-08-18 10:00:00,0.0515,0.0985,0,0,0,0,0,0
2010-08-18 11:00:00,0.0337,0.073,0,0,0,0,0,0
2010-08-18 12:00:00,0.0158,0.0233,0,0,0,0,0,0
2010-08-18 13:00:00,0.0093,0.0212,0,0,0,0,0,0
2010-08-18 14:00:00,0.0078,0.025,0,0,0,0,0,0
2010-08-18 15:00:00,0.0051,0.0149,0,0,0,0,0,0
2010-08-18 16:00:00,0.0048,0.0064,0,0,0,0,0,0
2010-08-18 17:00:00,0.02,0.0234,0,0,0,0,0,0
2010-08-18 18:00:00,0.0314,0.0422,0,0,0,0,0,0
2010-08-18 19:00:00,0.0102,0.0355,0,0,0,0,0,0
2010-08-18 20:00:00,0.0027,0.0371,0,0,0,0,0,0
2010-08-18 21:00:00,0.0004,0.0231,0,0,0,0,0,0
2010-08-18 22:00:00,0.0001,0.0121,0,0,0,0,0,0
2010-08-18 23:00:00,0.0,0.0101,0,0,0,0,0,0
2010-08-19 00:00:00,0.0,0.0,0,0,0,0,0,0
2010-08-19 01:00:00,0.0,0.0001,0,0,0,0,0,0
2010-08-19 02:00:00,0.0002,0.0004,0,0,0,0,0,0
2010-08-19 03:00:00,0.0019,0.0003,0,0,0,0,0,0
2010-08-19 04:00:00,0.0089,0.0346,0,0,0,0,0,0
2010-08-19 05:00:00,0.0217,0.0658,0,0,0,0,0,0
2010-08-19 06:00:00,0.0431,0.1142,0,0,0,0,0,0
2010-08-19 07:00:00,0.0774,0.2139,0,0,0,0,0,0
2010-08-19 08:00:00,0.1103,0.281,0,0,0,0,0,0
2010-08-19 09:00:00,0.0975,0.2029,0,0,0,0,0,0
2010-08-19 10:00:00,0.0598,0.1111,0,0,0,0,0,0
2010-08-19 11:00:00,0.0542,0.0675,0,0,0,0,0,0
2010-08-19 12:00:00,0.0528,0.1094,0,0,0,0,0,0
2010-08-19 13:00:00,0.0547,0.1299,0,0,0,0,0,0
2010-08-19 14:00:00,0.0758,0.1922,0,0,0,0,0,0
2010-08-19 15:00:00,0.0954,0.227,0,0,0,0,0,0
2010-08-19 16:00:00,0.1059,0.0338,0,0,0,0,0,0
2010-08-19 17:00:00,0.105,0.0332,0,0,0,0,0,0
2010-08-19 18:00:00,0.1046,0.0332,0,0,0,0,0,0
2010-08-19 19:00:00,0.1057,0.0342,0,0,0,0,0,0
2010-08-19 20:00:00,0.0979,0.0743,0,0,0,0,0,0
2010-08-19 21:00:00,0.064,0.0415,0,0,0,0,0,0
2010-08-19 22:00:00,0.0039,0.0,0,0,0,0,0,0
2010-08-19 23:00:00,0.002,0.0,0,0,0,0,0,0
2010-08-20 00:00:00,0.0041,0.022,0,0,0,0,0,0
2010-08-20 01:00:00,0.0048,0.0191,0,0,0,0,0,0
2010-08-20 02:00:00,0.0019,0.0108,0,0,0,0,0,0
2010-08-20 03:00:00,0.0004,0.0029,0,0,0,0,0,0
2010-08-20 04:00:00,0.0001,0.0156,0,0,0,0,0,0
2010-08-20 05:00:00,0.0,0.0086,0,0,0,0,0,0
2010-08-20 06:00:00,-0.0,0.0017,0,0,0,0,0,0
2010-08-20 07:00:00,0.0,0.0038,0,0,0,0,0,0
2010-08-20 08:00:00,0.0,0.0001,0,0,0,0,0,0
2010-08-20 09:00:00,0.0,0.0001,0,0,0,0,0,0
2010-08-20 10:00:00,0.0001,0.0001,0,0,0,0,0,0
2010-08-20 11:00:00,0.0001,0.0001,0,0,0,0,0,0
2010-08-20 12:00:00,0.0002,0.0182,0,0,0,0,0,0
2010-08-20 13:00:00,0.0036,0.0343,0,0,0,0,0,0
2010-08-20 14:00:00,0.0116,0.057,0,0,0,0,0,0
2010-08-20 15:00:00,0.0146,0.0852,0,0,0,0,0,0
2010-08-20 16:00:00,0.0153,0.0247,0,0,0,0,0,0
2010-08-20 17:00:00,0.0205,0.0336,0,0,0,0,0,0
2010-08-20 18:00:00,0.0285,0.053,0,0,0,0,0,0
2010-08-20 19:00:00,0.0321,0.0612,0,0,0,0,0,0
2010-08-20 20:00:00,0.0252,0.0004,0,0,0,0,0,0
2010-08-20 21:00:00,0.0172,0.0002,0,0,0,0,0,0
2010-08-20 22:00:00,0.0004,0.0,0,0,0,0,0,0
2010-08-20 23:00:00,0.0001,-0.0,0,0,0,0,0,0
2010-08-21 00:00:00,0.0,-0.0,0,0,0,0,0,0
2010-08-21 01:00:00,0.0,-0.0,0,0,0,0,0,0
2010-08-21 02:00:00,0.0,-0.0,0,0,0,0,0,0
2010-08-21 03:00:00,0.0,-0.0,0,0,0,0,0,0
2010-08-21 04:00:00,0.0,-0.0,0,0,0,0,0,0
2010-08-21 05:00:00,0.0001,0.0001,0,0,0,0,0,0
2010-08-21 06:00:00,0.0004,0.0003,0,0,0,0,0,0
2010-08-21 07:00:00,0.0041,0.0034,0,0,0,0,0,0
2010-08-21 08:00:00,0.0092,0.0019,0,0,0,0,0,0
2010-08-21 09:00:00,0.0089,0.0019,0,0,0,0,0,0
2010-08-21 10:00:00,0.0212,0.0079,0,0,0,0,0,0
2010-08-21 11:00:00,0.0141,0.0029,0,0,0,0,0,0
2010-08-21 12:00:00,0.0114,0.0001,0,0,0,0,0,0
2010-08-21 13:00:00,0.0072,0.0001,0,0,0,0,0,0
2010-08-21 14:00:00,0.0098,0.0003,0,0,0,0,0,0
2010-08-21 15:00:00,0.0427,0.0036,0,0,0,0,0,0
2010-08-21 16:00:00,0.12,0.012,0,0,0,0,0,0
2010-08-21 17:00:00,0.2368,0.0516,0,0,0,0,0,0
2010-08-21 18:00:00,0.3461,0.1357,0,0,0,0,0,0
2010-08-21 19:00:00,0.3745,0.1423,0,0,0,0,0,0
2010-08-21 20:00:00,0.372,0.3509,0,0,0,0,0,0
2010-08-21 21:00:00,0.3526,0.3271,0,0,0,0,0,0
2010-08-21 22:00:00,0.1363,0.1047,0,0,0,0,0,0
2010-08-21 23:00:00,0.0321,0.0117,0,0,0,0,0,0
2010-08-22 00:00:00,0.0526,0.0301,0,0,0,0,0,0
2010-08-22 01:00:00,0.0859,0.0584,0,0,0,0,0,0
2010-08-22 02:00:00,0.1991,0.1697,0,0,0,0,0,0
2010-08-22 03:00:00,0.2758,0.2708,0,0,0,0,0,0
2010-08-22 04:00:00,0.19,0.3283,0,0,0,0,0,0
2010-08-22 05:00:00,0.1129,0.2346,0,0,0,0,0,0
2010-08-22 06:00:00,0.0241,0.1068,0,0,0,0,0,0
2010-08-22 07:00:00,0.014,0.1026,0,0,0,0,0,0
2010-08-22 08:00:00,0.0006,0.0,0,0,0,0,0,0
2010-08-22 09:00:00,0.0001,-0.0,0,0,0,0,0,0
2010-08-22 10:00:00,0.0108,0.0,0,0,0,0,0,0
2010-08-22 11:00:00,0.0036,0.0,0,0,0,0,0,0
2010-08-22 12:00:00,0.0001,0.0002,0,0,0,0,0,0
2010-08-22 13:00:00,0.0085,0.027,0,0,0,0,0,0
2010-08-22 14:00:00,0.0033,0.0298,0,0,0,0,0,0
2010-08-22 15:00:00,0.0051,0.0345,0,0,0,0,0,0
2010-08-22 16:00:00,0.031,0.0384,0,0,0,0,0,0
2010-08-22 17:00:00,0.0333,0.0583,0,0,0,0,0,0
2010-08-22 18:00:00,0.0356,0.0825,0,0,0,0,0,0
2010-08-22 19:00:00,0.0434,0.1085,0,0,0,0,0,0
2010-08-22 20:00:00,0.0755,0.0253,0,0,0,0,0,0
2010-08-22 21:00:00,0.1823,0.0912,0,0,0,0,0,0
2010-08-22 22:00:00,0.2668,0.146,0,0,0,0,0,0
2010-08-22 23:00:00,0.2732,0.155,0,0,0,0,0,0
2010-08-23 00:00:00,0.3034,0.1167,0,0,0,0,0,0
2010-08-23 01:00:00,0.3497,0.1363,0,0,0,0,0,0
2010-08-23 02:00:00,0.6266,0.3595,0,0,0,0,0,0
2010-08-23 03:00:00,0.7065,0.4831,0,0,0,0,0,0
2010-08-23 04:00:00,0.7621,0.611,0,0,0,0,0,0
2010-08-23 05:00:00,0.8135,0.7031,0,0,0,0,0,0
2010-08-23 06:00:00,0.8578,0.7708,0,0,0,0,0,0
2010-08-23 07:00:00,0.8654,0.8179,0,0,0,0,0,0
2010-08-23 08:00:00,0.8676,0.8503,0,0,0,0,0,0
2010-08-23 09:00:00,0.8711,0.8589,0,0,0,0,0,0
2010-08-23 10:00:00,0.8274,0.8316,0,0,0,0,0,0
2010-08-23 11:00:00,0.8442,0.8467,0,0,0,0,0,0
2010-08-23 12:00:00,0.8143,0.6457,0,0,0,0,0,0
2010-08-23 13:00:00,0.7945,0.6109,0,0,0,0,0,0
2010-08-23 14:00:00,0.7339,0.5833,0,0,0,0,0,0
2010-08-23 15:00:00,0.6808,0.5014,0,0,0,0,0,0
2010-08-23 16:00:00,0.6864,0.6437,0,0,0,0,0,0
2010-08-23 17:00:00,0.5814,0.4966,0,0,0,0,0,0
2010-08-23 18:00:00,0.4621,0.4099,0,0,0,0,0,0
2010-08-23 19:00:00,0.4299,0.3924,0,0,0,0,0,0
2010-08-23 20:00:00,0.5576,0.7424,0,0,0,0,0,0
2010-08-23 21:00:00,0.3884,0.652,0,0,0,0,0,0
2010-08-23 22:00:00,0.5108,0.8021,0,0,0,0,0,0
2010-08-23 23:00:00,0.7241,0.8807,0,0,0,0,0,0
2010-08-24 00:00:00,0.7455,0.4629,0,0,0,0,0,0
2010-08-24 01:00:00,0.6821,0.3782,0,0,0,0,0,0
2010-08-24 02:00:00,0.6898,0.4106,0,0,0,0,0,0
2010-08-24 03:00:00,0.6551,0.4068,0,0,0,0,0,0
2010-08-24 04:00:00,0.5961,0.8241,0,0,0,0,0,0
2010-08-24 05:00:00,0.4818,0.7735,0,0,0,0,0,0
2010-08-24 06:00:00,0.3444,0.7414,0,0,0,0,0,0
2010-08-24 07:00:00,0.194,0.5824,0,0,0,0,0,0
2010-08-24 08:00:00,0.094,0.0986,0,0,0,0,0,0
2010-08-24 09:00:00,0.0352,0.0496,0,0,0,0,0,0
2010-08-24 10:00:00,0.0067,0.0153,0,0,0,0,0,0
2010-08-24 11:00:00,0.0009,0.0034,0,0,0,0,0,0
2010-08-24 12:00:00,0.0005,-0.0,0,0,0,0,0,0
2010-08-24 13:00:00,0.002,-0.0,0,0,0,0,0,0
2010-08-24 14:00:00,0.0067,0.0,0,0,0,0,0,0
2010-08-24 15:00:00,0.0185,0.0001,0,0,0,0,0,0
2010-08-24 16:00:00,0.0142,0.033,0,0,0,0,0,0
2010-08-24 17:00:00,0.0086,0.0353,0,0,0,0,0,0
2010-08-24 18:00:00,0.0061,0.0348,0,0,0,0,0,0
2010-08-24 19:00:00,0.002,0.0223,0,0,0,0,0,0
2010-08-24 20:00:00,0.0002,0.0,0,0,0,0,0,0
2010-08-24 21:00:00,0.0,-0.0,0,0,0,0,0,0
2010-08-24 22:00:00,0.0,-0.0,0,0,0,0,0,0
2010-08-24 23:00:00,0.0001,0.0,0,0,0,0,0,0
2010-08-25 00:00:00,0.0052,0.0,0,0,0,0,0,0
2010-08-25 01:00:00,0.0393,0.0046,0,0,0,0,0,0
2010-08-25 02:00:00,0.0638,0.0056,0,0,0,0,0,0
2010-08-25 03:00:00,0.1101,0.023,0,0,0,0,0,0
2010-08-25 04:00:00,0.1538,0.1688,0,0,0,0,0,0
2010-08-25 05:00:00,0.1688,0.1661,0,0,0,0,0,0
2010-08-25 06:00:00,0.2088,0.2021,0,0,0,0,0,0
2010-08-25 07:00:00,0.233,0.306,0,0,0,0,0,0
2010-08-25 08:00:00,0.2532,0.4521,0,0,0,0,0,0
2010-08-25 09:00:00,0.2911,0.5741,0,0,0,0,0,0
2010-08-25 10:00:00,0.4315,0.7071,0,0,0,0,0,0
2010-08-25 11:00:00,0.4158,0.7212,0,0,0,0,0,0
2010-08-25 12:00:00,0.4094,0.3792,0,0,0,0,0,0
2010-08-25 13:00:00,0.4845,0.5259,0,0,0,0,0,0
2010-08-25 14:00:00,0.4801,0.5751,0,0,0,0,0,0
2010-08-25 15:00:00,0.42,0.4283,0,0,0,0,0,0
2010-08-25 16:00:00,0.3335,0.0811,0,0,0,0,0,0
2010-08-25 17:00:00,0.256,0.0384,0,0,0,0,0,0
2010-08-25 18:00:00,0.1861,0.0126,0,0,0,0,0,0
2010-08-25 19:00:00,0.1316,0.0083,0,0,0,0,0,0
2010-08-25 20:00:00,0.094,0.0315,0,0,0,0,0,0
2010-08-25 21:00:00,0.0763,0.0239,0,0,0,0,0,0
2010-08-25 22:00:00,0.0801,0.0144,0,0,0,0,0,0
2010-08-25 23:00:00,0.067,0.0068,0,0,0,0,0,0
2010-08-26 00:00:00,0.049,0.1089,0,0,0,0,0,0
2010-08-26 01:00:00,0.0276,0.0961,0,0,0,0,0,0
2010-08-26 02:00:00,0.0029,0.037,0,0,0,0,0,0
2010-08-26 03:00:00,0.0001,0.0058,0,0,0,0,0,0
2010-08-26 04:00:00,0.0004,0.0041,0,0,0,0,0,0
2010-08-26 05:00:00,0.0001,0.0089,0,0,0,0,0,0
2010-08-26 06:00:00,0.0112,0.0968,0,0,0,0,0,0
2010-08-26 07:00:00,0.062,0.2407,0,0,0,0,0,0
2010-08-26 08:00:00,0.0934,0.0944,0,0,0,0,0,0
2010-08-26 09:00:00,0.0624,0.0588,0,0,0,0,0,0
2010-08-26 10:00:00,0.0657,0.0782,0,0,0,0,0,0
2010-08-26 11:00:00,0.0091,0.0156,0,0,0,0,0,0
2010-08-26 12:00:00,0.0366,0.0035,0,0,0,0,0,0
2010-08-26 13:00:00,0.1975,0.0808,0,0,0,0,0,0
2010-08-26 14:00:00,0.2539,0.1093,0,0,0,0,0,0
2010-08-26 15:00:00,0.1661,0.0486,0,0,0,0,0,0
2010-08-26 16:00:00,0.1148,0.0363,0,0,0,0,0,0
2010-08-26 17:00:00,0.075,0.0131,0,0,0,0,0,0
2010-08-26 18:00:00,0.0794,0.0159,0,0,0,0,0,0
2010-08-26 19:00:00,0.1695,0.0392,0,0,0,0,0,0
2010-08-26 20:00:00,0.314,0.5409,0,0,0,0,0,0
2010-08-26 21:00:00,0.2796,0.4197,0,0,0,0,0,0
2010-08-26 22:00:00,0.4056,0.5312,0,0,0,0,0,0
2010-08-26 23:00:00,0.7438,0.8242,0,0,0,0,0,0
2010-08-27 00:00:00,0.7587,0.4871,0,0,0,0,0,0
2010-08-27 01:00:00,0.6545,0.3953,0,0,0,0,0,0
2010-08-27 02:00:00,0.5591,0.3327,0,0,0,0,0,0
2010-08-27 03:00:00,0.6304,0.4033,0,0,0,0,0,0
2010-08-27 04:00:00,0.8869,0.6872,0,0,0,0,0,0
2010-08-27 05:00:00,0.8998,0.8923,0,0,0,0,0,0
2010-08-27 06:00:00,0.8999,0.8952,0,0,0,0,0,0
2010-08-27 07:00:00,0.8999,0.8917,0,0,0,0,0,0
2010-08-27 08:00:00,0.8999,0.8999,0,0,0,0,0,0
2010-08-27 09:00:00,0.8998,0.8997,0,0,0,0,0,0
2010-08-27 10:00:00,0.8996,0.8994,0,0,0,0,0,0
2010-08-27 11:00:00,0.8951,0.8867,0,0,0,0,0,0
2010-08-27 12:00:00,0.8902,0.8963,0,0,0,0,0,0
2010-08-27 13:00:00,0.8918,0.8958,0,0,0,0,0,0
2010-08-27 14:00:00,0.8904,0.8944,0,0,0,0,0,0
2010-08-27 15:00:00,0.8894,0.8881,0,0,0,0,0,0
2010-08-27 16:00:00,0.887,0.8969,0,0,0,0,0,0
2010-08-27 17:00:00,0.8833,0.891,0,0,0,0,0,0
2010-08-27 18:00:00,0.8715,0.8787,0,0,0,0,0,0
2010-08-27 19:00:00,0.8435,0.8472,0,0,0,0,0,0
2010-08-27 20:00:00,0.7842,0.8701,0,0,0,0,0,0
2010-08-27 21:00:00,0.6555,0.8114,0,0,0,0,0,0
2010-08-27 22:00:00,0.3334,0.5422,0,0,0,0,0,0
2010-08-27 23:00:00,0.2824,0.4749,0,0,0,0,0,0
2010-08-28 00:00:00,0.2804,0.4109,0,0,0,0,0,0
2010-08-28 01:00:00,0.2935,0.4675,0,0,0,0,0,0
2010-08-28 02:00:00,0.2776,0.4601,0,0,0,0,0,0
2010-08-28 03:00:00,0.2641,0.3714,0,0,0,0,0,0
2010-08-28 04:00:00,0.2631,0.4066,0,0,0,0,0,0
2010-08-28 05:00:00,0.2808,0.3692,0,0,0,0,0,0
2010-08-28 06:00:00,0.2818,0.398,0,0,0,0,0,0
2010-08-28 07:00:00,0.2828,0.433,0,0,0,0,0,0
2010-08-28 08:00:00,0.27,0.1331,0,0,0,0,0,0
2010-08-28 09:00:00,0.2246,0.1273,0,0,0,0,0,0
2010-08-28 10:00:00,0.1305,0.0525,0,0,0,0,0,0
2010-08-28 11:00:00,0.0981,0.03,0,0,0,0,0,0
2010-08-28 12:00:00,0.0904,0.0264,0,0,0,0,0,0
2010-08-28 13:00:00,0.1001,0.0348,0,0,0,0,0,0
2010-08-28 14:00:00,0.1337,0.0592,0,0,0,0,0,0
2010-08-28 15:00:00,0.2231,0.1027,0,0,0,0,0,0
2010-08-28 16:00:00,0.3432,0.4139,0,0,0,0,0,0
2010-08-28 17:00:00,0.4539,0.5908,0,0,0,0,0,0
2010-08-28 18:00:00,0.5313,0.7448,0,0,0,0,0,0
2010-08-28 19:00:00,0.5932,0.8097,0,0,0,0,0,0
2010-08-28 20:00:00,0.6144,0.527,0,0,0,0,0,0
2010-08-28 21:00:00,0.5972,0.5276,0,0,0,0,0,0
2010-08-28 22:00:00,0.5111,0.4368,0,0,0,0,0,0
2010-08-28 23:00:00,0.3993,0.2967,0,0,0,0,0,0
2010-08-29 00:00:00,0.3339,0.2027,0,0,0,0,0,0
2010-08-29 01:00:00,0.2476,0.1265,0,0,0,0,0,0
2010-08-29 02:00:00,0.1821,0.0751,0,0,0,0,0,0
2010-08-29 03:00:00,0.1692,0.0728,0,0,0,0,0,0
2010-08-29 04:00:00,0.1485,0.007,0,0,0,0,0,0
2010-08-29 05:00:00,0.112,0.0009,0,0,0,0,0,0
2010-08-29 06:00:00,0.0699,0.0004,0,0,0,0,0,0
2010-08-29 07:00:00,0.0445,0.0003,0,0,0,0,0,0
2010-08-29 08:00:00,0.0278,0.0715,0,0,0,0,0,0
2010-08-29 09:00:00,0.0168,0.0552,0,0,0,0,0,0
2010-08-29 10:00:00,0.0039,0.0203,0,0,0,0,0,0
2010-08-29 11:00:00,0.0088,0.0272,0,0,0,0,0,0
2010-08-29 12:00:00,0.019,0.0811,0,0,0,0,0,0
2010-08-29 13:00:00,0.0444,0.156,0,0,0,0,0,0
2010-08-29 14:00:00,0.1001,0.2794,0,0,0,0,0,0
2010-08-29 15:00:00,0.1833,0.3812,0,0,0,0,0,0
2010-08-29 16:00:00,0.2665,0.1847,0,0,0,0,0,0
2010-08-29 17:00:00,0.3603,0.2868,0,0,0,0,0,0
2010-08-29 18:00:00,0.4128,0.3534,0,0,0,0,0,0
2010-08-29 19:00:00,0.3184,0.2382,0,0,0,0,0,0
2010-08-29 20:00:00,0.3648,0.0897,0,0,0,0,0,0
2010-08-29 21:00:00,0.4523,0.1493,0,0,0,0,0,0
2010-08-29 22:00:00,0.6153,0.3194,0,0,0,0,0,0
2010-08-29 23:00:00,0.6119,0.3355,0,0,0,0,0,0
2010-08-30 00:00:00,0.5616,0.5647,0,0,0,0,0,0
2010-08-30 01:00:00,0.4392,0.4682,0,0,0,0,0,0
2010-08-30 02:00:00,0.3157,0.344,0,0,0,0,0,0
2010-08-30 03:00:00,0.2618,0.302,0,0,0,0,0,0
2010-08-30 04:00:00,0.2317,0.14,0,0,0,0,0,0
2010-08-30 05:00:00,0.1986,0.145,0,0,0,0,0,0
2010-08-30 06:00:00,0.1701,0.1635,0,0,0,0,0,0
2010-08-30 07:00:00,0.1398,0.1672,0,0,0,0,0,0
2010-08-30 08:00:00,0.1308,0.0867,0,0,0,0,0,0
2010-08-30 09:00:00,0.1294,0.0875,0,0,0,0,0,0
2010-08-30 10:00:00,0.1253,0.086,0,0,0,0,0,0
2010-08-30 11:00:00,0.083,0.0731,0,0,0,0,0,0
2010-08-30 12:00:00,0.0584,0.0038,0,0,0,0,0,0
2010-08-30 13:00:00,0.048,0.0003,0,0,0,0,0,0
2010-08-30 14:00:00,0.0615,0.0004,0,0,0,0,0,0
2010-08-30 15:00:00,0.0818,0.0021,0,0,0,0,0,0
2010-08-30 16:00:00,0.1142,0.0853,0,0,0,0,0,0
2010-08-30 17:00:00,0.1454,0.1308,0,0,0,0,0,0
2010-08-30 18:00:00,0.1807,0.1627,0,0,0,0,0,0
2010-08-30 19:00:00,0.2392,0.2148,0,0,0,0,0,0
2010-08-30 20:00:00,0.3628,0.2019,0,0,0,0,0,0
2010-08-30 21:00:00,0.5022,0.2788,0,0,0,0,0,0
2010-08-30 22:00:00,0.4855,0.2164,0,0,0,0,0,0
2010-08-30 23:00:00,0.5688,0.2705,0,0,0,0,0,0
2010-08-31 00:00:00,0.7077,0.6266,0,0,0,0,0,0
2010-08-31 01:00:00,0.774,0.7038,0,0,0,0,0,0
2010-08-31 02:00:00,0.7531,0.696,0,0,0,0,0,0
2010-08-31 03:00:00,0.7566,0.6886,0,0,0,0,0,0
2010-08-31 04:00:00,0.7434,0.723,0,0,0,0,0,0
2010-08-31 05:00:00,0.697,0.6552,0,0,0,0,0,0
2010-08-31 06:00:00,0.6468,0.6444,0,0,0,0,0,0
2010-08-31 07:00:00,0.6187,0.5884,0,0,0,0,0,0
2010-08-31 08:00:00,0.6211,0.6186,0,0,0,0,0,0
2010-08-31 09:00:00,0.6204,0.624,0,0,0,0,0,0
2010-08-31 10:00:00,0.6241,0.6569,0,0,0,0,0,0
2010-08-31 11:00:00,0.5853,0.6875,0,0,0,0,0,0
2010-08-31 12:00:00,0.5711,0.7443,0,0,0,0,0,0
2010-08-31 13:00:00,0.553,0.6845,0,0,0,0,0,0
2010-08-31 14:00:00,0.5415,0.5906,0,0,0,0,0,0
2010-08-31 15:00:00,0.5804,0.6488,0,0,0,0,0,0
2010-08-31 16:00:00,0.6792,0.5168,0,0,0,0,0,0
2010-08-31 17:00:00,0.7759,0.7173,0,0,0,0,0,0
2010-08-31 18:00:00,0.8515,0.8449,0,0,0,0,0,0
2010-08-31 19:00:00,0.8847,0.8705,0,0,0,0,0,0
2010-08-31 20:00:00,0.8944,0.885,0,0,0,0,0,0
2010-08-31 21:00:00,0.895,0.8729,0,0,0,0,0,0
2010-08-31 22:00:00,0.8862,0.8113,0,0,0,0,0,0
2010-08-31 23:00:00,0.8815,0.8107,0,0,0,0,0,0
2010-09-01 00:00:00,0.8752,0.8954,0,0,0,0,0,0
2010-09-01 01:00:00,0.8751,0.8941,0,0,0,0,0,0
2010-09-01 02:00:00,0.8735,0.8952,0,0,0,0,0,0
2010-09-01 03:00:00,0.8712,0.8957,0,0,0,0,0,0
2010-09-01 04:00:00,0.872,0.8943,0,0,0,0,0,0
2010-09-01 05:00:00,0.8724,0.8962,0,0,0,0,0,0
2010-09-01 06:00:00,0.868,0.896,0,0,0,0,0,0
2010-09-01 07:00:00,0.8708,0.8971,0,0,0,0,0,0
2010-09-01 08:00:00,0.8682,0.8561,0,0,0,0,0,0
2010-09-01 09:00:00,0.8306,0.8017,0,0,0,0,0,0
2010-09-01 10:00:00,0.7358,0.6871,0,0,0,0,0,0
2010-09-01 11:00:00,0.6129,0.552,0,0,0,0,0,0
2010-09-01 12:00:00,0.5579,0.6541,0,0,0,0,0,0
2010-09-01 13:00:00,0.4819,0.5851,0,0,0,0,0,0
2010-09-01 14:00:00,0.473,0.5758,0,0,0,0,0,0
2010-09-01 15:00:00,0.5037,0.5834,0,0,0,0,0,0
2010-09-01 16:00:00,0.5367,0.4693,0,0,0,0,0,0
2010-09-01 17:00:00,0.5737,0.4484,0,0,0,0,0,0
2010-09-01 18:00:00,0.6432,0.4425,0,0,0,0,0,0
2010-09-01 19:00:00,0.7471,0.4725,0,0,0,0,0,0
2010-09-01 20:00:00,0.8316,0.8884,0,0,0,0,0,0
2010-09-01 21:00:00,0.8537,0.8941,0,0,0,0,0,0
2010-09-01 22:00:00,0.7908,0.8872,0,0,0,0,0,0
2010-09-01 23:00:00,0.7609,0.8844,0,0,0,0,0,0
2010-09-02 00:00:00,0.6847,0.6739,0,0,0,0,0,0
2010-09-02 01:00:00,0.6137,0.5294,0,0,0,0,0,0
2010-09-02 02:00:00,0.561,0.4982,0,0,0,0,0,0
2010-09-02 03:00:00,0.5152,0.5024,0,0,0,0,0,0
2010-09-02 04:00:00,0.4481,0.4277,0,0,0,0,0,0
2010-09-02 05:00:00,0.3946,0.4137,0,0,0,0,0,0
2010-09-02 06:00:00,0.3119,0.287,0,0,0,0,0,0
2010-09-02 07:00:00,0.2601,0.2105,0,0,0,0,0,0
2010-09-02 08:00:00,0.2016,0.3695,0,0,0,0,0,0
2010-09-02 09:00:00,0.1336,0.2499,0,0,0,0,0,0
2010-09-02 10:00:00,0.0739,0.139,0,0,0,0,0,0
2010-09-02 11:00:00,0.0376,0.0504,0,0,0,0,0,0
2010-09-02 12:00:00,0.0272,0.0238,0,0,0,0,0,0
2010-09-02 13:00:00,0.0166,0.0139,0,0,0,0,0,0
2010-09-02 14:00:00,0.0099,0.0057,0,0,0,0,0,0
2010-09-02 15:00:00,0.0419,0.0277,0,0,0,0,0,0
2010-09-02 16:00:00,0.1176,0.1011,0,0,0,0,0,0
2010-09-02 17:00:00,0.21,0.1884,0,0,0,0,0,0
2010-09-02 18:00:00,0.2732,0.2517,0,0,0,0,0,0
2010-09-02 19:00:00,0.2639,0.2838,0,0,0,0,0,0
2010-09-02 20:00:00,0.2062,0.0249,0,0,0,0,0,0
2010-09-02 21:00:00,0.1202,0.0053,0,0,0,0,0,0
2010-09-02 22:00:00,0.112,0.0056,0,0,0,0,0,0
2010-09-02 23:00:00,0.1725,0.0177,0,0,0,0,0,0
2010-09-03 00:00:00,0.2198,0.2502,0,0,0,0,0,0
2010-09-03 01:00:00,0.1845,0.2316,0,0,0,0,0,0
2010-09-03 02:00:00,0.129,0.1538,0,0,0,0,0,0
2010-09-03 03:00:00,0.0809,0.1005,0,0,0,0,0,0
2010-09-03 04:00:00,0.0511,0.0531,0,0,0,0,0,0
2010-09-03 05:00:00,0.0334,0.0442,0,0,0,0,0,0
2010-09-03 06:00:00,0.0214,0.02,0,0,0,0,0,0
2010-09-03 07:00:00,0.0125,0.0066,0,0,0,0,0,0
2010-09-03 08:00:00,0.0099,0.0335,0,0,0,0,0,0
2010-09-03 09:00:00,0.0101,0.0544,0,0,0,0,0,0
2010-09-03 10:00:00,0.0301,0.0724,0,0,0,0,0,0
2010-09-03 11:00:00,0.0363,0.0932,0,0,0,0,0,0
2010-09-03 12:00:00,0.0369,0.0028,0,0,0,0,0,0
2010-09-03 13:00:00,0.0455,0.0046,0,0,0,0,0,0
2010-09-03 14:00:00,0.0496,0.0016,0,0,0,0,0,0
2010-09-03 15:00:00,0.0501,0.0005,0,0,0,0,0,0
2010-09-03 16:00:00,0.0625,0.2794,0,0,0,0,0,0
2010-09-03 17:00:00,0.0737,0.2936,0,0,0,0,0,0
2010-09-03 18:00:00,0.0615,0.2849,0,0,0,0,0,0
2010-09-03 19:00:00,0.0267,0.1514,0,0,0,0,0,0
2010-09-03 20:00:00,0.0072,0.0,0,0,0,0,0,0
2010-09-03 21:00:00,0.0036,0.0,0,0,0,0,0,0
2010-09-03 22:00:00,0.01,0.0,0,0,0,0,0,0
2010-09-03 23:00:00,0.0103,-0.0,0,0,0,0,0,0
2010-09-04 00:00:00,0.0072,0.0003,0,0,0,0,0,0
2010-09-04 01:00:00,0.0036,0.0001,0,0,0,0,0,0
2010-09-04 02:00:00,0.0018,0.0,0,0,0,0,0,0
2010-09-04 03:00:00,0.0004,0.0,0,0,0,0,0,0
2010-09-04 04:00:00,0.0004,0.0001,0,0,0,0,0,0
2010-09-04 05:00:00,0.0009,0.0003,0,0,0,0,0,0
2010-09-04 06:00:00,0.0004,0.0001,0,0,0,0,0,0
2010-09-04 07:00:00,0.0001,0.0001,0,0,0,0,0,0
2010-09-04 08:00:00,0.0002,0.0001,0,0,0,0,0,0
2010-09-04 09:00:00,0.0003,0.0005,0,0,0,0,0,0
2010-09-04 10:00:00,0.0001,0.0001,0,0,0,0,0,0
2010-09-04 11:00:00,0.0,-0.0,0,0,0,0,0,0
2010-09-04 12:00:00,0.0,-0.0,0,0,0,0,0,0
2010-09-04 13:00:00,0.0001,-0.0,0,0,0,0,0,0
2010-09-04 14:00:00,0.0004,0.0,0,0,0,0,0,0
2010-09-04 15:00:00,0.0026,0.0,0,0,0,0,0,0
2010-09-04 16:00:00,0.0155,0.0301,0,0,0,0,0,0
2010-09-04 17:00:00,0.0263,0.0519,0,0,0,0,0,0
2010-09-04 18:00:00,0.0353,0.0598,0,0,0,0,0,0
2010-09-04 19:00:00,0.0215,0.0405,0,0,0,0,0,0
2010-09-04 20:00:00,0.0122,0.0,0,0,0,0,0,0
2010-09-04 21:00:00,0.0035,0.0,0,0,0,0,0,0
2010-09-04 22:00:00,0.0005,-0.0,0,0,0,0,0,0
2010-09-04 23:00:00,0.0007,-0.0,0,0,0,0,0,0
2010-09-05 00:00:00,0.0032,-0.0,0,0,0,0,0,0
2010-09-05 01:00:00,0.0077,-0.0,0,0,0,0,0,0
2010-09-05 02:00:00,0.0032,-0.0,0,0,0,0,0,0
2010-09-05 03:00:00,0.0018,-0.0,0,0,0,0,0,0
2010-09-05 04:00:00,0.0023,0.0001,0,0,0,0,0,0
2010-09-05 05:00:00,0.0026,0.0001,0,0,0,0,0,0
2010-09-05 06:00:00,0.0055,0.0013,0,0,0,0,0,0
2010-09-05 07:00:00,0.0323,0.0291,0,0,0,0,0,0
2010-09-05 08:00:00,0.0786,0.0137,0,0,0,0,0,0
2010-09-05 09:00:00,0.0564,0.0082,0,0,0,0,0,0
2010-09-05 10:00:00,0.0292,0.0005,0,0,0,0,0,0
2010-09-05 11:00:00,0.0127,0.0,0,0,0,0,0,0
2010-09-05 12:00:00,0.0008,0.0005,0,0,0,0,0,0
2010-09-05 13:00:00,0.0,0.0,0,0,0,0,0,0
2010-09-05 14:00:00,0.0,0.0,0,0,0,0,0,0
2010-09-05 15:00:00,0.0,0.0,0,0,0,0,0,0
2010-09-05 16:00:00,0.0002,0.0021,0,0,0,0,0,0
2010-09-05 17:00:00,0.0201,0.0401,0,0,0,0,0,0
2010-09-05 18:00:00,0.076,0.0889,0,0,0,0,0,0
2010-09-05 19:00:00,0.0955,0.0975,0,0,0,0,0,0
2010-09-05 20:00:00,0.1256,0.0471,0,0,0,0,0,0
2010-09-05 21:00:00,0.118,0.0369,0,0,0,0,0,0
2010-09-05 22:00:00,0.0591,0.0119,0,0,0,0,0,0
2010-09-05 23:00:00,0.0534,0.0066,0,0,0,0,0,0
2010-09-06 00:00:00,0.1169,0.0918,0,0,0,0,0,0
2010-09-06 01:00:00,0.414,0.3671,0,0,0,0,0,0
2010-09-06 02:00:00,0.3864,0.3807,0,0,0,0,0,0
2010-09-06 03:00:00,0.286,0.2961,0,0,0,0,0,0
2010-09-06 04:00:00,0.1054,0.0372,0,0,0,0,0,0
2010-09-06 05:00:00,0.0762,0.0256,0,0,0,0,0,0
2010-09-06 06:00:00,0.0472,0.0148,0,0,0,0,0,0
2010-09-06 07:00:00,0.0183,0.0026,0,0,0,0,0,0
2010-09-06 08:00:00,0.0389,0.0287,0,0,0,0,0,0
2010-09-06 09:00:00,0.0902,0.0606,0,0,0,0,0,0
2010-09-06 10:00:00,0.1097,0.0942,0,0,0,0,0,0
2010-09-06 11:00:00,0.2435,0.2459,0,0,0,0,0,0
2010-09-06 12:00:00,0.2947,0.2734,0,0,0,0,0,0
2010-09-06 13:00:00,0.2951,0.2309,0,0,0,0,0,0
2010-09-06 14:00:00,0.3515,0.2353,0,0,0,0,0,0
2010-09-06 15:00:00,0.3601,0.215,0,0,0,0,0,0
2010-09-06 16:00:00,0.2538,0.4233,0,0,0,0,0,0
2010-09-06 17:00:00,0.2579,0.4035,0,0,0,0,0,0
2010-09-06 18:00:00,0.493,0.6271,0,0,0,0,0,0
2010-09-06 19:00:00,0.5105,0.6464,0,0,0,0,0,0
2010-09-06 20:00:00,0.2668,0.2671,0,0,0,0,0,0
2010-09-06 21:00:00,0.1278,0.1205,0,0,0,0,0,0
2010-09-06 22:00:00,0.0752,0.0711,0,0,0,0,0,0
2010-09-06 23:00:00,0.1129,0.1229,0,0,0,0,0,0
2010-09-07 00:00:00,0.1249,0.2516,0,0,0,0,0,0
2010-09-07 01:00:00,0.2096,0.3884,0,0,0,0,0,0
2010-09-07 02:00:00,0.2026,0.3578,0,0,0,0,0,0
2010-09-07 03:00:00,0.1565,0.2495,0,0,0,0,0,0
2010-09-07 04:00:00,0.0946,0.0542,0,0,0,0,0,0
2010-09-07 05:00:00,0.0614,0.0344,0,0,0,0,0,0
2010-09-07 06:00:00,0.0383,0.0119,0,0,0,0,0,0
2010-09-07 07:00:00,0.0216,0.0072,0,0,0,0,0,0
2010-09-07 08:00:00,0.0136,0.008,0,0,0,0,0,0
2010-09-07 09:00:00,0.0285,0.0306,0,0,0,0,0,0
2010-09-07 10:00:00,0.0471,0.0573,0,0,0,0,0,0
2010-09-07 11:00:00,0.0666,0.0718,0,0,0,0,0,0
2010-09-07 12:00:00,0.0973,0.0399,0,0,0,0,0,0
2010-09-07 13:00:00,0.1895,0.1147,0,0,0,0,0,0
2010-09-07 14:00:00,0.3185,0.2113,0,0,0,0,0,0
2010-09-07 15:00:00,0.389,0.2595,0,0,0,0,0,0
2010-09-07 16:00:00,0.449,0.2323,0,0,0,0,0,0
2010-09-07 17:00:00,0.4185,0.2423,0,0,0,0,0,0
2010-09-07 18:00:00,0.4373,0.2921,0,0,0,0,0,0
2010-09-07 19:00:00,0.2445,0.1432,0,0,0,0,0,0
2010-09-07 20:00:00,0.1693,0.175,0,0,0,0,0,0
2010-09-07 21:00:00,0.5099,0.551,0,0,0,0,0,0
2010-09-07 22:00:00,0.9,0.9,0,0,0,0,0,0
2010-09-07 23:00:00,0.9,0.9,0,0,0,0,0,0
2010-09-08 00:00:00,0.8999,0.8999,0,0,0,0,0,0
2010-09-08 01:00:00,0.8995,0.8996,0,0,0,0,0,0
2010-09-08 02:00:00,0.8969,0.8966,0,0,0,0,0,0
2010-09-08 03:00:00,0.8895,0.8922,0,0,0,0,0,0
2010-09-08 04:00:00,0.8817,0.8971,0,0,0,0,0,0
2010-09-08 05:00:00,0.8536,0.8949,0,0,0,0,0,0
2010-09-08 06:00:00,0.7939,0.8789,0,0,0,0,0,0
2010-09-08 07:00:00,0.7122,0.8278,0,0,0,0,0,0
2010-09-08 08:00:00,0.5473,0.7064,0,0,0,0,0,0
2010-09-08 09:00:00,0.3492,0.5177,0,0,0,0,0,0
2010-09-08 10:00:00,0.2653,0.4118,0,0,0,0,0,0
2010-09-08 11:00:00,0.2411,0.3734,0,0,0,0,0,0
2010-09-08 12:00:00,0.3298,0.3073,0,0,0,0,0,0
2010-09-08 13:00:00,0.4379,0.4866,0,0,0,0,0,0
2010-09-08 14:00:00,0.4381,0.4747,0,0,0,0,0,0
2010-09-08 15:00:00,0.5667,0.6424,0,0,0,0,0,0
2010-09-08 16:00:00,0.5942,0.4883,0,0,0,0,0,0
2010-09-08 17:00:00,0.4794,0.4407,0,0,0,0,0,0
2010-09-08 18:00:00,0.3895,0.3711,0,0,0,0,0,0
2010-09-08 19:00:00,0.4963,0.4845,0,0,0,0,0,0
2010-09-08 20:00:00,0.4751,0.4709,0,0,0,0,0,0
2010-09-08 21:00:00,0.3853,0.3586,0,0,0,0,0,0
2010-09-08 22:00:00,0.299,0.2984,0,0,0,0,0,0
2010-09-08 23:00:00,0.4563,0.4905,0,0,0,0,0,0
2010-09-09 00:00:00,0.4809,0.8611,0,0,0,0,0,0
2010-09-09 01:00:00,0.4539,0.8516,0,0,0,0,0,0
2010-09-09 02:00:00,0.418,0.7783,0,0,0,0,0,0
2010-09-09 03:00:00,0.4843,0.8296,0,0,0,0,0,0
2010-09-09 04:00:00,0.5868,0.8747,0,0,0,0,0,0
2010-09-09 05:00:00,0.5708,0.8768,0,0,0,0,0,0
2010-09-09 06:00:00,0.49,0.818,0,0,0,0,0,0
2010-09-09 07:00:00,0.3829,0.6984,0,0,0,0,0,0
2010-09-09 08:00:00,0.3089,0.1281,0,0,0,0,0,0
2010-09-09 09:00:00,0.2422,0.103,0,0,0,0,0,0
2010-09-09 10:00:00,0.1045,0.0246,0,0,0,0,0,0
2010-09-09 11:00:00,0.0824,0.0139,0,0,0,0,0,0
2010-09-09 12:00:00,0.0715,0.042,0,0,0,0,0,0
2010-09-09 13:00:00,0.0901,0.0553,0,0,0,0,0,0
2010-09-09 14:00:00,0.1178,0.0753,0,0,0,0,0,0
2010-09-09 15:00:00,0.1281,0.0546,0,0,0,0,0,0
2010-09-09 16:00:00,0.1172,0.0923,0,0,0,0,0,0
2010-09-09 17:00:00,0.0988,0.0946,0,0,0,0,0,0
2010-09-09 18:00:00,0.0818,0.0967,0,0,0,0,0,0
2010-09-09 19:00:00,0.0724,0.0873,0,0,0,0,0,0
2010-09-09 20:00:00,0.0629,0.0494,0,0,0,0,0,0
2010-09-09 21:00:00,0.0547,0.0718,0,0,0,0,0,0
2010-09-09 22:00:00,0.0453,0.0824,0,0,0,0,0,0
2010-09-09 23:00:00,0.0378,0.0913,0,0,0,0,0,0
2010-09-10 00:00:00,0.0268,0.0033,0,0,0,0,0,0
2010-09-10 01:00:00,0.0167,0.0002,0,0,0,0,0,0
2010-09-10 02:00:00,0.0083,0.0,0,0,0,0,0,0
2010-09-10 03:00:00,0.0039,0.0,0,0,0,0,0,0
2010-09-10 04:00:00,0.0016,0.0003,0,0,0,0,0,0
2010-09-10 05:00:00,0.0002,0.0,0,0,0,0,0,0
2010-09-10 06:00:00,0.0,-0.0,0,0,0,0,0,0
2010-09-10 07:00:00,0.0,-0.0,0,0,0,0,0,0
2010-09-10 08:00:00,0.0,0.0,0,0,0,0,0,0
2010-09-10 09:00:00,0.0002,0.0001,0,0,0,0,0,0
2010-09-10 10:00:00,0.0025,0.0002,0,0,0,0,0,0
2010-09-10 11:00:00,0.0029,0.0004,0,0,0,0,0,0
2010-09-10 12:00:00,0.0014,0.0001,0,0,0,0,0,0
2010-09-10 13:00:00,0.0004,0.0001,0,0,0,0,0,0
2010-09-10 14:00:00,0.0001,0.0,0,0,0,0,0,0
2010-09-10 15:00:00,0.0003,0.0001,0,0,0,0,0,0
2010-09-10 16:00:00,0.0006,0.0003,0,0,0,0,0,0
2010-09-10 17:00:00,0.0003,0.0,0,0,0,0,0,0
2010-09-10 18:00:00,0.0002,0.0,0,0,0,0,0,0
2010-09-10 19:00:00,0.0003,0.0,0,0,0,0,0,0
2010-09-10 20:00:00,0.0011,0.0,0,0,0,0,0,0
2010-09-10 21:00:00,0.0065,0.0003,0,0,0,0,0,0
2010-09-10 22:00:00,0.0216,0.0095,0,0,0,0,0,0
2010-09-10 23:00:00,0.0579,0.036,0,0,0,0,0,0
2010-09-11 00:00:00,0.1004,0.1391,0,0,0,0,0,0
2010-09-11 01:00:00,0.1455,0.1899,0,0,0,0,0,0
2010-09-11 02:00:00,0.1538,0.1972,0,0,0,0,0,0
2010-09-11 03:00:00,0.1112,0.1551,0,0,0,0,0,0
2010-09-11 04:00:00,0.0859,0.0597,0,0,0,0,0,0
2010-09-11 05:00:00,0.0959,0.0784,0,0,0,0,0,0
2010-09-11 06:00:00,0.1357,0.1131,0,0,0,0,0,0
2010-09-11 07:00:00,0.1825,0.172,0,0,0,0,0,0
2010-09-11 08:00:00,0.2006,0.1369,0,0,0,0,0,0
2010-09-11 09:00:00,0.1628,0.1132,0,0,0,0,0,0
2010-09-11 10:00:00,0.0754,0.064,0,0,0,0,0,0
2010-09-11 11:00:00,0.0156,0.014,0,0,0,0,0,0
2010-09-11 12:00:00,0.0,-0.0,0,0,0,0,0,0
2010-09-11 13:00:00,0.0002,0.0,0,0,0,0,0,0
2010-09-11 14:00:00,0.0135,0.0038,0,0,0,0,0,0
2010-09-11 15:00:00,0.0818,0.0618,0,0,0,0,0,0
2010-09-11 16:00:00,0.2472,0.4453,0,0,0,0,0,0
2010-09-11 17:00:00,0.4694,0.6392,0,0,0,0,0,0
2010-09-11 18:00:00,0.5737,0.7513,0,0,0,0,0,0
2010-09-11 19:00:00,0.5982,0.7653,0,0,0,0,0,0
2010-09-11 20:00:00,0.6042,0.7514,0,0,0,0,0,0
2010-09-11 21:00:00,0.6341,0.7943,0,0,0,0,0,0
2010-09-11 22:00:00,0.6677,0.7799,0,0,0,0,0,0
2010-09-11 23:00:00,0.6458,0.7593,0,0,0,0,0,0
2010-09-12 00:00:00,0.5624,0.6964,0,0,0,0,0,0
2010-09-12 01:00:00,0.5331,0.608,0,0,0,0,0,0
2010-09-12 02:00:00,0.5441,0.6213,0,0,0,0,0,0
2010-09-12 03:00:00,0.5724,0.6685,0,0,0,0,0,0
2010-09-12 04:00:00,0.6927,0.6459,0,0,0,0,0,0
2010-09-12 05:00:00,0.7729,0.7239,0,0,0,0,0,0
2010-09-12 06:00:00,0.7489,0.685,0,0,0,0,0,0
2010-09-12 07:00:00,0.6539,0.5614,0,0,0,0,0,0
2010-09-12 08:00:00,0.5932,0.5197,0,0,0,0,0,0
2010-09-12 09:00:00,0.5636,0.5755,0,0,0,0,0,0
2010-09-12 10:00:00,0.3675,0.4547,0,0,0,0,0,0
2010-09-12 11:00:00,0.3475,0.4454,0,0,0,0,0,0
2010-09-12 12:00:00,0.3507,0.4034,0,0,0,0,0,0
2010-09-12 13:00:00,0.3584,0.4108,0,0,0,0,0,0
2010-09-12 14:00:00,0.4535,0.4697,0,0,0,0,0,0
2010-09-12 15:00:00,0.6317,0.5638,0,0,0,0,0,0
2010-09-12 16:00:00,0.6958,0.5868,0,0,0,0,0,0
2010-09-12 17:00:00,0.7005,0.6494,0,0,0,0,0,0
2010-09-12 18:00:00,0.6548,0.6756,0,0,0,0,0,0
2010-09-12 19:00:00,0.6408,0.6712,0,0,0,0,0,0
2010-09-12 20:00:00,0.6831,0.38,0,0,0,0,0,0
2010-09-12 21:00:00,0.6781,0.4589,0,0,0,0,0,0
2010-09-12 22:00:00,0.6616,0.5012,0,0,0,0,0,0
2010-09-12 23:00:00,0.5842,0.4271,0,0,0,0,0,0
2010-09-13 00:00:00,0.4591,0.5921,0,0,0,0,0,0
2010-09-13 01:00:00,0.3807,0.4688,0,0,0,0,0,0
2010-09-13 02:00:00,0.3141,0.3099,0,0,0,0,0,0
2010-09-13 03:00:00,0.2467,0.2568,0,0,0,0,0,0
2010-09-13 04:00:00,0.2093,0.2278,0,0,0,0,0,0
2010-09-13 05:00:00,0.165,0.1981,0,0,0,0,0,0
2010-09-13 06:00:00,0.132,0.1742,0,0,0,0,0,0
2010-09-13 07:00:00,0.094,0.179,0,0,0,0,0,0
2010-09-13 08:00:00,0.0618,0.0939,0,0,0,0,0,0
2010-09-13 09:00:00,0.0511,0.1051,0,0,0,0,0,0
2010-09-13 10:00:00,0.0539,0.1034,0,0,0,0,0,0
2010-09-13 11:00:00,0.0188,0.042,0,0,0,0,0,0
2010-09-13 12:00:00,0.0133,0.0051,0,0,0,0,0,0
2010-09-13 13:00:00,0.0261,0.0148,0,0,0,0,0,0
2010-09-13 14:00:00,0.0719,0.0486,0,0,0,0,0,0
2010-09-13 15:00:00,0.102,0.055,0,0,0,0,0,0
2010-09-13 16:00:00,0.099,0.1947,0,0,0,0,0,0
2010-09-13 17:00:00,0.226,0.335,0,0,0,0,0,0
2010-09-13 18:00:00,0.2932,0.4198,0,0,0,0,0,0
2010-09-13 19:00:00,0.238,0.2819,0,0,0,0,0,0
2010-09-13 20:00:00,0.1847,0.6506,0,0,0,0,0,0
2010-09-13 21:00:00,0.1388,0.5217,0,0,0,0,0,0
2010-09-13 22:00:00,0.076,0.4084,0,0,0,0,0,0
2010-09-13 23:00:00,0.0519,0.3236,0,0,0,0,0,0
2010-09-14 00:00:00,0.0678,0.0548,0,0,0,0,0,0
2010-09-14 01:00:00,0.0791,0.0653,0,0,0,0,0,0
2010-09-14 02:00:00,0.0403,0.0303,0,0,0,0,0,0
2010-09-14 03:00:00,0.0093,0.0004,0,0,0,0,0,0
2010-09-14 04:00:00,0.0004,0.0003,0,0,0,0,0,0
2010-09-14 05:00:00,0.0,0.0,0,0,0,0,0,0
2010-09-14 06:00:00,0.0,0.0,0,0,0,0,0,0
2010-09-14 07:00:00,0.0001,0.0,0,0,0,0,0,0
2010-09-14 08:00:00,0.0001,-0.0,0,0,0,0,0,0
2010-09-14 09:00:00,0.0,-0.0,0,0,0,0,0,0
2010-09-14 10:00:00,0.0,-0.0,0,0,0,0,0,0
2010-09-14 11:00:00,0.0,0.0,0,0,0,0,0,0
2010-09-14 12:00:00,0.0001,0.0005,0,0,0,0,0,0
2010-09-14 13:00:00,0.0004,0.0032,0,0,0,0,0,0
2010-09-14 14:00:00,0.0055,0.0062,0,0,0,0,0,0
2010-09-14 15:00:00,0.0157,0.0072,0,0,0,0,0,0
2010-09-14 16:00:00,0.0321,0.0001,0,0,0,0,0,0
2010-09-14 17:00:00,0.0487,0.0003,0,0,0,0,0,0
2010-09-14 18:00:00,0.0433,0.0,0,0,0,0,0,0
2010-09-14 19:00:00,0.0383,-0.0,0,0,0,0,0,0
2010-09-14 20:00:00,0.032,0.0104,0,0,0,0,0,0
2010-09-14 21:00:00,0.0249,0.0049,0,0,0,0,0,0
2010-09-14 22:00:00,0.0239,0.002,0,0,0,0,0,0
2010-09-14 23:00:00,0.0132,0.0002,0,0,0,0,0,0
2010-09-15 00:00:00,0.0124,0.0001,0,0,0,0,0,0
2010-09-15 01:00:00,0.0178,0.0003,0,0,0,0,0,0
2010-09-15 02:00:00,0.009,0.0001,0,0,0,0,0,0
2010-09-15 03:00:00,0.004,-0.0,0,0,0,0,0,0
2010-09-15 04:00:00,0.0027,0.0158,0,0,0,0,0,0
2010-09-15 05:00:00,0.0014,0.0083,0,0,0,0,0,0
2010-09-15 06:00:00,0.0046,0.0155,0,0,0,0,0,0
2010-09-15 07:00:00,0.0116,0.0168,0,0,0,0,0,0
2010-09-15 08:00:00,0.0114,0.0628,0,0,0,0,0,0
2010-09-15 09:00:00,0.0097,0.0597,0,0,0,0,0,0
2010-09-15 10:00:00,0.0028,0.0362,0,0,0,0,0,0
2010-09-15 11:00:00,0.0035,0.0603,0,0,0,0,0,0
2010-09-15 12:00:00,0.0126,0.0147,0,0,0,0,0,0
2010-09-15 13:00:00,0.0257,0.0322,0,0,0,0,0,0
2010-09-15 14:00:00,0.0475,0.073,0,0,0,0,0,0
2010-09-15 15:00:00,0.098,0.1679,0,0,0,0,0,0
2010-09-15 16:00:00,0.1531,0.1649,0,0,0,0,0,0
2010-09-15 17:00:00,0.1682,0.2078,0,0,0,0,0,0
2010-09-15 18:00:00,0.1752,0.2163,0,0,0,0,0,0
2010-09-15 19:00:00,0.1861,0.2341,0,0,0,0,0,0
2010-09-15 20:00:00,0.1496,0.1234,0,0,0,0,0,0
2010-09-15 21:00:00,0.1161,0.083,0,0,0,0,0,0
2010-09-15 22:00:00,0.0933,0.0738,0,0,0,0,0,0
2010-09-15 23:00:00,0.0879,0.0732,0,0,0,0,0,0
2010-09-16 00:00:00,0.105,0.0214,0,0,0,0,0,0
2010-09-16 01:00:00,0.105,0.0196,0,0,0,0,0,0
2010-09-16 02:00:00,0.0831,0.0144,0,0,0,0,0,0
2010-09-16 03:00:00,0.0685,0.0067,0,0,0,0,0,0
2010-09-16 04:00:00,0.0533,0.0685,0,0,0,0,0,0
2010-09-16 05:00:00,0.0521,0.0741,0,0,0,0,0,0
2010-09-16 06:00:00,0.0545,0.066,0,0,0,0,0,0
2010-09-16 07:00:00,0.0522,0.0517,0,0,0,0,0,0
2010-09-16 08:00:00,0.0302,0.0038,0,0,0,0,0,0
2010-09-16 09:00:00,0.0164,0.0002,0,0,0,0,0,0
2010-09-16 10:00:00,0.0173,0.0002,0,0,0,0,0,0
2010-09-16 11:00:00,0.0159,0.0002,0,0,0,0,0,0
2010-09-16 12:00:00,0.0371,0.042,0,0,0,0,0,0
2010-09-16 13:00:00,0.0639,0.0643,0,0,0,0,0,0
2010-09-16 14:00:00,0.0835,0.0736,0,0,0,0,0,0
2010-09-16 15:00:00,0.1011,0.1075,0,0,0,0,0,0
2010-09-16 16:00:00,0.1019,0.0986,0,0,0,0,0,0
2010-09-16 17:00:00,0.0969,0.1049,0,0,0,0,0,0
2010-09-16 18:00:00,0.0859,0.0806,0,0,0,0,0,0
2010-09-16 19:00:00,0.0666,0.0554,0,0,0,0,0,0
2010-09-16 20:00:00,0.0503,0.0302,0,0,0,0,0,0
2010-09-16 21:00:00,0.0297,0.0178,0,0,0,0,0,0
2010-09-16 22:00:00,0.0199,0.0078,0,0,0,0,0,0
2010-09-16 23:00:00,0.0217,0.0039,0,0,0,0,0,0
2010-09-17 00:00:00,0.0217,0.0938,0,0,0,0,0,0
2010-09-17 01:00:00,0.0203,0.0826,0,0,0,0,0,0
2010-09-17 02:00:00,0.0193,0.0794,0,0,0,0,0,0
2010-09-17 03:00:00,0.0271,0.0786,0,0,0,0,0,0
2010-09-17 04:00:00,0.0242,0.1569,0,0,0,0,0,0
2010-09-17 05:00:00,0.0245,0.2018,0,0,0,0,0,0
2010-09-17 06:00:00,0.0251,0.2229,0,0,0,0,0,0
2010-09-17 07:00:00,0.0308,0.2477,0,0,0,0,0,0
2010-09-17 08:00:00,0.0325,0.0214,0,0,0,0,0,0
2010-09-17 09:00:00,0.0281,0.0349,0,0,0,0,0,0
2010-09-17 10:00:00,0.0313,0.0521,0,0,0,0,0,0
2010-09-17 11:00:00,0.0177,0.0451,0,0,0,0,0,0
2010-09-17 12:00:00,0.0181,0.0098,0,0,0,0,0,0
2010-09-17 13:00:00,0.0521,0.0276,0,0,0,0,0,0
2010-09-17 14:00:00,0.1059,0.0512,0,0,0,0,0,0
2010-09-17 15:00:00,0.1074,0.0578,0,0,0,0,0,0
2010-09-17 16:00:00,0.1309,0.1353,0,0,0,0,0,0
2010-09-17 17:00:00,0.1642,0.1865,0,0,0,0,0,0
2010-09-17 18:00:00,0.1886,0.2594,0,0,0,0,0,0
2010-09-17 19:00:00,0.1938,0.2859,0,0,0,0,0,0
2010-09-17 20:00:00,0.2057,0.1596,0,0,0,0,0,0
2010-09-17 21:00:00,0.2475,0.2078,0,0,0,0,0,0
2010-09-17 22:00:00,0.3699,0.3273,0,0,0,0,0,0
2010-09-17 23:00:00,0.4238,0.3505,0,0,0,0,0,0
2010-09-18 00:00:00,0.418,0.4484,0,0,0,0,0,0
2010-09-18 01:00:00,0.4501,0.4991,0,0,0,0,0,0
2010-09-18 02:00:00,0.5376,0.5699,0,0,0,0,0,0
2010-09-18 03:00:00,0.5838,0.6086,0,0,0,0,0,0
2010-09-18 04:00:00,0.5474,0.7822,0,0,0,0,0,0
2010-09-18 05:00:00,0.4593,0.7441,0,0,0,0,0,0
2010-09-18 06:00:00,0.407,0.7257,0,0,0,0,0,0
2010-09-18 07:00:00,0.3836,0.6772,0,0,0,0,0,0
2010-09-18 08:00:00,0.3385,0.3001,0,0,0,0,0,0
2010-09-18 09:00:00,0.2496,0.2291,0,0,0,0,0,0
2010-09-18 10:00:00,0.1954,0.1828,0,0,0,0,0,0
2010-09-18 11:00:00,0.106,0.1036,0,0,0,0,0,0
2010-09-18 12:00:00,0.0733,0.0294,0,0,0,0,0,0
2010-09-18 13:00:00,0.0719,0.0306,0,0,0,0,0,0
2010-09-18 14:00:00,0.0654,0.0455,0,0,0,0,0,0
2010-09-18 15:00:00,0.1096,0.0987,0,0,0,0,0,0
2010-09-18 16:00:00,0.1721,0.194,0,0,0,0,0,0
2010-09-18 17:00:00,0.2212,0.2336,0,0,0,0,0,0
2010-09-18 18:00:00,0.3005,0.3066,0,0,0,0,0,0
2010-09-18 19:00:00,0.3097,0.263,0,0,0,0,0,0
2010-09-18 20:00:00,0.3011,0.3996,0,0,0,0,0,0
2010-09-18 21:00:00,0.2934,0.3566,0,0,0,0,0,0
2010-09-18 22:00:00,0.2488,0.2968,0,0,0,0,0,0
2010-09-18 23:00:00,0.1788,0.1904,0,0,0,0,0,0
2010-09-19 00:00:00,0.1063,0.0382,0,0,0,0,0,0
2010-09-19 01:00:00,0.0544,0.0163,0,0,0,0,0,0
2010-09-19 02:00:00,0.0405,0.0123,0,0,0,0,0,0
2010-09-19 03:00:00,0.0299,0.0067,0,0,0,0,0,0
2010-09-19 04:00:00,0.0253,0.0293,0,0,0,0,0,0
2010-09-19 05:00:00,0.0272,0.0368,0,0,0,0,0,0
2010-09-19 06:00:00,0.0232,0.0406,0,0,0,0,0,0
2010-09-19 07:00:00,0.0217,0.034,0,0,0,0,0,0
2010-09-19 08:00:00,0.0224,0.0715,0,0,0,0,0,0
2010-09-19 09:00:00,0.0239,0.0667,0,0,0,0,0,0
2010-09-19 10:00:00,0.0433,0.0813,0,0,0,0,0,0
2010-09-19 11:00:00,0.0231,0.036,0,0,0,0,0,0
2010-09-19 12:00:00,0.0057,0.0034,0,0,0,0,0,0
2010-09-19 13:00:00,0.0001,0.0003,0,0,0,0,0,0
2010-09-19 14:00:00,0.0,0.0,0,0,0,0,0,0
2010-09-19 15:00:00,0.0001,0.0003,0,0,0,0,0,0
2010-09-19 16:00:00,0.0038,0.0198,0,0,0,0,0,0
2010-09-19 17:00:00,0.0134,0.0369,0,0,0,0,0,0
2010-09-19 18:00:00,0.0278,0.0529,0,0,0,0,0,0
2010-09-19 19:00:00,0.0411,0.0537,0,0,0,0,0,0
2010-09-19 20:00:00,0.0521,0.0034,0,0,0,0,0,0
2010-09-19 21:00:00,0.0563,0.0044,0,0,0,0,0,0
2010-09-19 22:00:00,0.0209,0.0001,0,0,0,0,0,0
2010-09-19 23:00:00,0.0337,0.0004,0,0,0,0,0,0
2010-09-20 00:00:00,0.0543,0.0238,0,0,0,0,0,0
2010-09-20 01:00:00,0.0701,0.0457,0,0,0,0,0,0
2010-09-20 02:00:00,0.0698,0.052,0,0,0,0,0,0
2010-09-20 03:00:00,0.0719,0.0637,0,0,0,0,0,0
2010-09-20 04:00:00,0.0656,0.2202,0,0,0,0,0,0
2010-09-20 05:00:00,0.055,0.1858,0,0,0,0,0,0
2010-09-20 06:00:00,0.0521,0.1931,0,0,0,0,0,0
2010-09-20 07:00:00,0.0503,0.1614,0,0,0,0,0,0
2010-09-20 08:00:00,0.0475,0.0451,0,0,0,0,0,0
2010-09-20 09:00:00,0.0437,0.06,0,0,0,0,0,0
2010-09-20 10:00:00,0.0734,0.0985,0,0,0,0,0,0
2010-09-20 11:00:00,0.0421,0.0625,0,0,0,0,0,0
2010-09-20 12:00:00,0.0134,0.0081,0,0,0,0,0,0
2010-09-20 13:00:00,0.0051,0.0013,0,0,0,0,0,0
2010-09-20 14:00:00,0.0083,0.0025,0,0,0,0,0,0
2010-09-20 15:00:00,0.0136,0.0027,0,0,0,0,0,0
2010-09-20 16:00:00,0.0397,0.0514,0,0,0,0,0,0
2010-09-20 17:00:00,0.074,0.0756,0,0,0,0,0,0
2010-09-20 18:00:00,0.0964,0.1227,0,0,0,0,0,0
2010-09-20 19:00:00,0.1315,0.2159,0,0,0,0,0,0
2010-09-20 20:00:00,0.1851,0.1054,0,0,0,0,0,0
2010-09-20 21:00:00,0.2555,0.1998,0,0,0,0,0,0
2010-09-20 22:00:00,0.3052,0.2912,0,0,0,0,0,0
2010-09-20 23:00:00,0.2874,0.3186,0,0,0,0,0,0
2010-09-21 00:00:00,0.3049,0.5536,0,0,0,0,0,0
2010-09-21 01:00:00,0.3276,0.6393,0,0,0,0,0,0
2010-09-21 02:00:00,0.3323,0.5966,0,0,0,0,0,0
2010-09-21 03:00:00,0.3275,0.5161,0,0,0,0,0,0
2010-09-21 04:00:00,0.3149,0.1804,0,0,0,0,0,0
2010-09-21 05:00:00,0.2869,0.1435,0,0,0,0,0,0
2010-09-21 06:00:00,0.2403,0.1168,0,0,0,0,0,0
2010-09-21 07:00:00,0.1762,0.0916,0,0,0,0,0,0
2010-09-21 08:00:00,0.1237,0.1324,0,0,0,0,0,0
2010-09-21 09:00:00,0.0774,0.0975,0,0,0,0,0,0
2010-09-21 10:00:00,0.033,0.057,0,0,0,0,0,0
2010-09-21 11:00:00,0.0125,0.0366,0,0,0,0,0,0
2010-09-21 12:00:00,0.0021,0.0129,0,0,0,0,0,0
2010-09-21 13:00:00,0.0001,0.0011,0,0,0,0,0,0
2010-09-21 14:00:00,0.0,0.0001,0,0,0,0,0,0
2010-09-21 15:00:00,0.0,0.0005,0,0,0,0,0,0
2010-09-21 16:00:00,0.0005,0.0198,0,0,0,0,0,0
2010-09-21 17:00:00,0.0069,0.0445,0,0,0,0,0,0
2010-09-21 18:00:00,0.0146,0.0556,0,0,0,0,0,0
2010-09-21 19:00:00,0.026,0.0651,0,0,0,0,0,0
2010-09-21 20:00:00,0.0326,0.004,0,0,0,0,0,0
2010-09-21 21:00:00,0.0377,0.0145,0,0,0,0,0,0
2010-09-21 22:00:00,0.007,0.0004,0,0,0,0,0,0
2010-09-21 23:00:00,0.0028,0.0,0,0,0,0,0,0
2010-09-22 00:00:00,0.0008,0.0005,0,0,0,0,0,0
2010-09-22 01:00:00,0.0001,0.0001,0,0,0,0,0,0
2010-09-22 02:00:00,0.0,0.0001,0,0,0,0,0,0
2010-09-22 03:00:00,0.0001,0.0021,0,0,0,0,0,0
2010-09-22 04:00:00,0.0001,0.0008,0,0,0,0,0,0
2010-09-22 05:00:00,0.0,0.0003,0,0,0,0,0,0
2010-09-22 06:00:00,0.0,0.0012,0,0,0,0,0,0
2010-09-22 07:00:00,0.0004,0.0034,0,0,0,0,0,0
2010-09-22 08:00:00,0.0048,0.0,0,0,0,0,0,0
2010-09-22 09:00:00,0.0196,0.0,0,0,0,0,0,0
2010-09-22 10:00:00,0.0545,0.0005,0,0,0,0,0,0
2010-09-22 11:00:00,0.0687,0.0024,0,0,0,0,0,0
2010-09-22 12:00:00,0.0769,0.0585,0,0,0,0,0,0
2010-09-22 13:00:00,0.0546,0.0653,0,0,0,0,0,0
2010-09-22 14:00:00,0.0214,0.0259,0,0,0,0,0,0
2010-09-22 15:00:00,0.0027,0.0051,0,0,0,0,0,0
2010-09-22 16:00:00,0.0,0.0026,0,0,0,0,0,0
2010-09-22 17:00:00,0.0001,0.007,0,0,0,0,0,0
2010-09-22 18:00:00,0.0016,0.03,0,0,0,0,0,0
2010-09-22 19:00:00,0.0027,0.0458,0,0,0,0,0,0
2010-09-22 20:00:00,0.0,0.0001,0,0,0,0,0,0
2010-09-22 21:00:00,0.0,0.0,0,0,0,0,0,0
2010-09-22 22:00:00,0.0,0.0,0,0,0,0,0,0
2010-09-22 23:00:00,0.0001,0.0003,0,0,0,0,0,0
2010-09-23 00:00:00,0.0087,0.0171,0,0,0,0,0,0
2010-09-23 01:00:00,0.0694,0.0784,0,0,0,0,0,0
2010-09-23 02:00:00,0.1301,0.1202,0,0,0,0,0,0
2010-09-23 03:00:00,0.1299,0.1091,0,0,0,0,0,0
2010-09-23 04:00:00,0.1461,0.2198,0,0,0,0,0,0
2010-09-23 05:00:00,0.1696,0.1962,0,0,0,0,0,0
2010-09-23 06:00:00,0.1277,0.1295,0,0,0,0,0,0
2010-09-23 07:00:00,0.1001,0.0913,0,0,0,0,0,0
2010-09-23 08:00:00,0.0567,0.1066,0,0,0,0,0,0
2010-09-23 09:00:00,0.0281,0.0497,0,0,0,0,0,0
2010-09-23 10:00:00,0.0117,0.0124,0,0,0,0,0,0
2010-09-23 11:00:00,0.0476,0.0413,0,0,0,0,0,0
2010-09-23 12:00:00,0.1548,0.0785,0,0,0,0,0,0
2010-09-23 13:00:00,0.1996,0.092,0,0,0,0,0,0
2010-09-23 14:00:00,0.2046,0.1066,0,0,0,0,0,0
2010-09-23 15:00:00,0.155,0.102,0,0,0,0,0,0
2010-09-23 16:00:00,0.1383,0.1209,0,0,0,0,0,0
2010-09-23 17:00:00,0.1906,0.1627,0,0,0,0,0,0
2010-09-23 18:00:00,0.2872,0.3215,0,0,0,0,0,0
2010-09-23 19:00:00,0.3693,0.4093,0,0,0,0,0,0
2010-09-23 20:00:00,0.3838,0.2776,0,0,0,0,0,0
2010-09-23 21:00:00,0.4133,0.262,0,0,0,0,0,0
2010-09-23 22:00:00,0.5137,0.2947,0,0,0,0,0,0
2010-09-23 23:00:00,0.788,0.6249,0,0,0,0,0,0
2010-09-24 00:00:00,0.7855,0.8609,0,0,0,0,0,0
2010-09-24 01:00:00,0.6721,0.8006,0,0,0,0,0,0
2010-09-24 02:00:00,0.5517,0.7249,0,0,0,0,0,0
2010-09-24 03:00:00,0.592,0.7424,0,0,0,0,0,0
2010-09-24 04:00:00,0.7495,0.5856,0,0,0,0,0,0
2010-09-24 05:00:00,0.7723,0.5844,0,0,0,0,0,0
2010-09-24 06:00:00,0.7021,0.5242,0,0,0,0,0,0
2010-09-24 07:00:00,0.7145,0.6115,0,0,0,0,0,0
2010-09-24 08:00:00,0.769,0.6651,0,0,0,0,0,0
2010-09-24 09:00:00,0.7875,0.6925,0,0,0,0,0,0
2010-09-24 10:00:00,0.7245,0.6682,0,0,0,0,0,0
2010-09-24 11:00:00,0.7857,0.7479,0,0,0,0,0,0
2010-09-24 12:00:00,0.8191,0.5921,0,0,0,0,0,0
2010-09-24 13:00:00,0.8302,0.6084,0,0,0,0,0,0
2010-09-24 14:00:00,0.8071,0.5552,0,0,0,0,0,0
2010-09-24 15:00:00,0.782,0.5289,0,0,0,0,0,0
2010-09-24 16:00:00,0.7175,0.5548,0,0,0,0,0,0
2010-09-24 17:00:00,0.7182,0.5269,0,0,0,0,0,0
2010-09-24 18:00:00,0.7676,0.6125,0,0,0,0,0,0
2010-09-24 19:00:00,0.7852,0.6421,0,0,0,0,0,0
2010-09-24 20:00:00,0.7833,0.7032,0,0,0,0,0,0
2010-09-24 21:00:00,0.7231,0.6302,0,0,0,0,0,0
2010-09-24 22:00:00,0.6371,0.5758,0,0,0,0,0,0
2010-09-24 23:00:00,0.6204,0.558,0,0,0,0,0,0
2010-09-25 00:00:00,0.6055,0.4826,0,0,0,0,0,0
2010-09-25 01:00:00,0.5394,0.4067,0,0,0,0,0,0
2010-09-25 02:00:00,0.5376,0.3851,0,0,0,0,0,0
2010-09-25 03:00:00,0.6248,0.5148,0,0,0,0,0,0
2010-09-25 04:00:00,0.6826,0.8683,0,0,0,0,0,0
2010-09-25 05:00:00,0.7135,0.8578,0,0,0,0,0,0
2010-09-25 06:00:00,0.7112,0.8594,0,0,0,0,0,0
2010-09-25 07:00:00,0.6864,0.832,0,0,0,0,0,0
2010-09-25 08:00:00,0.6012,0.3676,0,0,0,0,0,0
2010-09-25 09:00:00,0.5107,0.2587,0,0,0,0,0,0
2010-09-25 10:00:00,0.3661,0.1184,0,0,0,0,0,0
2010-09-25 11:00:00,0.3264,0.0765,0,0,0,0,0,0
2010-09-25 12:00:00,0.3641,0.1262,0,0,0,0,0,0
2010-09-25 13:00:00,0.3543,0.1339,0,0,0,0,0,0
2010-09-25 14:00:00,0.3554,0.1428,0,0,0,0,0,0
2010-09-25 15:00:00,0.4075,0.1793,0,0,0,0,0,0
2010-09-25 16:00:00,0.4577,0.6267,0,0,0,0,0,0
2010-09-25 17:00:00,0.4597,0.6468,0,0,0,0,0,0
2010-09-25 18:00:00,0.4187,0.6331,0,0,0,0,0,0
2010-09-25 19:00:00,0.4216,0.6419,0,0,0,0,0,0
2010-09-25 20:00:00,0.4314,0.4082,0,0,0,0,0,0
2010-09-25 21:00:00,0.4207,0.3835,0,0,0,0,0,0
2010-09-25 22:00:00,0.4388,0.3627,0,0,0,0,0,0
2010-09-25 23:00:00,0.433,0.3311,0,0,0,0,0,0
2010-09-26 00:00:00,0.3987,0.4725,0,0,0,0,0,0
2010-09-26 01:00:00,0.3075,0.4076,0,0,0,0,0,0
2010-09-26 02:00:00,0.2277,0.3383,0,0,0,0,0,0
2010-09-26 03:00:00,0.1872,0.2322,0,0,0,0,0,0
2010-09-26 04:00:00,0.1743,0.1098,0,0,0,0,0,0
2010-09-26 05:00:00,0.1606,0.119,0,0,0,0,0,0
2010-09-26 06:00:00,0.1392,0.0866,0,0,0,0,0,0
2010-09-26 07:00:00,0.1022,0.037,0,0,0,0,0,0
2010-09-26 08:00:00,0.0609,0.3424,0,0,0,0,0,0
2010-09-26 09:00:00,0.035,0.2236,0,0,0,0,0,0
2010-09-26 10:00:00,0.0062,0.1134,0,0,0,0,0,0
2010-09-26 11:00:00,0.0125,0.1509,0,0,0,0,0,0
2010-09-26 12:00:00,0.0371,0.0001,0,0,0,0,0,0
2010-09-26 13:00:00,0.0703,0.0009,0,0,0,0,0,0
2010-09-26 14:00:00,0.1108,0.0077,0,0,0,0,0,0
2010-09-26 15:00:00,0.137,0.0143,0,0,0,0,0,0
2010-09-26 16:00:00,0.1719,0.31,0,0,0,0,0,0
2010-09-26 17:00:00,0.183,0.3637,0,0,0,0,0,0
2010-09-26 18:00:00,0.1492,0.3351,0,0,0,0,0,0
2010-09-26 19:00:00,0.1318,0.2893,0,0,0,0,0,0
2010-09-26 20:00:00,0.1091,0.07,0,0,0,0,0,0
2010-09-26 21:00:00,0.0988,0.0725,0,0,0,0,0,0
2010-09-26 22:00:00,0.0617,0.0335,0,0,0,0,0,0
2010-09-26 23:00:00,0.0625,0.0329,0,0,0,0,0,0
2010-09-27 00:00:00,0.0609,0.128,0,0,0,0,0,0
2010-09-27 01:00:00,0.0576,0.077,0,0,0,0,0,0
2010-09-27 02:00:00,0.0601,0.054,0,0,0,0,0,0
2010-09-27 03:00:00,0.0521,0.0484,0,0,0,0,0,0
2010-09-27 04:00:00,0.046,0.0524,0,0,0,0,0,0
2010-09-27 05:00:00,0.0375,0.0299,0,0,0,0,0,0
2010-09-27 06:00:00,0.0335,0.0212,0,0,0,0,0,0
2010-09-27 07:00:00,0.0281,0.0254,0,0,0,0,0,0
2010-09-27 08:00:00,0.0356,0.0305,0,0,0,0,0,0
2010-09-27 09:00:00,0.0297,0.0217,0,0,0,0,0,0
2010-09-27 10:00:00,0.0212,0.0171,0,0,0,0,0,0
2010-09-27 11:00:00,0.0327,0.0292,0,0,0,0,0,0
2010-09-27 12:00:00,0.052,0.0673,0,0,0,0,0,0
2010-09-27 13:00:00,0.0644,0.0708,0,0,0,0,0,0
2010-09-27 14:00:00,0.0637,0.0481,0,0,0,0,0,0
2010-09-27 15:00:00,0.0573,0.0331,0,0,0,0,0,0
2010-09-27 16:00:00,0.0504,0.1185,0,0,0,0,0,0
2010-09-27 17:00:00,0.0432,0.0889,0,0,0,0,0,0
2010-09-27 18:00:00,0.0363,0.0728,0,0,0,0,0,0
2010-09-27 19:00:00,0.0271,0.0709,0,0,0,0,0,0
2010-09-27 20:00:00,0.0177,0.0398,0,0,0,0,0,0
2010-09-27 21:00:00,0.0076,0.0353,0,0,0,0,0,0
2010-09-27 22:00:00,0.005,0.0327,0,0,0,0,0,0
2010-09-27 23:00:00,0.0026,0.0283,0,0,0,0,0,0
2010-09-28 00:00:00,0.0013,0.0107,0,0,0,0,0,0
2010-09-28 01:00:00,0.0005,0.026,0,0,0,0,0,0
2010-09-28 02:00:00,0.0004,0.0386,0,0,0,0,0,0
2010-09-28 03:00:00,0.0004,0.0413,0,0,0,0,0,0
2010-09-28 04:00:00,0.0003,0.0001,0,0,0,0,0,0
2010-09-28 05:00:00,0.0002,0.0001,0,0,0,0,0,0
2010-09-28 06:00:00,0.0001,0.0001,0,0,0,0,0,0
2010-09-28 07:00:00,0.0001,0.0001,0,0,0,0,0,0
2010-09-28 08:00:00,0.0,0.0001,0,0,0,0,0,0
2010-09-28 09:00:00,0.0,0.0,0,0,0,0,0,0
2010-09-28 10:00:00,0.0002,0.0005,0,0,0,0,0,0
2010-09-28 11:00:00,0.0001,0.0005,0,0,0,0,0,0
2010-09-28 12:00:00,0.0003,0.0,0,0,0,0,0,0
2010-09-28 13:00:00,0.0016,0.0,0,0,0,0,0,0
2010-09-28 14:00:00,0.0021,-0.0,0,0,0,0,0,0
2010-09-28 15:00:00,0.0013,0.0,0,0,0,0,0,0
2010-09-28 16:00:00,0.0006,-0.0,0,0,0,0,0,0
2010-09-28 17:00:00,0.0004,-0.0,0,0,0,0,0,0
2010-09-28 18:00:00,0.0001,-0.0,0,0,0,0,0,0
2010-09-28 19:00:00,0.0,-0.0,0,0,0,0,0,0
2010-09-28 20:00:00,0.0,0.0187,0,0,0,0,0,0
2010-09-28 21:00:00,0.0,0.0133,0,0,0,0,0,0
2010-09-28 22:00:00,0.0001,0.0307,0,0,0,0,0,0
2010-09-28 23:00:00,0.0002,0.0413,0,0,0,0,0,0
2010-09-29 00:00:00,0.0003,-0.0,0,0,0,0,0,0
2010-09-29 01:00:00,0.0005,-0.0,0,0,0,0,0,0
2010-09-29 02:00:00,0.009,0.0,0,0,0,0,0,0
2010-09-29 03:00:00,0.0349,0.0002,0,0,0,0,0,0
2010-09-29 04:00:00,0.0721,0.1588,0,0,0,0,0,0
2010-09-29 05:00:00,0.1165,0.2416,0,0,0,0,0,0
2010-09-29 06:00:00,0.1504,0.2345,0,0,0,0,0,0
2010-09-29 07:00:00,0.1832,0.3022,0,0,0,0,0,0
2010-09-29 08:00:00,0.1797,0.0427,0,0,0,0,0,0
2010-09-29 09:00:00,0.1818,0.0525,0,0,0,0,0,0
2010-09-29 10:00:00,0.222,0.0701,0,0,0,0,0,0
2010-09-29 11:00:00,0.1732,0.0328,0,0,0,0,0,0
2010-09-29 12:00:00,0.1331,0.1,0,0,0,0,0,0
2010-09-29 13:00:00,0.142,0.1083,0,0,0,0,0,0
2010-09-29 14:00:00,0.1618,0.1217,0,0,0,0,0,0
2010-09-29 15:00:00,0.1347,0.0891,0,0,0,0,0,0
2010-09-29 16:00:00,0.1107,0.1283,0,0,0,0,0,0
2010-09-29 17:00:00,0.0602,0.0701,0,0,0,0,0,0
2010-09-29 18:00:00,0.0162,0.0483,0,0,0,0,0,0
2010-09-29 19:00:00,0.0371,0.1032,0,0,0,0,0,0
2010-09-29 20:00:00,0.0645,0.0333,0,0,0,0,0,0
2010-09-29 21:00:00,0.1295,0.0564,0,0,0,0,0,0
2010-09-29 22:00:00,0.2491,0.138,0,0,0,0,0,0
2010-09-29 23:00:00,0.3175,0.1667,0,0,0,0,0,0
2010-09-30 00:00:00,0.6889,0.5778,0,0,0,0,0,0
2010-09-30 01:00:00,0.8057,0.7046,0,0,0,0,0,0
2010-09-30 02:00:00,0.7653,0.6549,0,0,0,0,0,0
2010-09-30 03:00:00,0.7062,0.5813,0,0,0,0,0,0
2010-09-30 04:00:00,0.5857,0.2442,0,0,0,0,0,0
2010-09-30 05:00:00,0.37,0.0922,0,0,0,0,0,0
2010-09-30 06:00:00,0.1893,0.0282,0,0,0,0,0,0
2010-09-30 07:00:00,0.0909,0.0027,0,0,0,0,0,0
2010-09-30 08:00:00,0.0439,0.0081,0,0,0,0,0,0
2010-09-30 09:00:00,0.0212,0.0028,0,0,0,0,0,0
2010-09-30 10:00:00,0.0013,0.0,0,0,0,0,0,0
2010-09-30 11:00:00,0.0037,0.0,0,0,0,0,0,0
2010-09-30 12:00:00,0.0265,0.0263,0,0,0,0,0,0
2010-09-30 13:00:00,0.0654,0.0605,0,0,0,0,0,0
2010-09-30 14:00:00,0.0954,0.0825,0,0,0,0,0,0
2010-09-30 15:00:00,0.1267,0.1311,0,0,0,0,0,0
2010-09-30 16:00:00,0.1095,0.1881,0,0,0,0,0,0
2010-09-30 17:00:00,0.0803,0.1458,0,0,0,0,0,0
2010-09-30 18:00:00,0.0664,0.1071,0,0,0,0,0,0
2010-09-30 19:00:00,0.0613,0.1139,0,0,0,0,0,0
2010-09-30 20:00:00,0.07,0.1645,0,0,0,0,0,0
2010-09-30 21:00:00,0.0978,0.2377,0,0,0,0,0,0
2010-09-30 22:00:00,0.2061,0.4128,0,0,0,0,0,0
2010-09-30 23:00:00,0.2666,0.5326,0,0,0,0,0,0
2010-10-01 00:00:00,0.3607,0.1169,0,0,0,0,0,0
2010-10-01 01:00:00,0.4527,0.1797,0,0,0,0,0,0
2010-10-01 02:00:00,0.5294,0.2604,0,0,0,0,0,0
2010-10-01 03:00:00,0.5107,0.2474,0,0,0,0,0,0
2010-10-01 04:00:00,0.5179,0.4872,0,0,0,0,0,0
2010-10-01 05:00:00,0.5293,0.4763,0,0,0,0,0,0
2010-10-01 06:00:00,0.647,0.5807,0,0,0,0,0,0
2010-10-01 07:00:00,0.7233,0.6096,0,0,0,0,0,0
2010-10-01 08:00:00,0.7743,0.7542,0,0,0,0,0,0
2010-10-01 09:00:00,0.8255,0.8041,0,0,0,0,0,0
2010-10-01 10:00:00,0.8676,0.8544,0,0,0,0,0,0
2010-10-01 11:00:00,0.8858,0.8752,0,0,0,0,0,0
2010-10-01 12:00:00,0.8917,0.899,0,0,0,0,0,0
2010-10-01 13:00:00,0.891,0.8991,0,0,0,0,0,0
2010-10-01 14:00:00,0.8905,0.8994,0,0,0,0,0,0
2010-10-01 15:00:00,0.8887,0.8995,0,0,0,0,0,0
2010-10-01 16:00:00,0.881,0.8828,0,0,0,0,0,0
2010-10-01 17:00:00,0.8851,0.8854,0,0,0,0,0,0
2010-10-01 18:00:00,0.8816,0.8712,0,0,0,0,0,0
2010-10-01 19:00:00,0.87,0.8558,0,0,0,0,0,0
2010-10-01 20:00:00,0.8532,0.8928,0,0,0,0,0,0
2010-10-01 21:00:00,0.8437,0.8839,0,0,0,0,0,0
2010-10-01 22:00:00,0.8565,0.875,0,0,0,0,0,0
2010-10-01 23:00:00,0.8542,0.8301,0,0,0,0,0,0
2010-10-02 00:00:00,0.8139,0.7719,0,0,0,0,0,0
2010-10-02 01:00:00,0.7341,0.7094,0,0,0,0,0,0
2010-10-02 02:00:00,0.6665,0.6751,0,0,0,0,0,0
2010-10-02 03:00:00,0.6215,0.6203,0,0,0,0,0,0
2010-10-02 04:00:00,0.5923,0.7971,0,0,0,0,0,0
2010-10-02 05:00:00,0.5978,0.7845,0,0,0,0,0,0
2010-10-02 06:00:00,0.609,0.7628,0,0,0,0,0,0
2010-10-02 07:00:00,0.609,0.7492,0,0,0,0,0,0
2010-10-02 08:00:00,0.536,0.6815,0,0,0,0,0,0
2010-10-02 09:00:00,0.3367,0.4381,0,0,0,0,0,0
2010-10-02 10:00:00,0.1219,0.1876,0,0,0,0,0,0
2010-10-02 11:00:00,0.0985,0.1631,0,0,0,0,0,0
2010-10-02 12:00:00,0.1655,0.0878,0,0,0,0,0,0
2010-10-02 13:00:00,0.3466,0.2159,0,0,0,0,0,0
2010-10-02 14:00:00,0.539,0.3484,0,0,0,0,0,0
2010-10-02 15:00:00,0.437,0.1965,0,0,0,0,0,0
2010-10-02 16:00:00,0.2356,0.2391,0,0,0,0,0,0
2010-10-02 17:00:00,0.1206,0.1453,0,0,0,0,0,0
2010-10-02 18:00:00,0.0613,0.0654,0,0,0,0,0,0
2010-10-02 19:00:00,0.0173,0.0176,0,0,0,0,0,0
2010-10-02 20:00:00,0.0005,-0.0,0,0,0,0,0,0
2010-10-02 21:00:00,0.0,-0.0,0,0,0,0,0,0
2010-10-02 22:00:00,0.0638,0.0004,0,0,0,0,0,0
2010-10-02 23:00:00,0.4682,0.1438,0,0,0,0,0,0
2010-10-03 00:00:00,0.4994,0.5505,0,0,0,0,0,0
2010-10-03 01:00:00,0.4966,0.5298,0,0,0,0,0,0
2010-10-03 02:00:00,0.6425,0.6333,0,0,0,0,0,0
2010-10-03 03:00:00,0.8194,0.8069,0,0,0,0,0,0
2010-10-03 04:00:00,0.8893,0.8978,0,0,0,0,0,0
2010-10-03 05:00:00,0.8976,0.8995,0,0,0,0,0,0
2010-10-03 06:00:00,0.8993,0.8998,0,0,0,0,0,0
2010-10-03 07:00:00,0.8993,0.8998,0,0,0,0,0,0
2010-10-03 08:00:00,0.8993,0.8998,0,0,0,0,0,0
2010-10-03 09:00:00,0.8968,0.8995,0,0,0,0,0,0
2010-10-03 10:00:00,0.8293,0.8891,0,0,0,0,0,0
2010-10-03 11:00:00,0.8448,0.8841,0,0,0,0,0,0
2010-10-03 12:00:00,0.8145,0.8892,0,0,0,0,0,0
2010-10-03 13:00:00,0.8255,0.8941,0,0,0,0,0,0
2010-10-03 14:00:00,0.8553,0.8975,0,0,0,0,0,0
2010-10-03 15:00:00,0.8908,0.8993,0,0,0,0,0,0
2010-10-03 16:00:00,0.8989,0.8989,0,0,0,0,0,0
2010-10-03 17:00:00,0.8998,0.8997,0,0,0,0,0,0
2010-10-03 18:00:00,0.8994,0.8992,0,0,0,0,0,0
2010-10-03 19:00:00,0.8984,0.8983,0,0,0,0,0,0
2010-10-03 20:00:00,0.8995,0.8952,0,0,0,0,0,0
2010-10-03 21:00:00,0.9,0.8999,0,0,0,0,0,0
2010-10-03 22:00:00,0.8999,0.8995,0,0,0,0,0,0
2010-10-03 23:00:00,0.8997,0.8964,0,0,0,0,0,0
2010-10-04 00:00:00,0.8995,0.8996,0,0,0,0,0,0
2010-10-04 01:00:00,0.8971,0.899,0,0,0,0,0,0
2010-10-04 02:00:00,0.8731,0.8973,0,0,0,0,0,0
2010-10-04 03:00:00,0.6961,0.8704,0,0,0,0,0,0
2010-10-04 04:00:00,0.2593,0.2286,0,0,0,0,0,0
2010-10-04 05:00:00,0.0786,0.0567,0,0,0,0,0,0
2010-10-04 06:00:00,0.0322,0.0267,0,0,0,0,0,0
2010-10-04 07:00:00,0.0089,0.0176,0,0,0,0,0,0
2010-10-04 08:00:00,0.0003,0.0,0,0,0,0,0,0
2010-10-04 09:00:00,0.0008,0.0,0,0,0,0,0,0
2010-10-04 10:00:00,0.0555,0.0214,0,0,0,0,0,0
2010-10-04 11:00:00,0.442,0.3033,0,0,0,0,0,0
2010-10-04 12:00:00,0.8913,0.8986,0,0,0,0,0,0
2010-10-04 13:00:00,0.8998,0.9,0,0,0,0,0,0
2010-10-04 14:00:00,0.9,0.9,0,0,0,0,0,0
2010-10-04 15:00:00,0.9,0.9,0,0,0,0,0,0
2010-10-04 16:00:00,0.9,0.8999,0,0,0,0,0,0
2010-10-04 17:00:00,0.8999,0.8997,0,0,0,0,0,0
2010-10-04 18:00:00,0.8997,0.8979,0,0,0,0,0,0
2010-10-04 19:00:00,0.8985,0.8782,0,0,0,0,0,0
2010-10-04 20:00:00,0.8938,0.8861,0,0,0,0,0,0
2010-10-04 21:00:00,0.8554,0.7587,0,0,0,0,0,0
2010-10-04 22:00:00,0.6292,0.4425,0,0,0,0,0,0
2010-10-04 23:00:00,0.6177,0.526,0,0,0,0,0,0
2010-10-05 00:00:00,0.46,0.7513,0,0,0,0,0,0
2010-10-05 01:00:00,0.5914,0.8243,0,0,0,0,0,0
2010-10-05 02:00:00,0.8127,0.8885,0,0,0,0,0,0
2010-10-05 03:00:00,0.8781,0.8974,0,0,0,0,0,0
2010-10-05 04:00:00,0.8788,0.8478,0,0,0,0,0,0
2010-10-05 05:00:00,0.868,0.8236,0,0,0,0,0,0
2010-10-05 06:00:00,0.8679,0.8116,0,0,0,0,0,0
2010-10-05 07:00:00,0.8821,0.8432,0,0,0,0,0,0
2010-10-05 08:00:00,0.8898,0.8432,0,0,0,0,0,0
2010-10-05 09:00:00,0.8874,0.8509,0,0,0,0,0,0
2010-10-05 10:00:00,0.8522,0.7866,0,0,0,0,0,0
2010-10-05 11:00:00,0.8641,0.8072,0,0,0,0,0,0
2010-10-05 12:00:00,0.8735,0.7597,0,0,0,0,0,0
2010-10-05 13:00:00,0.8708,0.7187,0,0,0,0,0,0
2010-10-05 14:00:00,0.8561,0.6192,0,0,0,0,0,0
2010-10-05 15:00:00,0.8496,0.5854,0,0,0,0,0,0
2010-10-05 16:00:00,0.7724,0.8524,0,0,0,0,0,0
2010-10-05 17:00:00,0.5982,0.7406,0,0,0,0,0,0
2010-10-05 18:00:00,0.4855,0.6337,0,0,0,0,0,0
2010-10-05 19:00:00,0.4165,0.5314,0,0,0,0,0,0
2010-10-05 20:00:00,0.4455,0.2833,0,0,0,0,0,0
2010-10-05 21:00:00,0.5645,0.383,0,0,0,0,0,0
2010-10-05 22:00:00,0.8074,0.6641,0,0,0,0,0,0
2010-10-05 23:00:00,0.7794,0.6343,0,0,0,0,0,0
2010-10-06 00:00:00,0.7851,0.7534,0,0,0,0,0,0
2010-10-06 01:00:00,0.8135,0.7659,0,0,0,0,0,0
2010-10-06 02:00:00,0.7968,0.7464,0,0,0,0,0,0
2010-10-06 03:00:00,0.6419,0.6089,0,0,0,0,0,0
2010-10-06 04:00:00,0.3745,0.465,0,0,0,0,0,0
2010-10-06 05:00:00,0.4276,0.5027,0,0,0,0,0,0
2010-10-06 06:00:00,0.4026,0.4283,0,0,0,0,0,0
2010-10-06 07:00:00,0.3302,0.295,0,0,0,0,0,0
2010-10-06 08:00:00,0.2636,0.1259,0,0,0,0,0,0
2010-10-06 09:00:00,0.1531,0.0629,0,0,0,0,0,0
2010-10-06 10:00:00,0.0213,0.0016,0,0,0,0,0,0
2010-10-06 11:00:00,0.0156,0.0001,0,0,0,0,0,0
2010-10-06 12:00:00,0.0181,0.0949,0,0,0,0,0,0
2010-10-06 13:00:00,0.0148,0.0828,0,0,0,0,0,0
2010-10-06 14:00:00,0.0051,0.0462,0,0,0,0,0,0
2010-10-06 15:00:00,0.0029,0.0309,0,0,0,0,0,0
2010-10-06 16:00:00,0.0072,0.0002,0,0,0,0,0,0
2010-10-06 17:00:00,0.0217,0.0007,0,0,0,0,0,0
2010-10-06 18:00:00,0.0379,0.007,0,0,0,0,0,0
2010-10-06 19:00:00,0.0656,0.0252,0,0,0,0,0,0
2010-10-06 20:00:00,0.0989,0.0357,0,0,0,0,0,0
2010-10-06 21:00:00,0.1365,0.0549,0,0,0,0,0,0
2010-10-06 22:00:00,0.1874,0.0855,0,0,0,0,0,0
2010-10-06 23:00:00,0.2378,0.1205,0,0,0,0,0,0
2010-10-07 00:00:00,0.257,0.2497,0,0,0,0,0,0
2010-10-07 01:00:00,0.2794,0.2719,0,0,0,0,0,0
2010-10-07 02:00:00,0.3344,0.3942,0,0,0,0,0,0
2010-10-07 03:00:00,0.3867,0.4562,0,0,0,0,0,0
2010-10-07 04:00:00,0.4411,0.3444,0,0,0,0,0,0
2010-10-07 05:00:00,0.4453,0.3936,0,0,0,0,0,0
2010-10-07 06:00:00,0.5016,0.414,0,0,0,0,0,0
2010-10-07 07:00:00,0.6122,0.4913,0,0,0,0,0,0
2010-10-07 08:00:00,0.7103,0.4502,0,0,0,0,0,0
2010-10-07 09:00:00,0.6807,0.3662,0,0,0,0,0,0
2010-10-07 10:00:00,0.6789,0.3903,0,0,0,0,0,0
2010-10-07 11:00:00,0.5657,0.2644,0,0,0,0,0,0
2010-10-07 12:00:00,0.5016,0.7344,0,0,0,0,0,0
2010-10-07 13:00:00,0.4526,0.6621,0,0,0,0,0,0
2010-10-07 14:00:00,0.4332,0.6253,0,0,0,0,0,0
2010-10-07 15:00:00,0.3756,0.5182,0,0,0,0,0,0
2010-10-07 16:00:00,0.2872,0.2121,0,0,0,0,0,0
2010-10-07 17:00:00,0.2521,0.1779,0,0,0,0,0,0
2010-10-07 18:00:00,0.2294,0.16,0,0,0,0,0,0
2010-10-07 19:00:00,0.1864,0.0985,0,0,0,0,0,0
2010-10-07 20:00:00,0.2059,0.2709,0,0,0,0,0,0
2010-10-07 21:00:00,0.2983,0.2983,0,0,0,0,0,0
2010-10-07 22:00:00,0.6515,0.6369,0,0,0,0,0,0
2010-10-07 23:00:00,0.8447,0.8609,0,0,0,0,0,0
2010-10-08 00:00:00,0.8451,0.823,0,0,0,0,0,0
2010-10-08 01:00:00,0.8221,0.7716,0,0,0,0,0,0
2010-10-08 02:00:00,0.8265,0.7915,0,0,0,0,0,0
2010-10-08 03:00:00,0.8265,0.76,0,0,0,0,0,0
2010-10-08 04:00:00,0.8414,0.8976,0,0,0,0,0,0
2010-10-08 05:00:00,0.8639,0.8987,0,0,0,0,0,0
2010-10-08 06:00:00,0.8546,0.8983,0,0,0,0,0,0
2010-10-08 07:00:00,0.8448,0.8983,0,0,0,0,0,0
2010-10-08 08:00:00,0.8536,0.8539,0,0,0,0,0,0
2010-10-08 09:00:00,0.8668,0.8665,0,0,0,0,0,0
2010-10-08 10:00:00,0.8272,0.8399,0,0,0,0,0,0
2010-10-08 11:00:00,0.7965,0.8362,0,0,0,0,0,0
2010-10-08 12:00:00,0.7886,0.7258,0,0,0,0,0,0
2010-10-08 13:00:00,0.7177,0.5869,0,0,0,0,0,0
2010-10-08 14:00:00,0.6689,0.5478,0,0,0,0,0,0
2010-10-08 15:00:00,0.6766,0.5537,0,0,0,0,0,0
2010-10-08 16:00:00,0.7253,0.6703,0,0,0,0,0,0
2010-10-08 17:00:00,0.7608,0.7385,0,0,0,0,0,0
2010-10-08 18:00:00,0.81,0.7668,0,0,0,0,0,0
2010-10-08 19:00:00,0.8663,0.83,0,0,0,0,0,0
2010-10-08 20:00:00,0.8889,0.8975,0,0,0,0,0,0
2010-10-08 21:00:00,0.8953,0.8992,0,0,0,0,0,0
2010-10-08 22:00:00,0.8978,0.8997,0,0,0,0,0,0
2010-10-08 23:00:00,0.8969,0.8995,0,0,0,0,0,0
2010-10-09 00:00:00,0.8953,0.8993,0,0,0,0,0,0
2010-10-09 01:00:00,0.8941,0.8989,0,0,0,0,0,0
2010-10-09 02:00:00,0.8944,0.8988,0,0,0,0,0,0
2010-10-09 03:00:00,0.8946,0.8989,0,0,0,0,0,0
2010-10-09 04:00:00,0.8936,0.8862,0,0,0,0,0,0
2010-10-09 05:00:00,0.893,0.8613,0,0,0,0,0,0
2010-10-09 06:00:00,0.8944,0.8639,0,0,0,0,0,0
2010-10-09 07:00:00,0.8943,0.8548,0,0,0,0,0,0
2010-10-09 08:00:00,0.8927,0.8851,0,0,0,0,0,0
2010-10-09 09:00:00,0.8885,0.877,0,0,0,0,0,0
2010-10-09 10:00:00,0.8839,0.8605,0,0,0,0,0,0
2010-10-09 11:00:00,0.8421,0.7731,0,0,0,0,0,0
2010-10-09 12:00:00,0.7468,0.8681,0,0,0,0,0,0
2010-10-09 13:00:00,0.5479,0.743,0,0,0,0,0,0
2010-10-09 14:00:00,0.3781,0.5105,0,0,0,0,0,0
2010-10-09 15:00:00,0.2468,0.3042,0,0,0,0,0,0
2010-10-09 16:00:00,0.1031,0.1555,0,0,0,0,0,0
2010-10-09 17:00:00,0.0111,0.0244,0,0,0,0,0,0
2010-10-09 18:00:00,0.0,0.0,0,0,0,0,0,0
2010-10-09 19:00:00,0.0,0.0001,0,0,0,0,0,0
2010-10-09 20:00:00,0.0019,0.0,0,0,0,0,0,0
2010-10-09 21:00:00,0.0151,0.0005,0,0,0,0,0,0
2010-10-09 22:00:00,0.118,0.067,0,0,0,0,0,0
2010-10-09 23:00:00,0.0714,0.0398,0,0,0,0,0,0
2010-10-10 00:00:00,0.0658,0.1515,0,0,0,0,0,0
2010-10-10 01:00:00,0.1007,0.2652,0,0,0,0,0,0
2010-10-10 02:00:00,0.174,0.4077,0,0,0,0,0,0
2010-10-10 03:00:00,0.2626,0.5491,0,0,0,0,0,0
2010-10-10 04:00:00,0.3786,0.6306,0,0,0,0,0,0
2010-10-10 05:00:00,0.4132,0.6851,0,0,0,0,0,0
2010-10-10 06:00:00,0.3428,0.5717,0,0,0,0,0,0
2010-10-10 07:00:00,0.1969,0.3401,0,0,0,0,0,0
2010-10-10 08:00:00,0.1797,0.067,0,0,0,0,0,0
2010-10-10 09:00:00,0.1137,0.0353,0,0,0,0,0,0
2010-10-10 10:00:00,0.0765,0.0185,0,0,0,0,0,0
2010-10-10 11:00:00,0.0659,0.0223,0,0,0,0,0,0
2010-10-10 12:00:00,0.0492,0.009,0,0,0,0,0,0
2010-10-10 13:00:00,0.0569,0.0178,0,0,0,0,0,0
2010-10-10 14:00:00,0.1595,0.0693,0,0,0,0,0,0
2010-10-10 15:00:00,0.2873,0.1303,0,0,0,0,0,0
2010-10-10 16:00:00,0.2948,0.2149,0,0,0,0,0,0
2010-10-10 17:00:00,0.3066,0.2162,0,0,0,0,0,0
2010-10-10 18:00:00,0.596,0.4877,0,0,0,0,0,0
2010-10-10 19:00:00,0.7721,0.5893,0,0,0,0,0,0
2010-10-10 20:00:00,0.7987,0.6683,0,0,0,0,0,0
2010-10-10 21:00:00,0.769,0.6227,0,0,0,0,0,0
2010-10-10 22:00:00,0.7903,0.673,0,0,0,0,0,0
2010-10-10 23:00:00,0.7994,0.6577,0,0,0,0,0,0
2010-10-11 00:00:00,0.8215,0.8711,0,0,0,0,0,0
2010-10-11 01:00:00,0.8349,0.8718,0,0,0,0,0,0
2010-10-11 02:00:00,0.8459,0.8766,0,0,0,0,0,0
2010-10-11 03:00:00,0.8417,0.8678,0,0,0,0,0,0
2010-10-11 04:00:00,0.8337,0.7836,0,0,0,0,0,0
2010-10-11 05:00:00,0.8399,0.7857,0,0,0,0,0,0
2010-10-11 06:00:00,0.8495,0.7782,0,0,0,0,0,0
2010-10-11 07:00:00,0.8635,0.7919,0,0,0,0,0,0
2010-10-11 08:00:00,0.8666,0.8954,0,0,0,0,0,0
2010-10-11 09:00:00,0.8432,0.8903,0,0,0,0,0,0
2010-10-11 10:00:00,0.6902,0.8272,0,0,0,0,0,0
2010-10-11 11:00:00,0.6173,0.8211,0,0,0,0,0,0
2010-10-11 12:00:00,0.5671,0.5084,0,0,0,0,0,0
2010-10-11 13:00:00,0.5525,0.5077,0,0,0,0,0,0
2010-10-11 14:00:00,0.5388,0.5419,0,0,0,0,0,0
2010-10-11 15:00:00,0.4959,0.5304,0,0,0,0,0,0
2010-10-11 16:00:00,0.4815,0.2944,0,0,0,0,0,0
2010-10-11 17:00:00,0.5513,0.326,0,0,0,0,0,0
2010-10-11 18:00:00,0.6814,0.4727,0,0,0,0,0,0
2010-10-11 19:00:00,0.7487,0.5495,0,0,0,0,0,0
2010-10-11 20:00:00,0.7186,0.8211,0,0,0,0,0,0
2010-10-11 21:00:00,0.6268,0.7858,0,0,0,0,0,0
2010-10-11 22:00:00,0.5569,0.7247,0,0,0,0,0,0
2010-10-11 23:00:00,0.4711,0.7011,0,0,0,0,0,0
2010-10-12 00:00:00,0.3942,0.3102,0,0,0,0,0,0
2010-10-12 01:00:00,0.3454,0.2247,0,0,0,0,0,0
2010-10-12 02:00:00,0.3349,0.2125,0,0,0,0,0,0
2010-10-12 03:00:00,0.3573,0.2274,0,0,0,0,0,0
2010-10-12 04:00:00,0.3882,0.0824,0,0,0,0,0,0
2010-10-12 05:00:00,0.4026,0.0828,0,0,0,0,0,0
2010-10-12 06:00:00,0.3742,0.0598,0,0,0,0,0,0
2010-10-12 07:00:00,0.3949,0.0881,0,0,0,0,0,0
2010-10-12 08:00:00,0.4532,0.5525,0,0,0,0,0,0
2010-10-12 09:00:00,0.4375,0.5397,0,0,0,0,0,0
2010-10-12 10:00:00,0.3103,0.3728,0,0,0,0,0,0
2010-10-12 11:00:00,0.262,0.39,0,0,0,0,0,0
2010-10-12 12:00:00,0.2723,0.2023,0,0,0,0,0,0
2010-10-12 13:00:00,0.2806,0.2092,0,0,0,0,0,0
2010-10-12 14:00:00,0.3433,0.2516,0,0,0,0,0,0
2010-10-12 15:00:00,0.5312,0.3952,0,0,0,0,0,0
2010-10-12 16:00:00,0.6643,0.5891,0,0,0,0,0,0
2010-10-12 17:00:00,0.7371,0.5867,0,0,0,0,0,0
2010-10-12 18:00:00,0.7716,0.5373,0,0,0,0,0,0
2010-10-12 19:00:00,0.7334,0.4778,0,0,0,0,0,0
2010-10-12 20:00:00,0.6827,0.7126,0,0,0,0,0,0
2010-10-12 21:00:00,0.7044,0.7873,0,0,0,0,0,0
2010-10-12 22:00:00,0.7789,0.8424,0,0,0,0,0,0
2010-10-12 23:00:00,0.7723,0.8044,0,0,0,0,0,0
2010-10-13 00:00:00,0.7438,0.7018,0,0,0,0,0,0
2010-10-13 01:00:00,0.7258,0.6782,0,0,0,0,0,0
2010-10-13 02:00:00,0.7366,0.6613,0,0,0,0,0,0
2010-10-13 03:00:00,0.7516,0.6588,0,0,0,0,0,0
2010-10-13 04:00:00,0.7587,0.4857,0,0,0,0,0,0
2010-10-13 05:00:00,0.7559,0.4522,0,0,0,0,0,0
2010-10-13 06:00:00,0.7372,0.4132,0,0,0,0,0,0
2010-10-13 07:00:00,0.7302,0.4042,0,0,0,0,0,0
2010-10-13 08:00:00,0.7202,0.8818,0,0,0,0,0,0
2010-10-13 09:00:00,0.6893,0.8574,0,0,0,0,0,0
2010-10-13 10:00:00,0.5984,0.8299,0,0,0,0,0,0
2010-10-13 11:00:00,0.5811,0.8254,0,0,0,0,0,0
2010-10-13 12:00:00,0.5367,0.3091,0,0,0,0,0,0
2010-10-13 13:00:00,0.5293,0.3459,0,0,0,0,0,0
2010-10-13 14:00:00,0.5725,0.4531,0,0,0,0,0,0
2010-10-13 15:00:00,0.608,0.5298,0,0,0,0,0,0
2010-10-13 16:00:00,0.6531,0.6008,0,0,0,0,0,0
2010-10-13 17:00:00,0.695,0.7021,0,0,0,0,0,0
2010-10-13 18:00:00,0.7129,0.6681,0,0,0,0,0,0
2010-10-13 19:00:00,0.7048,0.6275,0,0,0,0,0,0
2010-10-13 20:00:00,0.6744,0.5655,0,0,0,0,0,0
2010-10-13 21:00:00,0.6579,0.5098,0,0,0,0,0,0
2010-10-13 22:00:00,0.619,0.4495,0,0,0,0,0,0
2010-10-13 23:00:00,0.5324,0.3662,0,0,0,0,0,0
2010-10-14 00:00:00,0.4498,0.7798,0,0,0,0,0,0
2010-10-14 01:00:00,0.3898,0.7049,0,0,0,0,0,0
2010-10-14 02:00:00,0.3505,0.6738,0,0,0,0,0,0
2010-10-14 03:00:00,0.3499,0.6773,0,0,0,0,0,0
2010-10-14 04:00:00,0.3484,0.4161,0,0,0,0,0,0
2010-10-14 05:00:00,0.3629,0.4339,0,0,0,0,0,0
2010-10-14 06:00:00,0.3949,0.4414,0,0,0,0,0,0
2010-10-14 07:00:00,0.4281,0.3915,0,0,0,0,0,0
2010-10-14 08:00:00,0.4632,0.3875,0,0,0,0,0,0
2010-10-14 09:00:00,0.486,0.3455,0,0,0,0,0,0
2010-10-14 10:00:00,0.3792,0.2384,0,0,0,0,0,0
2010-10-14 11:00:00,0.2563,0.177,0,0,0,0,0,0
2010-10-14 12:00:00,0.222,0.2292,0,0,0,0,0,0
2010-10-14 13:00:00,0.2369,0.228,0,0,0,0,0,0
2010-10-14 14:00:00,0.2454,0.2364,0,0,0,0,0,0
2010-10-14 15:00:00,0.2619,0.2609,0,0,0,0,0,0
2010-10-14 16:00:00,0.2964,0.2068,0,0,0,0,0,0
2010-10-14 17:00:00,0.3452,0.2662,0,0,0,0,0,0
2010-10-14 18:00:00,0.3842,0.3042,0,0,0,0,0,0
2010-10-14 19:00:00,0.3697,0.2912,0,0,0,0,0,0
2010-10-14 20:00:00,0.3103,0.2561,0,0,0,0,0,0
2010-10-14 21:00:00,0.2574,0.1867,0,0,0,0,0,0
2010-10-14 22:00:00,0.1936,0.1216,0,0,0,0,0,0
2010-10-14 23:00:00,0.1745,0.0837,0,0,0,0,0,0
2010-10-15 00:00:00,0.1771,0.3106,0,0,0,0,0,0
2010-10-15 01:00:00,0.1852,0.2911,0,0,0,0,0,0
2010-10-15 02:00:00,0.1995,0.2797,0,0,0,0,0,0
2010-10-15 03:00:00,0.2086,0.3551,0,0,0,0,0,0
2010-10-15 04:00:00,0.2282,0.2536,0,0,0,0,0,0
2010-10-15 05:00:00,0.2605,0.3853,0,0,0,0,0,0
2010-10-15 06:00:00,0.2901,0.4371,0,0,0,0,0,0
2010-10-15 07:00:00,0.3421,0.4623,0,0,0,0,0,0
2010-10-15 08:00:00,0.4024,0.5055,0,0,0,0,0,0
2010-10-15 09:00:00,0.3892,0.5822,0,0,0,0,0,0
2010-10-15 10:00:00,0.372,0.5518,0,0,0,0,0,0
2010-10-15 11:00:00,0.3002,0.4826,0,0,0,0,0,0
2010-10-15 12:00:00,0.2859,0.548,0,0,0,0,0,0
2010-10-15 13:00:00,0.3088,0.5474,0,0,0,0,0,0
2010-10-15 14:00:00,0.3255,0.5465,0,0,0,0,0,0
2010-10-15 15:00:00,0.2953,0.4812,0,0,0,0,0,0
2010-10-15 16:00:00,0.3015,0.5289,0,0,0,0,0,0
2010-10-15 17:00:00,0.3599,0.5775,0,0,0,0,0,0
2010-10-15 18:00:00,0.3526,0.5654,0,0,0,0,0,0
2010-10-15 19:00:00,0.312,0.5248,0,0,0,0,0,0
2010-10-15 20:00:00,0.216,0.1287,0,0,0,0,0,0
2010-10-15 21:00:00,0.1872,0.1216,0,0,0,0,0,0
2010-10-15 22:00:00,0.1955,0.1385,0,0,0,0,0,0
2010-10-15 23:00:00,0.1551,0.0978,0,0,0,0,0,0
2010-10-16 00:00:00,0.1712,0.6975,0,0,0,0,0,0
2010-10-16 01:00:00,0.2289,0.8018,0,0,0,0,0,0
2010-10-16 02:00:00,0.2167,0.8169,0,0,0,0,0,0
2010-10-16 03:00:00,0.3087,0.8482,0,0,0,0,0,0
2010-10-16 04:00:00,0.3615,0.5589,0,0,0,0,0,0
2010-10-16 05:00:00,0.3347,0.5427,0,0,0,0,0,0
2010-10-16 06:00:00,0.3678,0.5967,0,0,0,0,0,0
2010-10-16 07:00:00,0.3692,0.6416,0,0,0,0,0,0
2010-10-16 08:00:00,0.3934,0.6319,0,0,0,0,0,0
2010-10-16 09:00:00,0.3755,0.6182,0,0,0,0,0,0
2010-10-16 10:00:00,0.2084,0.4234,0,0,0,0,0,0
2010-10-16 11:00:00,0.1931,0.4075,0,0,0,0,0,0
2010-10-16 12:00:00,0.2051,0.2989,0,0,0,0,0,0
2010-10-16 13:00:00,0.2692,0.4539,0,0,0,0,0,0
2010-10-16 14:00:00,0.3366,0.5815,0,0,0,0,0,0
2010-10-16 15:00:00,0.443,0.6994,0,0,0,0,0,0
2010-10-16 16:00:00,0.5243,0.6876,0,0,0,0,0,0
2010-10-16 17:00:00,0.4876,0.6321,0,0,0,0,0,0
2010-10-16 18:00:00,0.4243,0.6021,0,0,0,0,0,0
2010-10-16 19:00:00,0.4567,0.65,0,0,0,0,0,0
2010-10-16 20:00:00,0.519,0.5444,0,0,0,0,0,0
2010-10-16 21:00:00,0.5706,0.6336,0,0,0,0,0,0
2010-10-16 22:00:00,0.6404,0.6602,0,0,0,0,0,0
2010-10-16 23:00:00,0.646,0.6819,0,0,0,0,0,0
2010-10-17 00:00:00,0.6905,0.736,0,0,0,0,0,0
2010-10-17 01:00:00,0.7175,0.7435,0,0,0,0,0,0
2010-10-17 02:00:00,0.6953,0.7443,0,0,0,0,0,0
2010-10-17 03:00:00,0.6251,0.6906,0,0,0,0,0,0
2010-10-17 04:00:00,0.5619,0.6134,0,0,0,0,0,0
2010-10-17 05:00:00,0.592,0.5914,0,0,0,0,0,0
2010-10-17 06:00:00,0.6449,0.6219,0,0,0,0,0,0
2010-10-17 07:00:00,0.6598,0.6045,0,0,0,0,0,0
2010-10-17 08:00:00,0.6552,0.6917,0,0,0,0,0,0
2010-10-17 09:00:00,0.6196,0.6985,0,0,0,0,0,0
2010-10-17 10:00:00,0.389,0.4729,0,0,0,0,0,0
2010-10-17 11:00:00,0.3123,0.3549,0,0,0,0,0,0
2010-10-17 12:00:00,0.2804,0.1359,0,0,0,0,0,0
2010-10-17 13:00:00,0.3058,0.1265,0,0,0,0,0,0
2010-10-17 14:00:00,0.3904,0.1828,0,0,0,0,0,0
2010-10-17 15:00:00,0.4769,0.2181,0,0,0,0,0,0
2010-10-17 16:00:00,0.5418,0.4656,0,0,0,0,0,0
2010-10-17 17:00:00,0.604,0.5856,0,0,0,0,0,0
2010-10-17 18:00:00,0.6635,0.7071,0,0,0,0,0,0
2010-10-17 19:00:00,0.6439,0.7047,0,0,0,0,0,0
2010-10-17 20:00:00,0.5811,0.5038,0,0,0,0,0,0
2010-10-17 21:00:00,0.4609,0.3815,0,0,0,0,0,0
2010-10-17 22:00:00,0.2087,0.1371,0,0,0,0,0,0
2010-10-17 23:00:00,0.1394,0.0754,0,0,0,0,0,0
2010-10-18 00:00:00,0.1085,0.036,0,0,0,0,0,0
2010-10-18 01:00:00,0.0842,0.0151,0,0,0,0,0,0
2010-10-18 02:00:00,0.0739,0.0065,0,0,0,0,0,0
2010-10-18 03:00:00,0.0837,0.0065,0,0,0,0,0,0
2010-10-18 04:00:00,0.1053,0.1281,0,0,0,0,0,0
2010-10-18 05:00:00,0.1336,0.1012,0,0,0,0,0,0
2010-10-18 06:00:00,0.1359,0.0618,0,0,0,0,0,0
2010-10-18 07:00:00,0.1197,0.0484,0,0,0,0,0,0
2010-10-18 08:00:00,0.1057,0.1234,0,0,0,0,0,0
2010-10-18 09:00:00,0.0836,0.1317,0,0,0,0,0,0
2010-10-18 10:00:00,0.0141,0.0317,0,0,0,0,0,0
2010-10-18 11:00:00,0.004,0.0103,0,0,0,0,0,0
2010-10-18 12:00:00,0.0036,0.0039,0,0,0,0,0,0
2010-10-18 13:00:00,0.0284,0.0233,0,0,0,0,0,0
2010-10-18 14:00:00,0.0558,0.0585,0,0,0,0,0,0
2010-10-18 15:00:00,0.0919,0.111,0,0,0,0,0,0
2010-10-18 16:00:00,0.149,0.262,0,0,0,0,0,0
2010-10-18 17:00:00,0.184,0.3364,0,0,0,0,0,0
2010-10-18 18:00:00,0.183,0.2939,0,0,0,0,0,0
2010-10-18 19:00:00,0.1723,0.2716,0,0,0,0,0,0
2010-10-18 20:00:00,0.1529,0.2671,0,0,0,0,0,0
2010-10-18 21:00:00,0.0985,0.2359,0,0,0,0,0,0
2010-10-18 22:00:00,0.0968,0.2772,0,0,0,0,0,0
2010-10-18 23:00:00,0.1409,0.3571,0,0,0,0,0,0
2010-10-19 00:00:00,0.1723,0.2878,0,0,0,0,0,0
2010-10-19 01:00:00,0.2053,0.325,0,0,0,0,0,0
2010-10-19 02:00:00,0.2486,0.3893,0,0,0,0,0,0
2010-10-19 03:00:00,0.3679,0.5694,0,0,0,0,0,0
2010-10-19 04:00:00,0.5015,0.6462,0,0,0,0,0,0
2010-10-19 05:00:00,0.6011,0.7565,0,0,0,0,0,0
2010-10-19 06:00:00,0.6541,0.7665,0,0,0,0,0,0
2010-10-19 07:00:00,0.6675,0.7458,0,0,0,0,0,0
2010-10-19 08:00:00,0.6663,0.8537,0,0,0,0,0,0
2010-10-19 09:00:00,0.6246,0.8127,0,0,0,0,0,0
2010-10-19 10:00:00,0.6354,0.8121,0,0,0,0,0,0
2010-10-19 11:00:00,0.6647,0.7728,0,0,0,0,0,0
2010-10-19 12:00:00,0.6765,0.7194,0,0,0,0,0,0
2010-10-19 13:00:00,0.7078,0.7557,0,0,0,0,0,0
2010-10-19 14:00:00,0.7367,0.7689,0,0,0,0,0,0
2010-10-19 15:00:00,0.7501,0.7717,0,0,0,0,0,0
2010-10-19 16:00:00,0.7296,0.6706,0,0,0,0,0,0
2010-10-19 17:00:00,0.7868,0.7015,0,0,0,0,0,0
2010-10-19 18:00:00,0.8174,0.7319,0,0,0,0,0,0
2010-10-19 19:00:00,0.8214,0.7564,0,0,0,0,0,0
2010-10-19 20:00:00,0.8262,0.8421,0,0,0,0,0,0
2010-10-19 21:00:00,0.8202,0.7923,0,0,0,0,0,0
2010-10-19 22:00:00,0.7052,0.5339,0,0,0,0,0,0
2010-10-19 23:00:00,0.6008,0.3801,0,0,0,0,0,0
2010-10-20 00:00:00,0.5469,0.6745,0,0,0,0,0,0
2010-10-20 01:00:00,0.4846,0.595,0,0,0,0,0,0
2010-10-20 02:00:00,0.4474,0.5653,0,0,0,0,0,0
2010-10-20 03:00:00,0.4422,0.497,0,0,0,0,0,0
2010-10-20 04:00:00,0.438,0.1747,0,0,0,0,0,0
2010-10-20 05:00:00,0.4254,0.1906,0,0,0,0,0,0
2010-10-20 06:00:00,0.4068,0.1412,0,0,0,0,0,0
2010-10-20 07:00:00,0.3676,0.1659,0,0,0,0,0,0
2010-10-20 08:00:00,0.3302,0.559,0,0,0,0,0,0
2010-10-20 09:00:00,0.2929,0.4842,0,0,0,0,0,0
2010-10-20 10:00:00,0.1829,0.2775,0,0,0,0,0,0
2010-10-20 11:00:00,0.109,0.1652,0,0,0,0,0,0
2010-10-20 12:00:00,0.0838,0.1371,0,0,0,0,0,0
2010-10-20 13:00:00,0.0793,0.1235,0,0,0,0,0,0
2010-10-20 14:00:00,0.0762,0.1298,0,0,0,0,0,0
2010-10-20 15:00:00,0.0781,0.1423,0,0,0,0,0,0
2010-10-20 16:00:00,0.0931,0.1732,0,0,0,0,0,0
2010-10-20 17:00:00,0.1308,0.2299,0,0,0,0,0,0
2010-10-20 18:00:00,0.1521,0.2327,0,0,0,0,0,0
2010-10-20 19:00:00,0.1604,0.2195,0,0,0,0,0,0
2010-10-20 20:00:00,0.1844,0.101,0,0,0,0,0,0
2010-10-20 21:00:00,0.2486,0.1693,0,0,0,0,0,0
2010-10-20 22:00:00,0.3576,0.2532,0,0,0,0,0,0
2010-10-20 23:00:00,0.3815,0.2548,0,0,0,0,0,0
2010-10-21 00:00:00,0.3531,0.5476,0,0,0,0,0,0
2010-10-21 01:00:00,0.3515,0.5583,0,0,0,0,0,0
2010-10-21 02:00:00,0.3071,0.5743,0,0,0,0,0,0
2010-10-21 03:00:00,0.267,0.5764,0,0,0,0,0,0
2010-10-21 04:00:00,0.2499,0.1938,0,0,0,0,0,0
2010-10-21 05:00:00,0.2641,0.1688,0,0,0,0,0,0
2010-10-21 06:00:00,0.2716,0.1842,0,0,0,0,0,0
2010-10-21 07:00:00,0.2872,0.1747,0,0,0,0,0,0
2010-10-21 08:00:00,0.2854,0.3575,0,0,0,0,0,0
2010-10-21 09:00:00,0.2354,0.338,0,0,0,0,0,0
2010-10-21 10:00:00,0.1907,0.2455,0,0,0,0,0,0
2010-10-21 11:00:00,0.1017,0.1226,0,0,0,0,0,0
2010-10-21 12:00:00,0.0769,0.0126,0,0,0,0,0,0
2010-10-21 13:00:00,0.0901,0.0558,0,0,0,0,0,0
2010-10-21 14:00:00,0.1166,0.1225,0,0,0,0,0,0
2010-10-21 15:00:00,0.1937,0.2053,0,0,0,0,0,0
2010-10-21 16:00:00,0.276,0.2837,0,0,0,0,0,0
2010-10-21 17:00:00,0.3407,0.3717,0,0,0,0,0,0
2010-10-21 18:00:00,0.3641,0.4549,0,0,0,0,0,0
2010-10-21 19:00:00,0.3663,0.4694,0,0,0,0,0,0
2010-10-21 20:00:00,0.351,0.7343,0,0,0,0,0,0
2010-10-21 21:00:00,0.3478,0.7303,0,0,0,0,0,0
2010-10-21 22:00:00,0.3417,0.6796,0,0,0,0,0,0
2010-10-21 23:00:00,0.2524,0.5841,0,0,0,0,0,0
2010-10-22 00:00:00,0.1659,0.1347,0,0,0,0,0,0
2010-10-22 01:00:00,0.1151,0.1024,0,0,0,0,0,0
2010-10-22 02:00:00,0.1064,0.081,0,0,0,0,0,0
2010-10-22 03:00:00,0.0943,0.0684,0,0,0,0,0,0
2010-10-22 04:00:00,0.1039,0.1429,0,0,0,0,0,0
2010-10-22 05:00:00,0.0956,0.1049,0,0,0,0,0,0
2010-10-22 06:00:00,0.0722,0.0753,0,0,0,0,0,0
2010-10-22 07:00:00,0.0634,0.0543,0,0,0,0,0,0
2010-10-22 08:00:00,0.0588,0.1811,0,0,0,0,0,0
2010-10-22 09:00:00,0.0496,0.1369,0,0,0,0,0,0
2010-10-22 10:00:00,0.0456,0.1146,0,0,0,0,0,0
2010-10-22 11:00:00,0.0113,0.0617,0,0,0,0,0,0
2010-10-22 12:00:00,0.006,0.0336,0,0,0,0,0,0
2010-10-22 13:00:00,0.008,0.0351,0,0,0,0,0,0
2010-10-22 14:00:00,0.0151,0.0482,0,0,0,0,0,0
2010-10-22 15:00:00,0.0164,0.0454,0,0,0,0,0,0
2010-10-22 16:00:00,0.0096,0.0,0,0,0,0,0,0
2010-10-22 17:00:00,0.0069,-0.0,0,0,0,0,0,0
2010-10-22 18:00:00,0.0054,-0.0,0,0,0,0,0,0
2010-10-22 19:00:00,0.0032,-0.0,0,0,0,0,0,0
2010-10-22 20:00:00,0.0004,0.0,0,0,0,0,0,0
2010-10-22 21:00:00,0.0004,0.0,0,0,0,0,0,0
2010-10-22 22:00:00,0.0002,-0.0,0,0,0,0,0,0
2010-10-22 23:00:00,0.0001,-0.0,0,0,0,0,0,0
2010-10-23 00:00:00,0.0002,0.0032,0,0,0,0,0,0
2010-10-23 01:00:00,0.0038,0.0181,0,0,0,0,0,0
2010-10-23 02:00:00,0.0206,0.0421,0,0,0,0,0,0
2010-10-23 03:00:00,0.074,0.0893,0,0,0,0,0,0
2010-10-23 04:00:00,0.164,0.1056,0,0,0,0,0,0
2010-10-23 05:00:00,0.2716,0.1767,0,0,0,0,0,0
2010-10-23 06:00:00,0.4276,0.2715,0,0,0,0,0,0
2010-10-23 07:00:00,0.6368,0.4724,0,0,0,0,0,0
2010-10-23 08:00:00,0.7896,0.5204,0,0,0,0,0,0
2010-10-23 09:00:00,0.8735,0.791,0,0,0,0,0,0
2010-10-23 10:00:00,0.7877,0.6196,0,0,0,0,0,0
2010-10-23 11:00:00,0.8699,0.7848,0,0,0,0,0,0
2010-10-23 12:00:00,0.8941,0.8975,0,0,0,0,0,0
2010-10-23 13:00:00,0.8991,0.8997,0,0,0,0,0,0
2010-10-23 14:00:00,0.8988,0.8996,0,0,0,0,0,0
2010-10-23 15:00:00,0.883,0.8973,0,0,0,0,0,0
2010-10-23 16:00:00,0.7638,0.855,0,0,0,0,0,0
2010-10-23 17:00:00,0.5473,0.6926,0,0,0,0,0,0
2010-10-23 18:00:00,0.4968,0.647,0,0,0,0,0,0
2010-10-23 19:00:00,0.4358,0.6095,0,0,0,0,0,0
2010-10-23 20:00:00,0.4126,0.5627,0,0,0,0,0,0
2010-10-23 21:00:00,0.4346,0.5261,0,0,0,0,0,0
2010-10-23 22:00:00,0.1794,0.2347,0,0,0,0,0,0
2010-10-23 23:00:00,0.0838,0.1269,0,0,0,0,0,0
2010-10-24 00:00:00,0.0663,0.039,0,0,0,0,0,0
2010-10-24 01:00:00,0.0666,0.0309,0,0,0,0,0,0
2010-10-24 02:00:00,0.0501,0.0184,0,0,0,0,0,0
2010-10-24 03:00:00,0.0444,0.0102,0,0,0,0,0,0
2010-10-24 04:00:00,0.0963,0.0377,0,0,0,0,0,0
2010-10-24 05:00:00,0.0851,0.0276,0,0,0,0,0,0
2010-10-24 06:00:00,0.0303,0.0027,0,0,0,0,0,0
2010-10-24 07:00:00,0.0468,0.0017,0,0,0,0,0,0
2010-10-24 08:00:00,0.2129,0.1381,0,0,0,0,0,0
2010-10-24 09:00:00,0.288,0.1767,0,0,0,0,0,0
2010-10-24 10:00:00,0.3267,0.1743,0,0,0,0,0,0
2010-10-24 11:00:00,0.1808,0.0804,0,0,0,0,0,0
2010-10-24 12:00:00,0.0792,0.1104,0,0,0,0,0,0
2010-10-24 13:00:00,0.0552,0.1066,0,0,0,0,0,0
2010-10-24 14:00:00,0.0737,0.1585,0,0,0,0,0,0
2010-10-24 15:00:00,0.2033,0.344,0,0,0,0,0,0
2010-10-24 16:00:00,0.4046,0.2725,0,0,0,0,0,0
2010-10-24 17:00:00,0.4694,0.2717,0,0,0,0,0,0
2010-10-24 18:00:00,0.479,0.212,0,0,0,0,0,0
2010-10-24 19:00:00,0.4683,0.1655,0,0,0,0,0,0
2010-10-24 20:00:00,0.4473,0.4024,0,0,0,0,0,0
2010-10-24 21:00:00,0.443,0.4072,0,0,0,0,0,0
2010-10-24 22:00:00,0.4336,0.4062,0,0,0,0,0,0
2010-10-24 23:00:00,0.4614,0.4513,0,0,0,0,0,0
2010-10-25 00:00:00,0.5885,0.3367,0,0,0,0,0,0
2010-10-25 01:00:00,0.6389,0.2738,0,0,0,0,0,0
2010-10-25 02:00:00,0.7438,0.4123,0,0,0,0,0,0
2010-10-25 03:00:00,0.7775,0.479,0,0,0,0,0,0
2010-10-25 04:00:00,0.7502,0.8892,0,0,0,0,0,0
2010-10-25 05:00:00,0.7075,0.8799,0,0,0,0,0,0
2010-10-25 06:00:00,0.6599,0.8711,0,0,0,0,0,0
2010-10-25 07:00:00,0.6396,0.8701,0,0,0,0,0,0
2010-10-25 08:00:00,0.6195,0.7818,0,0,0,0,0,0
2010-10-25 09:00:00,0.5614,0.7303,0,0,0,0,0,0
2010-10-25 10:00:00,0.4276,0.672,0,0,0,0,0,0
2010-10-25 11:00:00,0.339,0.6527,0,0,0,0,0,0
2010-10-25 12:00:00,0.3108,0.4631,0,0,0,0,0,0
2010-10-25 13:00:00,0.278,0.4321,0,0,0,0,0,0
2010-10-25 14:00:00,0.2386,0.309,0,0,0,0,0,0
2010-10-25 15:00:00,0.2159,0.2649,0,0,0,0,0,0
2010-10-25 16:00:00,0.2236,0.282,0,0,0,0,0,0
2010-10-25 17:00:00,0.2396,0.3098,0,0,0,0,0,0
2010-10-25 18:00:00,0.2561,0.3901,0,0,0,0,0,0
2010-10-25 19:00:00,0.2832,0.4485,0,0,0,0,0,0
2010-10-25 20:00:00,0.2968,0.5785,0,0,0,0,0,0
2010-10-25 21:00:00,0.2561,0.4732,0,0,0,0,0,0
2010-10-25 22:00:00,0.1473,0.2366,0,0,0,0,0,0
2010-10-25 23:00:00,0.0942,0.1561,0,0,0,0,0,0
2010-10-26 00:00:00,0.0766,0.0427,0,0,0,0,0,0
2010-10-26 01:00:00,0.0667,0.0354,0,0,0,0,0,0
2010-10-26 02:00:00,0.0557,0.0188,0,0,0,0,0,0
2010-10-26 03:00:00,0.0455,0.0157,0,0,0,0,0,0
2010-10-26 04:00:00,0.0357,0.0446,0,0,0,0,0,0
2010-10-26 05:00:00,0.0317,0.0346,0,0,0,0,0,0
2010-10-26 06:00:00,0.0323,0.0387,0,0,0,0,0,0
2010-10-26 07:00:00,0.0452,0.0551,0,0,0,0,0,0
2010-10-26 08:00:00,0.0553,0.0346,0,0,0,0,0,0
2010-10-26 09:00:00,0.0554,0.0233,0,0,0,0,0,0
2010-10-26 10:00:00,0.0307,0.0036,0,0,0,0,0,0
2010-10-26 11:00:00,0.025,0.0022,0,0,0,0,0,0
2010-10-26 12:00:00,0.011,0.0681,0,0,0,0,0,0
2010-10-26 13:00:00,0.0008,0.0344,0,0,0,0,0,0
2010-10-26 14:00:00,0.0,0.0042,0,0,0,0,0,0
2010-10-26 15:00:00,0.0,0.0016,0,0,0,0,0,0
2010-10-26 16:00:00,0.0,-0.0,0,0,0,0,0,0
2010-10-26 17:00:00,0.0001,-0.0,0,0,0,0,0,0
2010-10-26 18:00:00,0.0003,-0.0,0,0,0,0,0,0
2010-10-26 19:00:00,0.0031,-0.0,0,0,0,0,0,0
2010-10-26 20:00:00,0.013,0.0121,0,0,0,0,0,0
2010-10-26 21:00:00,0.0307,0.0427,0,0,0,0,0,0
2010-10-26 22:00:00,0.0393,0.0523,0,0,0,0,0,0
2010-10-26 23:00:00,0.0354,0.0477,0,0,0,0,0,0
2010-10-27 00:00:00,0.0289,0.016,0,0,0,0,0,0
2010-10-27 01:00:00,0.037,0.0178,0,0,0,0,0,0
2010-10-27 02:00:00,0.0489,0.0333,0,0,0,0,0,0
2010-10-27 03:00:00,0.0664,0.0502,0,0,0,0,0,0
2010-10-27 04:00:00,0.0696,0.0779,0,0,0,0,0,0
2010-10-27 05:00:00,0.0773,0.0693,0,0,0,0,0,0
2010-10-27 06:00:00,0.0906,0.0899,0,0,0,0,0,0
2010-10-27 07:00:00,0.1022,0.1064,0,0,0,0,0,0
2010-10-27 08:00:00,0.1166,0.0865,0,0,0,0,0,0
2010-10-27 09:00:00,0.1367,0.1032,0,0,0,0,0,0
2010-10-27 10:00:00,0.0979,0.1055,0,0,0,0,0,0
2010-10-27 11:00:00,0.1196,0.1323,0,0,0,0,0,0
2010-10-27 12:00:00,0.1626,0.0724,0,0,0,0,0,0
2010-10-27 13:00:00,0.1933,0.0817,0,0,0,0,0,0
2010-10-27 14:00:00,0.1728,0.0952,0,0,0,0,0,0
2010-10-27 15:00:00,0.1515,0.113,0,0,0,0,0,0
2010-10-27 16:00:00,0.1259,0.2002,0,0,0,0,0,0
2010-10-27 17:00:00,0.1177,0.1646,0,0,0,0,0,0
2010-10-27 18:00:00,0.1336,0.1877,0,0,0,0,0,0
2010-10-27 19:00:00,0.124,0.1751,0,0,0,0,0,0
2010-10-27 20:00:00,0.1377,0.1385,0,0,0,0,0,0
2010-10-27 21:00:00,0.1693,0.2068,0,0,0,0,0,0
2010-10-27 22:00:00,0.1598,0.1883,0,0,0,0,0,0
2010-10-27 23:00:00,0.2791,0.297,0,0,0,0,0,0
2010-10-28 00:00:00,0.3732,0.2395,0,0,0,0,0,0
2010-10-28 01:00:00,0.4529,0.3487,0,0,0,0,0,0
2010-10-28 02:00:00,0.4033,0.3249,0,0,0,0,0,0
2010-10-28 03:00:00,0.3408,0.2809,0,0,0,0,0,0
2010-10-28 04:00:00,0.2243,0.1733,0,0,0,0,0,0
2010-10-28 05:00:00,0.0843,0.0575,0,0,0,0,0,0
2010-10-28 06:00:00,0.0258,0.0101,0,0,0,0,0,0
2010-10-28 07:00:00,0.0027,0.0004,0,0,0,0,0,0
2010-10-28 08:00:00,0.0001,0.0127,0,0,0,0,0,0
2010-10-28 09:00:00,0.0002,0.0155,0,0,0,0,0,0
2010-10-28 10:00:00,0.0002,0.0157,0,0,0,0,0,0
2010-10-28 11:00:00,0.0067,0.0528,0,0,0,0,0,0
2010-10-28 12:00:00,0.0343,0.0533,0,0,0,0,0,0
2010-10-28 13:00:00,0.0845,0.0838,0,0,0,0,0,0
2010-10-28 14:00:00,0.1182,0.1049,0,0,0,0,0,0
2010-10-28 15:00:00,0.1477,0.1428,0,0,0,0,0,0
2010-10-28 16:00:00,0.1391,0.1015,0,0,0,0,0,0
2010-10-28 17:00:00,0.1698,0.0944,0,0,0,0,0,0
2010-10-28 18:00:00,0.2334,0.1136,0,0,0,0,0,0
2010-10-28 19:00:00,0.3358,0.146,0,0,0,0,0,0
2010-10-28 20:00:00,0.4753,0.4508,0,0,0,0,0,0
2010-10-28 21:00:00,0.563,0.5051,0,0,0,0,0,0
2010-10-28 22:00:00,0.6555,0.6115,0,0,0,0,0,0
2010-10-28 23:00:00,0.6876,0.624,0,0,0,0,0,0
2010-10-29 00:00:00,0.7265,0.6978,0,0,0,0,0,0
2010-10-29 01:00:00,0.7763,0.7514,0,0,0,0,0,0
2010-10-29 02:00:00,0.8278,0.773,0,0,0,0,0,0
2010-10-29 03:00:00,0.8773,0.8639,0,0,0,0,0,0
2010-10-29 04:00:00,0.8959,0.898,0,0,0,0,0,0
2010-10-29 05:00:00,0.899,0.8995,0,0,0,0,0,0
2010-10-29 06:00:00,0.8995,0.8997,0,0,0,0,0,0
2010-10-29 07:00:00,0.8992,0.8994,0,0,0,0,0,0
2010-10-29 08:00:00,0.8987,0.8991,0,0,0,0,0,0
2010-10-29 09:00:00,0.8981,0.8977,0,0,0,0,0,0
2010-10-29 10:00:00,0.8823,0.8639,0,0,0,0,0,0
2010-10-29 11:00:00,0.8731,0.8353,0,0,0,0,0,0
2010-10-29 12:00:00,0.8899,0.7115,0,0,0,0,0,0
2010-10-29 13:00:00,0.8967,0.8032,0,0,0,0,0,0
2010-10-29 14:00:00,0.899,0.8484,0,0,0,0,0,0
2010-10-29 15:00:00,0.8958,0.7083,0,0,0,0,0,0
2010-10-29 16:00:00,0.7887,0.8528,0,0,0,0,0,0
2010-10-29 17:00:00,0.7857,0.8165,0,0,0,0,0,0
2010-10-29 18:00:00,0.8744,0.8672,0,0,0,0,0,0
2010-10-29 19:00:00,0.8962,0.8923,0,0,0,0,0,0
2010-10-29 20:00:00,0.8973,0.8963,0,0,0,0,0,0
2010-10-29 21:00:00,0.8844,0.8821,0,0,0,0,0,0
2010-10-29 22:00:00,0.6139,0.5809,0,0,0,0,0,0
2010-10-29 23:00:00,0.4713,0.498,0,0,0,0,0,0
2010-10-30 00:00:00,0.4577,0.4105,0,0,0,0,0,0
2010-10-30 01:00:00,0.4578,0.3694,0,0,0,0,0,0
2010-10-30 02:00:00,0.4699,0.3896,0,0,0,0,0,0
2010-10-30 03:00:00,0.4946,0.3816,0,0,0,0,0,0
2010-10-30 04:00:00,0.5193,0.4743,0,0,0,0,0,0
2010-10-30 05:00:00,0.6399,0.5968,0,0,0,0,0,0
2010-10-30 06:00:00,0.6378,0.5831,0,0,0,0,0,0
2010-10-30 07:00:00,0.4145,0.3949,0,0,0,0,0,0
2010-10-30 08:00:00,0.3487,0.3418,0,0,0,0,0,0
2010-10-30 09:00:00,0.4602,0.4918,0,0,0,0,0,0
2010-10-30 10:00:00,0.5034,0.5931,0,0,0,0,0,0
2010-10-30 11:00:00,0.7514,0.8093,0,0,0,0,0,0
2010-10-30 12:00:00,0.883,0.8768,0,0,0,0,0,0
2010-10-30 13:00:00,0.8972,0.8955,0,0,0,0,0,0
2010-10-30 14:00:00,0.8989,0.8985,0,0,0,0,0,0
2010-10-30 15:00:00,0.8995,0.8994,0,0,0,0,0,0
2010-10-30 16:00:00,0.8994,0.8961,0,0,0,0,0,0
2010-10-30 17:00:00,0.8994,0.897,0,0,0,0,0,0
2010-10-30 18:00:00,0.8984,0.8952,0,0,0,0,0,0
2010-10-30 19:00:00,0.8968,0.8838,0,0,0,0,0,0
2010-10-30 20:00:00,0.8957,0.8991,0,0,0,0,0,0
2010-10-30 21:00:00,0.8908,0.8981,0,0,0,0,0,0
2010-10-30 22:00:00,0.8645,0.8935,0,0,0,0,0,0
2010-10-30 23:00:00,0.7896,0.8809,0,0,0,0,0,0
2010-10-31 00:00:00,0.7411,0.8147,0,0,0,0,0,0
2010-10-31 01:00:00,0.8394,0.8698,0,0,0,0,0,0
2010-10-31 02:00:00,0.8631,0.8825,0,0,0,0,0,0
2010-10-31 03:00:00,0.8553,0.8837,0,0,0,0,0,0
2010-10-31 04:00:00,0.8257,0.8039,0,0,0,0,0,0
2010-10-31 05:00:00,0.5384,0.5091,0,0,0,0,0,0
2010-10-31 06:00:00,0.2274,0.2039,0,0,0,0,0,0
2010-10-31 07:00:00,0.1136,0.1394,0,0,0,0,0,0
2010-10-31 08:00:00,0.0631,0.0487,0,0,0,0,0,0
2010-10-31 09:00:00,0.1068,0.0876,0,0,0,0,0,0
2010-10-31 10:00:00,0.1415,0.1124,0,0,0,0,0,0
2010-10-31 11:00:00,0.2438,0.2319,0,0,0,0,0,0
2010-10-31 12:00:00,0.1888,0.2995,0,0,0,0,0,0
2010-10-31 13:00:00,0.0718,0.1518,0,0,0,0,0,0
2010-10-31 14:00:00,0.0133,0.0504,0,0,0,0,0,0
2010-10-31 15:00:00,0.0004,0.008,0,0,0,0,0,0
2010-10-31 16:00:00,0.0,0.0175,0,0,0,0,0,0
2010-10-31 17:00:00,0.0,0.008,0,0,0,0,0,0
2010-10-31 18:00:00,0.0005,0.0318,0,0,0,0,0,0
2010-10-31 19:00:00,0.0182,0.0833,0,0,0,0,0,0
2010-10-31 20:00:00,0.0359,0.0034,0,0,0,0,0,0
2010-10-31 21:00:00,0.0783,0.0169,0,0,0,0,0,0
2010-10-31 22:00:00,0.1773,0.0683,0,0,0,0,0,0
2010-10-31 23:00:00,0.2766,0.1169,0,0,0,0,0,0
2010-11-01 00:00:00,0.3519,0.276,0,0,0,0,0,0
2010-11-01 01:00:00,0.462,0.3825,0,0,0,0,0,0
2010-11-01 02:00:00,0.5431,0.5025,0,0,0,0,0,0
2010-11-01 03:00:00,0.5907,0.623,0,0,0,0,0,0
2010-11-01 04:00:00,0.6648,0.6958,0,0,0,0,0,0
2010-11-01 05:00:00,0.7183,0.8073,0,0,0,0,0,0
2010-11-01 06:00:00,0.6675,0.7652,0,0,0,0,0,0
2010-11-01 07:00:00,0.6383,0.7326,0,0,0,0,0,0
2010-11-01 08:00:00,0.6569,0.8553,0,0,0,0,0,0
2010-11-01 09:00:00,0.6264,0.8598,0,0,0,0,0,0
2010-11-01 10:00:00,0.4804,0.8468,0,0,0,0,0,0
2010-11-01 11:00:00,0.4578,0.8477,0,0,0,0,0,0
2010-11-01 12:00:00,0.4486,0.2194,0,0,0,0,0,0
2010-11-01 13:00:00,0.4774,0.2846,0,0,0,0,0,0
2010-11-01 14:00:00,0.4504,0.2149,0,0,0,0,0,0
2010-11-01 15:00:00,0.4172,0.1496,0,0,0,0,0,0
2010-11-01 16:00:00,0.3911,0.7338,0,0,0,0,0,0
2010-11-01 17:00:00,0.3696,0.7343,0,0,0,0,0,0
2010-11-01 18:00:00,0.4004,0.7798,0,0,0,0,0,0
2010-11-01 19:00:00,0.3625,0.7883,0,0,0,0,0,0
2010-11-01 20:00:00,0.2749,0.1598,0,0,0,0,0,0
2010-11-01 21:00:00,0.1874,0.0902,0,0,0,0,0,0
2010-11-01 22:00:00,0.1148,0.0427,0,0,0,0,0,0
2010-11-01 23:00:00,0.0541,0.0186,0,0,0,0,0,0
2010-11-02 00:00:00,0.0363,0.01,0,0,0,0,0,0
2010-11-02 01:00:00,0.0551,0.0209,0,0,0,0,0,0
2010-11-02 02:00:00,0.0758,0.0201,0,0,0,0,0,0
2010-11-02 03:00:00,0.1452,0.0369,0,0,0,0,0,0
2010-11-02 04:00:00,0.3445,0.2656,0,0,0,0,0,0
2010-11-02 05:00:00,0.1922,0.143,0,0,0,0,0,0
2010-11-02 06:00:00,0.1662,0.1196,0,0,0,0,0,0
2010-11-02 07:00:00,0.1878,0.1637,0,0,0,0,0,0
2010-11-02 08:00:00,0.2405,0.3262,0,0,0,0,0,0
2010-11-02 09:00:00,0.3301,0.3846,0,0,0,0,0,0
2010-11-02 10:00:00,0.4304,0.4931,0,0,0,0,0,0
2010-11-02 11:00:00,0.5829,0.648,0,0,0,0,0,0
2010-11-02 12:00:00,0.5663,0.3809,0,0,0,0,0,0
2010-11-02 13:00:00,0.6052,0.4241,0,0,0,0,0,0
2010-11-02 14:00:00,0.6022,0.4416,0,0,0,0,0,0
2010-11-02 15:00:00,0.6213,0.4764,0,0,0,0,0,0
2010-11-02 16:00:00,0.6312,0.7306,0,0,0,0,0,0
2010-11-02 17:00:00,0.6257,0.7638,0,0,0,0,0,0
2010-11-02 18:00:00,0.5433,0.6837,0,0,0,0,0,0
2010-11-02 19:00:00,0.4981,0.6269,0,0,0,0,0,0
2010-11-02 20:00:00,0.5548,0.216,0,0,0,0,0,0
2010-11-02 21:00:00,0.622,0.2352,0,0,0,0,0,0
2010-11-02 22:00:00,0.6703,0.2508,0,0,0,0,0,0
2010-11-02 23:00:00,0.7049,0.3346,0,0,0,0,0,0
2010-11-03 00:00:00,0.6709,0.1765,0,0,0,0,0,0
2010-11-03 01:00:00,0.6496,0.1409,0,0,0,0,0,0
2010-11-03 02:00:00,0.5896,0.0849,0,0,0,0,0,0
2010-11-03 03:00:00,0.5521,0.046,0,0,0,0,0,0
2010-11-03 04:00:00,0.5329,0.6294,0,0,0,0,0,0
2010-11-03 05:00:00,0.474,0.51,0,0,0,0,0,0
2010-11-03 06:00:00,0.3795,0.3949,0,0,0,0,0,0
2010-11-03 07:00:00,0.3038,0.3154,0,0,0,0,0,0
2010-11-03 08:00:00,0.3057,0.1901,0,0,0,0,0,0
2010-11-03 09:00:00,0.2956,0.1971,0,0,0,0,0,0
2010-11-03 10:00:00,0.19,0.1232,0,0,0,0,0,0
2010-11-03 11:00:00,0.2083,0.1309,0,0,0,0,0,0
2010-11-03 12:00:00,0.2561,0.0545,0,0,0,0,0,0
2010-11-03 13:00:00,0.332,0.0869,0,0,0,0,0,0
2010-11-03 14:00:00,0.3694,0.1004,0,0,0,0,0,0
2010-11-03 15:00:00,0.3699,0.1153,0,0,0,0,0,0
2010-11-03 16:00:00,0.3471,0.5152,0,0,0,0,0,0
2010-11-03 17:00:00,0.3032,0.4501,0,0,0,0,0,0
2010-11-03 18:00:00,0.2524,0.3879,0,0,0,0,0,0
2010-11-03 19:00:00,0.2277,0.3094,0,0,0,0,0,0
2010-11-03 20:00:00,0.2255,0.2328,0,0,0,0,0,0
2010-11-03 21:00:00,0.2288,0.2404,0,0,0,0,0,0
2010-11-03 22:00:00,0.2458,0.3423,0,0,0,0,0,0
2010-11-03 23:00:00,0.2338,0.4116,0,0,0,0,0,0
2010-11-04 00:00:00,0.1989,0.1788,0,0,0,0,0,0
2010-11-04 01:00:00,0.154,0.166,0,0,0,0,0,0
2010-11-04 02:00:00,0.1361,0.1563,0,0,0,0,0,0
2010-11-04 03:00:00,0.1335,0.1968,0,0,0,0,0,0
2010-11-04 04:00:00,0.1331,0.1819,0,0,0,0,0,0
2010-11-04 05:00:00,0.1308,0.1865,0,0,0,0,0,0
2010-11-04 06:00:00,0.1277,0.1781,0,0,0,0,0,0
2010-11-04 07:00:00,0.1234,0.1704,0,0,0,0,0,0
2010-11-04 08:00:00,0.1058,0.1323,0,0,0,0,0,0
2010-11-04 09:00:00,0.0837,0.1,0,0,0,0,0,0
2010-11-04 10:00:00,0.0243,0.0161,0,0,0,0,0,0
2010-11-04 11:00:00,0.0165,0.006,0,0,0,0,0,0
2010-11-04 12:00:00,0.0172,0.0315,0,0,0,0,0,0
2010-11-04 13:00:00,0.0177,0.0144,0,0,0,0,0,0
2010-11-04 14:00:00,0.0116,0.004,0,0,0,0,0,0
2010-11-04 15:00:00,0.0079,0.0021,0,0,0,0,0,0
2010-11-04 16:00:00,0.0041,0.0,0,0,0,0,0,0
2010-11-04 17:00:00,0.0012,0.0,0,0,0,0,0,0
2010-11-04 18:00:00,0.0002,0.0,0,0,0,0,0,0
2010-11-04 19:00:00,0.0,-0.0,0,0,0,0,0,0
2010-11-04 20:00:00,0.0,0.0001,0,0,0,0,0,0
2010-11-04 21:00:00,0.0002,0.0003,0,0,0,0,0,0
2010-11-04 22:00:00,0.0003,0.0004,0,0,0,0,0,0
2010-11-04 23:00:00,0.0026,0.0058,0,0,0,0,0,0
2010-11-05 00:00:00,0.0081,0.039,0,0,0,0,0,0
2010-11-05 01:00:00,0.0117,0.0599,0,0,0,0,0,0
2010-11-05 02:00:00,0.0123,0.0686,0,0,0,0,0,0
2010-11-05 03:00:00,0.0083,0.0609,0,0,0,0,0,0
2010-11-05 04:00:00,0.0075,0.0025,0,0,0,0,0,0
2010-11-05 05:00:00,0.0075,0.0005,0,0,0,0,0,0
2010-11-05 06:00:00,0.0024,0.0004,0,0,0,0,0,0
2010-11-05 07:00:00,0.0004,0.0001,0,0,0,0,0,0
2010-11-05 08:00:00,0.0004,0.0582,0,0,0,0,0,0
2010-11-05 09:00:00,0.0002,0.0377,0,0,0,0,0,0
2010-11-05 10:00:00,0.0001,0.023,0,0,0,0,0,0
2010-11-05 11:00:00,0.0003,0.0333,0,0,0,0,0,0
2010-11-05 12:00:00,0.0001,0.0,0,0,0,0,0,0
2010-11-05 13:00:00,0.0001,-0.0,0,0,0,0,0,0
2010-11-05 14:00:00,0.0002,-0.0,0,0,0,0,0,0
2010-11-05 15:00:00,0.0004,0.0,0,0,0,0,0,0
2010-11-05 16:00:00,0.0006,0.0004,0,0,0,0,0,0
2010-11-05 17:00:00,0.0025,0.0054,0,0,0,0,0,0
2010-11-05 18:00:00,0.0046,0.0122,0,0,0,0,0,0
2010-11-05 19:00:00,0.0061,0.0182,0,0,0,0,0,0
2010-11-05 20:00:00,0.0042,0.0,0,0,0,0,0,0
2010-11-05 21:00:00,0.0017,0.0,0,0,0,0,0,0
2010-11-05 22:00:00,0.0003,-0.0,0,0,0,0,0,0
2010-11-05 23:00:00,0.0005,-0.0,0,0,0,0,0,0
2010-11-06 00:00:00,0.0052,0.004,0,0,0,0,0,0
2010-11-06 01:00:00,0.0131,0.0296,0,0,0,0,0,0
2010-11-06 02:00:00,0.0198,0.0349,0,0,0,0,0,0
2010-11-06 03:00:00,0.0285,0.0425,0,0,0,0,0,0
2010-11-06 04:00:00,0.0382,0.0107,0,0,0,0,0,0
2010-11-06 05:00:00,0.0454,0.011,0,0,0,0,0,0
2010-11-06 06:00:00,0.047,0.0201,0,0,0,0,0,0
2010-11-06 07:00:00,0.0525,0.0179,0,0,0,0,0,0
2010-11-06 08:00:00,0.056,0.1795,0,0,0,0,0,0
2010-11-06 09:00:00,0.0592,0.1865,0,0,0,0,0,0
2010-11-06 10:00:00,0.0631,0.19,0,0,0,0,0,0
2010-11-06 11:00:00,0.0704,0.1581,0,0,0,0,0,0
2010-11-06 12:00:00,0.0902,0.175,0,0,0,0,0,0
2010-11-06 13:00:00,0.1545,0.2218,0,0,0,0,0,0
2010-11-06 14:00:00,0.2162,0.247,0,0,0,0,0,0
2010-11-06 15:00:00,0.2556,0.3301,0,0,0,0,0,0
2010-11-06 16:00:00,0.3367,0.3686,0,0,0,0,0,0
2010-11-06 17:00:00,0.5811,0.6256,0,0,0,0,0,0
2010-11-06 18:00:00,0.7095,0.7495,0,0,0,0,0,0
2010-11-06 19:00:00,0.7333,0.814,0,0,0,0,0,0
2010-11-06 20:00:00,0.6711,0.7926,0,0,0,0,0,0
2010-11-06 21:00:00,0.4936,0.7052,0,0,0,0,0,0
2010-11-06 22:00:00,0.7034,0.8551,0,0,0,0,0,0
2010-11-06 23:00:00,0.7886,0.8736,0,0,0,0,0,0
2010-11-07 00:00:00,0.6532,0.4767,0,0,0,0,0,0
2010-11-07 01:00:00,0.4422,0.3184,0,0,0,0,0,0
2010-11-07 02:00:00,0.5573,0.532,0,0,0,0,0,0
2010-11-07 03:00:00,0.7546,0.7524,0,0,0,0,0,0
2010-11-07 04:00:00,0.7379,0.877,0,0,0,0,0,0
2010-11-07 05:00:00,0.6388,0.8553,0,0,0,0,0,0
2010-11-07 06:00:00,0.6841,0.8827,0,0,0,0,0,0
2010-11-07 07:00:00,0.7488,0.8864,0,0,0,0,0,0
2010-11-07 08:00:00,0.6098,0.698,0,0,0,0,0,0
2010-11-07 09:00:00,0.5037,0.5634,0,0,0,0,0,0
2010-11-07 10:00:00,0.5188,0.5551,0,0,0,0,0,0
2010-11-07 11:00:00,0.4832,0.5054,0,0,0,0,0,0
2010-11-07 12:00:00,0.442,0.4609,0,0,0,0,0,0
2010-11-07 13:00:00,0.5222,0.5734,0,0,0,0,0,0
2010-11-07 14:00:00,0.7766,0.8015,0,0,0,0,0,0
2010-11-07 15:00:00,0.8238,0.8124,0,0,0,0,0,0
2010-11-07 16:00:00,0.8165,0.6866,0,0,0,0,0,0
2010-11-07 17:00:00,0.7297,0.5403,0,0,0,0,0,0
2010-11-07 18:00:00,0.7258,0.5367,0,0,0,0,0,0
2010-11-07 19:00:00,0.5818,0.36,0,0,0,0,0,0
2010-11-07 20:00:00,0.4064,0.2048,0,0,0,0,0,0
2010-11-07 21:00:00,0.2689,0.0978,0,0,0,0,0,0
2010-11-07 22:00:00,0.2825,0.1391,0,0,0,0,0,0
2010-11-07 23:00:00,0.5688,0.36,0,0,0,0,0,0
2010-11-08 00:00:00,0.6485,0.4974,0,0,0,0,0,0
2010-11-08 01:00:00,0.643,0.4922,0,0,0,0,0,0
2010-11-08 02:00:00,0.7239,0.6516,0,0,0,0,0,0
2010-11-08 03:00:00,0.8425,0.7883,0,0,0,0,0,0
2010-11-08 04:00:00,0.8847,0.8776,0,0,0,0,0,0
2010-11-08 05:00:00,0.8987,0.8986,0,0,0,0,0,0
2010-11-08 06:00:00,0.8998,0.8999,0,0,0,0,0,0
2010-11-08 07:00:00,0.8999,0.8999,0,0,0,0,0,0
2010-11-08 08:00:00,0.9,0.9,0,0,0,0,0,0
2010-11-08 09:00:00,0.8999,0.8998,0,0,0,0,0,0
2010-11-08 10:00:00,0.8995,0.8993,0,0,0,0,0,0
2010-11-08 11:00:00,0.8993,0.8982,0,0,0,0,0,0
2010-11-08 12:00:00,0.8996,0.8967,0,0,0,0,0,0
2010-11-08 13:00:00,0.8998,0.8989,0,0,0,0,0,0
2010-11-08 14:00:00,0.8999,0.8994,0,0,0,0,0,0
2010-11-08 15:00:00,0.8999,0.8991,0,0,0,0,0,0
2010-11-08 16:00:00,0.8994,0.8991,0,0,0,0,0,0
2010-11-08 17:00:00,0.8975,0.897,0,0,0,0,0,0
2010-11-08 18:00:00,0.8973,0.8981,0,0,0,0,0,0
2010-11-08 19:00:00,0.8972,0.8983,0,0,0,0,0,0
2010-11-08 20:00:00,0.897,0.8977,0,0,0,0,0,0
2010-11-08 21:00:00,0.898,0.8993,0,0,0,0,0,0
2010-11-08 22:00:00,0.8993,0.8997,0,0,0,0,0,0
2010-11-08 23:00:00,0.8997,0.8998,0,0,0,0,0,0
2010-11-09 00:00:00,0.8998,0.8999,0,0,0,0,0,0
2010-11-09 01:00:00,0.8998,0.8999,0,0,0,0,0,0
2010-11-09 02:00:00,0.8999,0.8999,0,0,0,0,0,0
2010-11-09 03:00:00,0.8998,0.8999,0,0,0,0,0,0
2010-11-09 04:00:00,0.8998,0.9,0,0,0,0,0,0
2010-11-09 05:00:00,0.8998,0.9,0,0,0,0,0,0
2010-11-09 06:00:00,0.8996,0.9,0,0,0,0,0,0
2010-11-09 07:00:00,0.8986,0.8998,0,0,0,0,0,0
2010-11-09 08:00:00,0.8975,0.8961,0,0,0,0,0,0
2010-11-09 09:00:00,0.8946,0.8937,0,0,0,0,0,0
2010-11-09 10:00:00,0.8764,0.8907,0,0,0,0,0,0
2010-11-09 11:00:00,0.8529,0.8913,0,0,0,0,0,0
2010-11-09 12:00:00,0.8863,0.8064,0,0,0,0,0,0
2010-11-09 13:00:00,0.8986,0.8948,0,0,0,0,0,0
2010-11-09 14:00:00,0.8986,0.8966,0,0,0,0,0,0
2010-11-09 15:00:00,0.8991,0.8983,0,0,0,0,0,0
2010-11-09 16:00:00,0.8992,0.8992,0,0,0,0,0,0
2010-11-09 17:00:00,0.8973,0.8978,0,0,0,0,0,0
2010-11-09 18:00:00,0.892,0.8966,0,0,0,0,0,0
2010-11-09 19:00:00,0.8746,0.8905,0,0,0,0,0,0
2010-11-09 20:00:00,0.8183,0.8635,0,0,0,0,0,0
2010-11-09 21:00:00,0.7839,0.8469,0,0,0,0,0,0
2010-11-09 22:00:00,0.8808,0.8946,0,0,0,0,0,0
2010-11-09 23:00:00,0.8853,0.8975,0,0,0,0,0,0
2010-11-10 00:00:00,0.8847,0.8949,0,0,0,0,0,0
2010-11-10 01:00:00,0.8781,0.8953,0,0,0,0,0,0
2010-11-10 02:00:00,0.8791,0.8965,0,0,0,0,0,0
2010-11-10 03:00:00,0.8807,0.8975,0,0,0,0,0,0
2010-11-10 04:00:00,0.8837,0.731,0,0,0,0,0,0
2010-11-10 05:00:00,0.8941,0.8111,0,0,0,0,0,0
2010-11-10 06:00:00,0.894,0.8153,0,0,0,0,0,0
2010-11-10 07:00:00,0.891,0.8034,0,0,0,0,0,0
2010-11-10 08:00:00,0.8871,0.8957,0,0,0,0,0,0
2010-11-10 09:00:00,0.8809,0.8957,0,0,0,0,0,0
2010-11-10 10:00:00,0.7647,0.8608,0,0,0,0,0,0
2010-11-10 11:00:00,0.6411,0.7849,0,0,0,0,0,0
2010-11-10 12:00:00,0.5813,0.768,0,0,0,0,0,0
2010-11-10 13:00:00,0.5883,0.8038,0,0,0,0,0,0
2010-11-10 14:00:00,0.6533,0.8543,0,0,0,0,0,0
2010-11-10 15:00:00,0.6734,0.8708,0,0,0,0,0,0
2010-11-10 16:00:00,0.6079,0.6339,0,0,0,0,0,0
2010-11-10 17:00:00,0.5657,0.5887,0,0,0,0,0,0
2010-11-10 18:00:00,0.4923,0.5298,0,0,0,0,0,0
2010-11-10 19:00:00,0.364,0.3955,0,0,0,0,0,0
2010-11-10 20:00:00,0.2068,0.192,0,0,0,0,0,0
2010-11-10 21:00:00,0.0839,0.1196,0,0,0,0,0,0
2010-11-10 22:00:00,0.0198,0.0422,0,0,0,0,0,0
2010-11-10 23:00:00,0.041,0.0672,0,0,0,0,0,0
2010-11-11 00:00:00,0.0766,0.0671,0,0,0,0,0,0
2010-11-11 01:00:00,0.114,0.1027,0,0,0,0,0,0
2010-11-11 02:00:00,0.2629,0.2518,0,0,0,0,0,0
2010-11-11 03:00:00,0.4737,0.4529,0,0,0,0,0,0
2010-11-11 04:00:00,0.7314,0.8398,0,0,0,0,0,0
2010-11-11 05:00:00,0.7911,0.8826,0,0,0,0,0,0
2010-11-11 06:00:00,0.8489,0.8968,0,0,0,0,0,0
2010-11-11 07:00:00,0.8781,0.899,0,0,0,0,0,0
2010-11-11 08:00:00,0.8975,0.8966,0,0,0,0,0,0
2010-11-11 09:00:00,0.8988,0.8988,0,0,0,0,0,0
2010-11-11 10:00:00,0.9,0.9,0,0,0,0,0,0
2010-11-11 11:00:00,0.9,0.9,0,0,0,0,0,0
2010-11-11 12:00:00,0.9,0.9,0,0,0,0,0,0
2010-11-11 13:00:00,0.9,0.9,0,0,0,0,0,0
2010-11-11 14:00:00,0.9,0.9,0,0,0,0,0,0
2010-11-11 15:00:00,0.9,0.9,0,0,0,0,0,0
2010-11-11 16:00:00,0.9,0.9,0,0,0,0,0,0
2010-11-11 17:00:00,0.9,0.9,0,0,0,0,0,0
2010-11-11 18:00:00,0.9,0.9,0,0,0,0,0,0
2010-11-11 19:00:00,0.9,0.9,0,0,0,0,0,0
2010-11-11 20:00:00,0.9,0.9,0,0,0,0,0,0
2010-11-11 21:00:00,0.9,0.9,0,0,0,0,0,0
2010-11-11 22:00:00,0.9,0.9,0,0,0,0,0,0
2010-11-11 23:00:00,0.9,0.9,0,0,0,0,0,0
2010-11-12 00:00:00,0.9,0.9,0,0,0,0,0,0
2010-11-12 01:00:00,0.9,0.9,0,0,0,0,0,0
2010-11-12 02:00:00,0.9,0.9,0,0,0,0,0,0
2010-11-12 03:00:00,0.9,0.9,0,0,0,0,0,0
2010-11-12 04:00:00,0.9,0.9,0,0,0,0,0,0
2010-11-12 05:00:00,0.9,0.9,0,0,0,0,0,0
2010-11-12 06:00:00,0.9,0.9,0,0,0,0,0,0
2010-11-12 07:00:00,0.9,0.9,0,0,0,0,0,0
2010-11-12 08:00:00,0.9,0.9,0,0,0,0,0,0
2010-11-12 09:00:00,0.9,0.9,0,0,0,0,0,0
2010-11-12 10:00:00,0.8999,0.8999,0,0,0,0,0,0
2010-11-12 11:00:00,0.8998,0.8999,0,0,0,0,0,0
2010-11-12 12:00:00,0.8998,0.8985,0,0,0,0,0,0
2010-11-12 13:00:00,0.8999,0.8986,0,0,0,0,0,0
2010-11-12 14:00:00,0.8999,0.8989,0,0,0,0,0,0
2010-11-12 15:00:00,0.8999,0.8989,0,0,0,0,0,0
2010-11-12 16:00:00,0.8999,0.9,0,0,0,0,0,0
2010-11-12 17:00:00,0.8999,0.9,0,0,0,0,0,0
2010-11-12 18:00:00,0.8999,0.9,0,0,0,0,0,0
2010-11-12 19:00:00,0.8999,0.8999,0,0,0,0,0,0
2010-11-12 20:00:00,0.8999,0.8999,0,0,0,0,0,0
2010-11-12 21:00:00,0.8999,0.8999,0,0,0,0,0,0
2010-11-12 22:00:00,0.8999,0.9,0,0,0,0,0,0
2010-11-12 23:00:00,0.8999,0.9,0,0,0,0,0,0
2010-11-13 00:00:00,0.8999,0.8999,0,0,0,0,0,0
2010-11-13 01:00:00,0.8998,0.8997,0,0,0,0,0,0
2010-11-13 02:00:00,0.8998,0.8997,0,0,0,0,0,0
2010-11-13 03:00:00,0.8998,0.8996,0,0,0,0,0,0
2010-11-13 04:00:00,0.8995,0.8999,0,0,0,0,0,0
2010-11-13 05:00:00,0.8985,0.8998,0,0,0,0,0,0
2010-11-13 06:00:00,0.8974,0.8997,0,0,0,0,0,0
2010-11-13 07:00:00,0.8969,0.8996,0,0,0,0,0,0
2010-11-13 08:00:00,0.8955,0.8957,0,0,0,0,0,0
2010-11-13 09:00:00,0.8948,0.8933,0,0,0,0,0,0
2010-11-13 10:00:00,0.8984,0.8976,0,0,0,0,0,0
2010-11-13 11:00:00,0.8992,0.8973,0,0,0,0,0,0
2010-11-13 12:00:00,0.8993,0.8996,0,0,0,0,0,0
2010-11-13 13:00:00,0.8995,0.8995,0,0,0,0,0,0
2010-11-13 14:00:00,0.8995,0.8995,0,0,0,0,0,0
2010-11-13 15:00:00,0.8993,0.8997,0,0,0,0,0,0
2010-11-13 16:00:00,0.899,0.8997,0,0,0,0,0,0
2010-11-13 17:00:00,0.899,0.8997,0,0,0,0,0,0
2010-11-13 18:00:00,0.8991,0.8997,0,0,0,0,0,0
2010-11-13 19:00:00,0.8985,0.8993,0,0,0,0,0,0
2010-11-13 20:00:00,0.8977,0.8996,0,0,0,0,0,0
2010-11-13 21:00:00,0.8981,0.8997,0,0,0,0,0,0
2010-11-13 22:00:00,0.8989,0.8998,0,0,0,0,0,0
2010-11-13 23:00:00,0.8957,0.8996,0,0,0,0,0,0
2010-11-14 00:00:00,0.896,0.8992,0,0,0,0,0,0
2010-11-14 01:00:00,0.8825,0.8974,0,0,0,0,0,0
2010-11-14 02:00:00,0.8123,0.8701,0,0,0,0,0,0
2010-11-14 03:00:00,0.8923,0.8979,0,0,0,0,0,0
2010-11-14 04:00:00,0.893,0.898,0,0,0,0,0,0
2010-11-14 05:00:00,0.8809,0.897,0,0,0,0,0,0
2010-11-14 06:00:00,0.8789,0.8974,0,0,0,0,0,0
2010-11-14 07:00:00,0.8689,0.8954,0,0,0,0,0,0
2010-11-14 08:00:00,0.8879,0.8617,0,0,0,0,0,0
2010-11-14 09:00:00,0.8985,0.8932,0,0,0,0,0,0
2010-11-14 10:00:00,0.8952,0.875,0,0,0,0,0,0
2010-11-14 11:00:00,0.8109,0.6318,0,0,0,0,0,0
2010-11-14 12:00:00,0.6131,0.3386,0,0,0,0,0,0
2010-11-14 13:00:00,0.4838,0.2235,0,0,0,0,0,0
2010-11-14 14:00:00,0.3781,0.1725,0,0,0,0,0,0
2010-11-14 15:00:00,0.2894,0.1858,0,0,0,0,0,0
2010-11-14 16:00:00,0.2272,0.1772,0,0,0,0,0,0
2010-11-14 17:00:00,0.1745,0.1237,0,0,0,0,0,0
2010-11-14 18:00:00,0.1481,0.0967,0,0,0,0,0,0
2010-11-14 19:00:00,0.1543,0.0825,0,0,0,0,0,0
2010-11-14 20:00:00,0.1647,0.1986,0,0,0,0,0,0
2010-11-14 21:00:00,0.2054,0.284,0,0,0,0,0,0
2010-11-14 22:00:00,0.1741,0.2716,0,0,0,0,0,0
2010-11-14 23:00:00,0.1724,0.2974,0,0,0,0,0,0
2010-11-15 00:00:00,0.2019,0.1538,0,0,0,0,0,0
2010-11-15 01:00:00,0.3587,0.2613,0,0,0,0,0,0
2010-11-15 02:00:00,0.3435,0.226,0,0,0,0,0,0
2010-11-15 03:00:00,0.3408,0.1922,0,0,0,0,0,0
2010-11-15 04:00:00,0.3874,0.4418,0,0,0,0,0,0
2010-11-15 05:00:00,0.4089,0.4938,0,0,0,0,0,0
2010-11-15 06:00:00,0.4426,0.5495,0,0,0,0,0,0
2010-11-15 07:00:00,0.5232,0.5865,0,0,0,0,0,0
2010-11-15 08:00:00,0.5347,0.4606,0,0,0,0,0,0
2010-11-15 09:00:00,0.5019,0.3999,0,0,0,0,0,0
2010-11-15 10:00:00,0.5667,0.4694,0,0,0,0,0,0
2010-11-15 11:00:00,0.4512,0.3456,0,0,0,0,0,0
2010-11-15 12:00:00,0.2688,0.0224,0,0,0,0,0,0
2010-11-15 13:00:00,0.1046,0.0003,0,0,0,0,0,0
2010-11-15 14:00:00,0.0371,-0.0,0,0,0,0,0,0
2010-11-15 15:00:00,0.0672,0.0,0,0,0,0,0,0
2010-11-15 16:00:00,0.1268,0.1359,0,0,0,0,0,0
2010-11-15 17:00:00,0.4574,0.4539,0,0,0,0,0,0
2010-11-15 18:00:00,0.5766,0.6417,0,0,0,0,0,0
2010-11-15 19:00:00,0.4543,0.5134,0,0,0,0,0,0
2010-11-15 20:00:00,0.4247,0.5139,0,0,0,0,0,0
2010-11-15 21:00:00,0.4245,0.5721,0,0,0,0,0,0
2010-11-15 22:00:00,0.4003,0.5224,0,0,0,0,0,0
2010-11-15 23:00:00,0.3517,0.4846,0,0,0,0,0,0
2010-11-16 00:00:00,0.3014,0.3533,0,0,0,0,0,0
2010-11-16 01:00:00,0.251,0.2829,0,0,0,0,0,0
2010-11-16 02:00:00,0.1972,0.2556,0,0,0,0,0,0
2010-11-16 03:00:00,0.1463,0.218,0,0,0,0,0,0
2010-11-16 04:00:00,0.07,0.0217,0,0,0,0,0,0
2010-11-16 05:00:00,0.0291,0.0003,0,0,0,0,0,0
2010-11-16 06:00:00,0.0077,0.0,0,0,0,0,0,0
2010-11-16 07:00:00,0.0004,-0.0,0,0,0,0,0,0
2010-11-16 08:00:00,0.0,0.0003,0,0,0,0,0,0
2010-11-16 09:00:00,0.0,0.0,0,0,0,0,0,0
2010-11-16 10:00:00,0.0009,0.0005,0,0,0,0,0,0
2010-11-16 11:00:00,0.0073,0.0022,0,0,0,0,0,0
2010-11-16 12:00:00,0.0229,0.0221,0,0,0,0,0,0
2010-11-16 13:00:00,0.0291,0.0294,0,0,0,0,0,0
2010-11-16 14:00:00,0.0444,0.033,0,0,0,0,0,0
2010-11-16 15:00:00,0.0469,0.0358,0,0,0,0,0,0
2010-11-16 16:00:00,0.0665,0.228,0,0,0,0,0,0
2010-11-16 17:00:00,0.0987,0.3561,0,0,0,0,0,0
2010-11-16 18:00:00,0.1457,0.4868,0,0,0,0,0,0
2010-11-16 19:00:00,0.2357,0.5868,0,0,0,0,0,0
2010-11-16 20:00:00,0.3835,0.3801,0,0,0,0,0,0
2010-11-16 21:00:00,0.5888,0.5737,0,0,0,0,0,0
2010-11-16 22:00:00,0.739,0.6937,0,0,0,0,0,0
2010-11-16 23:00:00,0.8009,0.7661,0,0,0,0,0,0
2010-11-17 00:00:00,0.8196,0.8817,0,0,0,0,0,0
2010-11-17 01:00:00,0.82,0.8797,0,0,0,0,0,0
2010-11-17 02:00:00,0.7898,0.8605,0,0,0,0,0,0
2010-11-17 03:00:00,0.8188,0.8716,0,0,0,0,0,0
2010-11-17 04:00:00,0.8505,0.8889,0,0,0,0,0,0
2010-11-17 05:00:00,0.8635,0.8954,0,0,0,0,0,0
2010-11-17 06:00:00,0.8779,0.8983,0,0,0,0,0,0
2010-11-17 07:00:00,0.8641,0.8977,0,0,0,0,0,0
2010-11-17 08:00:00,0.8074,0.6661,0,0,0,0,0,0
2010-11-17 09:00:00,0.7566,0.623,0,0,0,0,0,0
2010-11-17 10:00:00,0.7106,0.5804,0,0,0,0,0,0
2010-11-17 11:00:00,0.676,0.5733,0,0,0,0,0,0
2010-11-17 12:00:00,0.8584,0.8747,0,0,0,0,0,0
2010-11-17 13:00:00,0.8683,0.8666,0,0,0,0,0,0
2010-11-17 14:00:00,0.8294,0.8255,0,0,0,0,0,0
2010-11-17 15:00:00,0.7629,0.7351,0,0,0,0,0,0
2010-11-17 16:00:00,0.6628,0.6594,0,0,0,0,0,0
2010-11-17 17:00:00,0.547,0.4991,0,0,0,0,0,0
2010-11-17 18:00:00,0.4852,0.4478,0,0,0,0,0,0
2010-11-17 19:00:00,0.4129,0.3671,0,0,0,0,0,0
2010-11-17 20:00:00,0.4019,0.3874,0,0,0,0,0,0
2010-11-17 21:00:00,0.3894,0.3784,0,0,0,0,0,0
2010-11-17 22:00:00,0.4243,0.4192,0,0,0,0,0,0
2010-11-17 23:00:00,0.1824,0.1589,0,0,0,0,0,0
2010-11-18 00:00:00,0.1419,0.2746,0,0,0,0,0,0
2010-11-18 01:00:00,0.175,0.3366,0,0,0,0,0,0
2010-11-18 02:00:00,0.2239,0.4022,0,0,0,0,0,0
2010-11-18 03:00:00,0.2292,0.3744,0,0,0,0,0,0
2010-11-18 04:00:00,0.2459,0.4769,0,0,0,0,0,0
2010-11-18 05:00:00,0.2212,0.5124,0,0,0,0,0,0
2010-11-18 06:00:00,0.2127,0.5175,0,0,0,0,0,0
2010-11-18 07:00:00,0.215,0.5145,0,0,0,0,0,0
2010-11-18 08:00:00,0.2153,0.1949,0,0,0,0,0,0
2010-11-18 09:00:00,0.2109,0.1563,0,0,0,0,0,0
2010-11-18 10:00:00,0.2047,0.1221,0,0,0,0,0,0
2010-11-18 11:00:00,0.1712,0.0756,0,0,0,0,0,0
2010-11-18 12:00:00,0.1769,0.1502,0,0,0,0,0,0
2010-11-18 13:00:00,0.2038,0.2135,0,0,0,0,0,0
2010-11-18 14:00:00,0.2918,0.3519,0,0,0,0,0,0
2010-11-18 15:00:00,0.2455,0.2883,0,0,0,0,0,0
2010-11-18 16:00:00,0.2059,0.1437,0,0,0,0,0,0
2010-11-18 17:00:00,0.2252,0.1723,0,0,0,0,0,0
2010-11-18 18:00:00,0.245,0.2393,0,0,0,0,0,0
2010-11-18 19:00:00,0.2166,0.2744,0,0,0,0,0,0
2010-11-18 20:00:00,0.1804,0.3207,0,0,0,0,0,0
2010-11-18 21:00:00,0.1458,0.2145,0,0,0,0,0,0
2010-11-18 22:00:00,0.218,0.2263,0,0,0,0,0,0
2010-11-18 23:00:00,0.1462,0.152,0,0,0,0,0,0
2010-11-19 00:00:00,0.0784,0.0916,0,0,0,0,0,0
2010-11-19 01:00:00,0.0443,0.0434,0,0,0,0,0,0
2010-11-19 02:00:00,0.0296,0.0333,0,0,0,0,0,0
2010-11-19 03:00:00,0.0197,0.0231,0,0,0,0,0,0
2010-11-19 04:00:00,0.0261,0.076,0,0,0,0,0,0
2010-11-19 05:00:00,0.0352,0.0919,0,0,0,0,0,0
2010-11-19 06:00:00,0.0601,0.1195,0,0,0,0,0,0
2010-11-19 07:00:00,0.0989,0.1562,0,0,0,0,0,0
2010-11-19 08:00:00,0.1489,0.0227,0,0,0,0,0,0
2010-11-19 09:00:00,0.2035,0.0537,0,0,0,0,0,0
2010-11-19 10:00:00,0.4416,0.1728,0,0,0,0,0,0
2010-11-19 11:00:00,0.5073,0.2121,0,0,0,0,0,0
2010-11-19 12:00:00,0.4813,0.7876,0,0,0,0,0,0
2010-11-19 13:00:00,0.5371,0.8429,0,0,0,0,0,0
2010-11-19 14:00:00,0.6253,0.8705,0,0,0,0,0,0
2010-11-19 15:00:00,0.6855,0.8843,0,0,0,0,0,0
2010-11-19 16:00:00,0.7283,0.6862,0,0,0,0,0,0
2010-11-19 17:00:00,0.7509,0.7795,0,0,0,0,0,0
2010-11-19 18:00:00,0.7791,0.8168,0,0,0,0,0,0
2010-11-19 19:00:00,0.8167,0.8184,0,0,0,0,0,0
2010-11-19 20:00:00,0.8521,0.6953,0,0,0,0,0,0
2010-11-19 21:00:00,0.8731,0.812,0,0,0,0,0,0
2010-11-19 22:00:00,0.8896,0.8701,0,0,0,0,0,0
2010-11-19 23:00:00,0.8912,0.8822,0,0,0,0,0,0
2010-11-20 00:00:00,0.8917,0.8996,0,0,0,0,0,0
2010-11-20 01:00:00,0.8916,0.8996,0,0,0,0,0,0
2010-11-20 02:00:00,0.8946,0.8997,0,0,0,0,0,0
2010-11-20 03:00:00,0.8961,0.8998,0,0,0,0,0,0
2010-11-20 04:00:00,0.8854,0.8759,0,0,0,0,0,0
2010-11-20 05:00:00,0.7703,0.6989,0,0,0,0,0,0
2010-11-20 06:00:00,0.5222,0.4155,0,0,0,0,0,0
2010-11-20 07:00:00,0.3395,0.1936,0,0,0,0,0,0
2010-11-20 08:00:00,0.1755,0.1638,0,0,0,0,0,0
2010-11-20 09:00:00,0.1545,0.171,0,0,0,0,0,0
2010-11-20 10:00:00,0.3836,0.4567,0,0,0,0,0,0
2010-11-20 11:00:00,0.7303,0.8122,0,0,0,0,0,0
2010-11-20 12:00:00,0.8515,0.8594,0,0,0,0,0,0
2010-11-20 13:00:00,0.854,0.8787,0,0,0,0,0,0
2010-11-20 14:00:00,0.8498,0.8841,0,0,0,0,0,0
2010-11-20 15:00:00,0.8774,0.892,0,0,0,0,0,0
2010-11-20 16:00:00,0.8825,0.8954,0,0,0,0,0,0
2010-11-20 17:00:00,0.8847,0.8951,0,0,0,0,0,0
2010-11-20 18:00:00,0.8877,0.8937,0,0,0,0,0,0
2010-11-20 19:00:00,0.8858,0.8927,0,0,0,0,0,0
2010-11-20 20:00:00,0.8894,0.8764,0,0,0,0,0,0
2010-11-20 21:00:00,0.889,0.8813,0,0,0,0,0,0
2010-11-20 22:00:00,0.8989,0.8991,0,0,0,0,0,0
2010-11-20 23:00:00,0.8961,0.8975,0,0,0,0,0,0
2010-11-21 00:00:00,0.8918,0.8965,0,0,0,0,0,0
2010-11-21 01:00:00,0.8891,0.8945,0,0,0,0,0,0
2010-11-21 02:00:00,0.8819,0.8913,0,0,0,0,0,0
2010-11-21 03:00:00,0.8844,0.8939,0,0,0,0,0,0
2010-11-21 04:00:00,0.885,0.742,0,0,0,0,0,0
2010-11-21 05:00:00,0.8819,0.7093,0,0,0,0,0,0
2010-11-21 06:00:00,0.8553,0.5382,0,0,0,0,0,0
2010-11-21 07:00:00,0.814,0.3799,0,0,0,0,0,0
2010-11-21 08:00:00,0.7979,0.5254,0,0,0,0,0,0
2010-11-21 09:00:00,0.7954,0.551,0,0,0,0,0,0
2010-11-21 10:00:00,0.4813,0.192,0,0,0,0,0,0
2010-11-21 11:00:00,0.3971,0.1753,0,0,0,0,0,0
2010-11-21 12:00:00,0.3616,0.2731,0,0,0,0,0,0
2010-11-21 13:00:00,0.3955,0.2464,0,0,0,0,0,0
2010-11-21 14:00:00,0.4772,0.2784,0,0,0,0,0,0
2010-11-21 15:00:00,0.5368,0.3077,0,0,0,0,0,0
2010-11-21 16:00:00,0.5494,0.7408,0,0,0,0,0,0
2010-11-21 17:00:00,0.6179,0.7989,0,0,0,0,0,0
2010-11-21 18:00:00,0.6228,0.796,0,0,0,0,0,0
2010-11-21 19:00:00,0.5845,0.6915,0,0,0,0,0,0
2010-11-21 20:00:00,0.5191,0.5378,0,0,0,0,0,0
2010-11-21 21:00:00,0.4911,0.4914,0,0,0,0,0,0
2010-11-21 22:00:00,0.476,0.4159,0,0,0,0,0,0
2010-11-21 23:00:00,0.4413,0.3171,0,0,0,0,0,0
2010-11-22 00:00:00,0.4086,0.6074,0,0,0,0,0,0
2010-11-22 01:00:00,0.407,0.5532,0,0,0,0,0,0
2010-11-22 02:00:00,0.4618,0.5903,0,0,0,0,0,0
2010-11-22 03:00:00,0.5194,0.6025,0,0,0,0,0,0
2010-11-22 04:00:00,0.5432,0.6004,0,0,0,0,0,0
2010-11-22 05:00:00,0.5264,0.6174,0,0,0,0,0,0
2010-11-22 06:00:00,0.4906,0.6509,0,0,0,0,0,0
2010-11-22 07:00:00,0.4463,0.6406,0,0,0,0,0,0
2010-11-22 08:00:00,0.3867,0.308,0,0,0,0,0,0
2010-11-22 09:00:00,0.3205,0.2446,0,0,0,0,0,0
2010-11-22 10:00:00,0.1389,0.082,0,0,0,0,0,0
2010-11-22 11:00:00,0.0758,0.0236,0,0,0,0,0,0
2010-11-22 12:00:00,0.0661,0.03,0,0,0,0,0,0
2010-11-22 13:00:00,0.0963,0.0384,0,0,0,0,0,0
2010-11-22 14:00:00,0.1336,0.085,0,0,0,0,0,0
2010-11-22 15:00:00,0.1784,0.1496,0,0,0,0,0,0
2010-11-22 16:00:00,0.1943,0.2629,0,0,0,0,0,0
2010-11-22 17:00:00,0.1841,0.2496,0,0,0,0,0,0
2010-11-22 18:00:00,0.1463,0.1745,0,0,0,0,0,0
2010-11-22 19:00:00,0.1132,0.1367,0,0,0,0,0,0
2010-11-22 20:00:00,0.0844,0.0879,0,0,0,0,0,0
2010-11-22 21:00:00,0.0496,0.0248,0,0,0,0,0,0
2010-11-22 22:00:00,0.015,0.0031,0,0,0,0,0,0
2010-11-22 23:00:00,0.0057,0.0003,0,0,0,0,0,0
2010-11-23 00:00:00,0.005,0.0101,0,0,0,0,0,0
2010-11-23 01:00:00,0.0049,0.0067,0,0,0,0,0,0
2010-11-23 02:00:00,0.0086,0.0142,0,0,0,0,0,0
2010-11-23 03:00:00,0.0139,0.022,0,0,0,0,0,0
2010-11-23 04:00:00,0.0277,0.0049,0,0,0,0,0,0
2010-11-23 05:00:00,0.0427,0.0101,0,0,0,0,0,0
2010-11-23 06:00:00,0.0688,0.0338,0,0,0,0,0,0
2010-11-23 07:00:00,0.1023,0.0616,0,0,0,0,0,0
2010-11-23 08:00:00,0.1067,0.23,0,0,0,0,0,0
2010-11-23 09:00:00,0.0724,0.1965,0,0,0,0,0,0
2010-11-23 10:00:00,0.023,0.1032,0,0,0,0,0,0
2010-11-23 11:00:00,0.0058,0.0546,0,0,0,0,0,0
2010-11-23 12:00:00,0.0002,0.0,0,0,0,0,0,0
2010-11-23 13:00:00,0.0,-0.0,0,0,0,0,0,0
2010-11-23 14:00:00,0.0001,0.0,0,0,0,0,0,0
2010-11-23 15:00:00,0.0034,0.0004,0,0,0,0,0,0
2010-11-23 16:00:00,0.0153,0.0409,0,0,0,0,0,0
2010-11-23 17:00:00,0.0268,0.0631,0,0,0,0,0,0
2010-11-23 18:00:00,0.0285,0.0736,0,0,0,0,0,0
2010-11-23 19:00:00,0.0182,0.0537,0,0,0,0,0,0
2010-11-23 20:00:00,0.0068,0.0215,0,0,0,0,0,0
2010-11-23 21:00:00,0.0005,0.0029,0,0,0,0,0,0
2010-11-23 22:00:00,0.0,0.0,0,0,0,0,0,0
2010-11-23 23:00:00,0.0,-0.0,0,0,0,0,0,0
2010-11-24 00:00:00,0.0,0.0001,0,0,0,0,0,0
2010-11-24 01:00:00,0.0,0.0014,0,0,0,0,0,0
2010-11-24 02:00:00,0.0,0.0016,0,0,0,0,0,0
2010-11-24 03:00:00,0.0,0.0028,0,0,0,0,0,0
2010-11-24 04:00:00,0.0,0.0156,0,0,0,0,0,0
2010-11-24 05:00:00,0.0,0.0227,0,0,0,0,0,0
2010-11-24 06:00:00,0.0,0.0247,0,0,0,0,0,0
2010-11-24 07:00:00,0.0,0.0324,0,0,0,0,0,0
2010-11-24 08:00:00,0.0001,0.0,0,0,0,0,0,0
2010-11-24 09:00:00,0.0001,0.0001,0,0,0,0,0,0
2010-11-24 10:00:00,0.0004,0.0001,0,0,0,0,0,0
2010-11-24 11:00:00,0.0001,-0.0,0,0,0,0,0,0
2010-11-24 12:00:00,0.0001,0.0,0,0,0,0,0,0
2010-11-24 13:00:00,0.0,0.0,0,0,0,0,0,0
2010-11-24 14:00:00,0.0002,0.0001,0,0,0,0,0,0
2010-11-24 15:00:00,0.0033,0.0028,0,0,0,0,0,0
2010-11-24 16:00:00,0.0136,0.0513,0,0,0,0,0,0
2010-11-24 17:00:00,0.0267,0.0855,0,0,0,0,0,0
2010-11-24 18:00:00,0.0588,0.165,0,0,0,0,0,0
2010-11-24 19:00:00,0.1261,0.3159,0,0,0,0,0,0
2010-11-24 20:00:00,0.1795,0.1359,0,0,0,0,0,0
2010-11-24 21:00:00,0.1568,0.1016,0,0,0,0,0,0
2010-11-24 22:00:00,0.0977,0.0645,0,0,0,0,0,0
2010-11-24 23:00:00,0.1135,0.0882,0,0,0,0,0,0
2010-11-25 00:00:00,0.183,0.1343,0,0,0,0,0,0
2010-11-25 01:00:00,0.2261,0.1864,0,0,0,0,0,0
2010-11-25 02:00:00,0.2115,0.1875,0,0,0,0,0,0
2010-11-25 03:00:00,0.2343,0.2342,0,0,0,0,0,0
2010-11-25 04:00:00,0.3177,0.2399,0,0,0,0,0,0
2010-11-25 05:00:00,0.3643,0.2695,0,0,0,0,0,0
2010-11-25 06:00:00,0.5185,0.4138,0,0,0,0,0,0
2010-11-25 07:00:00,0.6154,0.5663,0,0,0,0,0,0
2010-11-25 08:00:00,0.5245,0.3834,0,0,0,0,0,0
2010-11-25 09:00:00,0.5703,0.4027,0,0,0,0,0,0
2010-11-25 10:00:00,0.7587,0.6428,0,0,0,0,0,0
2010-11-25 11:00:00,0.7702,0.7081,0,0,0,0,0,0
2010-11-25 12:00:00,0.6537,0.5668,0,0,0,0,0,0
2010-11-25 13:00:00,0.5385,0.4535,0,0,0,0,0,0
2010-11-25 14:00:00,0.4915,0.4007,0,0,0,0,0,0
2010-11-25 15:00:00,0.5028,0.3226,0,0,0,0,0,0
2010-11-25 16:00:00,0.5659,0.7957,0,0,0,0,0,0
2010-11-25 17:00:00,0.709,0.859,0,0,0,0,0,0
2010-11-25 18:00:00,0.7652,0.8803,0,0,0,0,0,0
2010-11-25 19:00:00,0.7396,0.8789,0,0,0,0,0,0
2010-11-25 20:00:00,0.5622,0.4965,0,0,0,0,0,0
2010-11-25 21:00:00,0.413,0.3517,0,0,0,0,0,0
2010-11-25 22:00:00,0.5708,0.5008,0,0,0,0,0,0
2010-11-25 23:00:00,0.4563,0.345,0,0,0,0,0,0
2010-11-26 00:00:00,0.3429,0.2446,0,0,0,0,0,0
2010-11-26 01:00:00,0.2767,0.2558,0,0,0,0,0,0
2010-11-26 02:00:00,0.3153,0.3283,0,0,0,0,0,0
2010-11-26 03:00:00,0.3698,0.3235,0,0,0,0,0,0
2010-11-26 04:00:00,0.3914,0.4058,0,0,0,0,0,0
2010-11-26 05:00:00,0.3835,0.4306,0,0,0,0,0,0
2010-11-26 06:00:00,0.3171,0.3672,0,0,0,0,0,0
2010-11-26 07:00:00,0.2905,0.3603,0,0,0,0,0,0
2010-11-26 08:00:00,0.2509,0.3593,0,0,0,0,0,0
2010-11-26 09:00:00,0.1306,0.2235,0,0,0,0,0,0
2010-11-26 10:00:00,0.0047,0.0348,0,0,0,0,0,0
2010-11-26 11:00:00,0.0003,0.0094,0,0,0,0,0,0
2010-11-26 12:00:00,0.0059,0.0532,0,0,0,0,0,0
2010-11-26 13:00:00,0.0246,0.1288,0,0,0,0,0,0
2010-11-26 14:00:00,0.0687,0.2862,0,0,0,0,0,0
2010-11-26 15:00:00,0.208,0.4924,0,0,0,0,0,0
2010-11-26 16:00:00,0.5003,0.3691,0,0,0,0,0,0
2010-11-26 17:00:00,0.6057,0.4706,0,0,0,0,0,0
2010-11-26 18:00:00,0.3745,0.2121,0,0,0,0,0,0
2010-11-26 19:00:00,0.1183,0.0523,0,0,0,0,0,0
2010-11-26 20:00:00,0.0426,0.095,0,0,0,0,0,0
2010-11-26 21:00:00,0.0462,0.0834,0,0,0,0,0,0
2010-11-26 22:00:00,0.0206,0.0545,0,0,0,0,0,0
2010-11-26 23:00:00,0.0103,0.031,0,0,0,0,0,0
2010-11-27 00:00:00,0.009,-0.0,0,0,0,0,0,0
2010-11-27 01:00:00,0.0094,-0.0,0,0,0,0,0,0
2010-11-27 02:00:00,0.0101,-0.0,0,0,0,0,0,0
2010-11-27 03:00:00,0.0387,0.0003,0,0,0,0,0,0
2010-11-27 04:00:00,0.1477,0.0703,0,0,0,0,0,0
2010-11-27 05:00:00,0.2051,0.1413,0,0,0,0,0,0
2010-11-27 06:00:00,0.2643,0.1636,0,0,0,0,0,0
2010-11-27 07:00:00,0.286,0.1161,0,0,0,0,0,0
2010-11-27 08:00:00,0.2405,0.1931,0,0,0,0,0,0
2010-11-27 09:00:00,0.1772,0.1367,0,0,0,0,0,0
2010-11-27 10:00:00,0.109,0.0865,0,0,0,0,0,0
2010-11-27 11:00:00,0.1109,0.0881,0,0,0,0,0,0
2010-11-27 12:00:00,0.127,0.2804,0,0,0,0,0,0
2010-11-27 13:00:00,0.1202,0.217,0,0,0,0,0,0
2010-11-27 14:00:00,0.1321,0.2189,0,0,0,0,0,0
2010-11-27 15:00:00,0.192,0.3475,0,0,0,0,0,0
2010-11-27 16:00:00,0.1193,0.2513,0,0,0,0,0,0
2010-11-27 17:00:00,0.0284,0.0913,0,0,0,0,0,0
2010-11-27 18:00:00,0.0037,0.0223,0,0,0,0,0,0
2010-11-27 19:00:00,0.0004,0.0086,0,0,0,0,0,0
2010-11-27 20:00:00,0.0001,0.0,0,0,0,0,0,0
2010-11-27 21:00:00,0.0001,0.0,0,0,0,0,0,0
2010-11-27 22:00:00,0.0001,0.0001,0,0,0,0,0,0
2010-11-27 23:00:00,0.0037,0.006,0,0,0,0,0,0
2010-11-28 00:00:00,0.0035,0.0179,0,0,0,0,0,0
2010-11-28 01:00:00,0.0053,0.0181,0,0,0,0,0,0
2010-11-28 02:00:00,0.0049,0.0195,0,0,0,0,0,0
2010-11-28 03:00:00,0.0019,0.0143,0,0,0,0,0,0
2010-11-28 04:00:00,0.001,-0.0,0,0,0,0,0,0
2010-11-28 05:00:00,0.0018,0.0,0,0,0,0,0,0
2010-11-28 06:00:00,0.0005,0.0,0,0,0,0,0,0
2010-11-28 07:00:00,0.0,-0.0,0,0,0,0,0,0
2010-11-28 08:00:00,0.0003,0.0062,0,0,0,0,0,0
2010-11-28 09:00:00,0.0315,0.0757,0,0,0,0,0,0
2010-11-28 10:00:00,0.1477,0.2578,0,0,0,0,0,0
2010-11-28 11:00:00,0.3551,0.5109,0,0,0,0,0,0
2010-11-28 12:00:00,0.6197,0.4546,0,0,0,0,0,0
2010-11-28 13:00:00,0.739,0.5706,0,0,0,0,0,0
2010-11-28 14:00:00,0.8557,0.7583,0,0,0,0,0,0
2010-11-28 15:00:00,0.8646,0.7599,0,0,0,0,0,0
2010-11-28 16:00:00,0.861,0.8711,0,0,0,0,0,0
2010-11-28 17:00:00,0.8008,0.8508,0,0,0,0,0,0
2010-11-28 18:00:00,0.5783,0.7314,0,0,0,0,0,0
2010-11-28 19:00:00,0.379,0.5663,0,0,0,0,0,0
2010-11-28 20:00:00,0.2197,0.0747,0,0,0,0,0,0
2010-11-28 21:00:00,0.111,0.0234,0,0,0,0,0,0
2010-11-28 22:00:00,0.0458,0.0005,0,0,0,0,0,0
2010-11-28 23:00:00,0.0278,0.0001,0,0,0,0,0,0
2010-11-29 00:00:00,0.0249,0.0078,0,0,0,0,0,0
2010-11-29 01:00:00,0.0624,0.0235,0,0,0,0,0,0
2010-11-29 02:00:00,0.173,0.0802,0,0,0,0,0,0
2010-11-29 03:00:00,0.2665,0.101,0,0,0,0,0,0
2010-11-29 04:00:00,0.2674,0.2984,0,0,0,0,0,0
2010-11-29 05:00:00,0.2216,0.2405,0,0,0,0,0,0
2010-11-29 06:00:00,0.2234,0.264,0,0,0,0,0,0
2010-11-29 07:00:00,0.2644,0.3317,0,0,0,0,0,0
2010-11-29 08:00:00,0.3297,0.6695,0,0,0,0,0,0
2010-11-29 09:00:00,0.4128,0.7214,0,0,0,0,0,0
2010-11-29 10:00:00,0.5302,0.8148,0,0,0,0,0,0
2010-11-29 11:00:00,0.4435,0.804,0,0,0,0,0,0
2010-11-29 12:00:00,0.3681,0.2996,0,0,0,0,0,0
2010-11-29 13:00:00,0.317,0.2338,0,0,0,0,0,0
2010-11-29 14:00:00,0.2607,0.1653,0,0,0,0,0,0
2010-11-29 15:00:00,0.2586,0.1496,0,0,0,0,0,0
2010-11-29 16:00:00,0.4437,0.4001,0,0,0,0,0,0
2010-11-29 17:00:00,0.7689,0.7523,0,0,0,0,0,0
2010-11-29 18:00:00,0.8585,0.8627,0,0,0,0,0,0
2010-11-29 19:00:00,0.8747,0.8764,0,0,0,0,0,0
2010-11-29 20:00:00,0.8832,0.8669,0,0,0,0,0,0
2010-11-29 21:00:00,0.8887,0.8806,0,0,0,0,0,0
2010-11-29 22:00:00,0.8945,0.8899,0,0,0,0,0,0
2010-11-29 23:00:00,0.8869,0.8813,0,0,0,0,0,0
2010-11-30 00:00:00,0.8813,0.7141,0,0,0,0,0,0
2010-11-30 01:00:00,0.8898,0.7807,0,0,0,0,0,0
2010-11-30 02:00:00,0.8958,0.8376,0,0,0,0,0,0
2010-11-30 03:00:00,0.8958,0.8369,0,0,0,0,0,0
2010-11-30 04:00:00,0.8947,0.8935,0,0,0,0,0,0
2010-11-30 05:00:00,0.895,0.8955,0,0,0,0,0,0
2010-11-30 06:00:00,0.8962,0.8972,0,0,0,0,0,0
2010-11-30 07:00:00,0.895,0.8973,0,0,0,0,0,0
2010-11-30 08:00:00,0.8904,0.8951,0,0,0,0,0,0
2010-11-30 09:00:00,0.8894,0.8959,0,0,0,0,0,0
2010-11-30 10:00:00,0.8918,0.8951,0,0,0,0,0,0
2010-11-30 11:00:00,0.8844,0.8916,0,0,0,0,0,0
2010-11-30 12:00:00,0.859,0.8971,0,0,0,0,0,0
2010-11-30 13:00:00,0.8394,0.8945,0,0,0,0,0,0
2010-11-30 14:00:00,0.8526,0.8966,0,0,0,0,0,0
2010-11-30 15:00:00,0.8642,0.898,0,0,0,0,0,0
2010-11-30 16:00:00,0.8604,0.8972,0,0,0,0,0,0
2010-11-30 17:00:00,0.8645,0.8977,0,0,0,0,0,0
2010-11-30 18:00:00,0.8684,0.8979,0,0,0,0,0,0
2010-11-30 19:00:00,0.8722,0.8985,0,0,0,0,0,0
2010-11-30 20:00:00,0.8774,0.8908,0,0,0,0,0,0
2010-11-30 21:00:00,0.8601,0.8798,0,0,0,0,0,0
2010-11-30 22:00:00,0.8481,0.8646,0,0,0,0,0,0
2010-11-30 23:00:00,0.8326,0.8484,0,0,0,0,0,0
2010-12-01 00:00:00,0.8237,0.8006,0,0,0,0,0,0
2010-12-01 01:00:00,0.8127,0.7945,0,0,0,0,0,0
2010-12-01 02:00:00,0.7815,0.7455,0,0,0,0,0,0
2010-12-01 03:00:00,0.7313,0.6595,0,0,0,0,0,0
2010-12-01 04:00:00,0.6571,0.4997,0,0,0,0,0,0
2010-12-01 05:00:00,0.6084,0.4235,0,0,0,0,0,0
2010-12-01 06:00:00,0.6082,0.3945,0,0,0,0,0,0
2010-12-01 07:00:00,0.5877,0.3267,0,0,0,0,0,0
2010-12-01 08:00:00,0.4781,0.13,0,0,0,0,0,0
2010-12-01 09:00:00,0.3315,0.0479,0,0,0,0,0,0
2010-12-01 10:00:00,0.2782,0.0226,0,0,0,0,0,0
2010-12-01 11:00:00,0.3021,0.0346,0,0,0,0,0,0
2010-12-01 12:00:00,0.3506,0.1166,0,0,0,0,0,0
2010-12-01 13:00:00,0.5581,0.2539,0,0,0,0,0,0
2010-12-01 14:00:00,0.6725,0.4437,0,0,0,0,0,0
2010-12-01 15:00:00,0.5305,0.4076,0,0,0,0,0,0
2010-12-01 16:00:00,0.2417,0.4613,0,0,0,0,0,0
2010-12-01 17:00:00,0.1209,0.2645,0,0,0,0,0,0
2010-12-01 18:00:00,0.0636,0.1628,0,0,0,0,0,0
2010-12-01 19:00:00,0.0192,0.0765,0,0,0,0,0,0
2010-12-01 20:00:00,0.0001,0.0045,0,0,0,0,0,0
2010-12-01 21:00:00,0.0,0.0012,0,0,0,0,0,0
2010-12-01 22:00:00,0.0234,0.0476,0,0,0,0,0,0
2010-12-01 23:00:00,0.1041,0.1455,0,0,0,0,0,0
2010-12-02 00:00:00,0.1429,0.2885,0,0,0,0,0,0
2010-12-02 01:00:00,0.1356,0.2796,0,0,0,0,0,0
2010-12-02 02:00:00,0.1092,0.2425,0,0,0,0,0,0
2010-12-02 03:00:00,0.115,0.2781,0,0,0,0,0,0
2010-12-02 04:00:00,0.108,0.1313,0,0,0,0,0,0
2010-12-02 05:00:00,0.1069,0.1297,0,0,0,0,0,0
2010-12-02 06:00:00,0.098,0.1468,0,0,0,0,0,0
2010-12-02 07:00:00,0.0997,0.1544,0,0,0,0,0,0
2010-12-02 08:00:00,0.108,0.2165,0,0,0,0,0,0
2010-12-02 09:00:00,0.1325,0.339,0,0,0,0,0,0
2010-12-02 10:00:00,0.125,0.3408,0,0,0,0,0,0
2010-12-02 11:00:00,0.1961,0.4499,0,0,0,0,0,0
2010-12-02 12:00:00,0.2574,0.0591,0,0,0,0,0,0
2010-12-02 13:00:00,0.3526,0.1009,0,0,0,0,0,0
2010-12-02 14:00:00,0.5424,0.1762,0,0,0,0,0,0
2010-12-02 15:00:00,0.5987,0.1971,0,0,0,0,0,0
2010-12-02 16:00:00,0.5659,0.8011,0,0,0,0,0,0
2010-12-02 17:00:00,0.5234,0.7349,0,0,0,0,0,0
2010-12-02 18:00:00,0.3763,0.5428,0,0,0,0,0,0
2010-12-02 19:00:00,0.1699,0.2526,0,0,0,0,0,0
2010-12-02 20:00:00,0.0612,0.0672,0,0,0,0,0,0
2010-12-02 21:00:00,0.0722,0.0787,0,0,0,0,0,0
2010-12-02 22:00:00,0.1856,0.1773,0,0,0,0,0,0
2010-12-02 23:00:00,0.2077,0.2292,0,0,0,0,0,0
2010-12-03 00:00:00,0.1896,0.0792,0,0,0,0,0,0
2010-12-03 01:00:00,0.298,0.1106,0,0,0,0,0,0
2010-12-03 02:00:00,0.4093,0.1568,0,0,0,0,0,0
2010-12-03 03:00:00,0.5506,0.2417,0,0,0,0,0,0
2010-12-03 04:00:00,0.6648,0.8283,0,0,0,0,0,0
2010-12-03 05:00:00,0.7177,0.8471,0,0,0,0,0,0
2010-12-03 06:00:00,0.7453,0.8378,0,0,0,0,0,0
2010-12-03 07:00:00,0.7639,0.8094,0,0,0,0,0,0
2010-12-03 08:00:00,0.7462,0.684,0,0,0,0,0,0
2010-12-03 09:00:00,0.6992,0.6596,0,0,0,0,0,0
2010-12-03 10:00:00,0.5436,0.4534,0,0,0,0,0,0
2010-12-03 11:00:00,0.4233,0.4012,0,0,0,0,0,0
2010-12-03 12:00:00,0.3187,0.3111,0,0,0,0,0,0
2010-12-03 13:00:00,0.2699,0.2305,0,0,0,0,0,0
2010-12-03 14:00:00,0.2672,0.2522,0,0,0,0,0,0
2010-12-03 15:00:00,0.2488,0.257,0,0,0,0,0,0
2010-12-03 16:00:00,0.1771,0.1689,0,0,0,0,0,0
2010-12-03 17:00:00,0.0979,0.1117,0,0,0,0,0,0
2010-12-03 18:00:00,0.0516,0.0583,0,0,0,0,0,0
2010-12-03 19:00:00,0.0159,0.0134,0,0,0,0,0,0
2010-12-03 20:00:00,0.0001,0.0118,0,0,0,0,0,0
2010-12-03 21:00:00,0.0,0.0003,0,0,0,0,0,0
2010-12-03 22:00:00,0.0004,0.0084,0,0,0,0,0,0
2010-12-03 23:00:00,0.0139,0.0299,0,0,0,0,0,0
2010-12-04 00:00:00,0.0319,0.0244,0,0,0,0,0,0
2010-12-04 01:00:00,0.0524,0.0484,0,0,0,0,0,0
2010-12-04 02:00:00,0.0808,0.1057,0,0,0,0,0,0
2010-12-04 03:00:00,0.13,0.1308,0,0,0,0,0,0
2010-12-04 04:00:00,0.2653,0.2856,0,0,0,0,0,0
2010-12-04 05:00:00,0.3812,0.4152,0,0,0,0,0,0
2010-12-04 06:00:00,0.4463,0.4945,0,0,0,0,0,0
2010-12-04 07:00:00,0.5575,0.6838,0,0,0,0,0,0
2010-12-04 08:00:00,0.6792,0.3279,0,0,0,0,0,0
2010-12-04 09:00:00,0.7633,0.4285,0,0,0,0,0,0
2010-12-04 10:00:00,0.8436,0.6656,0,0,0,0,0,0
2010-12-04 11:00:00,0.8475,0.7392,0,0,0,0,0,0
2010-12-04 12:00:00,0.8789,0.8672,0,0,0,0,0,0
2010-12-04 13:00:00,0.8632,0.8304,0,0,0,0,0,0
2010-12-04 14:00:00,0.7412,0.6287,0,0,0,0,0,0
2010-12-04 15:00:00,0.7216,0.5686,0,0,0,0,0,0
2010-12-04 16:00:00,0.7844,0.8364,0,0,0,0,0,0
2010-12-04 17:00:00,0.8062,0.8648,0,0,0,0,0,0
2010-12-04 18:00:00,0.8007,0.8747,0,0,0,0,0,0
2010-12-04 19:00:00,0.8036,0.874,0,0,0,0,0,0
2010-12-04 20:00:00,0.8133,0.6986,0,0,0,0,0,0
2010-12-04 21:00:00,0.8328,0.79,0,0,0,0,0,0
2010-12-04 22:00:00,0.8375,0.8246,0,0,0,0,0,0
2010-12-04 23:00:00,0.7988,0.8268,0,0,0,0,0,0
2010-12-05 00:00:00,0.7804,0.708,0,0,0,0,0,0
2010-12-05 01:00:00,0.5792,0.4732,0,0,0,0,0,0
2010-12-05 02:00:00,0.5073,0.3479,0,0,0,0,0,0
2010-12-05 03:00:00,0.6126,0.324,0,0,0,0,0,0
2010-12-05 04:00:00,0.5682,0.5333,0,0,0,0,0,0
2010-12-05 05:00:00,0.516,0.4345,0,0,0,0,0,0
2010-12-05 06:00:00,0.7101,0.6164,0,0,0,0,0,0
2010-12-05 07:00:00,0.7779,0.6446,0,0,0,0,0,0
2010-12-05 08:00:00,0.6582,0.8594,0,0,0,0,0,0
2010-12-05 09:00:00,0.4651,0.7909,0,0,0,0,0,0
2010-12-05 10:00:00,0.1519,0.4624,0,0,0,0,0,0
2010-12-05 11:00:00,0.2229,0.6202,0,0,0,0,0,0
2010-12-05 12:00:00,0.2286,0.3924,0,0,0,0,0,0
2010-12-05 13:00:00,0.1045,0.1617,0,0,0,0,0,0
2010-12-05 14:00:00,0.0771,0.1238,0,0,0,0,0,0
2010-12-05 15:00:00,0.1194,0.1924,0,0,0,0,0,0
2010-12-05 16:00:00,0.1022,0.279,0,0,0,0,0,0
2010-12-05 17:00:00,0.0951,0.22,0,0,0,0,0,0
2010-12-05 18:00:00,0.1736,0.3236,0,0,0,0,0,0
2010-12-05 19:00:00,0.2172,0.3331,0,0,0,0,0,0
2010-12-05 20:00:00,0.277,0.4901,0,0,0,0,0,0
2010-12-05 21:00:00,0.2734,0.5134,0,0,0,0,0,0
2010-12-05 22:00:00,0.2666,0.5616,0,0,0,0,0,0
2010-12-05 23:00:00,0.1859,0.4603,0,0,0,0,0,0
2010-12-06 00:00:00,0.1691,0.0834,0,0,0,0,0,0
2010-12-06 01:00:00,0.1462,0.0946,0,0,0,0,0,0
2010-12-06 02:00:00,0.1178,0.1086,0,0,0,0,0,0
2010-12-06 03:00:00,0.0545,0.0569,0,0,0,0,0,0
2010-12-06 04:00:00,0.0556,0.0213,0,0,0,0,0,0
2010-12-06 05:00:00,0.0482,0.0185,0,0,0,0,0,0
2010-12-06 06:00:00,0.0483,0.0133,0,0,0,0,0,0
2010-12-06 07:00:00,0.111,0.0454,0,0,0,0,0,0
2010-12-06 08:00:00,0.1683,0.2567,0,0,0,0,0,0
2010-12-06 09:00:00,0.1788,0.2615,0,0,0,0,0,0
2010-12-06 10:00:00,0.3882,0.5587,0,0,0,0,0,0
2010-12-06 11:00:00,0.2799,0.4394,0,0,0,0,0,0
2010-12-06 12:00:00,0.108,0.1312,0,0,0,0,0,0
2010-12-06 13:00:00,0.0357,0.0457,0,0,0,0,0,0
2010-12-06 14:00:00,0.0515,0.0672,0,0,0,0,0,0
2010-12-06 15:00:00,0.0535,0.0779,0,0,0,0,0,0
2010-12-06 16:00:00,0.0521,0.054,0,0,0,0,0,0
2010-12-06 17:00:00,0.0394,0.0718,0,0,0,0,0,0
2010-12-06 18:00:00,0.0193,0.0657,0,0,0,0,0,0
2010-12-06 19:00:00,0.0064,0.0295,0,0,0,0,0,0
2010-12-06 20:00:00,0.0033,0.0004,0,0,0,0,0,0
2010-12-06 21:00:00,0.0033,0.0001,0,0,0,0,0,0
2010-12-06 22:00:00,0.0096,0.0003,0,0,0,0,0,0
2010-12-06 23:00:00,0.0133,0.0025,0,0,0,0,0,0
2010-12-07 00:00:00,0.0096,0.0,0,0,0,0,0,0
2010-12-07 01:00:00,0.0227,0.0,0,0,0,0,0,0
2010-12-07 02:00:00,0.0789,0.008,0,0,0,0,0,0
2010-12-07 03:00:00,0.08,0.024,0,0,0,0,0,0
2010-12-07 04:00:00,0.0807,0.1516,0,0,0,0,0,0
2010-12-07 05:00:00,0.0951,0.1695,0,0,0,0,0,0
2010-12-07 06:00:00,0.1193,0.2278,0,0,0,0,0,0
2010-12-07 07:00:00,0.1991,0.3693,0,0,0,0,0,0
2010-12-07 08:00:00,0.2217,0.5671,0,0,0,0,0,0
2010-12-07 09:00:00,0.1552,0.4553,0,0,0,0,0,0
2010-12-07 10:00:00,0.0985,0.3286,0,0,0,0,0,0
2010-12-07 11:00:00,0.0701,0.2418,0,0,0,0,0,0
2010-12-07 12:00:00,0.0613,0.0461,0,0,0,0,0,0
2010-12-07 13:00:00,0.0204,0.0138,0,0,0,0,0,0
2010-12-07 14:00:00,0.0133,0.0048,0,0,0,0,0,0
2010-12-07 15:00:00,0.0432,0.0283,0,0,0,0,0,0
2010-12-07 16:00:00,0.0862,0.0826,0,0,0,0,0,0
2010-12-07 17:00:00,0.2403,0.2502,0,0,0,0,0,0
2010-12-07 18:00:00,0.4569,0.4806,0,0,0,0,0,0
2010-12-07 19:00:00,0.4484,0.4582,0,0,0,0,0,0
2010-12-07 20:00:00,0.2814,0.3558,0,0,0,0,0,0
2010-12-07 21:00:00,0.1579,0.269,0,0,0,0,0,0
2010-12-07 22:00:00,0.2456,0.4046,0,0,0,0,0,0
2010-12-07 23:00:00,0.2735,0.4308,0,0,0,0,0,0
2010-12-08 00:00:00,0.1539,0.2523,0,0,0,0,0,0
2010-12-08 01:00:00,0.0404,0.1013,0,0,0,0,0,0
2010-12-08 02:00:00,0.0145,0.0639,0,0,0,0,0,0
2010-12-08 03:00:00,0.0493,0.1129,0,0,0,0,0,0
2010-12-08 04:00:00,0.0937,0.0987,0,0,0,0,0,0
2010-12-08 05:00:00,0.1444,0.1447,0,0,0,0,0,0
2010-12-08 06:00:00,0.1619,0.2176,0,0,0,0,0,0
2010-12-08 07:00:00,0.1335,0.1963,0,0,0,0,0,0
2010-12-08 08:00:00,0.0947,0.0774,0,0,0,0,0,0
2010-12-08 09:00:00,0.0653,0.0391,0,0,0,0,0,0
2010-12-08 10:00:00,0.6533,0.5215,0,0,0,0,0,0
2010-12-08 11:00:00,0.883,0.8573,0,0,0,0,0,0
2010-12-08 12:00:00,0.8841,0.8739,0,0,0,0,0,0
2010-12-08 13:00:00,0.8844,0.8814,0,0,0,0,0,0
2010-12-08 14:00:00,0.8874,0.8778,0,0,0,0,0,0
2010-12-08 15:00:00,0.8844,0.8694,0,0,0,0,0,0
2010-12-08 16:00:00,0.8901,0.8997,0,0,0,0,0,0
2010-12-08 17:00:00,0.8954,0.8998,0,0,0,0,0,0
2010-12-08 18:00:00,0.8963,0.8997,0,0,0,0,0,0
2010-12-08 19:00:00,0.8893,0.8991,0,0,0,0,0,0
2010-12-08 20:00:00,0.8623,0.8974,0,0,0,0,0,0
2010-12-08 21:00:00,0.8446,0.8949,0,0,0,0,0,0
2010-12-08 22:00:00,0.8654,0.8923,0,0,0,0,0,0
2010-12-08 23:00:00,0.8688,0.8844,0,0,0,0,0,0
2010-12-09 00:00:00,0.8817,0.7704,0,0,0,0,0,0
2010-12-09 01:00:00,0.8679,0.6838,0,0,0,0,0,0
2010-12-09 02:00:00,0.7717,0.5142,0,0,0,0,0,0
2010-12-09 03:00:00,0.722,0.4421,0,0,0,0,0,0
2010-12-09 04:00:00,0.7774,0.7335,0,0,0,0,0,0
2010-12-09 05:00:00,0.8114,0.7663,0,0,0,0,0,0
2010-12-09 06:00:00,0.7508,0.6846,0,0,0,0,0,0
2010-12-09 07:00:00,0.6806,0.5833,0,0,0,0,0,0
2010-12-09 08:00:00,0.642,0.5908,0,0,0,0,0,0
2010-12-09 09:00:00,0.5917,0.5525,0,0,0,0,0,0
2010-12-09 10:00:00,0.4911,0.4991,0,0,0,0,0,0
2010-12-09 11:00:00,0.4415,0.4836,0,0,0,0,0,0
2010-12-09 12:00:00,0.5557,0.6184,0,0,0,0,0,0
2010-12-09 13:00:00,0.5578,0.6598,0,0,0,0,0,0
2010-12-09 14:00:00,0.4413,0.5179,0,0,0,0,0,0
2010-12-09 15:00:00,0.3549,0.4056,0,0,0,0,0,0
2010-12-09 16:00:00,0.3721,0.1846,0,0,0,0,0,0
2010-12-09 17:00:00,0.3613,0.1577,0,0,0,0,0,0
2010-12-09 18:00:00,0.3354,0.1219,0,0,0,0,0,0
2010-12-09 19:00:00,0.4142,0.1111,0,0,0,0,0,0
2010-12-09 20:00:00,0.4313,0.3655,0,0,0,0,0,0
2010-12-09 21:00:00,0.3429,0.2535,0,0,0,0,0,0
2010-12-09 22:00:00,0.2422,0.1519,0,0,0,0,0,0
2010-12-09 23:00:00,0.2065,0.1182,0,0,0,0,0,0
2010-12-10 00:00:00,0.1553,0.0122,0,0,0,0,0,0
2010-12-10 01:00:00,0.0796,0.0002,0,0,0,0,0,0
2010-12-10 02:00:00,0.0827,0.0005,0,0,0,0,0,0
2010-12-10 03:00:00,0.0986,0.0027,0,0,0,0,0,0
2010-12-10 04:00:00,0.0818,0.0137,0,0,0,0,0,0
2010-12-10 05:00:00,0.064,0.0031,0,0,0,0,0,0
2010-12-10 06:00:00,0.0879,0.0175,0,0,0,0,0,0
2010-12-10 07:00:00,0.1201,0.042,0,0,0,0,0,0
2010-12-10 08:00:00,0.1243,0.2194,0,0,0,0,0,0
2010-12-10 09:00:00,0.1117,0.196,0,0,0,0,0,0
2010-12-10 10:00:00,0.1117,0.1711,0,0,0,0,0,0
2010-12-10 11:00:00,0.1187,0.1439,0,0,0,0,0,0
2010-12-10 12:00:00,0.0847,0.0898,0,0,0,0,0,0
2010-12-10 13:00:00,0.0453,0.0457,0,0,0,0,0,0
2010-12-10 14:00:00,0.0373,0.0562,0,0,0,0,0,0
2010-12-10 15:00:00,0.0397,0.0447,0,0,0,0,0,0
2010-12-10 16:00:00,0.0974,0.0922,0,0,0,0,0,0
2010-12-10 17:00:00,0.1739,0.1514,0,0,0,0,0,0
2010-12-10 18:00:00,0.2292,0.225,0,0,0,0,0,0
2010-12-10 19:00:00,0.3346,0.3398,0,0,0,0,0,0
2010-12-10 20:00:00,0.3058,0.2637,0,0,0,0,0,0
2010-12-10 21:00:00,0.2235,0.1676,0,0,0,0,0,0
2010-12-10 22:00:00,0.2033,0.1569,0,0,0,0,0,0
2010-12-10 23:00:00,0.2354,0.2107,0,0,0,0,0,0
2010-12-11 00:00:00,0.2884,0.1161,0,0,0,0,0,0
2010-12-11 01:00:00,0.3391,0.1467,0,0,0,0,0,0
2010-12-11 02:00:00,0.3115,0.132,0,0,0,0,0,0
2010-12-11 03:00:00,0.2949,0.1055,0,0,0,0,0,0
2010-12-11 04:00:00,0.2791,0.3533,0,0,0,0,0,0
2010-12-11 05:00:00,0.3012,0.476,0,0,0,0,0,0
2010-12-11 06:00:00,0.426,0.5893,0,0,0,0,0,0
2010-12-11 07:00:00,0.5768,0.6964,0,0,0,0,0,0
2010-12-11 08:00:00,0.5407,0.7629,0,0,0,0,0,0
2010-12-11 09:00:00,0.3486,0.4757,0,0,0,0,0,0
2010-12-11 10:00:00,0.3079,0.3878,0,0,0,0,0,0
2010-12-11 11:00:00,0.2826,0.3064,0,0,0,0,0,0
2010-12-11 12:00:00,0.1805,0.2147,0,0,0,0,0,0
2010-12-11 13:00:00,0.095,0.0898,0,0,0,0,0,0
2010-12-11 14:00:00,0.0976,0.0874,0,0,0,0,0,0
2010-12-11 15:00:00,0.1665,0.1756,0,0,0,0,0,0
2010-12-11 16:00:00,0.3692,0.4078,0,0,0,0,0,0
2010-12-11 17:00:00,0.5175,0.5901,0,0,0,0,0,0
2010-12-11 18:00:00,0.4801,0.565,0,0,0,0,0,0
2010-12-11 19:00:00,0.4503,0.4883,0,0,0,0,0,0
2010-12-11 20:00:00,0.4688,0.5487,0,0,0,0,0,0
2010-12-11 21:00:00,0.5021,0.5494,0,0,0,0,0,0
2010-12-11 22:00:00,0.4461,0.4883,0,0,0,0,0,0
2010-12-11 23:00:00,0.3099,0.3011,0,0,0,0,0,0
2010-12-12 00:00:00,0.2461,0.2326,0,0,0,0,0,0
2010-12-12 01:00:00,0.2416,0.2302,0,0,0,0,0,0
2010-12-12 02:00:00,0.2227,0.2271,0,0,0,0,0,0
2010-12-12 03:00:00,0.1998,0.2091,0,0,0,0,0,0
2010-12-12 04:00:00,0.2864,0.1907,0,0,0,0,0,0
2010-12-12 05:00:00,0.4629,0.3945,0,0,0,0,0,0
2010-12-12 06:00:00,0.4638,0.4437,0,0,0,0,0,0
2010-12-12 07:00:00,0.462,0.4103,0,0,0,0,0,0
2010-12-12 08:00:00,0.5351,0.4639,0,0,0,0,0,0
2010-12-12 09:00:00,0.6182,0.5252,0,0,0,0,0,0
2010-12-12 10:00:00,0.7022,0.665,0,0,0,0,0,0
2010-12-12 11:00:00,0.6553,0.6148,0,0,0,0,0,0
2010-12-12 12:00:00,0.5845,0.5299,0,0,0,0,0,0
2010-12-12 13:00:00,0.4881,0.3677,0,0,0,0,0,0
2010-12-12 14:00:00,0.4443,0.3333,0,0,0,0,0,0
2010-12-12 15:00:00,0.6881,0.5738,0,0,0,0,0,0
2010-12-12 16:00:00,0.8549,0.8139,0,0,0,0,0,0
2010-12-12 17:00:00,0.8745,0.8482,0,0,0,0,0,0
2010-12-12 18:00:00,0.8631,0.823,0,0,0,0,0,0
2010-12-12 19:00:00,0.8546,0.8292,0,0,0,0,0,0
2010-12-12 20:00:00,0.8618,0.7404,0,0,0,0,0,0
2010-12-12 21:00:00,0.8412,0.6886,0,0,0,0,0,0
2010-12-12 22:00:00,0.8139,0.6322,0,0,0,0,0,0
2010-12-12 23:00:00,0.8076,0.5866,0,0,0,0,0,0
2010-12-13 00:00:00,0.8348,0.6472,0,0,0,0,0,0
2010-12-13 01:00:00,0.8421,0.688,0,0,0,0,0,0
2010-12-13 02:00:00,0.8257,0.67,0,0,0,0,0,0
2010-12-13 03:00:00,0.8371,0.6734,0,0,0,0,0,0
2010-12-13 04:00:00,0.8638,0.7765,0,0,0,0,0,0
2010-12-13 05:00:00,0.8619,0.8007,0,0,0,0,0,0
2010-12-13 06:00:00,0.856,0.8104,0,0,0,0,0,0
2010-12-13 07:00:00,0.8467,0.8164,0,0,0,0,0,0
2010-12-13 08:00:00,0.8241,0.8266,0,0,0,0,0,0
2010-12-13 09:00:00,0.8094,0.7766,0,0,0,0,0,0
2010-12-13 10:00:00,0.8501,0.8134,0,0,0,0,0,0
2010-12-13 11:00:00,0.7524,0.7237,0,0,0,0,0,0
2010-12-13 12:00:00,0.64,0.4509,0,0,0,0,0,0
2010-12-13 13:00:00,0.5315,0.4163,0,0,0,0,0,0
2010-12-13 14:00:00,0.5084,0.4659,0,0,0,0,0,0
2010-12-13 15:00:00,0.5542,0.5135,0,0,0,0,0,0
2010-12-13 16:00:00,0.6427,0.7844,0,0,0,0,0,0
2010-12-13 17:00:00,0.7538,0.8453,0,0,0,0,0,0
2010-12-13 18:00:00,0.7891,0.8308,0,0,0,0,0,0
2010-12-13 19:00:00,0.7904,0.8128,0,0,0,0,0,0
2010-12-13 20:00:00,0.7592,0.6714,0,0,0,0,0,0
2010-12-13 21:00:00,0.7057,0.5513,0,0,0,0,0,0
2010-12-13 22:00:00,0.5382,0.4039,0,0,0,0,0,0
2010-12-13 23:00:00,0.4655,0.3752,0,0,0,0,0,0
2010-12-14 00:00:00,0.4623,0.6583,0,0,0,0,0,0
2010-12-14 01:00:00,0.4242,0.5438,0,0,0,0,0,0
2010-12-14 02:00:00,0.3755,0.4519,0,0,0,0,0,0
2010-12-14 03:00:00,0.4002,0.4772,0,0,0,0,0,0
2010-12-14 04:00:00,0.388,0.2936,0,0,0,0,0,0
2010-12-14 05:00:00,0.4068,0.2591,0,0,0,0,0,0
2010-12-14 06:00:00,0.4307,0.2672,0,0,0,0,0,0
2010-12-14 07:00:00,0.4202,0.2544,0,0,0,0,0,0
2010-12-14 08:00:00,0.415,0.5727,0,0,0,0,0,0
2010-12-14 09:00:00,0.4088,0.4967,0,0,0,0,0,0
2010-12-14 10:00:00,0.3571,0.475,0,0,0,0,0,0
2010-12-14 11:00:00,0.2596,0.381,0,0,0,0,0,0
2010-12-14 12:00:00,0.2151,0.1279,0,0,0,0,0,0
2010-12-14 13:00:00,0.1712,0.1094,0,0,0,0,0,0
2010-12-14 14:00:00,0.162,0.0835,0,0,0,0,0,0
2010-12-14 15:00:00,0.2384,0.1119,0,0,0,0,0,0
2010-12-14 16:00:00,0.3623,0.4298,0,0,0,0,0,0
2010-12-14 17:00:00,0.509,0.6142,0,0,0,0,0,0
2010-12-14 18:00:00,0.6648,0.7463,0,0,0,0,0,0
2010-12-14 19:00:00,0.746,0.8292,0,0,0,0,0,0
2010-12-14 20:00:00,0.76,0.8127,0,0,0,0,0,0
2010-12-14 21:00:00,0.7435,0.7975,0,0,0,0,0,0
2010-12-14 22:00:00,0.5373,0.5813,0,0,0,0,0,0
2010-12-14 23:00:00,0.5089,0.5608,0,0,0,0,0,0
2010-12-15 00:00:00,0.5027,0.3199,0,0,0,0,0,0
2010-12-15 01:00:00,0.5118,0.366,0,0,0,0,0,0
2010-12-15 02:00:00,0.5581,0.4984,0,0,0,0,0,0
2010-12-15 03:00:00,0.5645,0.5291,0,0,0,0,0,0
2010-12-15 04:00:00,0.5121,0.2414,0,0,0,0,0,0
2010-12-15 05:00:00,0.5237,0.223,0,0,0,0,0,0
2010-12-15 06:00:00,0.5526,0.2679,0,0,0,0,0,0
2010-12-15 07:00:00,0.5629,0.2867,0,0,0,0,0,0
2010-12-15 08:00:00,0.547,0.3952,0,0,0,0,0,0
2010-12-15 09:00:00,0.5185,0.2785,0,0,0,0,0,0
2010-12-15 10:00:00,0.5371,0.2219,0,0,0,0,0,0
2010-12-15 11:00:00,0.4486,0.1631,0,0,0,0,0,0
2010-12-15 12:00:00,0.4363,0.2757,0,0,0,0,0,0
2010-12-15 13:00:00,0.4148,0.3243,0,0,0,0,0,0
2010-12-15 14:00:00,0.4947,0.4137,0,0,0,0,0,0
2010-12-15 15:00:00,0.5693,0.4885,0,0,0,0,0,0
2010-12-15 16:00:00,0.5936,0.1421,0,0,0,0,0,0
2010-12-15 17:00:00,0.5888,0.1393,0,0,0,0,0,0
2010-12-15 18:00:00,0.5013,0.103,0,0,0,0,0,0
2010-12-15 19:00:00,0.3445,0.0467,0,0,0,0,0,0
2010-12-15 20:00:00,0.267,0.271,0,0,0,0,0,0
2010-12-15 21:00:00,0.2835,0.2647,0,0,0,0,0,0
2010-12-15 22:00:00,0.3938,0.3901,0,0,0,0,0,0
2010-12-15 23:00:00,0.3281,0.3474,0,0,0,0,0,0
2010-12-16 00:00:00,0.2646,0.1768,0,0,0,0,0,0
2010-12-16 01:00:00,0.3021,0.2072,0,0,0,0,0,0
2010-12-16 02:00:00,0.4224,0.303,0,0,0,0,0,0
2010-12-16 03:00:00,0.5352,0.375,0,0,0,0,0,0
2010-12-16 04:00:00,0.6291,0.7778,0,0,0,0,0,0
2010-12-16 05:00:00,0.6131,0.7609,0,0,0,0,0,0
2010-12-16 06:00:00,0.5323,0.6897,0,0,0,0,0,0
2010-12-16 07:00:00,0.4842,0.6732,0,0,0,0,0,0
2010-12-16 08:00:00,0.3458,0.3312,0,0,0,0,0,0
2010-12-16 09:00:00,0.2673,0.2717,0,0,0,0,0,0
2010-12-16 10:00:00,0.3447,0.3719,0,0,0,0,0,0
2010-12-16 11:00:00,0.4185,0.4818,0,0,0,0,0,0
2010-12-16 12:00:00,0.6095,0.4627,0,0,0,0,0,0
2010-12-16 13:00:00,0.8467,0.7898,0,0,0,0,0,0
2010-12-16 14:00:00,0.8949,0.8863,0,0,0,0,0,0
2010-12-16 15:00:00,0.8985,0.8952,0,0,0,0,0,0
2010-12-16 16:00:00,0.8989,0.8988,0,0,0,0,0,0
2010-12-16 17:00:00,0.8994,0.8997,0,0,0,0,0,0
2010-12-16 18:00:00,0.8997,0.8998,0,0,0,0,0,0
2010-12-16 19:00:00,0.8998,0.8999,0,0,0,0,0,0
2010-12-16 20:00:00,0.8999,0.8999,0,0,0,0,0,0
2010-12-16 21:00:00,0.8999,0.8999,0,0,0,0,0,0
2010-12-16 22:00:00,0.9,0.9,0,0,0,0,0,0
2010-12-16 23:00:00,0.9,0.9,0,0,0,0,0,0
2010-12-17 00:00:00,0.9,0.9,0,0,0,0,0,0
2010-12-17 01:00:00,0.8999,0.8999,0,0,0,0,0,0
2010-12-17 02:00:00,0.8985,0.8979,0,0,0,0,0,0
2010-12-17 03:00:00,0.8604,0.7867,0,0,0,0,0,0
2010-12-17 04:00:00,0.7393,0.7055,0,0,0,0,0,0
2010-12-17 05:00:00,0.6307,0.5685,0,0,0,0,0,0
2010-12-17 06:00:00,0.5596,0.4778,0,0,0,0,0,0
2010-12-17 07:00:00,0.5017,0.4028,0,0,0,0,0,0
2010-12-17 08:00:00,0.4803,0.5744,0,0,0,0,0,0
2010-12-17 09:00:00,0.4863,0.5831,0,0,0,0,0,0
2010-12-17 10:00:00,0.3449,0.4426,0,0,0,0,0,0
2010-12-17 11:00:00,0.1605,0.2213,0,0,0,0,0,0
2010-12-17 12:00:00,0.0627,0.0336,0,0,0,0,0,0
2010-12-17 13:00:00,0.036,0.007,0,0,0,0,0,0
2010-12-17 14:00:00,0.092,0.0288,0,0,0,0,0,0
2010-12-17 15:00:00,0.148,0.0607,0,0,0,0,0,0
2010-12-17 16:00:00,0.2397,0.0925,0,0,0,0,0,0
2010-12-17 17:00:00,0.3038,0.1322,0,0,0,0,0,0
2010-12-17 18:00:00,0.2792,0.084,0,0,0,0,0,0
2010-12-17 19:00:00,0.2114,0.0615,0,0,0,0,0,0
2010-12-17 20:00:00,0.2001,0.1322,0,0,0,0,0,0
2010-12-17 21:00:00,0.1926,0.1369,0,0,0,0,0,0
2010-12-17 22:00:00,0.0977,0.0662,0,0,0,0,0,0
2010-12-17 23:00:00,0.1236,0.0706,0,0,0,0,0,0
2010-12-18 00:00:00,0.1239,0.077,0,0,0,0,0,0
2010-12-18 01:00:00,0.2211,0.2029,0,0,0,0,0,0
2010-12-18 02:00:00,0.2623,0.1818,0,0,0,0,0,0
2010-12-18 03:00:00,0.3039,0.1556,0,0,0,0,0,0
2010-12-18 04:00:00,0.439,0.4086,0,0,0,0,0,0
2010-12-18 05:00:00,0.6766,0.6668,0,0,0,0,0,0
2010-12-18 06:00:00,0.8123,0.8315,0,0,0,0,0,0
2010-12-18 07:00:00,0.7785,0.8394,0,0,0,0,0,0
2010-12-18 08:00:00,0.4739,0.6171,0,0,0,0,0,0
2010-12-18 09:00:00,0.2965,0.4167,0,0,0,0,0,0
2010-12-18 10:00:00,0.6571,0.7187,0,0,0,0,0,0
2010-12-18 11:00:00,0.658,0.6517,0,0,0,0,0,0
2010-12-18 12:00:00,0.7736,0.5516,0,0,0,0,0,0
2010-12-18 13:00:00,0.8443,0.7002,0,0,0,0,0,0
2010-12-18 14:00:00,0.8619,0.7846,0,0,0,0,0,0
2010-12-18 15:00:00,0.8545,0.804,0,0,0,0,0,0
2010-12-18 16:00:00,0.8652,0.7232,0,0,0,0,0,0
2010-12-18 17:00:00,0.8799,0.8106,0,0,0,0,0,0
2010-12-18 18:00:00,0.8716,0.7837,0,0,0,0,0,0
2010-12-18 19:00:00,0.8312,0.6944,0,0,0,0,0,0
2010-12-18 20:00:00,0.7969,0.7101,0,0,0,0,0,0
2010-12-18 21:00:00,0.7466,0.6246,0,0,0,0,0,0
2010-12-18 22:00:00,0.5256,0.4059,0,0,0,0,0,0
2010-12-18 23:00:00,0.6477,0.562,0,0,0,0,0,0
2010-12-19 00:00:00,0.8364,0.8557,0,0,0,0,0,0
2010-12-19 01:00:00,0.883,0.8823,0,0,0,0,0,0
2010-12-19 02:00:00,0.8929,0.89,0,0,0,0,0,0
2010-12-19 03:00:00,0.8942,0.8897,0,0,0,0,0,0
2010-12-19 04:00:00,0.8976,0.8577,0,0,0,0,0,0
2010-12-19 05:00:00,0.8985,0.8776,0,0,0,0,0,0
2010-12-19 06:00:00,0.8989,0.884,0,0,0,0,0,0
2010-12-19 07:00:00,0.8993,0.893,0,0,0,0,0,0
2010-12-19 08:00:00,0.8996,0.8999,0,0,0,0,0,0
2010-12-19 09:00:00,0.8998,0.8999,0,0,0,0,0,0
2010-12-19 10:00:00,0.8997,0.8999,0,0,0,0,0,0
2010-12-19 11:00:00,0.8999,0.8999,0,0,0,0,0,0
2010-12-19 12:00:00,0.9,0.9,0,0,0,0,0,0
2010-12-19 13:00:00,0.8999,0.8999,0,0,0,0,0,0
2010-12-19 14:00:00,0.899,0.8991,0,0,0,0,0,0
2010-12-19 15:00:00,0.8938,0.894,0,0,0,0,0,0
2010-12-19 16:00:00,0.7945,0.8216,0,0,0,0,0,0
2010-12-19 17:00:00,0.708,0.7675,0,0,0,0,0,0
2010-12-19 18:00:00,0.746,0.8156,0,0,0,0,0,0
2010-12-19 19:00:00,0.46,0.524,0,0,0,0,0,0
2010-12-19 20:00:00,0.193,0.1309,0,0,0,0,0,0
2010-12-19 21:00:00,0.0995,0.0599,0,0,0,0,0,0
2010-12-19 22:00:00,0.0868,0.051,0,0,0,0,0,0
2010-12-19 23:00:00,0.6598,0.5576,0,0,0,0,0,0
2010-12-20 00:00:00,0.8998,0.8999,0,0,0,0,0,0
2010-12-20 01:00:00,0.9,0.9,0,0,0,0,0,0
2010-12-20 02:00:00,0.9,0.9,0,0,0,0,0,0
2010-12-20 03:00:00,0.9,0.9,0,0,0,0,0,0
2010-12-20 04:00:00,0.8999,0.9,0,0,0,0,0,0
2010-12-20 05:00:00,0.8996,0.8999,0,0,0,0,0,0
2010-12-20 06:00:00,0.8967,0.8991,0,0,0,0,0,0
2010-12-20 07:00:00,0.8676,0.8917,0,0,0,0,0,0
2010-12-20 08:00:00,0.7538,0.7396,0,0,0,0,0,0
2010-12-20 09:00:00,0.6636,0.6554,0,0,0,0,0,0
2010-12-20 10:00:00,0.5054,0.4271,0,0,0,0,0,0
2010-12-20 11:00:00,0.5078,0.3403,0,0,0,0,0,0
2010-12-20 12:00:00,0.5793,0.6564,0,0,0,0,0,0
2010-12-20 13:00:00,0.6368,0.7485,0,0,0,0,0,0
2010-12-20 14:00:00,0.7271,0.7803,0,0,0,0,0,0
2010-12-20 15:00:00,0.8405,0.8428,0,0,0,0,0,0
2010-12-20 16:00:00,0.8775,0.8884,0,0,0,0,0,0
2010-12-20 17:00:00,0.8902,0.8955,0,0,0,0,0,0
2010-12-20 18:00:00,0.883,0.8941,0,0,0,0,0,0
2010-12-20 19:00:00,0.8675,0.8899,0,0,0,0,0,0
2010-12-20 20:00:00,0.845,0.6545,0,0,0,0,0,0
2010-12-20 21:00:00,0.6975,0.4062,0,0,0,0,0,0
2010-12-20 22:00:00,0.5305,0.208,0,0,0,0,0,0
2010-12-20 23:00:00,0.2846,0.0657,0,0,0,0,0,0
2010-12-21 00:00:00,0.1544,0.0873,0,0,0,0,0,0
2010-12-21 01:00:00,0.0489,0.0172,0,0,0,0,0,0
2010-12-21 02:00:00,0.0028,0.0001,0,0,0,0,0,0
2010-12-21 03:00:00,0.0,-0.0,0,0,0,0,0,0
2010-12-21 04:00:00,0.0001,0.0004,0,0,0,0,0,0
2010-12-21 05:00:00,0.0071,0.0231,0,0,0,0,0,0
2010-12-21 06:00:00,0.0381,0.1094,0,0,0,0,0,0
2010-12-21 07:00:00,0.0916,0.2174,0,0,0,0,0,0
2010-12-21 08:00:00,0.14,0.1621,0,0,0,0,0,0
2010-12-21 09:00:00,0.2241,0.3053,0,0,0,0,0,0
2010-12-21 10:00:00,0.4951,0.6082,0,0,0,0,0,0
2010-12-21 11:00:00,0.4299,0.4943,0,0,0,0,0,0
2010-12-21 12:00:00,0.3589,0.1013,0,0,0,0,0,0
2010-12-21 13:00:00,0.2439,0.0492,0,0,0,0,0,0
2010-12-21 14:00:00,0.1591,0.022,0,0,0,0,0,0
2010-12-21 15:00:00,0.1209,0.0147,0,0,0,0,0,0
2010-12-21 16:00:00,0.1211,0.0776,0,0,0,0,0,0
2010-12-21 17:00:00,0.131,0.0746,0,0,0,0,0,0
2010-12-21 18:00:00,0.135,0.1042,0,0,0,0,0,0
2010-12-21 19:00:00,0.1645,0.1331,0,0,0,0,0,0
2010-12-21 20:00:00,0.2155,0.2951,0,0,0,0,0,0
2010-12-21 21:00:00,0.2855,0.303,0,0,0,0,0,0
2010-12-21 22:00:00,0.2648,0.2533,0,0,0,0,0,0
2010-12-21 23:00:00,0.2198,0.1983,0,0,0,0,0,0
2010-12-22 00:00:00,0.2052,0.1006,0,0,0,0,0,0
2010-12-22 01:00:00,0.2364,0.0978,0,0,0,0,0,0
2010-12-22 02:00:00,0.2838,0.1245,0,0,0,0,0,0
2010-12-22 03:00:00,0.4075,0.2231,0,0,0,0,0,0
2010-12-22 04:00:00,0.5635,0.2659,0,0,0,0,0,0
2010-12-22 05:00:00,0.6018,0.3273,0,0,0,0,0,0
2010-12-22 06:00:00,0.6762,0.3427,0,0,0,0,0,0
2010-12-22 07:00:00,0.7329,0.4093,0,0,0,0,0,0
2010-12-22 08:00:00,0.8253,0.8739,0,0,0,0,0,0
2010-12-22 09:00:00,0.849,0.8827,0,0,0,0,0,0
2010-12-22 10:00:00,0.8906,0.8969,0,0,0,0,0,0
2010-12-22 11:00:00,0.8956,0.8985,0,0,0,0,0,0
2010-12-22 12:00:00,0.8969,0.8966,0,0,0,0,0,0
2010-12-22 13:00:00,0.8971,0.8973,0,0,0,0,0,0
2010-12-22 14:00:00,0.8967,0.8959,0,0,0,0,0,0
2010-12-22 15:00:00,0.8972,0.897,0,0,0,0,0,0
2010-12-22 16:00:00,0.8961,0.8999,0,0,0,0,0,0
2010-12-22 17:00:00,0.8962,0.8999,0,0,0,0,0,0
2010-12-22 18:00:00,0.897,0.8999,0,0,0,0,0,0
2010-12-22 19:00:00,0.8982,0.8999,0,0,0,0,0,0
2010-12-22 20:00:00,0.8983,0.8994,0,0,0,0,0,0
2010-12-22 21:00:00,0.8984,0.8997,0,0,0,0,0,0
2010-12-22 22:00:00,0.8959,0.8995,0,0,0,0,0,0
2010-12-22 23:00:00,0.8912,0.8992,0,0,0,0,0,0
2010-12-23 00:00:00,0.8887,0.8808,0,0,0,0,0,0
2010-12-23 01:00:00,0.8895,0.8788,0,0,0,0,0,0
2010-12-23 02:00:00,0.8856,0.8791,0,0,0,0,0,0
2010-12-23 03:00:00,0.8759,0.8572,0,0,0,0,0,0
2010-12-23 04:00:00,0.8708,0.8955,0,0,0,0,0,0
2010-12-23 05:00:00,0.8834,0.8983,0,0,0,0,0,0
2010-12-23 06:00:00,0.8918,0.899,0,0,0,0,0,0
2010-12-23 07:00:00,0.8917,0.8993,0,0,0,0,0,0
2010-12-23 08:00:00,0.8881,0.7321,0,0,0,0,0,0
2010-12-23 09:00:00,0.8908,0.763,0,0,0,0,0,0
2010-12-23 10:00:00,0.8971,0.8536,0,0,0,0,0,0
2010-12-23 11:00:00,0.8986,0.8706,0,0,0,0,0,0
2010-12-23 12:00:00,0.8983,0.8976,0,0,0,0,0,0
2010-12-23 13:00:00,0.8983,0.8971,0,0,0,0,0,0
2010-12-23 14:00:00,0.899,0.8974,0,0,0,0,0,0
2010-12-23 15:00:00,0.8992,0.8954,0,0,0,0,0,0
2010-12-23 16:00:00,0.899,0.8996,0,0,0,0,0,0
2010-12-23 17:00:00,0.8985,0.8996,0,0,0,0,0,0
2010-12-23 18:00:00,0.8962,0.899,0,0,0,0,0,0
2010-12-23 19:00:00,0.8914,0.8982,0,0,0,0,0,0
2010-12-23 20:00:00,0.8889,0.8602,0,0,0,0,0,0
2010-12-23 21:00:00,0.8873,0.871,0,0,0,0,0,0
2010-12-23 22:00:00,0.8614,0.8445,0,0,0,0,0,0
2010-12-23 23:00:00,0.8596,0.8431,0,0,0,0,0,0
2010-12-24 00:00:00,0.855,0.8899,0,0,0,0,0,0
2010-12-24 01:00:00,0.8818,0.8967,0,0,0,0,0,0
2010-12-24 02:00:00,0.8939,0.8991,0,0,0,0,0,0
2010-12-24 03:00:00,0.896,0.8992,0,0,0,0,0,0
2010-12-24 04:00:00,0.8949,0.8979,0,0,0,0,0,0
2010-12-24 05:00:00,0.8922,0.8975,0,0,0,0,0,0
2010-12-24 06:00:00,0.8831,0.8964,0,0,0,0,0,0
2010-12-24 07:00:00,0.8769,0.8911,0,0,0,0,0,0
2010-12-24 08:00:00,0.8706,0.8292,0,0,0,0,0,0
2010-12-24 09:00:00,0.8681,0.8097,0,0,0,0,0,0
2010-12-24 10:00:00,0.7366,0.5642,0,0,0,0,0,0
2010-12-24 11:00:00,0.738,0.5009,0,0,0,0,0,0
2010-12-24 12:00:00,0.7828,0.343,0,0,0,0,0,0
2010-12-24 13:00:00,0.8291,0.4211,0,0,0,0,0,0
2010-12-24 14:00:00,0.842,0.4592,0,0,0,0,0,0
2010-12-24 15:00:00,0.8465,0.4735,0,0,0,0,0,0
2010-12-24 16:00:00,0.8423,0.8563,0,0,0,0,0,0
2010-12-24 17:00:00,0.8575,0.8564,0,0,0,0,0,0
2010-12-24 18:00:00,0.8754,0.8765,0,0,0,0,0,0
2010-12-24 19:00:00,0.8818,0.8853,0,0,0,0,0,0
2010-12-24 20:00:00,0.8691,0.8533,0,0,0,0,0,0
2010-12-24 21:00:00,0.8276,0.8206,0,0,0,0,0,0
2010-12-24 22:00:00,0.7384,0.7061,0,0,0,0,0,0
2010-12-24 23:00:00,0.6552,0.5977,0,0,0,0,0,0
2010-12-25 00:00:00,0.691,0.829,0,0,0,0,0,0
2010-12-25 01:00:00,0.74,0.8069,0,0,0,0,0,0
2010-12-25 02:00:00,0.7451,0.7948,0,0,0,0,0,0
2010-12-25 03:00:00,0.7022,0.7738,0,0,0,0,0,0
2010-12-25 04:00:00,0.6644,0.4798,0,0,0,0,0,0
2010-12-25 05:00:00,0.6995,0.4954,0,0,0,0,0,0
2010-12-25 06:00:00,0.7418,0.5955,0,0,0,0,0,0
2010-12-25 07:00:00,0.7372,0.6339,0,0,0,0,0,0
2010-12-25 08:00:00,0.7068,0.8518,0,0,0,0,0,0
2010-12-25 09:00:00,0.7015,0.8606,0,0,0,0,0,0
2010-12-25 10:00:00,0.5984,0.8365,0,0,0,0,0,0
2010-12-25 11:00:00,0.5384,0.8094,0,0,0,0,0,0
2010-12-25 12:00:00,0.5123,0.4783,0,0,0,0,0,0
2010-12-25 13:00:00,0.4783,0.3677,0,0,0,0,0,0
2010-12-25 14:00:00,0.5176,0.3739,0,0,0,0,0,0
2010-12-25 15:00:00,0.6058,0.4088,0,0,0,0,0,0
2010-12-25 16:00:00,0.6895,0.8821,0,0,0,0,0,0
2010-12-25 17:00:00,0.7629,0.8884,0,0,0,0,0,0
2010-12-25 18:00:00,0.7831,0.8858,0,0,0,0,0,0
2010-12-25 19:00:00,0.8079,0.8899,0,0,0,0,0,0
2010-12-25 20:00:00,0.813,0.8174,0,0,0,0,0,0
2010-12-25 21:00:00,0.7829,0.747,0,0,0,0,0,0
2010-12-25 22:00:00,0.6451,0.5649,0,0,0,0,0,0
2010-12-25 23:00:00,0.508,0.4475,0,0,0,0,0,0
2010-12-26 00:00:00,0.4255,0.4241,0,0,0,0,0,0
2010-12-26 01:00:00,0.35,0.3002,0,0,0,0,0,0
2010-12-26 02:00:00,0.3135,0.2167,0,0,0,0,0,0
2010-12-26 03:00:00,0.3197,0.2473,0,0,0,0,0,0
2010-12-26 04:00:00,0.3152,0.1506,0,0,0,0,0,0
2010-12-26 05:00:00,0.3554,0.1762,0,0,0,0,0,0
2010-12-26 06:00:00,0.2496,0.1457,0,0,0,0,0,0
2010-12-26 07:00:00,0.179,0.0951,0,0,0,0,0,0
2010-12-26 08:00:00,0.2033,0.0548,0,0,0,0,0,0
2010-12-26 09:00:00,0.2421,0.0858,0,0,0,0,0,0
2010-12-26 10:00:00,0.2903,0.1209,0,0,0,0,0,0
2010-12-26 11:00:00,0.2137,0.0626,0,0,0,0,0,0
2010-12-26 12:00:00,0.1961,0.1428,0,0,0,0,0,0
2010-12-26 13:00:00,0.2023,0.1331,0,0,0,0,0,0
2010-12-26 14:00:00,0.2572,0.1792,0,0,0,0,0,0
2010-12-26 15:00:00,0.2522,0.1673,0,0,0,0,0,0
2010-12-26 16:00:00,0.3078,0.5824,0,0,0,0,0,0
2010-12-26 17:00:00,0.386,0.6938,0,0,0,0,0,0
2010-12-26 18:00:00,0.4902,0.7897,0,0,0,0,0,0
2010-12-26 19:00:00,0.7371,0.8848,0,0,0,0,0,0
2010-12-26 20:00:00,0.8034,0.8943,0,0,0,0,0,0
2010-12-26 21:00:00,0.5938,0.8581,0,0,0,0,0,0
2010-12-26 22:00:00,0.6535,0.8784,0,0,0,0,0,0
2010-12-26 23:00:00,0.6411,0.8754,0,0,0,0,0,0
2010-12-27 00:00:00,0.6371,0.612,0,0,0,0,0,0
2010-12-27 01:00:00,0.7367,0.7586,0,0,0,0,0,0
2010-12-27 02:00:00,0.7366,0.7453,0,0,0,0,0,0
2010-12-27 03:00:00,0.715,0.7188,0,0,0,0,0,0
2010-12-27 04:00:00,0.7396,0.7969,0,0,0,0,0,0
2010-12-27 05:00:00,0.7384,0.7775,0,0,0,0,0,0
2010-12-27 06:00:00,0.7172,0.7263,0,0,0,0,0,0
2010-12-27 07:00:00,0.6397,0.6063,0,0,0,0,0,0
2010-12-27 08:00:00,0.6373,0.7434,0,0,0,0,0,0
2010-12-27 09:00:00,0.6329,0.7427,0,0,0,0,0,0
2010-12-27 10:00:00,0.6521,0.7704,0,0,0,0,0,0
2010-12-27 11:00:00,0.5599,0.698,0,0,0,0,0,0
2010-12-27 12:00:00,0.3468,0.2534,0,0,0,0,0,0
2010-12-27 13:00:00,0.2888,0.2287,0,0,0,0,0,0
2010-12-27 14:00:00,0.2565,0.2451,0,0,0,0,0,0
2010-12-27 15:00:00,0.233,0.2481,0,0,0,0,0,0
2010-12-27 16:00:00,0.2068,0.2326,0,0,0,0,0,0
2010-12-27 17:00:00,0.1322,0.1081,0,0,0,0,0,0
2010-12-27 18:00:00,0.0877,0.0334,0,0,0,0,0,0
2010-12-27 19:00:00,0.105,0.0345,0,0,0,0,0,0
2010-12-27 20:00:00,0.1355,0.2079,0,0,0,0,0,0
2010-12-27 21:00:00,0.1777,0.2938,0,0,0,0,0,0
2010-12-27 22:00:00,0.1611,0.293,0,0,0,0,0,0
2010-12-27 23:00:00,0.1654,0.3073,0,0,0,0,0,0
2010-12-28 00:00:00,0.1835,0.1678,0,0,0,0,0,0
2010-12-28 01:00:00,0.2289,0.1857,0,0,0,0,0,0
2010-12-28 02:00:00,0.347,0.2735,0,0,0,0,0,0
2010-12-28 03:00:00,0.4162,0.3888,0,0,0,0,0,0
2010-12-28 04:00:00,0.4274,0.2914,0,0,0,0,0,0
2010-12-28 05:00:00,0.4007,0.2724,0,0,0,0,0,0
2010-12-28 06:00:00,0.3578,0.2146,0,0,0,0,0,0
2010-12-28 07:00:00,0.4114,0.2792,0,0,0,0,0,0
2010-12-28 08:00:00,0.5027,0.3637,0,0,0,0,0,0
2010-12-28 09:00:00,0.5132,0.3585,0,0,0,0,0,0
2010-12-28 10:00:00,0.401,0.2985,0,0,0,0,0,0
2010-12-28 11:00:00,0.3647,0.3265,0,0,0,0,0,0
2010-12-28 12:00:00,0.3198,0.1365,0,0,0,0,0,0
2010-12-28 13:00:00,0.2417,0.1004,0,0,0,0,0,0
2010-12-28 14:00:00,0.2064,0.096,0,0,0,0,0,0
2010-12-28 15:00:00,0.2274,0.0996,0,0,0,0,0,0
2010-12-28 16:00:00,0.1976,0.075,0,0,0,0,0,0
2010-12-28 17:00:00,0.172,0.0612,0,0,0,0,0,0
2010-12-28 18:00:00,0.2079,0.0902,0,0,0,0,0,0
2010-12-28 19:00:00,0.2438,0.1544,0,0,0,0,0,0
2010-12-28 20:00:00,0.236,0.177,0,0,0,0,0,0
2010-12-28 21:00:00,0.2658,0.1951,0,0,0,0,0,0
2010-12-28 22:00:00,0.2922,0.1713,0,0,0,0,0,0
2010-12-28 23:00:00,0.3209,0.1718,0,0,0,0,0,0
2010-12-29 00:00:00,0.3501,0.4173,0,0,0,0,0,0
2010-12-29 01:00:00,0.3782,0.402,0,0,0,0,0,0
2010-12-29 02:00:00,0.4289,0.4172,0,0,0,0,0,0
2010-12-29 03:00:00,0.4799,0.4271,0,0,0,0,0,0
2010-12-29 04:00:00,0.5391,0.6966,0,0,0,0,0,0
2010-12-29 05:00:00,0.5957,0.736,0,0,0,0,0,0
2010-12-29 06:00:00,0.5436,0.6747,0,0,0,0,0,0
2010-12-29 07:00:00,0.5807,0.6989,0,0,0,0,0,0
2010-12-29 08:00:00,0.5893,0.6729,0,0,0,0,0,0
2010-12-29 09:00:00,0.5311,0.6468,0,0,0,0,0,0
2010-12-29 10:00:00,0.584,0.7262,0,0,0,0,0,0
2010-12-29 11:00:00,0.5439,0.6963,0,0,0,0,0,0
2010-12-29 12:00:00,0.534,0.4764,0,0,0,0,0,0
2010-12-29 13:00:00,0.4803,0.4178,0,0,0,0,0,0
2010-12-29 14:00:00,0.4535,0.4315,0,0,0,0,0,0
2010-12-29 15:00:00,0.4336,0.5238,0,0,0,0,0,0
2010-12-29 16:00:00,0.3645,0.2657,0,0,0,0,0,0
2010-12-29 17:00:00,0.3603,0.2603,0,0,0,0,0,0
2010-12-29 18:00:00,0.3786,0.2846,0,0,0,0,0,0
2010-12-29 19:00:00,0.3054,0.2488,0,0,0,0,0,0
2010-12-29 20:00:00,0.2337,0.458,0,0,0,0,0,0
2010-12-29 21:00:00,0.2016,0.4559,0,0,0,0,0,0
2010-12-29 22:00:00,0.1979,0.4911,0,0,0,0,0,0
2010-12-29 23:00:00,0.3177,0.6559,0,0,0,0,0,0
2010-12-30 00:00:00,0.3149,0.336,0,0,0,0,0,0
2010-12-30 01:00:00,0.2524,0.2859,0,0,0,0,0,0
2010-12-30 02:00:00,0.2375,0.2509,0,0,0,0,0,0
2010-12-30 03:00:00,0.3021,0.3107,0,0,0,0,0,0
2010-12-30 04:00:00,0.3221,0.1805,0,0,0,0,0,0
2010-12-30 05:00:00,0.3334,0.2066,0,0,0,0,0,0
2010-12-30 06:00:00,0.3906,0.2874,0,0,0,0,0,0
2010-12-30 07:00:00,0.476,0.3275,0,0,0,0,0,0
2010-12-30 08:00:00,0.528,0.7826,0,0,0,0,0,0
2010-12-30 09:00:00,0.5092,0.7773,0,0,0,0,0,0
2010-12-30 10:00:00,0.4399,0.7248,0,0,0,0,0,0
2010-12-30 11:00:00,0.3811,0.6553,0,0,0,0,0,0
2010-12-30 12:00:00,0.366,0.2031,0,0,0,0,0,0
2010-12-30 13:00:00,0.3683,0.2206,0,0,0,0,0,0
2010-12-30 14:00:00,0.3749,0.2039,0,0,0,0,0,0
2010-12-30 15:00:00,0.46,0.2746,0,0,0,0,0,0
2010-12-30 16:00:00,0.5633,0.6162,0,0,0,0,0,0
2010-12-30 17:00:00,0.6274,0.6431,0,0,0,0,0,0
2010-12-30 18:00:00,0.7068,0.7323,0,0,0,0,0,0
2010-12-30 19:00:00,0.8069,0.8403,0,0,0,0,0,0
2010-12-30 20:00:00,0.8229,0.5827,0,0,0,0,0,0
2010-12-30 21:00:00,0.8096,0.5566,0,0,0,0,0,0
2010-12-30 22:00:00,0.8097,0.5888,0,0,0,0,0,0
2010-12-30 23:00:00,0.7272,0.485,0,0,0,0,0,0
2010-12-31 00:00:00,0.5677,0.7308,0,0,0,0,0,0
2010-12-31 01:00:00,0.4715,0.7018,0,0,0,0,0,0
2010-12-31 02:00:00,0.4692,0.7245,0,0,0,0,0,0
2010-12-31 03:00:00,0.5834,0.7925,0,0,0,0,0,0
2010-12-31 04:00:00,0.6379,0.8064,0,0,0,0,0,0
2010-12-31 05:00:00,0.6481,0.8193,0,0,0,0,0,0
2010-12-31 06:00:00,0.6632,0.8342,0,0,0,0,0,0
2010-12-31 07:00:00,0.6728,0.865,0,0,0,0,0,0
2010-12-31 08:00:00,0.5919,0.4754,0,0,0,0,0,0
2010-12-31 09:00:00,0.5251,0.3222,0,0,0,0,0,0
2010-12-31 10:00:00,0.5447,0.2674,0,0,0,0,0,0
2010-12-31 11:00:00,0.4514,0.1821,0,0,0,0,0,0
2010-12-31 12:00:00,0.3326,0.2429,0,0,0,0,0,0
2010-12-31 13:00:00,0.2653,0.159,0,0,0,0,0,0
2010-12-31 14:00:00,0.2713,0.1054,0,0,0,0,0,0
2010-12-31 15:00:00,0.3508,0.1126,0,0,0,0,0,0
2010-12-31 16:00:00,0.475,0.3179,0,0,0,0,0,0
2010-12-31 17:00:00,0.6486,0.5141,0,0,0,0,0,0
2010-12-31 18:00:00,0.7118,0.6263,0,0,0,0,0,0
2010-12-31 19:00:00,0.6626,0.6703,0,0,0,0,0,0
2010-12-31 20:00:00,0.5767,0.5614,0,0,0,0,0,0
2010-12-31 21:00:00,0.5288,0.5242,0,0,0,0,0,0
2010-12-31 22:00:00,0.4036,0.3258,0,0,0,0,0,0
2010-12-31 23:00:00,0.3319,0.2576,0,0,0,0,0,0
