time,Measurement,DA_1,DA_2,DA_3,HA,RT,HA_ub,HA_lb
1985-01-01 00:00:00,6.3406,6.3406,0,0,0,0,0,0
1985-01-01 01:00:00,7.3825,7.3825,0,0,0,0,0,0
1985-01-01 02:00:00,8.353,8.353,0,0,0,0,0,0
1985-01-01 03:00:00,8.9986,8.9986,0,0,0,0,0,0
1985-01-01 04:00:00,9.2703,9.2703,0,0,0,0,0,0
1985-01-01 05:00:00,8.8727,8.8727,0,0,0,0,0,0
1985-01-01 06:00:00,8.0359,8.0359,0,0,0,0,0,0
1985-01-01 07:00:00,7.4493,7.4493,0,0,0,0,0,0
1985-01-01 08:00:00,7.6723,7.6723,0,0,0,0,0,0
1985-01-01 09:00:00,8.088,8.088,0,0,0,0,0,0
1985-01-01 10:00:00,8.8115,8.8115,0,0,0,0,0,0
1985-01-01 11:00:00,8.2397,8.2397,0,0,0,0,0,0
1985-01-01 12:00:00,8.4389,8.4389,0,0,0,0,0,0
1985-01-01 13:00:00,8.6562,8.6562,0,0,0,0,0,0
1985-01-01 14:00:00,8.6866,8.6866,0,0,0,0,0,0
1985-01-01 15:00:00,9.1799,9.1799,0,0,0,0,0,0
1985-01-01 16:00:00,9.7853,9.7853,0,0,0,0,0,0
1985-01-01 17:00:00,10.523,10.523,0,0,0,0,0,0
1985-01-01 18:00:00,11.11,11.11,0,0,0,0,0,0
1985-01-01 19:00:00,11.5474,11.5474,0,0,0,0,0,0
1985-01-01 20:00:00,12.0628,12.0628,0,0,0,0,0,0
1985-01-01 21:00:00,12.7159,12.7159,0,0,0,0,0,0
1985-01-01 22:00:00,12.0489,12.0489,0,0,0,0,0,0
1985-01-01 23:00:00,11.4374,11.4374,0,0,0,0,0,0
1985-01-02 00:00:00,10.9305,10.9305,0,0,0,0,0,0
1985-01-02 01:00:00,10.5391,10.5391,0,0,0,0,0,0
1985-01-02 02:00:00,10.3284,10.3284,0,0,0,0,0,0
1985-01-02 03:00:00,10.064,10.064,0,0,0,0,0,0
1985-01-02 04:00:00,9.9867,9.9867,0,0,0,0,0,0
1985-01-02 05:00:00,10.1863,10.1863,0,0,0,0,0,0
1985-01-02 06:00:00,10.4676,10.4676,0,0,0,0,0,0
1985-01-02 07:00:00,10.3772,10.3772,0,0,0,0,0,0
1985-01-02 08:00:00,9.8835,9.8835,0,0,0,0,0,0
1985-01-02 09:00:00,9.4051,9.4051,0,0,0,0,0,0
1985-01-02 10:00:00,9.2216,9.2216,0,0,0,0,0,0
1985-01-02 11:00:00,8.6819,8.6819,0,0,0,0,0,0
1985-01-02 12:00:00,8.5908,8.5908,0,0,0,0,0,0
1985-01-02 13:00:00,8.8577,8.8577,0,0,0,0,0,0
1985-01-02 14:00:00,8.9078,8.9078,0,0,0,0,0,0
1985-01-02 15:00:00,8.739,8.739,0,0,0,0,0,0
1985-01-02 16:00:00,8.4477,8.4477,0,0,0,0,0,0
1985-01-02 17:00:00,8.5396,8.5396,0,0,0,0,0,0
1985-01-02 18:00:00,8.0215,8.0215,0,0,0,0,0,0
1985-01-02 19:00:00,7.0923,7.0923,0,0,0,0,0,0
1985-01-02 20:00:00,7.0329,7.0329,0,0,0,0,0,0
1985-01-02 21:00:00,7.9852,7.9852,0,0,0,0,0,0
1985-01-02 22:00:00,8.6623,8.6623,0,0,0,0,0,0
1985-01-02 23:00:00,8.2179,8.2179,0,0,0,0,0,0
1985-01-03 00:00:00,8.1137,8.1137,0,0,0,0,0,0
1985-01-03 01:00:00,8.2413,8.2413,0,0,0,0,0,0
1985-01-03 02:00:00,8.5015,8.5015,0,0,0,0,0,0
1985-01-03 03:00:00,9.5204,9.5204,0,0,0,0,0,0
1985-01-03 04:00:00,11.4527,11.4527,0,0,0,0,0,0
1985-01-03 05:00:00,13.2496,13.2496,0,0,0,0,0,0
1985-01-03 06:00:00,13.8977,13.8977,0,0,0,0,0,0
1985-01-03 07:00:00,14.4426,14.4426,0,0,0,0,0,0
1985-01-03 08:00:00,14.6848,14.6848,0,0,0,0,0,0
1985-01-03 09:00:00,14.9044,14.9044,0,0,0,0,0,0
1985-01-03 10:00:00,15.0834,15.0834,0,0,0,0,0,0
1985-01-03 11:00:00,14.8895,14.8895,0,0,0,0,0,0
1985-01-03 12:00:00,15.2976,15.2976,0,0,0,0,0,0
1985-01-03 13:00:00,15.4848,15.4848,0,0,0,0,0,0
1985-01-03 14:00:00,15.4032,15.4032,0,0,0,0,0,0
1985-01-03 15:00:00,14.8116,14.8116,0,0,0,0,0,0
1985-01-03 16:00:00,13.9558,13.9558,0,0,0,0,0,0
1985-01-03 17:00:00,12.6932,12.6932,0,0,0,0,0,0
1985-01-03 18:00:00,10.9366,10.9366,0,0,0,0,0,0
1985-01-03 19:00:00,8.8997,8.8997,0,0,0,0,0,0
1985-01-03 20:00:00,7.1063,7.1063,0,0,0,0,0,0
1985-01-03 21:00:00,5.8068,5.8068,0,0,0,0,0,0
1985-01-03 22:00:00,5.3546,5.3546,0,0,0,0,0,0
1985-01-03 23:00:00,4.0924,4.0924,0,0,0,0,0,0
1985-01-04 00:00:00,3.3254,3.3254,0,0,0,0,0,0
1985-01-04 01:00:00,2.939,2.939,0,0,0,0,0,0
1985-01-04 02:00:00,2.7209,2.7209,0,0,0,0,0,0
1985-01-04 03:00:00,3.0508,3.0508,0,0,0,0,0,0
1985-01-04 04:00:00,3.5816,3.5816,0,0,0,0,0,0
1985-01-04 05:00:00,3.111,3.111,0,0,0,0,0,0
1985-01-04 06:00:00,3.1128,3.1128,0,0,0,0,0,0
1985-01-04 07:00:00,4.2577,4.2577,0,0,0,0,0,0
1985-01-04 08:00:00,6.3602,6.3602,0,0,0,0,0,0
1985-01-04 09:00:00,7.2638,7.2638,0,0,0,0,0,0
1985-01-04 10:00:00,6.0628,6.0628,0,0,0,0,0,0
1985-01-04 11:00:00,4.6073,4.6073,0,0,0,0,0,0
1985-01-04 12:00:00,4.0706,4.0706,0,0,0,0,0,0
1985-01-04 13:00:00,4.8789,4.8789,0,0,0,0,0,0
1985-01-04 14:00:00,7.375,7.375,0,0,0,0,0,0
1985-01-04 15:00:00,9.0482,9.0482,0,0,0,0,0,0
1985-01-04 16:00:00,9.0985,9.0985,0,0,0,0,0,0
1985-01-04 17:00:00,8.9969,8.9969,0,0,0,0,0,0
1985-01-04 18:00:00,9.4839,9.4839,0,0,0,0,0,0
1985-01-04 19:00:00,10.3701,10.3701,0,0,0,0,0,0
1985-01-04 20:00:00,11.2503,11.2503,0,0,0,0,0,0
1985-01-04 21:00:00,11.3181,11.3181,0,0,0,0,0,0
1985-01-04 22:00:00,10.9881,10.9881,0,0,0,0,0,0
1985-01-04 23:00:00,11.104,11.104,0,0,0,0,0,0
1985-01-05 00:00:00,10.4621,10.4621,0,0,0,0,0,0
1985-01-05 01:00:00,9.855,9.855,0,0,0,0,0,0
1985-01-05 02:00:00,9.9432,9.9432,0,0,0,0,0,0
1985-01-05 03:00:00,9.9706,9.9706,0,0,0,0,0,0
1985-01-05 04:00:00,9.6386,9.6386,0,0,0,0,0,0
1985-01-05 05:00:00,9.0856,9.0856,0,0,0,0,0,0
1985-01-05 06:00:00,8.2646,8.2646,0,0,0,0,0,0
1985-01-05 07:00:00,7.2642,7.2642,0,0,0,0,0,0
1985-01-05 08:00:00,5.4659,5.4659,0,0,0,0,0,0
1985-01-05 09:00:00,4.2083,4.2083,0,0,0,0,0,0
1985-01-05 10:00:00,4.8584,4.8584,0,0,0,0,0,0
1985-01-05 11:00:00,4.5954,4.5954,0,0,0,0,0,0
1985-01-05 12:00:00,4.1468,4.1468,0,0,0,0,0,0
1985-01-05 13:00:00,2.9149,2.9149,0,0,0,0,0,0
1985-01-05 14:00:00,2.1064,2.1064,0,0,0,0,0,0
1985-01-05 15:00:00,1.9019,1.9019,0,0,0,0,0,0
1985-01-05 16:00:00,1.9756,1.9756,0,0,0,0,0,0
1985-01-05 17:00:00,2.1896,2.1896,0,0,0,0,0,0
1985-01-05 18:00:00,2.4825,2.4825,0,0,0,0,0,0
1985-01-05 19:00:00,3.1112,3.1112,0,0,0,0,0,0
1985-01-05 20:00:00,3.7027,3.7027,0,0,0,0,0,0
1985-01-05 21:00:00,3.6245,3.6245,0,0,0,0,0,0
1985-01-05 22:00:00,3.8969,3.8969,0,0,0,0,0,0
1985-01-05 23:00:00,2.881,2.881,0,0,0,0,0,0
1985-01-06 00:00:00,7.9007,7.9007,0,0,0,0,0,0
1985-01-06 01:00:00,12.7065,12.7065,0,0,0,0,0,0
1985-01-06 02:00:00,13.7685,13.7685,0,0,0,0,0,0
1985-01-06 03:00:00,14.4406,14.4406,0,0,0,0,0,0
1985-01-06 04:00:00,15.5101,15.5101,0,0,0,0,0,0
1985-01-06 05:00:00,15.7828,15.7828,0,0,0,0,0,0
1985-01-06 06:00:00,15.2636,15.2636,0,0,0,0,0,0
1985-01-06 07:00:00,14.2066,14.2066,0,0,0,0,0,0
1985-01-06 08:00:00,12.8661,12.8661,0,0,0,0,0,0
1985-01-06 09:00:00,11.2253,11.2253,0,0,0,0,0,0
1985-01-06 10:00:00,8.8011,8.8011,0,0,0,0,0,0
1985-01-06 11:00:00,6.3658,6.3658,0,0,0,0,0,0
1985-01-06 12:00:00,4.536,4.536,0,0,0,0,0,0
1985-01-06 13:00:00,3.5549,3.5549,0,0,0,0,0,0
1985-01-06 14:00:00,3.1279,3.1279,0,0,0,0,0,0
1985-01-06 15:00:00,4.1112,4.1112,0,0,0,0,0,0
1985-01-06 16:00:00,5.3764,5.3764,0,0,0,0,0,0
1985-01-06 17:00:00,6.8761,6.8761,0,0,0,0,0,0
1985-01-06 18:00:00,7.1879,7.1879,0,0,0,0,0,0
1985-01-06 19:00:00,7.3571,7.3571,0,0,0,0,0,0
1985-01-06 20:00:00,6.5975,6.5975,0,0,0,0,0,0
1985-01-06 21:00:00,6.4604,6.4604,0,0,0,0,0,0
1985-01-06 22:00:00,7.5465,7.5465,0,0,0,0,0,0
1985-01-06 23:00:00,8.6258,8.6258,0,0,0,0,0,0
1985-01-07 00:00:00,9.5862,9.5862,0,0,0,0,0,0
1985-01-07 01:00:00,8.9548,8.9548,0,0,0,0,0,0
1985-01-07 02:00:00,7.4246,7.4246,0,0,0,0,0,0
1985-01-07 03:00:00,5.5618,5.5618,0,0,0,0,0,0
1985-01-07 04:00:00,3.2849,3.2849,0,0,0,0,0,0
1985-01-07 05:00:00,2.5473,2.5473,0,0,0,0,0,0
1985-01-07 06:00:00,3.6144,3.6144,0,0,0,0,0,0
1985-01-07 07:00:00,6.9781,6.9781,0,0,0,0,0,0
1985-01-07 08:00:00,8.9411,8.9411,0,0,0,0,0,0
1985-01-07 09:00:00,10.4994,10.4994,0,0,0,0,0,0
1985-01-07 10:00:00,10.1886,10.1886,0,0,0,0,0,0
1985-01-07 11:00:00,11.5992,11.5992,0,0,0,0,0,0
1985-01-07 12:00:00,12.8931,12.8931,0,0,0,0,0,0
1985-01-07 13:00:00,13.3998,13.3998,0,0,0,0,0,0
1985-01-07 14:00:00,12.6756,12.6756,0,0,0,0,0,0
1985-01-07 15:00:00,10.8218,10.8218,0,0,0,0,0,0
1985-01-07 16:00:00,9.4206,9.4206,0,0,0,0,0,0
1985-01-07 17:00:00,9.3574,9.3574,0,0,0,0,0,0
1985-01-07 18:00:00,10.4674,10.4674,0,0,0,0,0,0
1985-01-07 19:00:00,11.6878,11.6878,0,0,0,0,0,0
1985-01-07 20:00:00,12.1338,12.1338,0,0,0,0,0,0
1985-01-07 21:00:00,11.4559,11.4559,0,0,0,0,0,0
1985-01-07 22:00:00,9.8664,9.8664,0,0,0,0,0,0
1985-01-07 23:00:00,8.4182,8.4182,0,0,0,0,0,0
1985-01-08 00:00:00,7.1244,7.1244,0,0,0,0,0,0
1985-01-08 01:00:00,6.3437,6.3437,0,0,0,0,0,0
1985-01-08 02:00:00,5.8843,5.8843,0,0,0,0,0,0
1985-01-08 03:00:00,6.5487,6.5487,0,0,0,0,0,0
1985-01-08 04:00:00,6.999,6.999,0,0,0,0,0,0
1985-01-08 05:00:00,7.3982,7.3982,0,0,0,0,0,0
1985-01-08 06:00:00,7.1155,7.1155,0,0,0,0,0,0
1985-01-08 07:00:00,6.2343,6.2343,0,0,0,0,0,0
1985-01-08 08:00:00,6.2714,6.2714,0,0,0,0,0,0
1985-01-08 09:00:00,6.3512,6.3512,0,0,0,0,0,0
1985-01-08 10:00:00,5.5511,5.5511,0,0,0,0,0,0
1985-01-08 11:00:00,4.5498,4.5498,0,0,0,0,0,0
1985-01-08 12:00:00,4.523,4.523,0,0,0,0,0,0
1985-01-08 13:00:00,4.6918,4.6918,0,0,0,0,0,0
1985-01-08 14:00:00,4.6076,4.6076,0,0,0,0,0,0
1985-01-08 15:00:00,4.7137,4.7137,0,0,0,0,0,0
1985-01-08 16:00:00,5.6452,5.6452,0,0,0,0,0,0
1985-01-08 17:00:00,7.5473,7.5473,0,0,0,0,0,0
1985-01-08 18:00:00,9.1374,9.1374,0,0,0,0,0,0
1985-01-08 19:00:00,9.9094,9.9094,0,0,0,0,0,0
1985-01-08 20:00:00,10.4357,10.4357,0,0,0,0,0,0
1985-01-08 21:00:00,10.7911,10.7911,0,0,0,0,0,0
1985-01-08 22:00:00,9.8468,9.8468,0,0,0,0,0,0
1985-01-08 23:00:00,10.0859,10.0859,0,0,0,0,0,0
1985-01-09 00:00:00,10.2879,10.2879,0,0,0,0,0,0
1985-01-09 01:00:00,10.0084,10.0084,0,0,0,0,0,0
1985-01-09 02:00:00,9.1907,9.1907,0,0,0,0,0,0
1985-01-09 03:00:00,7.326,7.326,0,0,0,0,0,0
1985-01-09 04:00:00,5.545,5.545,0,0,0,0,0,0
1985-01-09 05:00:00,3.9459,3.9459,0,0,0,0,0,0
1985-01-09 06:00:00,2.8044,2.8044,0,0,0,0,0,0
1985-01-09 07:00:00,3.2352,3.2352,0,0,0,0,0,0
1985-01-09 08:00:00,3.1816,3.1816,0,0,0,0,0,0
1985-01-09 09:00:00,3.7463,3.7463,0,0,0,0,0,0
1985-01-09 10:00:00,4.604,4.604,0,0,0,0,0,0
1985-01-09 11:00:00,6.6777,6.6777,0,0,0,0,0,0
1985-01-09 12:00:00,9.774,9.774,0,0,0,0,0,0
1985-01-09 13:00:00,11.5787,11.5787,0,0,0,0,0,0
1985-01-09 14:00:00,12.8314,12.8314,0,0,0,0,0,0
1985-01-09 15:00:00,14.2299,14.2299,0,0,0,0,0,0
1985-01-09 16:00:00,14.9605,14.9605,0,0,0,0,0,0
1985-01-09 17:00:00,14.8635,14.8635,0,0,0,0,0,0
1985-01-09 18:00:00,14.144,14.144,0,0,0,0,0,0
1985-01-09 19:00:00,13.4597,13.4597,0,0,0,0,0,0
1985-01-09 20:00:00,12.8367,12.8367,0,0,0,0,0,0
1985-01-09 21:00:00,12.2847,12.2847,0,0,0,0,0,0
1985-01-09 22:00:00,11.8295,11.8295,0,0,0,0,0,0
1985-01-09 23:00:00,10.9635,10.9635,0,0,0,0,0,0
1985-01-10 00:00:00,10.4816,10.4816,0,0,0,0,0,0
1985-01-10 01:00:00,9.8438,9.8438,0,0,0,0,0,0
1985-01-10 02:00:00,9.0334,9.0334,0,0,0,0,0,0
1985-01-10 03:00:00,8.4408,8.4408,0,0,0,0,0,0
1985-01-10 04:00:00,7.8528,7.8528,0,0,0,0,0,0
1985-01-10 05:00:00,7.4722,7.4722,0,0,0,0,0,0
1985-01-10 06:00:00,6.8716,6.8716,0,0,0,0,0,0
1985-01-10 07:00:00,6.3189,6.3189,0,0,0,0,0,0
1985-01-10 08:00:00,5.6944,5.6944,0,0,0,0,0,0
1985-01-10 09:00:00,5.2758,5.2758,0,0,0,0,0,0
1985-01-10 10:00:00,4.8333,4.8333,0,0,0,0,0,0
1985-01-10 11:00:00,3.9755,3.9755,0,0,0,0,0,0
1985-01-10 12:00:00,3.0554,3.0554,0,0,0,0,0,0
1985-01-10 13:00:00,2.903,2.903,0,0,0,0,0,0
1985-01-10 14:00:00,3.0472,3.0472,0,0,0,0,0,0
1985-01-10 15:00:00,2.7392,2.7392,0,0,0,0,0,0
1985-01-10 16:00:00,2.6808,2.6808,0,0,0,0,0,0
1985-01-10 17:00:00,2.9206,2.9206,0,0,0,0,0,0
1985-01-10 18:00:00,2.5709,2.5709,0,0,0,0,0,0
1985-01-10 19:00:00,2.2436,2.2436,0,0,0,0,0,0
1985-01-10 20:00:00,2.8533,2.8533,0,0,0,0,0,0
1985-01-10 21:00:00,4.3489,4.3489,0,0,0,0,0,0
1985-01-10 22:00:00,4.665,4.665,0,0,0,0,0,0
1985-01-10 23:00:00,5.7416,5.7416,0,0,0,0,0,0
1985-01-11 00:00:00,6.2941,6.2941,0,0,0,0,0,0
1985-01-11 01:00:00,6.2685,6.2685,0,0,0,0,0,0
1985-01-11 02:00:00,6.0374,6.0374,0,0,0,0,0,0
1985-01-11 03:00:00,5.809,5.809,0,0,0,0,0,0
1985-01-11 04:00:00,4.5279,4.5279,0,0,0,0,0,0
1985-01-11 05:00:00,2.8518,2.8518,0,0,0,0,0,0
1985-01-11 06:00:00,2.347,2.347,0,0,0,0,0,0
1985-01-11 07:00:00,1.8976,1.8976,0,0,0,0,0,0
1985-01-11 08:00:00,1.3881,1.3881,0,0,0,0,0,0
1985-01-11 09:00:00,1.1528,1.1528,0,0,0,0,0,0
1985-01-11 10:00:00,1.8963,1.8963,0,0,0,0,0,0
1985-01-11 11:00:00,2.3389,2.3389,0,0,0,0,0,0
1985-01-11 12:00:00,2.356,2.356,0,0,0,0,0,0
1985-01-11 13:00:00,2.102,2.102,0,0,0,0,0,0
1985-01-11 14:00:00,1.9599,1.9599,0,0,0,0,0,0
1985-01-11 15:00:00,1.5304,1.5304,0,0,0,0,0,0
1985-01-11 16:00:00,1.855,1.855,0,0,0,0,0,0
1985-01-11 17:00:00,3.1007,3.1007,0,0,0,0,0,0
1985-01-11 18:00:00,4.0986,4.0986,0,0,0,0,0,0
1985-01-11 19:00:00,5.0268,5.0268,0,0,0,0,0,0
1985-01-11 20:00:00,5.9354,5.9354,0,0,0,0,0,0
1985-01-11 21:00:00,6.6697,6.6697,0,0,0,0,0,0
1985-01-11 22:00:00,6.352,6.352,0,0,0,0,0,0
1985-01-11 23:00:00,6.6394,6.6394,0,0,0,0,0,0
1985-01-12 00:00:00,5.9909,5.9909,0,0,0,0,0,0
1985-01-12 01:00:00,5.6376,5.6376,0,0,0,0,0,0
1985-01-12 02:00:00,5.3773,5.3773,0,0,0,0,0,0
1985-01-12 03:00:00,4.8816,4.8816,0,0,0,0,0,0
1985-01-12 04:00:00,4.3551,4.3551,0,0,0,0,0,0
1985-01-12 05:00:00,3.7566,3.7566,0,0,0,0,0,0
1985-01-12 06:00:00,3.4115,3.4115,0,0,0,0,0,0
1985-01-12 07:00:00,3.9154,3.9154,0,0,0,0,0,0
1985-01-12 08:00:00,4.4689,4.4689,0,0,0,0,0,0
1985-01-12 09:00:00,4.2915,4.2915,0,0,0,0,0,0
1985-01-12 10:00:00,3.4845,3.4845,0,0,0,0,0,0
1985-01-12 11:00:00,2.3959,2.3959,0,0,0,0,0,0
1985-01-12 12:00:00,1.2194,1.2194,0,0,0,0,0,0
1985-01-12 13:00:00,1.8003,1.8003,0,0,0,0,0,0
1985-01-12 14:00:00,3.2127,3.2127,0,0,0,0,0,0
1985-01-12 15:00:00,4.1494,4.1494,0,0,0,0,0,0
1985-01-12 16:00:00,4.6039,4.6039,0,0,0,0,0,0
1985-01-12 17:00:00,4.5864,4.5864,0,0,0,0,0,0
1985-01-12 18:00:00,4.2331,4.2331,0,0,0,0,0,0
1985-01-12 19:00:00,3.7722,3.7722,0,0,0,0,0,0
1985-01-12 20:00:00,3.5024,3.5024,0,0,0,0,0,0
1985-01-12 21:00:00,4.1733,4.1733,0,0,0,0,0,0
1985-01-12 22:00:00,4.5846,4.5846,0,0,0,0,0,0
1985-01-12 23:00:00,4.8502,4.8502,0,0,0,0,0,0
1985-01-13 00:00:00,4.1725,4.1725,0,0,0,0,0,0
1985-01-13 01:00:00,3.1519,3.1519,0,0,0,0,0,0
1985-01-13 02:00:00,2.627,2.627,0,0,0,0,0,0
1985-01-13 03:00:00,3.082,3.082,0,0,0,0,0,0
1985-01-13 04:00:00,3.6397,3.6397,0,0,0,0,0,0
1985-01-13 05:00:00,4.1167,4.1167,0,0,0,0,0,0
1985-01-13 06:00:00,5.3515,5.3515,0,0,0,0,0,0
1985-01-13 07:00:00,7.9538,7.9538,0,0,0,0,0,0
1985-01-13 08:00:00,9.917,9.917,0,0,0,0,0,0
1985-01-13 09:00:00,10.8476,10.8476,0,0,0,0,0,0
1985-01-13 10:00:00,11.4599,11.4599,0,0,0,0,0,0
1985-01-13 11:00:00,10.891,10.891,0,0,0,0,0,0
1985-01-13 12:00:00,10.286,10.286,0,0,0,0,0,0
1985-01-13 13:00:00,9.1249,9.1249,0,0,0,0,0,0
1985-01-13 14:00:00,8.1228,8.1228,0,0,0,0,0,0
1985-01-13 15:00:00,7.3894,7.3894,0,0,0,0,0,0
1985-01-13 16:00:00,6.6782,6.6782,0,0,0,0,0,0
1985-01-13 17:00:00,5.8839,5.8839,0,0,0,0,0,0
1985-01-13 18:00:00,5.0913,5.0913,0,0,0,0,0,0
1985-01-13 19:00:00,4.8197,4.8197,0,0,0,0,0,0
1985-01-13 20:00:00,4.9353,4.9353,0,0,0,0,0,0
1985-01-13 21:00:00,4.9447,4.9447,0,0,0,0,0,0
1985-01-13 22:00:00,3.7201,3.7201,0,0,0,0,0,0
1985-01-13 23:00:00,4.5929,4.5929,0,0,0,0,0,0
1985-01-14 00:00:00,5.0072,5.0072,0,0,0,0,0,0
1985-01-14 01:00:00,5.3389,5.3389,0,0,0,0,0,0
1985-01-14 02:00:00,5.6979,5.6979,0,0,0,0,0,0
1985-01-14 03:00:00,6.0905,6.0905,0,0,0,0,0,0
1985-01-14 04:00:00,6.6836,6.6836,0,0,0,0,0,0
1985-01-14 05:00:00,7.1869,7.1869,0,0,0,0,0,0
1985-01-14 06:00:00,7.7222,7.7222,0,0,0,0,0,0
1985-01-14 07:00:00,8.2442,8.2442,0,0,0,0,0,0
1985-01-14 08:00:00,8.4179,8.4179,0,0,0,0,0,0
1985-01-14 09:00:00,8.3306,8.3306,0,0,0,0,0,0
1985-01-14 10:00:00,7.1295,7.1295,0,0,0,0,0,0
1985-01-14 11:00:00,6.6262,6.6262,0,0,0,0,0,0
1985-01-14 12:00:00,6.3234,6.3234,0,0,0,0,0,0
1985-01-14 13:00:00,5.3163,5.3163,0,0,0,0,0,0
1985-01-14 14:00:00,4.965,4.965,0,0,0,0,0,0
1985-01-14 15:00:00,4.5833,4.5833,0,0,0,0,0,0
1985-01-14 16:00:00,4.0653,4.0653,0,0,0,0,0,0
1985-01-14 17:00:00,3.4235,3.4235,0,0,0,0,0,0
1985-01-14 18:00:00,2.8023,2.8023,0,0,0,0,0,0
1985-01-14 19:00:00,2.3057,2.3057,0,0,0,0,0,0
1985-01-14 20:00:00,1.9704,1.9704,0,0,0,0,0,0
1985-01-14 21:00:00,1.7563,1.7563,0,0,0,0,0,0
1985-01-14 22:00:00,2.9172,2.9172,0,0,0,0,0,0
1985-01-14 23:00:00,2.7539,2.7539,0,0,0,0,0,0
1985-01-15 00:00:00,2.397,2.397,0,0,0,0,0,0
1985-01-15 01:00:00,2.1191,2.1191,0,0,0,0,0,0
1985-01-15 02:00:00,2.2845,2.2845,0,0,0,0,0,0
1985-01-15 03:00:00,2.6575,2.6575,0,0,0,0,0,0
1985-01-15 04:00:00,3.0579,3.0579,0,0,0,0,0,0
1985-01-15 05:00:00,3.5053,3.5053,0,0,0,0,0,0
1985-01-15 06:00:00,3.8752,3.8752,0,0,0,0,0,0
1985-01-15 07:00:00,4.1628,4.1628,0,0,0,0,0,0
1985-01-15 08:00:00,4.2348,4.2348,0,0,0,0,0,0
1985-01-15 09:00:00,3.8332,3.8332,0,0,0,0,0,0
1985-01-15 10:00:00,3.2839,3.2839,0,0,0,0,0,0
1985-01-15 11:00:00,3.8963,3.8963,0,0,0,0,0,0
1985-01-15 12:00:00,4.1996,4.1996,0,0,0,0,0,0
1985-01-15 13:00:00,4.0263,4.0263,0,0,0,0,0,0
1985-01-15 14:00:00,3.7541,3.7541,0,0,0,0,0,0
1985-01-15 15:00:00,3.239,3.239,0,0,0,0,0,0
1985-01-15 16:00:00,2.4536,2.4536,0,0,0,0,0,0
1985-01-15 17:00:00,1.7399,1.7399,0,0,0,0,0,0
1985-01-15 18:00:00,0.6419,0.6419,0,0,0,0,0,0
1985-01-15 19:00:00,0.7439,0.7439,0,0,0,0,0,0
1985-01-15 20:00:00,1.8454,1.8454,0,0,0,0,0,0
1985-01-15 21:00:00,2.4719,2.4719,0,0,0,0,0,0
1985-01-15 22:00:00,2.3688,2.3688,0,0,0,0,0,0
1985-01-15 23:00:00,1.6184,1.6184,0,0,0,0,0,0
1985-01-16 00:00:00,1.2972,1.2972,0,0,0,0,0,0
1985-01-16 01:00:00,1.6167,1.6167,0,0,0,0,0,0
1985-01-16 02:00:00,2.3635,2.3635,0,0,0,0,0,0
1985-01-16 03:00:00,3.142,3.142,0,0,0,0,0,0
1985-01-16 04:00:00,3.7205,3.7205,0,0,0,0,0,0
1985-01-16 05:00:00,3.7448,3.7448,0,0,0,0,0,0
1985-01-16 06:00:00,3.1436,3.1436,0,0,0,0,0,0
1985-01-16 07:00:00,2.8447,2.8447,0,0,0,0,0,0
1985-01-16 08:00:00,2.7552,2.7552,0,0,0,0,0,0
1985-01-16 09:00:00,3.1375,3.1375,0,0,0,0,0,0
1985-01-16 10:00:00,3.6609,3.6609,0,0,0,0,0,0
1985-01-16 11:00:00,3.5251,3.5251,0,0,0,0,0,0
1985-01-16 12:00:00,2.8184,2.8184,0,0,0,0,0,0
1985-01-16 13:00:00,2.8082,2.8082,0,0,0,0,0,0
1985-01-16 14:00:00,3.3485,3.3485,0,0,0,0,0,0
1985-01-16 15:00:00,3.5226,3.5226,0,0,0,0,0,0
1985-01-16 16:00:00,3.4633,3.4633,0,0,0,0,0,0
1985-01-16 17:00:00,3.6793,3.6793,0,0,0,0,0,0
1985-01-16 18:00:00,3.8465,3.8465,0,0,0,0,0,0
1985-01-16 19:00:00,3.4894,3.4894,0,0,0,0,0,0
1985-01-16 20:00:00,2.7997,2.7997,0,0,0,0,0,0
1985-01-16 21:00:00,2.3402,2.3402,0,0,0,0,0,0
1985-01-16 22:00:00,2.3654,2.3654,0,0,0,0,0,0
1985-01-16 23:00:00,1.7827,1.7827,0,0,0,0,0,0
1985-01-17 00:00:00,1.0642,1.0642,0,0,0,0,0,0
1985-01-17 01:00:00,0.7335,0.7335,0,0,0,0,0,0
1985-01-17 02:00:00,0.5649,0.5649,0,0,0,0,0,0
1985-01-17 03:00:00,0.7872,0.7872,0,0,0,0,0,0
1985-01-17 04:00:00,1.4034,1.4034,0,0,0,0,0,0
1985-01-17 05:00:00,2.2217,2.2217,0,0,0,0,0,0
1985-01-17 06:00:00,2.8519,2.8519,0,0,0,0,0,0
1985-01-17 07:00:00,3.3775,3.3775,0,0,0,0,0,0
1985-01-17 08:00:00,3.8047,3.8047,0,0,0,0,0,0
1985-01-17 09:00:00,4.2698,4.2698,0,0,0,0,0,0
1985-01-17 10:00:00,4.805,4.805,0,0,0,0,0,0
1985-01-17 11:00:00,5.42,5.42,0,0,0,0,0,0
1985-01-17 12:00:00,5.7483,5.7483,0,0,0,0,0,0
1985-01-17 13:00:00,5.805,5.805,0,0,0,0,0,0
1985-01-17 14:00:00,5.6829,5.6829,0,0,0,0,0,0
1985-01-17 15:00:00,5.5563,5.5563,0,0,0,0,0,0
1985-01-17 16:00:00,4.7362,4.7362,0,0,0,0,0,0
1985-01-17 17:00:00,3.8906,3.8906,0,0,0,0,0,0
1985-01-17 18:00:00,3.2843,3.2843,0,0,0,0,0,0
1985-01-17 19:00:00,3.173,3.173,0,0,0,0,0,0
1985-01-17 20:00:00,3.383,3.383,0,0,0,0,0,0
1985-01-17 21:00:00,3.5306,3.5306,0,0,0,0,0,0
1985-01-17 22:00:00,3.8177,3.8177,0,0,0,0,0,0
1985-01-17 23:00:00,3.1343,3.1343,0,0,0,0,0,0
1985-01-18 00:00:00,2.6334,2.6334,0,0,0,0,0,0
1985-01-18 01:00:00,2.4116,2.4116,0,0,0,0,0,0
1985-01-18 02:00:00,2.3982,2.3982,0,0,0,0,0,0
1985-01-18 03:00:00,2.3234,2.3234,0,0,0,0,0,0
1985-01-18 04:00:00,1.942,1.942,0,0,0,0,0,0
1985-01-18 05:00:00,1.6228,1.6228,0,0,0,0,0,0
1985-01-18 06:00:00,1.5014,1.5014,0,0,0,0,0,0
1985-01-18 07:00:00,1.475,1.475,0,0,0,0,0,0
1985-01-18 08:00:00,1.5195,1.5195,0,0,0,0,0,0
1985-01-18 09:00:00,1.4023,1.4023,0,0,0,0,0,0
1985-01-18 10:00:00,2.0307,2.0307,0,0,0,0,0,0
1985-01-18 11:00:00,1.3914,1.3914,0,0,0,0,0,0
1985-01-18 12:00:00,0.5496,0.5496,0,0,0,0,0,0
1985-01-18 13:00:00,0.9587,0.9587,0,0,0,0,0,0
1985-01-18 14:00:00,2.2695,2.2695,0,0,0,0,0,0
1985-01-18 15:00:00,3.6878,3.6878,0,0,0,0,0,0
1985-01-18 16:00:00,4.7192,4.7192,0,0,0,0,0,0
1985-01-18 17:00:00,5.1773,5.1773,0,0,0,0,0,0
1985-01-18 18:00:00,5.5821,5.5821,0,0,0,0,0,0
1985-01-18 19:00:00,6.4038,6.4038,0,0,0,0,0,0
1985-01-18 20:00:00,7.2931,7.2931,0,0,0,0,0,0
1985-01-18 21:00:00,7.291,7.291,0,0,0,0,0,0
1985-01-18 22:00:00,6.3156,6.3156,0,0,0,0,0,0
1985-01-18 23:00:00,5.8475,5.8475,0,0,0,0,0,0
1985-01-19 00:00:00,5.5517,5.5517,0,0,0,0,0,0
1985-01-19 01:00:00,5.4405,5.4405,0,0,0,0,0,0
1985-01-19 02:00:00,5.0514,5.0514,0,0,0,0,0,0
1985-01-19 03:00:00,4.6781,4.6781,0,0,0,0,0,0
1985-01-19 04:00:00,4.4944,4.4944,0,0,0,0,0,0
1985-01-19 05:00:00,4.3805,4.3805,0,0,0,0,0,0
1985-01-19 06:00:00,4.2776,4.2776,0,0,0,0,0,0
1985-01-19 07:00:00,4.0045,4.0045,0,0,0,0,0,0
1985-01-19 08:00:00,3.3644,3.3644,0,0,0,0,0,0
1985-01-19 09:00:00,2.5606,2.5606,0,0,0,0,0,0
1985-01-19 10:00:00,1.35,1.35,0,0,0,0,0,0
1985-01-19 11:00:00,1.5308,1.5308,0,0,0,0,0,0
1985-01-19 12:00:00,2.275,2.275,0,0,0,0,0,0
1985-01-19 13:00:00,2.9639,2.9639,0,0,0,0,0,0
1985-01-19 14:00:00,3.5301,3.5301,0,0,0,0,0,0
1985-01-19 15:00:00,3.8669,3.8669,0,0,0,0,0,0
1985-01-19 16:00:00,4.0638,4.0638,0,0,0,0,0,0
1985-01-19 17:00:00,4.1803,4.1803,0,0,0,0,0,0
1985-01-19 18:00:00,4.3668,4.3668,0,0,0,0,0,0
1985-01-19 19:00:00,4.2736,4.2736,0,0,0,0,0,0
1985-01-19 20:00:00,4.3942,4.3942,0,0,0,0,0,0
1985-01-19 21:00:00,4.4541,4.4541,0,0,0,0,0,0
1985-01-19 22:00:00,3.9128,3.9128,0,0,0,0,0,0
1985-01-19 23:00:00,4.3729,4.3729,0,0,0,0,0,0
1985-01-20 00:00:00,5.5232,5.5232,0,0,0,0,0,0
1985-01-20 01:00:00,6.7957,6.7957,0,0,0,0,0,0
1985-01-20 02:00:00,7.6529,7.6529,0,0,0,0,0,0
1985-01-20 03:00:00,7.9095,7.9095,0,0,0,0,0,0
1985-01-20 04:00:00,7.9352,7.9352,0,0,0,0,0,0
1985-01-20 05:00:00,7.7937,7.7937,0,0,0,0,0,0
1985-01-20 06:00:00,7.8392,7.8392,0,0,0,0,0,0
1985-01-20 07:00:00,8.0572,8.0572,0,0,0,0,0,0
1985-01-20 08:00:00,8.0968,8.0968,0,0,0,0,0,0
1985-01-20 09:00:00,7.8534,7.8534,0,0,0,0,0,0
1985-01-20 10:00:00,7.2216,7.2216,0,0,0,0,0,0
1985-01-20 11:00:00,7.0614,7.0614,0,0,0,0,0,0
1985-01-20 12:00:00,6.9815,6.9815,0,0,0,0,0,0
1985-01-20 13:00:00,6.7958,6.7958,0,0,0,0,0,0
1985-01-20 14:00:00,6.6735,6.6735,0,0,0,0,0,0
1985-01-20 15:00:00,6.4043,6.4043,0,0,0,0,0,0
1985-01-20 16:00:00,5.8131,5.8131,0,0,0,0,0,0
1985-01-20 17:00:00,5.3264,5.3264,0,0,0,0,0,0
1985-01-20 18:00:00,5.0602,5.0602,0,0,0,0,0,0
1985-01-20 19:00:00,5.0438,5.0438,0,0,0,0,0,0
1985-01-20 20:00:00,5.179,5.179,0,0,0,0,0,0
1985-01-20 21:00:00,5.5605,5.5605,0,0,0,0,0,0
1985-01-20 22:00:00,5.2332,5.2332,0,0,0,0,0,0
1985-01-20 23:00:00,6.2188,6.2188,0,0,0,0,0,0
1985-01-21 00:00:00,7.262,7.262,0,0,0,0,0,0
1985-01-21 01:00:00,8.2786,8.2786,0,0,0,0,0,0
1985-01-21 02:00:00,9.3722,9.3722,0,0,0,0,0,0
1985-01-21 03:00:00,10.4509,10.4509,0,0,0,0,0,0
1985-01-21 04:00:00,10.9814,10.9814,0,0,0,0,0,0
1985-01-21 05:00:00,11.3444,11.3444,0,0,0,0,0,0
1985-01-21 06:00:00,12.2528,12.2528,0,0,0,0,0,0
1985-01-21 07:00:00,13.1767,13.1767,0,0,0,0,0,0
1985-01-21 08:00:00,13.3641,13.3641,0,0,0,0,0,0
1985-01-21 09:00:00,13.0952,13.0952,0,0,0,0,0,0
1985-01-21 10:00:00,11.7886,11.7886,0,0,0,0,0,0
1985-01-21 11:00:00,11.2248,11.2248,0,0,0,0,0,0
1985-01-21 12:00:00,10.7836,10.7836,0,0,0,0,0,0
1985-01-21 13:00:00,10.0648,10.0648,0,0,0,0,0,0
1985-01-21 14:00:00,8.7272,8.7272,0,0,0,0,0,0
1985-01-21 15:00:00,7.5445,7.5445,0,0,0,0,0,0
1985-01-21 16:00:00,7.0499,7.0499,0,0,0,0,0,0
1985-01-21 17:00:00,6.7789,6.7789,0,0,0,0,0,0
1985-01-21 18:00:00,6.9926,6.9926,0,0,0,0,0,0
1985-01-21 19:00:00,7.1549,7.1549,0,0,0,0,0,0
1985-01-21 20:00:00,6.7722,6.7722,0,0,0,0,0,0
1985-01-21 21:00:00,6.402,6.402,0,0,0,0,0,0
1985-01-21 22:00:00,6.054,6.054,0,0,0,0,0,0
1985-01-21 23:00:00,7.0215,7.0215,0,0,0,0,0,0
1985-01-22 00:00:00,7.2512,7.2512,0,0,0,0,0,0
1985-01-22 01:00:00,7.3787,7.3787,0,0,0,0,0,0
1985-01-22 02:00:00,7.5271,7.5271,0,0,0,0,0,0
1985-01-22 03:00:00,7.2189,7.2189,0,0,0,0,0,0
1985-01-22 04:00:00,7.357,7.357,0,0,0,0,0,0
1985-01-22 05:00:00,7.4767,7.4767,0,0,0,0,0,0
1985-01-22 06:00:00,7.7483,7.7483,0,0,0,0,0,0
1985-01-22 07:00:00,8.5022,8.5022,0,0,0,0,0,0
1985-01-22 08:00:00,8.9238,8.9238,0,0,0,0,0,0
1985-01-22 09:00:00,9.034,9.034,0,0,0,0,0,0
1985-01-22 10:00:00,8.2771,8.2771,0,0,0,0,0,0
1985-01-22 11:00:00,8.133,8.133,0,0,0,0,0,0
1985-01-22 12:00:00,7.9198,7.9198,0,0,0,0,0,0
1985-01-22 13:00:00,8.0116,8.0116,0,0,0,0,0,0
1985-01-22 14:00:00,8.0888,8.0888,0,0,0,0,0,0
1985-01-22 15:00:00,8.5812,8.5812,0,0,0,0,0,0
1985-01-22 16:00:00,9.0053,9.0053,0,0,0,0,0,0
1985-01-22 17:00:00,9.6367,9.6367,0,0,0,0,0,0
1985-01-22 18:00:00,10.1544,10.1544,0,0,0,0,0,0
1985-01-22 19:00:00,10.5345,10.5345,0,0,0,0,0,0
1985-01-22 20:00:00,10.6379,10.6379,0,0,0,0,0,0
1985-01-22 21:00:00,10.4948,10.4948,0,0,0,0,0,0
1985-01-22 22:00:00,10.5984,10.5984,0,0,0,0,0,0
1985-01-22 23:00:00,10.7202,10.7202,0,0,0,0,0,0
1985-01-23 00:00:00,10.5283,10.5283,0,0,0,0,0,0
1985-01-23 01:00:00,9.9505,9.9505,0,0,0,0,0,0
1985-01-23 02:00:00,9.4272,9.4272,0,0,0,0,0,0
1985-01-23 03:00:00,8.4004,8.4004,0,0,0,0,0,0
1985-01-23 04:00:00,6.9316,6.9316,0,0,0,0,0,0
1985-01-23 05:00:00,5.0602,5.0602,0,0,0,0,0,0
1985-01-23 06:00:00,3.0061,3.0061,0,0,0,0,0,0
1985-01-23 07:00:00,2.0725,2.0725,0,0,0,0,0,0
1985-01-23 08:00:00,2.076,2.076,0,0,0,0,0,0
1985-01-23 09:00:00,1.9359,1.9359,0,0,0,0,0,0
1985-01-23 10:00:00,2.1493,2.1493,0,0,0,0,0,0
1985-01-23 11:00:00,1.6777,1.6777,0,0,0,0,0,0
1985-01-23 12:00:00,1.6633,1.6633,0,0,0,0,0,0
1985-01-23 13:00:00,1.9656,1.9656,0,0,0,0,0,0
1985-01-23 14:00:00,2.4599,2.4599,0,0,0,0,0,0
1985-01-23 15:00:00,2.7476,2.7476,0,0,0,0,0,0
1985-01-23 16:00:00,3.0427,3.0427,0,0,0,0,0,0
1985-01-23 17:00:00,3.4756,3.4756,0,0,0,0,0,0
1985-01-23 18:00:00,4.0232,4.0232,0,0,0,0,0,0
1985-01-23 19:00:00,4.7283,4.7283,0,0,0,0,0,0
1985-01-23 20:00:00,5.4849,5.4849,0,0,0,0,0,0
1985-01-23 21:00:00,6.1031,6.1031,0,0,0,0,0,0
1985-01-23 22:00:00,5.7081,5.7081,0,0,0,0,0,0
1985-01-23 23:00:00,6.2265,6.2265,0,0,0,0,0,0
1985-01-24 00:00:00,5.7114,5.7114,0,0,0,0,0,0
1985-01-24 01:00:00,4.8056,4.8056,0,0,0,0,0,0
1985-01-24 02:00:00,3.9612,3.9612,0,0,0,0,0,0
1985-01-24 03:00:00,3.7344,3.7344,0,0,0,0,0,0
1985-01-24 04:00:00,3.6433,3.6433,0,0,0,0,0,0
1985-01-24 05:00:00,3.7274,3.7274,0,0,0,0,0,0
1985-01-24 06:00:00,3.767,3.767,0,0,0,0,0,0
1985-01-24 07:00:00,3.7784,3.7784,0,0,0,0,0,0
1985-01-24 08:00:00,4.0077,4.0077,0,0,0,0,0,0
1985-01-24 09:00:00,4.3883,4.3883,0,0,0,0,0,0
1985-01-24 10:00:00,3.6384,3.6384,0,0,0,0,0,0
1985-01-24 11:00:00,3.7683,3.7683,0,0,0,0,0,0
1985-01-24 12:00:00,4.1758,4.1758,0,0,0,0,0,0
1985-01-24 13:00:00,4.3313,4.3313,0,0,0,0,0,0
1985-01-24 14:00:00,4.2418,4.2418,0,0,0,0,0,0
1985-01-24 15:00:00,4.0629,4.0629,0,0,0,0,0,0
1985-01-24 16:00:00,3.9382,3.9382,0,0,0,0,0,0
1985-01-24 17:00:00,3.9161,3.9161,0,0,0,0,0,0
1985-01-24 18:00:00,3.9299,3.9299,0,0,0,0,0,0
1985-01-24 19:00:00,4.2574,4.2574,0,0,0,0,0,0
1985-01-24 20:00:00,4.9145,4.9145,0,0,0,0,0,0
1985-01-24 21:00:00,5.8473,5.8473,0,0,0,0,0,0
1985-01-24 22:00:00,6.4635,6.4635,0,0,0,0,0,0
1985-01-24 23:00:00,6.3193,6.3193,0,0,0,0,0,0
1985-01-25 00:00:00,6.1266,6.1266,0,0,0,0,0,0
1985-01-25 01:00:00,6.3146,6.3146,0,0,0,0,0,0
1985-01-25 02:00:00,6.5919,6.5919,0,0,0,0,0,0
1985-01-25 03:00:00,6.7305,6.7305,0,0,0,0,0,0
1985-01-25 04:00:00,6.6265,6.6265,0,0,0,0,0,0
1985-01-25 05:00:00,6.3111,6.3111,0,0,0,0,0,0
1985-01-25 06:00:00,6.0142,6.0142,0,0,0,0,0,0
1985-01-25 07:00:00,5.8012,5.8012,0,0,0,0,0,0
1985-01-25 08:00:00,5.5426,5.5426,0,0,0,0,0,0
1985-01-25 09:00:00,5.5313,5.5313,0,0,0,0,0,0
1985-01-25 10:00:00,6.2719,6.2719,0,0,0,0,0,0
1985-01-25 11:00:00,5.7435,5.7435,0,0,0,0,0,0
1985-01-25 12:00:00,5.7093,5.7093,0,0,0,0,0,0
1985-01-25 13:00:00,6.0764,6.0764,0,0,0,0,0,0
1985-01-25 14:00:00,5.9919,5.9919,0,0,0,0,0,0
1985-01-25 15:00:00,5.7421,5.7421,0,0,0,0,0,0
1985-01-25 16:00:00,5.5647,5.5647,0,0,0,0,0,0
1985-01-25 17:00:00,5.9366,5.9366,0,0,0,0,0,0
1985-01-25 18:00:00,6.3295,6.3295,0,0,0,0,0,0
1985-01-25 19:00:00,6.3466,6.3466,0,0,0,0,0,0
1985-01-25 20:00:00,6.3262,6.3262,0,0,0,0,0,0
1985-01-25 21:00:00,6.8986,6.8986,0,0,0,0,0,0
1985-01-25 22:00:00,7.7691,7.7691,0,0,0,0,0,0
1985-01-25 23:00:00,9.307,9.307,0,0,0,0,0,0
1985-01-26 00:00:00,10.9196,10.9196,0,0,0,0,0,0
1985-01-26 01:00:00,13.256,13.256,0,0,0,0,0,0
1985-01-26 02:00:00,14.7839,14.7839,0,0,0,0,0,0
1985-01-26 03:00:00,15.6163,15.6163,0,0,0,0,0,0
1985-01-26 04:00:00,16.0648,16.0648,0,0,0,0,0,0
1985-01-26 05:00:00,15.8511,15.8511,0,0,0,0,0,0
1985-01-26 06:00:00,14.9256,14.9256,0,0,0,0,0,0
1985-01-26 07:00:00,13.6201,13.6201,0,0,0,0,0,0
1985-01-26 08:00:00,12.1878,12.1878,0,0,0,0,0,0
1985-01-26 09:00:00,10.6395,10.6395,0,0,0,0,0,0
1985-01-26 10:00:00,8.7428,8.7428,0,0,0,0,0,0
1985-01-26 11:00:00,7.5073,7.5073,0,0,0,0,0,0
1985-01-26 12:00:00,6.2641,6.2641,0,0,0,0,0,0
1985-01-26 13:00:00,4.6878,4.6878,0,0,0,0,0,0
1985-01-26 14:00:00,2.2928,2.2928,0,0,0,0,0,0
1985-01-26 15:00:00,1.6425,1.6425,0,0,0,0,0,0
1985-01-26 16:00:00,1.1836,1.1836,0,0,0,0,0,0
1985-01-26 17:00:00,3.4413,3.4413,0,0,0,0,0,0
1985-01-26 18:00:00,4.4648,4.4648,0,0,0,0,0,0
1985-01-26 19:00:00,4.5581,4.5581,0,0,0,0,0,0
1985-01-26 20:00:00,3.2738,3.2738,0,0,0,0,0,0
1985-01-26 21:00:00,1.9102,1.9102,0,0,0,0,0,0
1985-01-26 22:00:00,2.6762,2.6762,0,0,0,0,0,0
1985-01-26 23:00:00,3.6152,3.6152,0,0,0,0,0,0
1985-01-27 00:00:00,4.4911,4.4911,0,0,0,0,0,0
1985-01-27 01:00:00,5.5772,5.5772,0,0,0,0,0,0
1985-01-27 02:00:00,6.8746,6.8746,0,0,0,0,0,0
1985-01-27 03:00:00,7.904,7.904,0,0,0,0,0,0
1985-01-27 04:00:00,8.7561,8.7561,0,0,0,0,0,0
1985-01-27 05:00:00,9.8047,9.8047,0,0,0,0,0,0
1985-01-27 06:00:00,10.7335,10.7335,0,0,0,0,0,0
1985-01-27 07:00:00,11.643,11.643,0,0,0,0,0,0
1985-01-27 08:00:00,12.1606,12.1606,0,0,0,0,0,0
1985-01-27 09:00:00,12.5659,12.5659,0,0,0,0,0,0
1985-01-27 10:00:00,14.0927,14.0927,0,0,0,0,0,0
1985-01-27 11:00:00,14.7877,14.7877,0,0,0,0,0,0
1985-01-27 12:00:00,14.803,14.803,0,0,0,0,0,0
1985-01-27 13:00:00,14.4901,14.4901,0,0,0,0,0,0
1985-01-27 14:00:00,14.0014,14.0014,0,0,0,0,0,0
1985-01-27 15:00:00,13.5704,13.5704,0,0,0,0,0,0
1985-01-27 16:00:00,13.2298,13.2298,0,0,0,0,0,0
1985-01-27 17:00:00,13.5385,13.5385,0,0,0,0,0,0
1985-01-27 18:00:00,13.8282,13.8282,0,0,0,0,0,0
1985-01-27 19:00:00,14.5226,14.5226,0,0,0,0,0,0
1985-01-27 20:00:00,15.3622,15.3622,0,0,0,0,0,0
1985-01-27 21:00:00,15.8439,15.8439,0,0,0,0,0,0
1985-01-27 22:00:00,15.9382,15.9382,0,0,0,0,0,0
1985-01-27 23:00:00,16.4254,16.4254,0,0,0,0,0,0
1985-01-28 00:00:00,16.52,16.52,0,0,0,0,0,0
1985-01-28 01:00:00,16.8762,16.8762,0,0,0,0,0,0
1985-01-28 02:00:00,17.5301,17.5301,0,0,0,0,0,0
1985-01-28 03:00:00,18.2681,18.2681,0,0,0,0,0,0
1985-01-28 04:00:00,18.5146,18.5146,0,0,0,0,0,0
1985-01-28 05:00:00,18.8152,18.8152,0,0,0,0,0,0
1985-01-28 06:00:00,19.2003,19.2003,0,0,0,0,0,0
1985-01-28 07:00:00,19.4714,19.4714,0,0,0,0,0,0
1985-01-28 08:00:00,19.4815,19.4815,0,0,0,0,0,0
1985-01-28 09:00:00,19.3861,19.3861,0,0,0,0,0,0
1985-01-28 10:00:00,19.7001,19.7001,0,0,0,0,0,0
1985-01-28 11:00:00,19.7809,19.7809,0,0,0,0,0,0
1985-01-28 12:00:00,21.2715,21.2715,0,0,0,0,0,0
1985-01-28 13:00:00,21.8397,21.8397,0,0,0,0,0,0
1985-01-28 14:00:00,22.602,22.602,0,0,0,0,0,0
1985-01-28 15:00:00,23.066,23.066,0,0,0,0,0,0
1985-01-28 16:00:00,23.9173,23.9173,0,0,0,0,0,0
1985-01-28 17:00:00,24.3886,24.3886,0,0,0,0,0,0
1985-01-28 18:00:00,24.4594,24.4594,0,0,0,0,0,0
1985-01-28 19:00:00,24.213,24.213,0,0,0,0,0,0
1985-01-28 20:00:00,23.8917,23.8917,0,0,0,0,0,0
1985-01-28 21:00:00,23.3539,23.3539,0,0,0,0,0,0
1985-01-28 22:00:00,22.546,22.546,0,0,0,0,0,0
1985-01-28 23:00:00,22.4874,22.4874,0,0,0,0,0,0
1985-01-29 00:00:00,21.8611,21.8611,0,0,0,0,0,0
1985-01-29 01:00:00,21.0725,21.0725,0,0,0,0,0,0
1985-01-29 02:00:00,19.6132,19.6132,0,0,0,0,0,0
1985-01-29 03:00:00,16.5615,16.5615,0,0,0,0,0,0
1985-01-29 04:00:00,13.4789,13.4789,0,0,0,0,0,0
1985-01-29 05:00:00,10.7825,10.7825,0,0,0,0,0,0
1985-01-29 06:00:00,7.7741,7.7741,0,0,0,0,0,0
1985-01-29 07:00:00,5.1046,5.1046,0,0,0,0,0,0
1985-01-29 08:00:00,4.0342,4.0342,0,0,0,0,0,0
1985-01-29 09:00:00,3.6532,3.6532,0,0,0,0,0,0
1985-01-29 10:00:00,2.3475,2.3475,0,0,0,0,0,0
1985-01-29 11:00:00,1.8795,1.8795,0,0,0,0,0,0
1985-01-29 12:00:00,3.0144,3.0144,0,0,0,0,0,0
1985-01-29 13:00:00,3.1943,3.1943,0,0,0,0,0,0
1985-01-29 14:00:00,2.8108,2.8108,0,0,0,0,0,0
1985-01-29 15:00:00,2.3654,2.3654,0,0,0,0,0,0
1985-01-29 16:00:00,2.2227,2.2227,0,0,0,0,0,0
1985-01-29 17:00:00,3.4542,3.4542,0,0,0,0,0,0
1985-01-29 18:00:00,5.577,5.577,0,0,0,0,0,0
1985-01-29 19:00:00,6.9825,6.9825,0,0,0,0,0,0
1985-01-29 20:00:00,7.9144,7.9144,0,0,0,0,0,0
1985-01-29 21:00:00,7.4525,7.4525,0,0,0,0,0,0
1985-01-29 22:00:00,6.1188,6.1188,0,0,0,0,0,0
1985-01-29 23:00:00,5.9298,5.9298,0,0,0,0,0,0
1985-01-30 00:00:00,5.3732,5.3732,0,0,0,0,0,0
1985-01-30 01:00:00,4.9814,4.9814,0,0,0,0,0,0
1985-01-30 02:00:00,8.3215,8.3215,0,0,0,0,0,0
1985-01-30 03:00:00,13.5247,13.5247,0,0,0,0,0,0
1985-01-30 04:00:00,16.0412,16.0412,0,0,0,0,0,0
1985-01-30 05:00:00,17.7913,17.7913,0,0,0,0,0,0
1985-01-30 06:00:00,17.7342,17.7342,0,0,0,0,0,0
1985-01-30 07:00:00,16.8342,16.8342,0,0,0,0,0,0
1985-01-30 08:00:00,15.2144,15.2144,0,0,0,0,0,0
1985-01-30 09:00:00,13.5695,13.5695,0,0,0,0,0,0
1985-01-30 10:00:00,12.1359,12.1359,0,0,0,0,0,0
1985-01-30 11:00:00,10.1558,10.1558,0,0,0,0,0,0
1985-01-30 12:00:00,8.2647,8.2647,0,0,0,0,0,0
1985-01-30 13:00:00,6.3648,6.3648,0,0,0,0,0,0
1985-01-30 14:00:00,4.4728,4.4728,0,0,0,0,0,0
1985-01-30 15:00:00,2.5331,2.5331,0,0,0,0,0,0
1985-01-30 16:00:00,1.4101,1.4101,0,0,0,0,0,0
1985-01-30 17:00:00,3.7845,3.7845,0,0,0,0,0,0
1985-01-30 18:00:00,6.8948,6.8948,0,0,0,0,0,0
1985-01-30 19:00:00,9.9243,9.9243,0,0,0,0,0,0
1985-01-30 20:00:00,12.3325,12.3325,0,0,0,0,0,0
1985-01-30 21:00:00,13.7973,13.7973,0,0,0,0,0,0
1985-01-30 22:00:00,15.1521,15.1521,0,0,0,0,0,0
1985-01-30 23:00:00,16.9566,16.9566,0,0,0,0,0,0
1985-01-31 00:00:00,17.934,17.934,0,0,0,0,0,0
1985-01-31 01:00:00,19.1831,19.1831,0,0,0,0,0,0
1985-01-31 02:00:00,21.0351,21.0351,0,0,0,0,0,0
1985-01-31 03:00:00,21.3881,21.3881,0,0,0,0,0,0
1985-01-31 04:00:00,20.5615,20.5615,0,0,0,0,0,0
1985-01-31 05:00:00,19.3881,19.3881,0,0,0,0,0,0
1985-01-31 06:00:00,19.4306,19.4306,0,0,0,0,0,0
1985-01-31 07:00:00,19.4889,19.4889,0,0,0,0,0,0
1985-01-31 08:00:00,15.587,15.587,0,0,0,0,0,0
1985-01-31 09:00:00,10.9172,10.9172,0,0,0,0,0,0
1985-01-31 10:00:00,9.7498,9.7498,0,0,0,0,0,0
1985-01-31 11:00:00,9.6884,9.6884,0,0,0,0,0,0
1985-01-31 12:00:00,10.4678,10.4678,0,0,0,0,0,0
1985-01-31 13:00:00,10.9109,10.9109,0,0,0,0,0,0
1985-01-31 14:00:00,11.243,11.243,0,0,0,0,0,0
1985-01-31 15:00:00,16.4825,16.4825,0,0,0,0,0,0
1985-01-31 16:00:00,15.9449,15.9449,0,0,0,0,0,0
1985-01-31 17:00:00,15.3196,15.3196,0,0,0,0,0,0
1985-01-31 18:00:00,15.7632,15.7632,0,0,0,0,0,0
1985-01-31 19:00:00,15.4027,15.4027,0,0,0,0,0,0
1985-01-31 20:00:00,16.4156,16.4156,0,0,0,0,0,0
1985-01-31 21:00:00,17.9718,17.9718,0,0,0,0,0,0
1985-01-31 22:00:00,19.6869,19.6869,0,0,0,0,0,0
1985-01-31 23:00:00,19.6831,19.6831,0,0,0,0,0,0
1985-02-01 00:00:00,20.2356,20.2356,0,0,0,0,0,0
1985-02-01 01:00:00,19.9775,19.9775,0,0,0,0,0,0
1985-02-01 02:00:00,18.258,18.258,0,0,0,0,0,0
1985-02-01 03:00:00,16.7102,16.7102,0,0,0,0,0,0
1985-02-01 04:00:00,15.6271,15.6271,0,0,0,0,0,0
1985-02-01 05:00:00,14.0148,14.0148,0,0,0,0,0,0
1985-02-01 06:00:00,13.1366,13.1366,0,0,0,0,0,0
1985-02-01 07:00:00,13.4967,13.4967,0,0,0,0,0,0
1985-02-01 08:00:00,13.8768,13.8768,0,0,0,0,0,0
1985-02-01 09:00:00,13.9639,13.9639,0,0,0,0,0,0
1985-02-01 10:00:00,14.5567,14.5567,0,0,0,0,0,0
1985-02-01 11:00:00,14.1186,14.1186,0,0,0,0,0,0
1985-02-01 12:00:00,13.7011,13.7011,0,0,0,0,0,0
1985-02-01 13:00:00,13.4179,13.4179,0,0,0,0,0,0
1985-02-01 14:00:00,13.2083,13.2083,0,0,0,0,0,0
1985-02-01 15:00:00,13.0168,13.0168,0,0,0,0,0,0
1985-02-01 16:00:00,12.366,12.366,0,0,0,0,0,0
1985-02-01 17:00:00,11.3852,11.3852,0,0,0,0,0,0
1985-02-01 18:00:00,10.7525,10.7525,0,0,0,0,0,0
1985-02-01 19:00:00,9.9287,9.9287,0,0,0,0,0,0
1985-02-01 20:00:00,9.3127,9.3127,0,0,0,0,0,0
1985-02-01 21:00:00,8.8143,8.8143,0,0,0,0,0,0
1985-02-01 22:00:00,9.4749,9.4749,0,0,0,0,0,0
1985-02-01 23:00:00,9.156,9.156,0,0,0,0,0,0
1985-02-02 00:00:00,8.8059,8.8059,0,0,0,0,0,0
1985-02-02 01:00:00,8.9545,8.9545,0,0,0,0,0,0
1985-02-02 02:00:00,9.3188,9.3188,0,0,0,0,0,0
1985-02-02 03:00:00,9.2577,9.2577,0,0,0,0,0,0
1985-02-02 04:00:00,9.0562,9.0562,0,0,0,0,0,0
1985-02-02 05:00:00,8.7974,8.7974,0,0,0,0,0,0
1985-02-02 06:00:00,8.5049,8.5049,0,0,0,0,0,0
1985-02-02 07:00:00,8.4164,8.4164,0,0,0,0,0,0
1985-02-02 08:00:00,9.0422,9.0422,0,0,0,0,0,0
1985-02-02 09:00:00,10.6235,10.6235,0,0,0,0,0,0
1985-02-02 10:00:00,12.8145,12.8145,0,0,0,0,0,0
1985-02-02 11:00:00,13.8109,13.8109,0,0,0,0,0,0
1985-02-02 12:00:00,15.7339,15.7339,0,0,0,0,0,0
1985-02-02 13:00:00,17.5839,17.5839,0,0,0,0,0,0
1985-02-02 14:00:00,18.5889,18.5889,0,0,0,0,0,0
1985-02-02 15:00:00,18.0734,18.0734,0,0,0,0,0,0
1985-02-02 16:00:00,17.4964,17.4964,0,0,0,0,0,0
1985-02-02 17:00:00,16.695,16.695,0,0,0,0,0,0
1985-02-02 18:00:00,15.0622,15.0622,0,0,0,0,0,0
1985-02-02 19:00:00,14.2208,14.2208,0,0,0,0,0,0
1985-02-02 20:00:00,13.4971,13.4971,0,0,0,0,0,0
1985-02-02 21:00:00,13.0601,13.0601,0,0,0,0,0,0
1985-02-02 22:00:00,12.5226,12.5226,0,0,0,0,0,0
1985-02-02 23:00:00,12.4666,12.4666,0,0,0,0,0,0
1985-02-03 00:00:00,11.5112,11.5112,0,0,0,0,0,0
1985-02-03 01:00:00,10.242,10.242,0,0,0,0,0,0
1985-02-03 02:00:00,9.3681,9.3681,0,0,0,0,0,0
1985-02-03 03:00:00,8.4883,8.4883,0,0,0,0,0,0
1985-02-03 04:00:00,7.4913,7.4913,0,0,0,0,0,0
1985-02-03 05:00:00,6.2853,6.2853,0,0,0,0,0,0
1985-02-03 06:00:00,4.8057,4.8057,0,0,0,0,0,0
1985-02-03 07:00:00,3.0911,3.0911,0,0,0,0,0,0
1985-02-03 08:00:00,1.7561,1.7561,0,0,0,0,0,0
1985-02-03 09:00:00,0.7199,0.7199,0,0,0,0,0,0
1985-02-03 10:00:00,1.9297,1.9297,0,0,0,0,0,0
1985-02-03 11:00:00,3.3876,3.3876,0,0,0,0,0,0
1985-02-03 12:00:00,5.3375,5.3375,0,0,0,0,0,0
1985-02-03 13:00:00,7.0118,7.0118,0,0,0,0,0,0
1985-02-03 14:00:00,8.364,8.364,0,0,0,0,0,0
1985-02-03 15:00:00,9.3711,9.3711,0,0,0,0,0,0
1985-02-03 16:00:00,10.5653,10.5653,0,0,0,0,0,0
1985-02-03 17:00:00,11.7514,11.7514,0,0,0,0,0,0
1985-02-03 18:00:00,12.8706,12.8706,0,0,0,0,0,0
1985-02-03 19:00:00,14.5037,14.5037,0,0,0,0,0,0
1985-02-03 20:00:00,15.5924,15.5924,0,0,0,0,0,0
1985-02-03 21:00:00,17.0932,17.0932,0,0,0,0,0,0
1985-02-03 22:00:00,17.1314,17.1314,0,0,0,0,0,0
1985-02-03 23:00:00,18.1958,18.1958,0,0,0,0,0,0
1985-02-04 00:00:00,19.5903,19.5903,0,0,0,0,0,0
1985-02-04 01:00:00,21.7937,21.7937,0,0,0,0,0,0
1985-02-04 02:00:00,22.3396,22.3396,0,0,0,0,0,0
1985-02-04 03:00:00,21.7774,21.7774,0,0,0,0,0,0
1985-02-04 04:00:00,22.1786,22.1786,0,0,0,0,0,0
1985-02-04 05:00:00,22.2222,22.2222,0,0,0,0,0,0
1985-02-04 06:00:00,20.9717,20.9717,0,0,0,0,0,0
1985-02-04 07:00:00,18.8638,18.8638,0,0,0,0,0,0
1985-02-04 08:00:00,15.5979,15.5979,0,0,0,0,0,0
1985-02-04 09:00:00,11.91,11.91,0,0,0,0,0,0
1985-02-04 10:00:00,11.3546,11.3546,0,0,0,0,0,0
1985-02-04 11:00:00,10.623,10.623,0,0,0,0,0,0
1985-02-04 12:00:00,10.6367,10.6367,0,0,0,0,0,0
1985-02-04 13:00:00,10.8806,10.8806,0,0,0,0,0,0
1985-02-04 14:00:00,10.9732,10.9732,0,0,0,0,0,0
1985-02-04 15:00:00,10.9642,10.9642,0,0,0,0,0,0
1985-02-04 16:00:00,10.9532,10.9532,0,0,0,0,0,0
1985-02-04 17:00:00,10.7203,10.7203,0,0,0,0,0,0
1985-02-04 18:00:00,10.4767,10.4767,0,0,0,0,0,0
1985-02-04 19:00:00,9.9334,9.9334,0,0,0,0,0,0
1985-02-04 20:00:00,9.149,9.149,0,0,0,0,0,0
1985-02-04 21:00:00,8.4897,8.4897,0,0,0,0,0,0
1985-02-04 22:00:00,7.2823,7.2823,0,0,0,0,0,0
1985-02-04 23:00:00,7.1467,7.1467,0,0,0,0,0,0
1985-02-05 00:00:00,7.4742,7.4742,0,0,0,0,0,0
1985-02-05 01:00:00,8.2162,8.2162,0,0,0,0,0,0
1985-02-05 02:00:00,8.7757,8.7757,0,0,0,0,0,0
1985-02-05 03:00:00,9.349,9.349,0,0,0,0,0,0
1985-02-05 04:00:00,9.9454,9.9454,0,0,0,0,0,0
1985-02-05 05:00:00,10.4552,10.4552,0,0,0,0,0,0
1985-02-05 06:00:00,10.5324,10.5324,0,0,0,0,0,0
1985-02-05 07:00:00,10.9109,10.9109,0,0,0,0,0,0
1985-02-05 08:00:00,11.1929,11.1929,0,0,0,0,0,0
1985-02-05 09:00:00,11.3631,11.3631,0,0,0,0,0,0
1985-02-05 10:00:00,11.7469,11.7469,0,0,0,0,0,0
1985-02-05 11:00:00,11.6875,11.6875,0,0,0,0,0,0
1985-02-05 12:00:00,11.65,11.65,0,0,0,0,0,0
1985-02-05 13:00:00,12.2034,12.2034,0,0,0,0,0,0
1985-02-05 14:00:00,12.6962,12.6962,0,0,0,0,0,0
1985-02-05 15:00:00,13.0095,13.0095,0,0,0,0,0,0
1985-02-05 16:00:00,13.2308,13.2308,0,0,0,0,0,0
1985-02-05 17:00:00,13.1881,13.1881,0,0,0,0,0,0
1985-02-05 18:00:00,12.839,12.839,0,0,0,0,0,0
1985-02-05 19:00:00,12.6466,12.6466,0,0,0,0,0,0
1985-02-05 20:00:00,12.5951,12.5951,0,0,0,0,0,0
1985-02-05 21:00:00,12.5953,12.5953,0,0,0,0,0,0
1985-02-05 22:00:00,12.2242,12.2242,0,0,0,0,0,0
1985-02-05 23:00:00,11.9049,11.9049,0,0,0,0,0,0
1985-02-06 00:00:00,12.0224,12.0224,0,0,0,0,0,0
1985-02-06 01:00:00,12.1675,12.1675,0,0,0,0,0,0
1985-02-06 02:00:00,12.0286,12.0286,0,0,0,0,0,0
1985-02-06 03:00:00,11.9764,11.9764,0,0,0,0,0,0
1985-02-06 04:00:00,12.0,12.0,0,0,0,0,0,0
1985-02-06 05:00:00,12.2119,12.2119,0,0,0,0,0,0
1985-02-06 06:00:00,12.6174,12.6174,0,0,0,0,0,0
1985-02-06 07:00:00,12.84,12.84,0,0,0,0,0,0
1985-02-06 08:00:00,13.0611,13.0611,0,0,0,0,0,0
1985-02-06 09:00:00,12.8564,12.8564,0,0,0,0,0,0
1985-02-06 10:00:00,11.9279,11.9279,0,0,0,0,0,0
1985-02-06 11:00:00,11.0079,11.0079,0,0,0,0,0,0
1985-02-06 12:00:00,10.7447,10.7447,0,0,0,0,0,0
1985-02-06 13:00:00,11.1898,11.1898,0,0,0,0,0,0
1985-02-06 14:00:00,11.9557,11.9557,0,0,0,0,0,0
1985-02-06 15:00:00,12.4269,12.4269,0,0,0,0,0,0
1985-02-06 16:00:00,12.6514,12.6514,0,0,0,0,0,0
1985-02-06 17:00:00,12.7338,12.7338,0,0,0,0,0,0
1985-02-06 18:00:00,12.7187,12.7187,0,0,0,0,0,0
1985-02-06 19:00:00,12.7356,12.7356,0,0,0,0,0,0
1985-02-06 20:00:00,12.8959,12.8959,0,0,0,0,0,0
1985-02-06 21:00:00,13.001,13.001,0,0,0,0,0,0
1985-02-06 22:00:00,13.0793,13.0793,0,0,0,0,0,0
1985-02-06 23:00:00,12.5359,12.5359,0,0,0,0,0,0
1985-02-07 00:00:00,11.8741,11.8741,0,0,0,0,0,0
1985-02-07 01:00:00,11.3453,11.3453,0,0,0,0,0,0
1985-02-07 02:00:00,10.7371,10.7371,0,0,0,0,0,0
1985-02-07 03:00:00,10.2127,10.2127,0,0,0,0,0,0
1985-02-07 04:00:00,9.6746,9.6746,0,0,0,0,0,0
1985-02-07 05:00:00,9.1857,9.1857,0,0,0,0,0,0
1985-02-07 06:00:00,8.6105,8.6105,0,0,0,0,0,0
1985-02-07 07:00:00,7.9775,7.9775,0,0,0,0,0,0
1985-02-07 08:00:00,7.2017,7.2017,0,0,0,0,0,0
1985-02-07 09:00:00,6.6447,6.6447,0,0,0,0,0,0
1985-02-07 10:00:00,5.6568,5.6568,0,0,0,0,0,0
1985-02-07 11:00:00,5.4423,5.4423,0,0,0,0,0,0
1985-02-07 12:00:00,5.0063,5.0063,0,0,0,0,0,0
1985-02-07 13:00:00,4.378,4.378,0,0,0,0,0,0
1985-02-07 14:00:00,3.6511,3.6511,0,0,0,0,0,0
1985-02-07 15:00:00,2.8684,2.8684,0,0,0,0,0,0
1985-02-07 16:00:00,2.2698,2.2698,0,0,0,0,0,0
1985-02-07 17:00:00,2.3532,2.3532,0,0,0,0,0,0
1985-02-07 18:00:00,2.6865,2.6865,0,0,0,0,0,0
1985-02-07 19:00:00,2.9582,2.9582,0,0,0,0,0,0
1985-02-07 20:00:00,3.2832,3.2832,0,0,0,0,0,0
1985-02-07 21:00:00,3.6775,3.6775,0,0,0,0,0,0
1985-02-07 22:00:00,3.8387,3.8387,0,0,0,0,0,0
1985-02-07 23:00:00,4.7305,4.7305,0,0,0,0,0,0
1985-02-08 00:00:00,5.8766,5.8766,0,0,0,0,0,0
1985-02-08 01:00:00,6.9472,6.9472,0,0,0,0,0,0
1985-02-08 02:00:00,7.642,7.642,0,0,0,0,0,0
1985-02-08 03:00:00,7.6148,7.6148,0,0,0,0,0,0
1985-02-08 04:00:00,7.1471,7.1471,0,0,0,0,0,0
1985-02-08 05:00:00,6.9813,6.9813,0,0,0,0,0,0
1985-02-08 06:00:00,6.9862,6.9862,0,0,0,0,0,0
1985-02-08 07:00:00,7.3424,7.3424,0,0,0,0,0,0
1985-02-08 08:00:00,7.6284,7.6284,0,0,0,0,0,0
1985-02-08 09:00:00,7.5596,7.5596,0,0,0,0,0,0
1985-02-08 10:00:00,7.3233,7.3233,0,0,0,0,0,0
1985-02-08 11:00:00,7.1508,7.1508,0,0,0,0,0,0
1985-02-08 12:00:00,7.6856,7.6856,0,0,0,0,0,0
1985-02-08 13:00:00,7.4399,7.4399,0,0,0,0,0,0
1985-02-08 14:00:00,6.2989,6.2989,0,0,0,0,0,0
1985-02-08 15:00:00,5.3482,5.3482,0,0,0,0,0,0
1985-02-08 16:00:00,4.8248,4.8248,0,0,0,0,0,0
1985-02-08 17:00:00,4.4881,4.4881,0,0,0,0,0,0
1985-02-08 18:00:00,4.1291,4.1291,0,0,0,0,0,0
1985-02-08 19:00:00,3.8676,3.8676,0,0,0,0,0,0
1985-02-08 20:00:00,3.8063,3.8063,0,0,0,0,0,0
1985-02-08 21:00:00,3.4276,3.4276,0,0,0,0,0,0
1985-02-08 22:00:00,2.1372,2.1372,0,0,0,0,0,0
1985-02-08 23:00:00,1.7455,1.7455,0,0,0,0,0,0
1985-02-09 00:00:00,1.7307,1.7307,0,0,0,0,0,0
1985-02-09 01:00:00,1.3933,1.3933,0,0,0,0,0,0
1985-02-09 02:00:00,1.2568,1.2568,0,0,0,0,0,0
1985-02-09 03:00:00,1.4966,1.4966,0,0,0,0,0,0
1985-02-09 04:00:00,2.0423,2.0423,0,0,0,0,0,0
1985-02-09 05:00:00,2.5876,2.5876,0,0,0,0,0,0
1985-02-09 06:00:00,2.6958,2.6958,0,0,0,0,0,0
1985-02-09 07:00:00,2.8139,2.8139,0,0,0,0,0,0
1985-02-09 08:00:00,3.3047,3.3047,0,0,0,0,0,0
1985-02-09 09:00:00,3.7567,3.7567,0,0,0,0,0,0
1985-02-09 10:00:00,4.9967,4.9967,0,0,0,0,0,0
1985-02-09 11:00:00,5.9436,5.9436,0,0,0,0,0,0
1985-02-09 12:00:00,7.0058,7.0058,0,0,0,0,0,0
1985-02-09 13:00:00,7.9797,7.9797,0,0,0,0,0,0
1985-02-09 14:00:00,9.111,9.111,0,0,0,0,0,0
1985-02-09 15:00:00,9.5666,9.5666,0,0,0,0,0,0
1985-02-09 16:00:00,9.9303,9.9303,0,0,0,0,0,0
1985-02-09 17:00:00,10.4526,10.4526,0,0,0,0,0,0
1985-02-09 18:00:00,11.1895,11.1895,0,0,0,0,0,0
1985-02-09 19:00:00,11.6635,11.6635,0,0,0,0,0,0
1985-02-09 20:00:00,11.6531,11.6531,0,0,0,0,0,0
1985-02-09 21:00:00,11.5924,11.5924,0,0,0,0,0,0
1985-02-09 22:00:00,12.1869,12.1869,0,0,0,0,0,0
1985-02-09 23:00:00,11.8856,11.8856,0,0,0,0,0,0
1985-02-10 00:00:00,11.628,11.628,0,0,0,0,0,0
1985-02-10 01:00:00,10.7909,10.7909,0,0,0,0,0,0
1985-02-10 02:00:00,9.7346,9.7346,0,0,0,0,0,0
1985-02-10 03:00:00,8.5056,8.5056,0,0,0,0,0,0
1985-02-10 04:00:00,8.2899,8.2899,0,0,0,0,0,0
1985-02-10 05:00:00,8.0646,8.0646,0,0,0,0,0,0
1985-02-10 06:00:00,7.1545,7.1545,0,0,0,0,0,0
1985-02-10 07:00:00,5.5042,5.5042,0,0,0,0,0,0
1985-02-10 08:00:00,4.0912,4.0912,0,0,0,0,0,0
1985-02-10 09:00:00,3.924,3.924,0,0,0,0,0,0
1985-02-10 10:00:00,2.5206,2.5206,0,0,0,0,0,0
1985-02-10 11:00:00,5.249,5.249,0,0,0,0,0,0
1985-02-10 12:00:00,6.6629,6.6629,0,0,0,0,0,0
1985-02-10 13:00:00,7.1926,7.1926,0,0,0,0,0,0
1985-02-10 14:00:00,6.5807,6.5807,0,0,0,0,0,0
1985-02-10 15:00:00,5.7308,5.7308,0,0,0,0,0,0
1985-02-10 16:00:00,5.2654,5.2654,0,0,0,0,0,0
1985-02-10 17:00:00,5.5467,5.5467,0,0,0,0,0,0
1985-02-10 18:00:00,5.9083,5.9083,0,0,0,0,0,0
1985-02-10 19:00:00,5.9116,5.9116,0,0,0,0,0,0
1985-02-10 20:00:00,5.9745,5.9745,0,0,0,0,0,0
1985-02-10 21:00:00,5.731,5.731,0,0,0,0,0,0
1985-02-10 22:00:00,6.6549,6.6549,0,0,0,0,0,0
1985-02-10 23:00:00,6.9923,6.9923,0,0,0,0,0,0
1985-02-11 00:00:00,6.7082,6.7082,0,0,0,0,0,0
1985-02-11 01:00:00,6.2545,6.2545,0,0,0,0,0,0
1985-02-11 02:00:00,5.8913,5.8913,0,0,0,0,0,0
1985-02-11 03:00:00,5.9172,5.9172,0,0,0,0,0,0
1985-02-11 04:00:00,5.8903,5.8903,0,0,0,0,0,0
1985-02-11 05:00:00,6.4284,6.4284,0,0,0,0,0,0
1985-02-11 06:00:00,7.1343,7.1343,0,0,0,0,0,0
1985-02-11 07:00:00,7.5955,7.5955,0,0,0,0,0,0
1985-02-11 08:00:00,7.6738,7.6738,0,0,0,0,0,0
1985-02-11 09:00:00,7.3237,7.3237,0,0,0,0,0,0
1985-02-11 10:00:00,7.3636,7.3636,0,0,0,0,0,0
1985-02-11 11:00:00,6.7189,6.7189,0,0,0,0,0,0
1985-02-11 12:00:00,6.3776,6.3776,0,0,0,0,0,0
1985-02-11 13:00:00,6.2466,6.2466,0,0,0,0,0,0
1985-02-11 14:00:00,6.0138,6.0138,0,0,0,0,0,0
1985-02-11 15:00:00,6.038,6.038,0,0,0,0,0,0
1985-02-11 16:00:00,6.1218,6.1218,0,0,0,0,0,0
1985-02-11 17:00:00,6.2268,6.2268,0,0,0,0,0,0
1985-02-11 18:00:00,6.7196,6.7196,0,0,0,0,0,0
1985-02-11 19:00:00,7.7874,7.7874,0,0,0,0,0,0
1985-02-11 20:00:00,8.6467,8.6467,0,0,0,0,0,0
1985-02-11 21:00:00,8.9879,8.9879,0,0,0,0,0,0
1985-02-11 22:00:00,9.1885,9.1885,0,0,0,0,0,0
1985-02-11 23:00:00,8.1889,8.1889,0,0,0,0,0,0
1985-02-12 00:00:00,7.5657,7.5657,0,0,0,0,0,0
1985-02-12 01:00:00,7.2555,7.2555,0,0,0,0,0,0
1985-02-12 02:00:00,7.1362,7.1362,0,0,0,0,0,0
1985-02-12 03:00:00,7.216,7.216,0,0,0,0,0,0
1985-02-12 04:00:00,7.2833,7.2833,0,0,0,0,0,0
1985-02-12 05:00:00,7.3547,7.3547,0,0,0,0,0,0
1985-02-12 06:00:00,7.4291,7.4291,0,0,0,0,0,0
1985-02-12 07:00:00,7.5254,7.5254,0,0,0,0,0,0
1985-02-12 08:00:00,7.4438,7.4438,0,0,0,0,0,0
1985-02-12 09:00:00,7.4984,7.4984,0,0,0,0,0,0
1985-02-12 10:00:00,7.8932,7.8932,0,0,0,0,0,0
1985-02-12 11:00:00,7.5022,7.5022,0,0,0,0,0,0
1985-02-12 12:00:00,7.4191,7.4191,0,0,0,0,0,0
1985-02-12 13:00:00,7.6509,7.6509,0,0,0,0,0,0
1985-02-12 14:00:00,7.85,7.85,0,0,0,0,0,0
1985-02-12 15:00:00,7.9934,7.9934,0,0,0,0,0,0
1985-02-12 16:00:00,8.2826,8.2826,0,0,0,0,0,0
1985-02-12 17:00:00,8.3022,8.3022,0,0,0,0,0,0
1985-02-12 18:00:00,7.3903,7.3903,0,0,0,0,0,0
1985-02-12 19:00:00,6.628,6.628,0,0,0,0,0,0
1985-02-12 20:00:00,6.8864,6.8864,0,0,0,0,0,0
1985-02-12 21:00:00,8.0344,8.0344,0,0,0,0,0,0
1985-02-12 22:00:00,8.2472,8.2472,0,0,0,0,0,0
1985-02-12 23:00:00,8.9828,8.9828,0,0,0,0,0,0
1985-02-13 00:00:00,9.2737,9.2737,0,0,0,0,0,0
1985-02-13 01:00:00,9.2669,9.2669,0,0,0,0,0,0
1985-02-13 02:00:00,8.8331,8.8331,0,0,0,0,0,0
1985-02-13 03:00:00,8.0907,8.0907,0,0,0,0,0,0
1985-02-13 04:00:00,7.4653,7.4653,0,0,0,0,0,0
1985-02-13 05:00:00,7.0113,7.0113,0,0,0,0,0,0
1985-02-13 06:00:00,6.5906,6.5906,0,0,0,0,0,0
1985-02-13 07:00:00,6.083,6.083,0,0,0,0,0,0
1985-02-13 08:00:00,5.3324,5.3324,0,0,0,0,0,0
1985-02-13 09:00:00,4.6082,4.6082,0,0,0,0,0,0
1985-02-13 10:00:00,4.6778,4.6778,0,0,0,0,0,0
1985-02-13 11:00:00,4.7675,4.7675,0,0,0,0,0,0
1985-02-13 12:00:00,4.703,4.703,0,0,0,0,0,0
1985-02-13 13:00:00,4.1486,4.1486,0,0,0,0,0,0
1985-02-13 14:00:00,4.0151,4.0151,0,0,0,0,0,0
1985-02-13 15:00:00,4.7894,4.7894,0,0,0,0,0,0
1985-02-13 16:00:00,5.7482,5.7482,0,0,0,0,0,0
1985-02-13 17:00:00,6.2095,6.2095,0,0,0,0,0,0
1985-02-13 18:00:00,6.6978,6.6978,0,0,0,0,0,0
1985-02-13 19:00:00,8.5457,8.5457,0,0,0,0,0,0
1985-02-13 20:00:00,10.384,10.384,0,0,0,0,0,0
1985-02-13 21:00:00,11.5161,11.5161,0,0,0,0,0,0
1985-02-13 22:00:00,12.099,12.099,0,0,0,0,0,0
1985-02-13 23:00:00,12.6175,12.6175,0,0,0,0,0,0
1985-02-14 00:00:00,12.5943,12.5943,0,0,0,0,0,0
1985-02-14 01:00:00,12.8591,12.8591,0,0,0,0,0,0
1985-02-14 02:00:00,11.651,11.651,0,0,0,0,0,0
1985-02-14 03:00:00,11.1093,11.1093,0,0,0,0,0,0
1985-02-14 04:00:00,11.2521,11.2521,0,0,0,0,0,0
1985-02-14 05:00:00,11.0782,11.0782,0,0,0,0,0,0
1985-02-14 06:00:00,10.6692,10.6692,0,0,0,0,0,0
1985-02-14 07:00:00,10.5003,10.5003,0,0,0,0,0,0
1985-02-14 08:00:00,10.5453,10.5453,0,0,0,0,0,0
1985-02-14 09:00:00,10.4324,10.4324,0,0,0,0,0,0
1985-02-14 10:00:00,9.8737,9.8737,0,0,0,0,0,0
1985-02-14 11:00:00,9.137,9.137,0,0,0,0,0,0
1985-02-14 12:00:00,8.1642,8.1642,0,0,0,0,0,0
1985-02-14 13:00:00,6.783,6.783,0,0,0,0,0,0
1985-02-14 14:00:00,5.7759,5.7759,0,0,0,0,0,0
1985-02-14 15:00:00,5.1625,5.1625,0,0,0,0,0,0
1985-02-14 16:00:00,4.7768,4.7768,0,0,0,0,0,0
1985-02-14 17:00:00,3.3461,3.3461,0,0,0,0,0,0
1985-02-14 18:00:00,1.8622,1.8622,0,0,0,0,0,0
1985-02-14 19:00:00,3.1897,3.1897,0,0,0,0,0,0
1985-02-14 20:00:00,3.3226,3.3226,0,0,0,0,0,0
1985-02-14 21:00:00,3.825,3.825,0,0,0,0,0,0
1985-02-14 22:00:00,3.3838,3.3838,0,0,0,0,0,0
1985-02-14 23:00:00,2.696,2.696,0,0,0,0,0,0
1985-02-15 00:00:00,2.3116,2.3116,0,0,0,0,0,0
1985-02-15 01:00:00,2.067,2.067,0,0,0,0,0,0
1985-02-15 02:00:00,1.7692,1.7692,0,0,0,0,0,0
1985-02-15 03:00:00,1.9836,1.9836,0,0,0,0,0,0
1985-02-15 04:00:00,3.3136,3.3136,0,0,0,0,0,0
1985-02-15 05:00:00,3.5809,3.5809,0,0,0,0,0,0
1985-02-15 06:00:00,2.5407,2.5407,0,0,0,0,0,0
1985-02-15 07:00:00,1.8006,1.8006,0,0,0,0,0,0
1985-02-15 08:00:00,1.5075,1.5075,0,0,0,0,0,0
1985-02-15 09:00:00,1.7703,1.7703,0,0,0,0,0,0
1985-02-15 10:00:00,2.846,2.846,0,0,0,0,0,0
1985-02-15 11:00:00,0.8981,0.8981,0,0,0,0,0,0
1985-02-15 12:00:00,1.7537,1.7537,0,0,0,0,0,0
1985-02-15 13:00:00,3.2803,3.2803,0,0,0,0,0,0
1985-02-15 14:00:00,5.0309,5.0309,0,0,0,0,0,0
1985-02-15 15:00:00,7.0918,7.0918,0,0,0,0,0,0
1985-02-15 16:00:00,9.1819,9.1819,0,0,0,0,0,0
1985-02-15 17:00:00,10.5036,10.5036,0,0,0,0,0,0
1985-02-15 18:00:00,10.6844,10.6844,0,0,0,0,0,0
1985-02-15 19:00:00,10.0634,10.0634,0,0,0,0,0,0
1985-02-15 20:00:00,9.2927,9.2927,0,0,0,0,0,0
1985-02-15 21:00:00,8.7284,8.7284,0,0,0,0,0,0
1985-02-15 22:00:00,8.7126,8.7126,0,0,0,0,0,0
1985-02-15 23:00:00,9.0623,9.0623,0,0,0,0,0,0
1985-02-16 00:00:00,9.1904,9.1904,0,0,0,0,0,0
1985-02-16 01:00:00,9.1496,9.1496,0,0,0,0,0,0
1985-02-16 02:00:00,9.0263,9.0263,0,0,0,0,0,0
1985-02-16 03:00:00,9.1334,9.1334,0,0,0,0,0,0
1985-02-16 04:00:00,9.3814,9.3814,0,0,0,0,0,0
1985-02-16 05:00:00,9.6192,9.6192,0,0,0,0,0,0
1985-02-16 06:00:00,9.5374,9.5374,0,0,0,0,0,0
1985-02-16 07:00:00,9.0399,9.0399,0,0,0,0,0,0
1985-02-16 08:00:00,8.6669,8.6669,0,0,0,0,0,0
1985-02-16 09:00:00,8.4471,8.4471,0,0,0,0,0,0
1985-02-16 10:00:00,8.8951,8.8951,0,0,0,0,0,0
1985-02-16 11:00:00,8.3241,8.3241,0,0,0,0,0,0
1985-02-16 12:00:00,7.809,7.809,0,0,0,0,0,0
1985-02-16 13:00:00,7.24,7.24,0,0,0,0,0,0
1985-02-16 14:00:00,6.5535,6.5535,0,0,0,0,0,0
1985-02-16 15:00:00,6.1677,6.1677,0,0,0,0,0,0
1985-02-16 16:00:00,5.5267,5.5267,0,0,0,0,0,0
1985-02-16 17:00:00,4.9905,4.9905,0,0,0,0,0,0
1985-02-16 18:00:00,4.3254,4.3254,0,0,0,0,0,0
1985-02-16 19:00:00,3.7173,3.7173,0,0,0,0,0,0
1985-02-16 20:00:00,3.2333,3.2333,0,0,0,0,0,0
1985-02-16 21:00:00,2.6656,2.6656,0,0,0,0,0,0
1985-02-16 22:00:00,1.7712,1.7712,0,0,0,0,0,0
1985-02-16 23:00:00,1.2932,1.2932,0,0,0,0,0,0
1985-02-17 00:00:00,1.6882,1.6882,0,0,0,0,0,0
1985-02-17 01:00:00,3.5519,3.5519,0,0,0,0,0,0
1985-02-17 02:00:00,5.9728,5.9728,0,0,0,0,0,0
1985-02-17 03:00:00,7.5848,7.5848,0,0,0,0,0,0
1985-02-17 04:00:00,8.6736,8.6736,0,0,0,0,0,0
1985-02-17 05:00:00,9.6327,9.6327,0,0,0,0,0,0
1985-02-17 06:00:00,10.6447,10.6447,0,0,0,0,0,0
1985-02-17 07:00:00,11.7235,11.7235,0,0,0,0,0,0
1985-02-17 08:00:00,12.8569,12.8569,0,0,0,0,0,0
1985-02-17 09:00:00,14.1552,14.1552,0,0,0,0,0,0
1985-02-17 10:00:00,15.0573,15.0573,0,0,0,0,0,0
1985-02-17 11:00:00,15.6401,15.6401,0,0,0,0,0,0
1985-02-17 12:00:00,16.3894,16.3894,0,0,0,0,0,0
1985-02-17 13:00:00,17.4154,17.4154,0,0,0,0,0,0
1985-02-17 14:00:00,17.9688,17.9688,0,0,0,0,0,0
1985-02-17 15:00:00,17.9439,17.9439,0,0,0,0,0,0
1985-02-17 16:00:00,17.7636,17.7636,0,0,0,0,0,0
1985-02-17 17:00:00,17.6564,17.6564,0,0,0,0,0,0
1985-02-17 18:00:00,17.8178,17.8178,0,0,0,0,0,0
1985-02-17 19:00:00,18.0741,18.0741,0,0,0,0,0,0
1985-02-17 20:00:00,18.4496,18.4496,0,0,0,0,0,0
1985-02-17 21:00:00,18.8212,18.8212,0,0,0,0,0,0
1985-02-17 22:00:00,18.909,18.909,0,0,0,0,0,0
1985-02-17 23:00:00,19.4338,19.4338,0,0,0,0,0,0
1985-02-18 00:00:00,19.9513,19.9513,0,0,0,0,0,0
1985-02-18 01:00:00,20.1788,20.1788,0,0,0,0,0,0
1985-02-18 02:00:00,20.3018,20.3018,0,0,0,0,0,0
1985-02-18 03:00:00,20.4372,20.4372,0,0,0,0,0,0
1985-02-18 04:00:00,20.4875,20.4875,0,0,0,0,0,0
1985-02-18 05:00:00,20.4487,20.4487,0,0,0,0,0,0
1985-02-18 06:00:00,20.4593,20.4593,0,0,0,0,0,0
1985-02-18 07:00:00,20.36,20.36,0,0,0,0,0,0
1985-02-18 08:00:00,20.3687,20.3687,0,0,0,0,0,0
1985-02-18 09:00:00,20.7506,20.7506,0,0,0,0,0,0
1985-02-18 10:00:00,20.9552,20.9552,0,0,0,0,0,0
1985-02-18 11:00:00,20.6763,20.6763,0,0,0,0,0,0
1985-02-18 12:00:00,20.1407,20.1407,0,0,0,0,0,0
1985-02-18 13:00:00,19.583,19.583,0,0,0,0,0,0
1985-02-18 14:00:00,19.0772,19.0772,0,0,0,0,0,0
1985-02-18 15:00:00,18.7072,18.7072,0,0,0,0,0,0
1985-02-18 16:00:00,18.1575,18.1575,0,0,0,0,0,0
1985-02-18 17:00:00,17.9572,17.9572,0,0,0,0,0,0
1985-02-18 18:00:00,17.8398,17.8398,0,0,0,0,0,0
1985-02-18 19:00:00,17.751,17.751,0,0,0,0,0,0
1985-02-18 20:00:00,17.8673,17.8673,0,0,0,0,0,0
1985-02-18 21:00:00,18.3156,18.3156,0,0,0,0,0,0
1985-02-18 22:00:00,18.8437,18.8437,0,0,0,0,0,0
1985-02-18 23:00:00,19.1603,19.1603,0,0,0,0,0,0
1985-02-19 00:00:00,18.9904,18.9904,0,0,0,0,0,0
1985-02-19 01:00:00,18.989,18.989,0,0,0,0,0,0
1985-02-19 02:00:00,19.2584,19.2584,0,0,0,0,0,0
1985-02-19 03:00:00,19.7582,19.7582,0,0,0,0,0,0
1985-02-19 04:00:00,19.9328,19.9328,0,0,0,0,0,0
1985-02-19 05:00:00,20.2342,20.2342,0,0,0,0,0,0
1985-02-19 06:00:00,20.5523,20.5523,0,0,0,0,0,0
1985-02-19 07:00:00,20.7699,20.7699,0,0,0,0,0,0
1985-02-19 08:00:00,21.1748,21.1748,0,0,0,0,0,0
1985-02-19 09:00:00,21.0816,21.0816,0,0,0,0,0,0
1985-02-19 10:00:00,21.9308,21.9308,0,0,0,0,0,0
1985-02-19 11:00:00,22.9354,22.9354,0,0,0,0,0,0
1985-02-19 12:00:00,23.4511,23.4511,0,0,0,0,0,0
1985-02-19 13:00:00,23.3688,23.3688,0,0,0,0,0,0
1985-02-19 14:00:00,23.8448,23.8448,0,0,0,0,0,0
1985-02-19 15:00:00,24.0936,24.0936,0,0,0,0,0,0
1985-02-19 16:00:00,23.9526,23.9526,0,0,0,0,0,0
1985-02-19 17:00:00,23.7501,23.7501,0,0,0,0,0,0
1985-02-19 18:00:00,23.4873,23.4873,0,0,0,0,0,0
1985-02-19 19:00:00,23.2749,23.2749,0,0,0,0,0,0
1985-02-19 20:00:00,22.5585,22.5585,0,0,0,0,0,0
1985-02-19 21:00:00,20.8325,20.8325,0,0,0,0,0,0
1985-02-19 22:00:00,19.9423,19.9423,0,0,0,0,0,0
1985-02-19 23:00:00,17.8029,17.8029,0,0,0,0,0,0
1985-02-20 00:00:00,11.8657,11.8657,0,0,0,0,0,0
1985-02-20 01:00:00,8.637,8.637,0,0,0,0,0,0
1985-02-20 02:00:00,8.1458,8.1458,0,0,0,0,0,0
1985-02-20 03:00:00,8.5689,8.5689,0,0,0,0,0,0
1985-02-20 04:00:00,8.6323,8.6323,0,0,0,0,0,0
1985-02-20 05:00:00,8.5464,8.5464,0,0,0,0,0,0
1985-02-20 06:00:00,8.6723,8.6723,0,0,0,0,0,0
1985-02-20 07:00:00,8.0926,8.0926,0,0,0,0,0,0
1985-02-20 08:00:00,7.6603,7.6603,0,0,0,0,0,0
1985-02-20 09:00:00,7.4137,7.4137,0,0,0,0,0,0
1985-02-20 10:00:00,7.3483,7.3483,0,0,0,0,0,0
1985-02-20 11:00:00,7.129,7.129,0,0,0,0,0,0
1985-02-20 12:00:00,6.7268,6.7268,0,0,0,0,0,0
1985-02-20 13:00:00,6.755,6.755,0,0,0,0,0,0
1985-02-20 14:00:00,6.903,6.903,0,0,0,0,0,0
1985-02-20 15:00:00,6.4581,6.4581,0,0,0,0,0,0
1985-02-20 16:00:00,6.2068,6.2068,0,0,0,0,0,0
1985-02-20 17:00:00,6.0054,6.0054,0,0,0,0,0,0
1985-02-20 18:00:00,5.0132,5.0132,0,0,0,0,0,0
1985-02-20 19:00:00,3.7795,3.7795,0,0,0,0,0,0
1985-02-20 20:00:00,2.4141,2.4141,0,0,0,0,0,0
1985-02-20 21:00:00,1.5138,1.5138,0,0,0,0,0,0
1985-02-20 22:00:00,0.7481,0.7481,0,0,0,0,0,0
1985-02-20 23:00:00,0.677,0.677,0,0,0,0,0,0
1985-02-21 00:00:00,1.2221,1.2221,0,0,0,0,0,0
1985-02-21 01:00:00,2.2185,2.2185,0,0,0,0,0,0
1985-02-21 02:00:00,3.3149,3.3149,0,0,0,0,0,0
1985-02-21 03:00:00,4.3557,4.3557,0,0,0,0,0,0
1985-02-21 04:00:00,5.1089,5.1089,0,0,0,0,0,0
1985-02-21 05:00:00,5.4062,5.4062,0,0,0,0,0,0
1985-02-21 06:00:00,5.4883,5.4883,0,0,0,0,0,0
1985-02-21 07:00:00,5.6146,5.6146,0,0,0,0,0,0
1985-02-21 08:00:00,6.1584,6.1584,0,0,0,0,0,0
1985-02-21 09:00:00,7.2082,7.2082,0,0,0,0,0,0
1985-02-21 10:00:00,7.77,7.77,0,0,0,0,0,0
1985-02-21 11:00:00,7.7409,7.7409,0,0,0,0,0,0
1985-02-21 12:00:00,8.1641,8.1641,0,0,0,0,0,0
1985-02-21 13:00:00,8.439,8.439,0,0,0,0,0,0
1985-02-21 14:00:00,8.8517,8.8517,0,0,0,0,0,0
1985-02-21 15:00:00,9.4761,9.4761,0,0,0,0,0,0
1985-02-21 16:00:00,9.9903,9.9903,0,0,0,0,0,0
1985-02-21 17:00:00,10.4701,10.4701,0,0,0,0,0,0
1985-02-21 18:00:00,11.0765,11.0765,0,0,0,0,0,0
1985-02-21 19:00:00,11.8283,11.8283,0,0,0,0,0,0
1985-02-21 20:00:00,12.5205,12.5205,0,0,0,0,0,0
1985-02-21 21:00:00,13.0351,13.0351,0,0,0,0,0,0
1985-02-21 22:00:00,13.1663,13.1663,0,0,0,0,0,0
1985-02-21 23:00:00,13.0602,13.0602,0,0,0,0,0,0
1985-02-22 00:00:00,12.9297,12.9297,0,0,0,0,0,0
1985-02-22 01:00:00,12.6574,12.6574,0,0,0,0,0,0
1985-02-22 02:00:00,12.9626,12.9626,0,0,0,0,0,0
1985-02-22 03:00:00,13.2182,13.2182,0,0,0,0,0,0
1985-02-22 04:00:00,13.3672,13.3672,0,0,0,0,0,0
1985-02-22 05:00:00,13.4481,13.4481,0,0,0,0,0,0
1985-02-22 06:00:00,13.4034,13.4034,0,0,0,0,0,0
1985-02-22 07:00:00,13.4399,13.4399,0,0,0,0,0,0
1985-02-22 08:00:00,13.5044,13.5044,0,0,0,0,0,0
1985-02-22 09:00:00,13.5663,13.5663,0,0,0,0,0,0
1985-02-22 10:00:00,14.3673,14.3673,0,0,0,0,0,0
1985-02-22 11:00:00,14.54,14.54,0,0,0,0,0,0
1985-02-22 12:00:00,15.1519,15.1519,0,0,0,0,0,0
1985-02-22 13:00:00,15.4728,15.4728,0,0,0,0,0,0
1985-02-22 14:00:00,15.3985,15.3985,0,0,0,0,0,0
1985-02-22 15:00:00,15.1535,15.1535,0,0,0,0,0,0
1985-02-22 16:00:00,15.1767,15.1767,0,0,0,0,0,0
1985-02-22 17:00:00,15.3457,15.3457,0,0,0,0,0,0
1985-02-22 18:00:00,15.4098,15.4098,0,0,0,0,0,0
1985-02-22 19:00:00,15.2693,15.2693,0,0,0,0,0,0
1985-02-22 20:00:00,15.1098,15.1098,0,0,0,0,0,0
1985-02-22 21:00:00,14.6137,14.6137,0,0,0,0,0,0
1985-02-22 22:00:00,15.7493,15.7493,0,0,0,0,0,0
1985-02-22 23:00:00,16.636,16.636,0,0,0,0,0,0
1985-02-23 00:00:00,16.5933,16.5933,0,0,0,0,0,0
1985-02-23 01:00:00,17.9573,17.9573,0,0,0,0,0,0
1985-02-23 02:00:00,18.5589,18.5589,0,0,0,0,0,0
1985-02-23 03:00:00,20.3041,20.3041,0,0,0,0,0,0
1985-02-23 04:00:00,21.2281,21.2281,0,0,0,0,0,0
1985-02-23 05:00:00,21.2921,21.2921,0,0,0,0,0,0
1985-02-23 06:00:00,21.5284,21.5284,0,0,0,0,0,0
1985-02-23 07:00:00,20.9494,20.9494,0,0,0,0,0,0
1985-02-23 08:00:00,20.5261,20.5261,0,0,0,0,0,0
1985-02-23 09:00:00,20.4871,20.4871,0,0,0,0,0,0
1985-02-23 10:00:00,21.5501,21.5501,0,0,0,0,0,0
1985-02-23 11:00:00,20.7722,20.7722,0,0,0,0,0,0
1985-02-23 12:00:00,19.4387,19.4387,0,0,0,0,0,0
1985-02-23 13:00:00,17.2216,17.2216,0,0,0,0,0,0
1985-02-23 14:00:00,16.0188,16.0188,0,0,0,0,0,0
1985-02-23 15:00:00,14.1622,14.1622,0,0,0,0,0,0
1985-02-23 16:00:00,13.4349,13.4349,0,0,0,0,0,0
1985-02-23 17:00:00,13.114,13.114,0,0,0,0,0,0
1985-02-23 18:00:00,13.2993,13.2993,0,0,0,0,0,0
1985-02-23 19:00:00,13.1247,13.1247,0,0,0,0,0,0
1985-02-23 20:00:00,14.0143,14.0143,0,0,0,0,0,0
1985-02-23 21:00:00,15.3667,15.3667,0,0,0,0,0,0
1985-02-23 22:00:00,15.485,15.485,0,0,0,0,0,0
1985-02-23 23:00:00,15.1427,15.1427,0,0,0,0,0,0
1985-02-24 00:00:00,14.0686,14.0686,0,0,0,0,0,0
1985-02-24 01:00:00,12.9787,12.9787,0,0,0,0,0,0
1985-02-24 02:00:00,12.0746,12.0746,0,0,0,0,0,0
1985-02-24 03:00:00,10.9212,10.9212,0,0,0,0,0,0
1985-02-24 04:00:00,10.5116,10.5116,0,0,0,0,0,0
1985-02-24 05:00:00,10.234,10.234,0,0,0,0,0,0
1985-02-24 06:00:00,9.9251,9.9251,0,0,0,0,0,0
1985-02-24 07:00:00,9.2779,9.2779,0,0,0,0,0,0
1985-02-24 08:00:00,8.3787,8.3787,0,0,0,0,0,0
1985-02-24 09:00:00,7.795,7.795,0,0,0,0,0,0
1985-02-24 10:00:00,5.8664,5.8664,0,0,0,0,0,0
1985-02-24 11:00:00,6.5825,6.5825,0,0,0,0,0,0
1985-02-24 12:00:00,6.8379,6.8379,0,0,0,0,0,0
1985-02-24 13:00:00,6.7713,6.7713,0,0,0,0,0,0
1985-02-24 14:00:00,6.4073,6.4073,0,0,0,0,0,0
1985-02-24 15:00:00,5.9888,5.9888,0,0,0,0,0,0
1985-02-24 16:00:00,5.8936,5.8936,0,0,0,0,0,0
1985-02-24 17:00:00,5.8953,5.8953,0,0,0,0,0,0
1985-02-24 18:00:00,5.454,5.454,0,0,0,0,0,0
1985-02-24 19:00:00,4.7687,4.7687,0,0,0,0,0,0
1985-02-24 20:00:00,4.0611,4.0611,0,0,0,0,0,0
1985-02-24 21:00:00,3.7485,3.7485,0,0,0,0,0,0
1985-02-24 22:00:00,4.6096,4.6096,0,0,0,0,0,0
1985-02-24 23:00:00,6.4078,6.4078,0,0,0,0,0,0
1985-02-25 00:00:00,8.2026,8.2026,0,0,0,0,0,0
1985-02-25 01:00:00,8.9749,8.9749,0,0,0,0,0,0
1985-02-25 02:00:00,9.3801,9.3801,0,0,0,0,0,0
1985-02-25 03:00:00,9.3327,9.3327,0,0,0,0,0,0
1985-02-25 04:00:00,9.2852,9.2852,0,0,0,0,0,0
1985-02-25 05:00:00,9.4113,9.4113,0,0,0,0,0,0
1985-02-25 06:00:00,9.7356,9.7356,0,0,0,0,0,0
1985-02-25 07:00:00,10.1496,10.1496,0,0,0,0,0,0
1985-02-25 08:00:00,10.6054,10.6054,0,0,0,0,0,0
1985-02-25 09:00:00,10.7921,10.7921,0,0,0,0,0,0
1985-02-25 10:00:00,11.5384,11.5384,0,0,0,0,0,0
1985-02-25 11:00:00,11.6934,11.6934,0,0,0,0,0,0
1985-02-25 12:00:00,12.0277,12.0277,0,0,0,0,0,0
1985-02-25 13:00:00,12.3312,12.3312,0,0,0,0,0,0
1985-02-25 14:00:00,12.4735,12.4735,0,0,0,0,0,0
1985-02-25 15:00:00,12.1816,12.1816,0,0,0,0,0,0
1985-02-25 16:00:00,12.0606,12.0606,0,0,0,0,0,0
1985-02-25 17:00:00,11.7685,11.7685,0,0,0,0,0,0
1985-02-25 18:00:00,11.6616,11.6616,0,0,0,0,0,0
1985-02-25 19:00:00,11.8674,11.8674,0,0,0,0,0,0
1985-02-25 20:00:00,12.2789,12.2789,0,0,0,0,0,0
1985-02-25 21:00:00,12.761,12.761,0,0,0,0,0,0
1985-02-25 22:00:00,13.6448,13.6448,0,0,0,0,0,0
1985-02-25 23:00:00,14.4571,14.4571,0,0,0,0,0,0
1985-02-26 00:00:00,14.7061,14.7061,0,0,0,0,0,0
1985-02-26 01:00:00,14.2846,14.2846,0,0,0,0,0,0
1985-02-26 02:00:00,14.1517,14.1517,0,0,0,0,0,0
1985-02-26 03:00:00,14.3564,14.3564,0,0,0,0,0,0
1985-02-26 04:00:00,14.352,14.352,0,0,0,0,0,0
1985-02-26 05:00:00,13.8268,13.8268,0,0,0,0,0,0
1985-02-26 06:00:00,13.5323,13.5323,0,0,0,0,0,0
1985-02-26 07:00:00,13.2123,13.2123,0,0,0,0,0,0
1985-02-26 08:00:00,13.2133,13.2133,0,0,0,0,0,0
1985-02-26 09:00:00,13.1484,13.1484,0,0,0,0,0,0
1985-02-26 10:00:00,12.7247,12.7247,0,0,0,0,0,0
1985-02-26 11:00:00,12.325,12.325,0,0,0,0,0,0
1985-02-26 12:00:00,12.1461,12.1461,0,0,0,0,0,0
1985-02-26 13:00:00,11.9294,11.9294,0,0,0,0,0,0
1985-02-26 14:00:00,11.7889,11.7889,0,0,0,0,0,0
1985-02-26 15:00:00,11.3781,11.3781,0,0,0,0,0,0
1985-02-26 16:00:00,11.0155,11.0155,0,0,0,0,0,0
1985-02-26 17:00:00,10.6364,10.6364,0,0,0,0,0,0
1985-02-26 18:00:00,10.4123,10.4123,0,0,0,0,0,0
1985-02-26 19:00:00,10.2822,10.2822,0,0,0,0,0,0
1985-02-26 20:00:00,10.2184,10.2184,0,0,0,0,0,0
1985-02-26 21:00:00,10.3675,10.3675,0,0,0,0,0,0
1985-02-26 22:00:00,10.6172,10.6172,0,0,0,0,0,0
1985-02-26 23:00:00,10.5198,10.5198,0,0,0,0,0,0
1985-02-27 00:00:00,10.1607,10.1607,0,0,0,0,0,0
1985-02-27 01:00:00,9.789,9.789,0,0,0,0,0,0
1985-02-27 02:00:00,9.3396,9.3396,0,0,0,0,0,0
1985-02-27 03:00:00,8.8639,8.8639,0,0,0,0,0,0
1985-02-27 04:00:00,8.4786,8.4786,0,0,0,0,0,0
1985-02-27 05:00:00,8.2123,8.2123,0,0,0,0,0,0
1985-02-27 06:00:00,7.9248,7.9248,0,0,0,0,0,0
1985-02-27 07:00:00,8.1033,8.1033,0,0,0,0,0,0
1985-02-27 08:00:00,8.1541,8.1541,0,0,0,0,0,0
1985-02-27 09:00:00,8.2025,8.2025,0,0,0,0,0,0
1985-02-27 10:00:00,7.3825,7.3825,0,0,0,0,0,0
1985-02-27 11:00:00,6.8343,6.8343,0,0,0,0,0,0
1985-02-27 12:00:00,6.4453,6.4453,0,0,0,0,0,0
1985-02-27 13:00:00,6.1202,6.1202,0,0,0,0,0,0
1985-02-27 14:00:00,6.2376,6.2376,0,0,0,0,0,0
1985-02-27 15:00:00,6.1795,6.1795,0,0,0,0,0,0
1985-02-27 16:00:00,5.7415,5.7415,0,0,0,0,0,0
1985-02-27 17:00:00,5.3237,5.3237,0,0,0,0,0,0
1985-02-27 18:00:00,4.98,4.98,0,0,0,0,0,0
1985-02-27 19:00:00,4.5153,4.5153,0,0,0,0,0,0
1985-02-27 20:00:00,4.1762,4.1762,0,0,0,0,0,0
1985-02-27 21:00:00,3.8833,3.8833,0,0,0,0,0,0
1985-02-27 22:00:00,3.5306,3.5306,0,0,0,0,0,0
1985-02-27 23:00:00,3.5152,3.5152,0,0,0,0,0,0
1985-02-28 00:00:00,3.411,3.411,0,0,0,0,0,0
1985-02-28 01:00:00,2.6297,2.6297,0,0,0,0,0,0
1985-02-28 02:00:00,2.6726,2.6726,0,0,0,0,0,0
1985-02-28 03:00:00,3.2031,3.2031,0,0,0,0,0,0
1985-02-28 04:00:00,2.7708,2.7708,0,0,0,0,0,0
1985-02-28 05:00:00,2.1832,2.1832,0,0,0,0,0,0
1985-02-28 06:00:00,2.0521,2.0521,0,0,0,0,0,0
1985-02-28 07:00:00,1.7817,1.7817,0,0,0,0,0,0
1985-02-28 08:00:00,1.2408,1.2408,0,0,0,0,0,0
1985-02-28 09:00:00,0.9847,0.9847,0,0,0,0,0,0
1985-02-28 10:00:00,0.7379,0.7379,0,0,0,0,0,0
1985-02-28 11:00:00,0.8306,0.8306,0,0,0,0,0,0
1985-02-28 12:00:00,1.056,1.056,0,0,0,0,0,0
1985-02-28 13:00:00,1.5746,1.5746,0,0,0,0,0,0
1985-02-28 14:00:00,1.9211,1.9211,0,0,0,0,0,0
1985-02-28 15:00:00,2.3683,2.3683,0,0,0,0,0,0
1985-02-28 16:00:00,2.5128,2.5128,0,0,0,0,0,0
1985-02-28 17:00:00,2.423,2.423,0,0,0,0,0,0
1985-02-28 18:00:00,2.0835,2.0835,0,0,0,0,0,0
1985-02-28 19:00:00,1.6116,1.6116,0,0,0,0,0,0
1985-02-28 20:00:00,1.2356,1.2356,0,0,0,0,0,0
1985-02-28 21:00:00,1.1964,1.1964,0,0,0,0,0,0
1985-02-28 22:00:00,1.2093,1.2093,0,0,0,0,0,0
1985-02-28 23:00:00,0.9032,0.9032,0,0,0,0,0,0
1985-03-01 00:00:00,0.9676,0.9676,0,0,0,0,0,0
1985-03-01 01:00:00,1.17,1.17,0,0,0,0,0,0
1985-03-01 02:00:00,1.4915,1.4915,0,0,0,0,0,0
1985-03-01 03:00:00,1.9976,1.9976,0,0,0,0,0,0
1985-03-01 04:00:00,2.997,2.997,0,0,0,0,0,0
1985-03-01 05:00:00,3.9891,3.9891,0,0,0,0,0,0
1985-03-01 06:00:00,5.0921,5.0921,0,0,0,0,0,0
1985-03-01 07:00:00,6.235,6.235,0,0,0,0,0,0
1985-03-01 08:00:00,6.9993,6.9993,0,0,0,0,0,0
1985-03-01 09:00:00,7.8772,7.8772,0,0,0,0,0,0
1985-03-01 10:00:00,9.1492,9.1492,0,0,0,0,0,0
1985-03-01 11:00:00,9.3016,9.3016,0,0,0,0,0,0
1985-03-01 12:00:00,9.1488,9.1488,0,0,0,0,0,0
1985-03-01 13:00:00,9.0551,9.0551,0,0,0,0,0,0
1985-03-01 14:00:00,8.8122,8.8122,0,0,0,0,0,0
1985-03-01 15:00:00,8.2715,8.2715,0,0,0,0,0,0
1985-03-01 16:00:00,7.6452,7.6452,0,0,0,0,0,0
1985-03-01 17:00:00,6.673,6.673,0,0,0,0,0,0
1985-03-01 18:00:00,6.1085,6.1085,0,0,0,0,0,0
1985-03-01 19:00:00,5.6827,5.6827,0,0,0,0,0,0
1985-03-01 20:00:00,5.3453,5.3453,0,0,0,0,0,0
1985-03-01 21:00:00,4.7957,4.7957,0,0,0,0,0,0
1985-03-01 22:00:00,3.5014,3.5014,0,0,0,0,0,0
1985-03-01 23:00:00,2.669,2.669,0,0,0,0,0,0
1985-03-02 00:00:00,2.4632,2.4632,0,0,0,0,0,0
1985-03-02 01:00:00,2.5165,2.5165,0,0,0,0,0,0
1985-03-02 02:00:00,2.4611,2.4611,0,0,0,0,0,0
1985-03-02 03:00:00,2.0904,2.0904,0,0,0,0,0,0
1985-03-02 04:00:00,1.9009,1.9009,0,0,0,0,0,0
1985-03-02 05:00:00,2.1605,2.1605,0,0,0,0,0,0
1985-03-02 06:00:00,2.6729,2.6729,0,0,0,0,0,0
1985-03-02 07:00:00,3.5631,3.5631,0,0,0,0,0,0
1985-03-02 08:00:00,4.2576,4.2576,0,0,0,0,0,0
1985-03-02 09:00:00,4.8019,4.8019,0,0,0,0,0,0
1985-03-02 10:00:00,5.0167,5.0167,0,0,0,0,0,0
1985-03-02 11:00:00,5.758,5.758,0,0,0,0,0,0
1985-03-02 12:00:00,6.1549,6.1549,0,0,0,0,0,0
1985-03-02 13:00:00,6.1531,6.1531,0,0,0,0,0,0
1985-03-02 14:00:00,5.9672,5.9672,0,0,0,0,0,0
1985-03-02 15:00:00,6.296,6.296,0,0,0,0,0,0
1985-03-02 16:00:00,6.7863,6.7863,0,0,0,0,0,0
1985-03-02 17:00:00,7.0654,7.0654,0,0,0,0,0,0
1985-03-02 18:00:00,7.1152,7.1152,0,0,0,0,0,0
1985-03-02 19:00:00,7.1676,7.1676,0,0,0,0,0,0
1985-03-02 20:00:00,7.5905,7.5905,0,0,0,0,0,0
1985-03-02 21:00:00,8.1672,8.1672,0,0,0,0,0,0
1985-03-02 22:00:00,7.9491,7.9491,0,0,0,0,0,0
1985-03-02 23:00:00,8.2171,8.2171,0,0,0,0,0,0
1985-03-03 00:00:00,8.4854,8.4854,0,0,0,0,0,0
1985-03-03 01:00:00,8.451,8.451,0,0,0,0,0,0
1985-03-03 02:00:00,8.2567,8.2567,0,0,0,0,0,0
1985-03-03 03:00:00,8.4155,8.4155,0,0,0,0,0,0
1985-03-03 04:00:00,8.8797,8.8797,0,0,0,0,0,0
1985-03-03 05:00:00,9.4425,9.4425,0,0,0,0,0,0
1985-03-03 06:00:00,9.9756,9.9756,0,0,0,0,0,0
1985-03-03 07:00:00,10.4263,10.4263,0,0,0,0,0,0
1985-03-03 08:00:00,10.7722,10.7722,0,0,0,0,0,0
1985-03-03 09:00:00,11.0558,11.0558,0,0,0,0,0,0
1985-03-03 10:00:00,10.9186,10.9186,0,0,0,0,0,0
1985-03-03 11:00:00,11.6166,11.6166,0,0,0,0,0,0
1985-03-03 12:00:00,11.6067,11.6067,0,0,0,0,0,0
1985-03-03 13:00:00,11.1672,11.1672,0,0,0,0,0,0
1985-03-03 14:00:00,10.5539,10.5539,0,0,0,0,0,0
1985-03-03 15:00:00,10.0657,10.0657,0,0,0,0,0,0
1985-03-03 16:00:00,9.8309,9.8309,0,0,0,0,0,0
1985-03-03 17:00:00,9.5038,9.5038,0,0,0,0,0,0
1985-03-03 18:00:00,9.2141,9.2141,0,0,0,0,0,0
1985-03-03 19:00:00,8.9814,8.9814,0,0,0,0,0,0
1985-03-03 20:00:00,8.8931,8.8931,0,0,0,0,0,0
1985-03-03 21:00:00,9.0907,9.0907,0,0,0,0,0,0
1985-03-03 22:00:00,9.4179,9.4179,0,0,0,0,0,0
1985-03-03 23:00:00,9.7397,9.7397,0,0,0,0,0,0
1985-03-04 00:00:00,9.9916,9.9916,0,0,0,0,0,0
1985-03-04 01:00:00,10.2201,10.2201,0,0,0,0,0,0
1985-03-04 02:00:00,10.5824,10.5824,0,0,0,0,0,0
1985-03-04 03:00:00,10.7626,10.7626,0,0,0,0,0,0
1985-03-04 04:00:00,10.6823,10.6823,0,0,0,0,0,0
1985-03-04 05:00:00,11.1353,11.1353,0,0,0,0,0,0
1985-03-04 06:00:00,11.5584,11.5584,0,0,0,0,0,0
1985-03-04 07:00:00,11.6681,11.6681,0,0,0,0,0,0
1985-03-04 08:00:00,11.819,11.819,0,0,0,0,0,0
1985-03-04 09:00:00,11.6297,11.6297,0,0,0,0,0,0
1985-03-04 10:00:00,10.8597,10.8597,0,0,0,0,0,0
1985-03-04 11:00:00,10.8071,10.8071,0,0,0,0,0,0
1985-03-04 12:00:00,11.1709,11.1709,0,0,0,0,0,0
1985-03-04 13:00:00,12.1264,12.1264,0,0,0,0,0,0
1985-03-04 14:00:00,13.607,13.607,0,0,0,0,0,0
1985-03-04 15:00:00,14.4541,14.4541,0,0,0,0,0,0
1985-03-04 16:00:00,14.8051,14.8051,0,0,0,0,0,0
1985-03-04 17:00:00,14.684,14.684,0,0,0,0,0,0
1985-03-04 18:00:00,14.4044,14.4044,0,0,0,0,0,0
1985-03-04 19:00:00,14.7377,14.7377,0,0,0,0,0,0
1985-03-04 20:00:00,15.024,15.024,0,0,0,0,0,0
1985-03-04 21:00:00,15.1571,15.1571,0,0,0,0,0,0
1985-03-04 22:00:00,14.3719,14.3719,0,0,0,0,0,0
1985-03-04 23:00:00,14.4195,14.4195,0,0,0,0,0,0
1985-03-05 00:00:00,14.639,14.639,0,0,0,0,0,0
1985-03-05 01:00:00,14.6588,14.6588,0,0,0,0,0,0
1985-03-05 02:00:00,14.5053,14.5053,0,0,0,0,0,0
1985-03-05 03:00:00,14.4622,14.4622,0,0,0,0,0,0
1985-03-05 04:00:00,14.6604,14.6604,0,0,0,0,0,0
1985-03-05 05:00:00,14.4432,14.4432,0,0,0,0,0,0
1985-03-05 06:00:00,14.2499,14.2499,0,0,0,0,0,0
1985-03-05 07:00:00,14.7819,14.7819,0,0,0,0,0,0
1985-03-05 08:00:00,15.2276,15.2276,0,0,0,0,0,0
1985-03-05 09:00:00,15.5414,15.5414,0,0,0,0,0,0
1985-03-05 10:00:00,15.3663,15.3663,0,0,0,0,0,0
1985-03-05 11:00:00,15.7,15.7,0,0,0,0,0,0
1985-03-05 12:00:00,16.7493,16.7493,0,0,0,0,0,0
1985-03-05 13:00:00,17.2164,17.2164,0,0,0,0,0,0
1985-03-05 14:00:00,17.3356,17.3356,0,0,0,0,0,0
1985-03-05 15:00:00,16.7899,16.7899,0,0,0,0,0,0
1985-03-05 16:00:00,14.9864,14.9864,0,0,0,0,0,0
1985-03-05 17:00:00,12.8206,12.8206,0,0,0,0,0,0
1985-03-05 18:00:00,11.3112,11.3112,0,0,0,0,0,0
1985-03-05 19:00:00,10.2031,10.2031,0,0,0,0,0,0
1985-03-05 20:00:00,9.4859,9.4859,0,0,0,0,0,0
1985-03-05 21:00:00,8.748,8.748,0,0,0,0,0,0
1985-03-05 22:00:00,8.9944,8.9944,0,0,0,0,0,0
1985-03-05 23:00:00,8.736,8.736,0,0,0,0,0,0
1985-03-06 00:00:00,8.3495,8.3495,0,0,0,0,0,0
1985-03-06 01:00:00,7.2969,7.2969,0,0,0,0,0,0
1985-03-06 02:00:00,6.3065,6.3065,0,0,0,0,0,0
1985-03-06 03:00:00,5.8106,5.8106,0,0,0,0,0,0
1985-03-06 04:00:00,5.6917,5.6917,0,0,0,0,0,0
1985-03-06 05:00:00,6.0355,6.0355,0,0,0,0,0,0
1985-03-06 06:00:00,6.6376,6.6376,0,0,0,0,0,0
1985-03-06 07:00:00,7.1412,7.1412,0,0,0,0,0,0
1985-03-06 08:00:00,7.6422,7.6422,0,0,0,0,0,0
1985-03-06 09:00:00,8.8243,8.8243,0,0,0,0,0,0
1985-03-06 10:00:00,10.6751,10.6751,0,0,0,0,0,0
1985-03-06 11:00:00,11.6711,11.6711,0,0,0,0,0,0
1985-03-06 12:00:00,12.1201,12.1201,0,0,0,0,0,0
1985-03-06 13:00:00,12.2353,12.2353,0,0,0,0,0,0
1985-03-06 14:00:00,12.1668,12.1668,0,0,0,0,0,0
1985-03-06 15:00:00,12.0441,12.0441,0,0,0,0,0,0
1985-03-06 16:00:00,12.1331,12.1331,0,0,0,0,0,0
1985-03-06 17:00:00,12.317,12.317,0,0,0,0,0,0
1985-03-06 18:00:00,12.3515,12.3515,0,0,0,0,0,0
1985-03-06 19:00:00,12.8888,12.8888,0,0,0,0,0,0
1985-03-06 20:00:00,13.5659,13.5659,0,0,0,0,0,0
1985-03-06 21:00:00,14.1334,14.1334,0,0,0,0,0,0
1985-03-06 22:00:00,14.4088,14.4088,0,0,0,0,0,0
1985-03-06 23:00:00,14.4773,14.4773,0,0,0,0,0,0
1985-03-07 00:00:00,14.5924,14.5924,0,0,0,0,0,0
1985-03-07 01:00:00,14.2473,14.2473,0,0,0,0,0,0
1985-03-07 02:00:00,14.3647,14.3647,0,0,0,0,0,0
1985-03-07 03:00:00,14.194,14.194,0,0,0,0,0,0
1985-03-07 04:00:00,14.1759,14.1759,0,0,0,0,0,0
1985-03-07 05:00:00,14.2076,14.2076,0,0,0,0,0,0
1985-03-07 06:00:00,14.2545,14.2545,0,0,0,0,0,0
1985-03-07 07:00:00,14.5795,14.5795,0,0,0,0,0,0
1985-03-07 08:00:00,14.7631,14.7631,0,0,0,0,0,0
1985-03-07 09:00:00,14.8005,14.8005,0,0,0,0,0,0
1985-03-07 10:00:00,15.2003,15.2003,0,0,0,0,0,0
1985-03-07 11:00:00,15.26,15.26,0,0,0,0,0,0
1985-03-07 12:00:00,15.2867,15.2867,0,0,0,0,0,0
1985-03-07 13:00:00,15.3182,15.3182,0,0,0,0,0,0
1985-03-07 14:00:00,15.2631,15.2631,0,0,0,0,0,0
1985-03-07 15:00:00,14.7743,14.7743,0,0,0,0,0,0
1985-03-07 16:00:00,14.6277,14.6277,0,0,0,0,0,0
1985-03-07 17:00:00,14.4365,14.4365,0,0,0,0,0,0
1985-03-07 18:00:00,14.2822,14.2822,0,0,0,0,0,0
1985-03-07 19:00:00,14.5014,14.5014,0,0,0,0,0,0
1985-03-07 20:00:00,14.7422,14.7422,0,0,0,0,0,0
1985-03-07 21:00:00,14.7781,14.7781,0,0,0,0,0,0
1985-03-07 22:00:00,14.2979,14.2979,0,0,0,0,0,0
1985-03-07 23:00:00,14.2826,14.2826,0,0,0,0,0,0
1985-03-08 00:00:00,14.064,14.064,0,0,0,0,0,0
1985-03-08 01:00:00,13.9022,13.9022,0,0,0,0,0,0
1985-03-08 02:00:00,14.1025,14.1025,0,0,0,0,0,0
1985-03-08 03:00:00,13.9334,13.9334,0,0,0,0,0,0
1985-03-08 04:00:00,13.9791,13.9791,0,0,0,0,0,0
1985-03-08 05:00:00,13.8065,13.8065,0,0,0,0,0,0
1985-03-08 06:00:00,13.8364,13.8364,0,0,0,0,0,0
1985-03-08 07:00:00,14.0217,14.0217,0,0,0,0,0,0
1985-03-08 08:00:00,13.6771,13.6771,0,0,0,0,0,0
1985-03-08 09:00:00,14.4587,14.4587,0,0,0,0,0,0
1985-03-08 10:00:00,15.674,15.674,0,0,0,0,0,0
1985-03-08 11:00:00,15.515,15.515,0,0,0,0,0,0
1985-03-08 12:00:00,15.8128,15.8128,0,0,0,0,0,0
1985-03-08 13:00:00,16.2668,16.2668,0,0,0,0,0,0
1985-03-08 14:00:00,17.1339,17.1339,0,0,0,0,0,0
1985-03-08 15:00:00,17.199,17.199,0,0,0,0,0,0
1985-03-08 16:00:00,17.4213,17.4213,0,0,0,0,0,0
1985-03-08 17:00:00,17.2663,17.2663,0,0,0,0,0,0
1985-03-08 18:00:00,17.1248,17.1248,0,0,0,0,0,0
1985-03-08 19:00:00,17.5924,17.5924,0,0,0,0,0,0
1985-03-08 20:00:00,18.3434,18.3434,0,0,0,0,0,0
1985-03-08 21:00:00,18.5809,18.5809,0,0,0,0,0,0
1985-03-08 22:00:00,19.2226,19.2226,0,0,0,0,0,0
1985-03-08 23:00:00,18.8316,18.8316,0,0,0,0,0,0
1985-03-09 00:00:00,18.6519,18.6519,0,0,0,0,0,0
1985-03-09 01:00:00,19.0118,19.0118,0,0,0,0,0,0
1985-03-09 02:00:00,19.483,19.483,0,0,0,0,0,0
1985-03-09 03:00:00,19.6196,19.6196,0,0,0,0,0,0
1985-03-09 04:00:00,20.4373,20.4373,0,0,0,0,0,0
1985-03-09 05:00:00,20.4863,20.4863,0,0,0,0,0,0
1985-03-09 06:00:00,20.3993,20.3993,0,0,0,0,0,0
1985-03-09 07:00:00,20.4848,20.4848,0,0,0,0,0,0
1985-03-09 08:00:00,20.2961,20.2961,0,0,0,0,0,0
1985-03-09 09:00:00,19.8064,19.8064,0,0,0,0,0,0
1985-03-09 10:00:00,20.0917,20.0917,0,0,0,0,0,0
1985-03-09 11:00:00,20.4196,20.4196,0,0,0,0,0,0
1985-03-09 12:00:00,20.2451,20.2451,0,0,0,0,0,0
1985-03-09 13:00:00,20.3895,20.3895,0,0,0,0,0,0
1985-03-09 14:00:00,19.8365,19.8365,0,0,0,0,0,0
1985-03-09 15:00:00,19.6818,19.6818,0,0,0,0,0,0
1985-03-09 16:00:00,19.7946,19.7946,0,0,0,0,0,0
1985-03-09 17:00:00,20.0587,20.0587,0,0,0,0,0,0
1985-03-09 18:00:00,20.5766,20.5766,0,0,0,0,0,0
1985-03-09 19:00:00,20.6154,20.6154,0,0,0,0,0,0
1985-03-09 20:00:00,20.9325,20.9325,0,0,0,0,0,0
1985-03-09 21:00:00,21.0256,21.0256,0,0,0,0,0,0
1985-03-09 22:00:00,21.0396,21.0396,0,0,0,0,0,0
1985-03-09 23:00:00,21.0103,21.0103,0,0,0,0,0,0
1985-03-10 00:00:00,20.6483,20.6483,0,0,0,0,0,0
1985-03-10 01:00:00,20.1143,20.1143,0,0,0,0,0,0
1985-03-10 02:00:00,20.3331,20.3331,0,0,0,0,0,0
1985-03-10 03:00:00,19.1795,19.1795,0,0,0,0,0,0
1985-03-10 04:00:00,17.1793,17.1793,0,0,0,0,0,0
1985-03-10 05:00:00,13.3947,13.3947,0,0,0,0,0,0
1985-03-10 06:00:00,8.0682,8.0682,0,0,0,0,0,0
1985-03-10 07:00:00,9.6128,9.6128,0,0,0,0,0,0
1985-03-10 08:00:00,12.675,12.675,0,0,0,0,0,0
1985-03-10 09:00:00,12.0385,12.0385,0,0,0,0,0,0
1985-03-10 10:00:00,9.9512,9.9512,0,0,0,0,0,0
1985-03-10 11:00:00,9.1268,9.1268,0,0,0,0,0,0
1985-03-10 12:00:00,8.975,8.975,0,0,0,0,0,0
1985-03-10 13:00:00,8.5789,8.5789,0,0,0,0,0,0
1985-03-10 14:00:00,9.0274,9.0274,0,0,0,0,0,0
1985-03-10 15:00:00,9.9973,9.9973,0,0,0,0,0,0
1985-03-10 16:00:00,10.1804,10.1804,0,0,0,0,0,0
1985-03-10 17:00:00,9.9382,9.9382,0,0,0,0,0,0
1985-03-10 18:00:00,9.7378,9.7378,0,0,0,0,0,0
1985-03-10 19:00:00,9.161,9.161,0,0,0,0,0,0
1985-03-10 20:00:00,8.9702,8.9702,0,0,0,0,0,0
1985-03-10 21:00:00,8.376,8.376,0,0,0,0,0,0
1985-03-10 22:00:00,7.77,7.77,0,0,0,0,0,0
1985-03-10 23:00:00,6.9032,6.9032,0,0,0,0,0,0
1985-03-11 00:00:00,5.7296,5.7296,0,0,0,0,0,0
1985-03-11 01:00:00,5.0845,5.0845,0,0,0,0,0,0
1985-03-11 02:00:00,5.4751,5.4751,0,0,0,0,0,0
1985-03-11 03:00:00,5.5917,5.5917,0,0,0,0,0,0
1985-03-11 04:00:00,5.1038,5.1038,0,0,0,0,0,0
1985-03-11 05:00:00,5.1383,5.1383,0,0,0,0,0,0
1985-03-11 06:00:00,6.0939,6.0939,0,0,0,0,0,0
1985-03-11 07:00:00,6.361,6.361,0,0,0,0,0,0
1985-03-11 08:00:00,6.6875,6.6875,0,0,0,0,0,0
1985-03-11 09:00:00,7.9088,7.9088,0,0,0,0,0,0
1985-03-11 10:00:00,9.4853,9.4853,0,0,0,0,0,0
1985-03-11 11:00:00,10.9357,10.9357,0,0,0,0,0,0
1985-03-11 12:00:00,12.1982,12.1982,0,0,0,0,0,0
1985-03-11 13:00:00,12.7507,12.7507,0,0,0,0,0,0
1985-03-11 14:00:00,13.011,13.011,0,0,0,0,0,0
1985-03-11 15:00:00,13.6377,13.6377,0,0,0,0,0,0
1985-03-11 16:00:00,14.4163,14.4163,0,0,0,0,0,0
1985-03-11 17:00:00,15.1096,15.1096,0,0,0,0,0,0
1985-03-11 18:00:00,15.6022,15.6022,0,0,0,0,0,0
1985-03-11 19:00:00,15.7275,15.7275,0,0,0,0,0,0
1985-03-11 20:00:00,15.8078,15.8078,0,0,0,0,0,0
1985-03-11 21:00:00,16.175,16.175,0,0,0,0,0,0
1985-03-11 22:00:00,16.3163,16.3163,0,0,0,0,0,0
1985-03-11 23:00:00,16.0331,16.0331,0,0,0,0,0,0
1985-03-12 00:00:00,14.9625,14.9625,0,0,0,0,0,0
1985-03-12 01:00:00,13.8216,13.8216,0,0,0,0,0,0
1985-03-12 02:00:00,12.4598,12.4598,0,0,0,0,0,0
1985-03-12 03:00:00,10.7684,10.7684,0,0,0,0,0,0
1985-03-12 04:00:00,9.2469,9.2469,0,0,0,0,0,0
1985-03-12 05:00:00,7.7873,7.7873,0,0,0,0,0,0
1985-03-12 06:00:00,6.0688,6.0688,0,0,0,0,0,0
1985-03-12 07:00:00,4.9782,4.9782,0,0,0,0,0,0
1985-03-12 08:00:00,5.5907,5.5907,0,0,0,0,0,0
1985-03-12 09:00:00,7.6677,7.6677,0,0,0,0,0,0
1985-03-12 10:00:00,10.5369,10.5369,0,0,0,0,0,0
1985-03-12 11:00:00,11.9023,11.9023,0,0,0,0,0,0
1985-03-12 12:00:00,12.2365,12.2365,0,0,0,0,0,0
1985-03-12 13:00:00,11.5783,11.5783,0,0,0,0,0,0
1985-03-12 14:00:00,11.0047,11.0047,0,0,0,0,0,0
1985-03-12 15:00:00,10.6911,10.6911,0,0,0,0,0,0
1985-03-12 16:00:00,11.1285,11.1285,0,0,0,0,0,0
1985-03-12 17:00:00,12.2379,12.2379,0,0,0,0,0,0
1985-03-12 18:00:00,12.7832,12.7832,0,0,0,0,0,0
1985-03-12 19:00:00,12.8767,12.8767,0,0,0,0,0,0
1985-03-12 20:00:00,13.276,13.276,0,0,0,0,0,0
1985-03-12 21:00:00,13.9742,13.9742,0,0,0,0,0,0
1985-03-12 22:00:00,14.9076,14.9076,0,0,0,0,0,0
1985-03-12 23:00:00,16.0563,16.0563,0,0,0,0,0,0
1985-03-13 00:00:00,17.571,17.571,0,0,0,0,0,0
1985-03-13 01:00:00,15.3784,15.3784,0,0,0,0,0,0
1985-03-13 02:00:00,12.4107,12.4107,0,0,0,0,0,0
1985-03-13 03:00:00,13.7101,13.7101,0,0,0,0,0,0
1985-03-13 04:00:00,14.3873,14.3873,0,0,0,0,0,0
1985-03-13 05:00:00,15.0974,15.0974,0,0,0,0,0,0
1985-03-13 06:00:00,15.8254,15.8254,0,0,0,0,0,0
1985-03-13 07:00:00,16.2521,16.2521,0,0,0,0,0,0
1985-03-13 08:00:00,16.6792,16.6792,0,0,0,0,0,0
1985-03-13 09:00:00,17.2316,17.2316,0,0,0,0,0,0
1985-03-13 10:00:00,17.3556,17.3556,0,0,0,0,0,0
1985-03-13 11:00:00,18.287,18.287,0,0,0,0,0,0
1985-03-13 12:00:00,18.3626,18.3626,0,0,0,0,0,0
1985-03-13 13:00:00,17.6808,17.6808,0,0,0,0,0,0
1985-03-13 14:00:00,16.7806,16.7806,0,0,0,0,0,0
1985-03-13 15:00:00,15.9044,15.9044,0,0,0,0,0,0
1985-03-13 16:00:00,14.6706,14.6706,0,0,0,0,0,0
1985-03-13 17:00:00,13.4495,13.4495,0,0,0,0,0,0
1985-03-13 18:00:00,12.5183,12.5183,0,0,0,0,0,0
1985-03-13 19:00:00,11.8406,11.8406,0,0,0,0,0,0
1985-03-13 20:00:00,11.5949,11.5949,0,0,0,0,0,0
1985-03-13 21:00:00,11.1916,11.1916,0,0,0,0,0,0
1985-03-13 22:00:00,11.8606,11.8606,0,0,0,0,0,0
1985-03-13 23:00:00,10.993,10.993,0,0,0,0,0,0
1985-03-14 00:00:00,10.3896,10.3896,0,0,0,0,0,0
1985-03-14 01:00:00,9.9203,9.9203,0,0,0,0,0,0
1985-03-14 02:00:00,9.4406,9.4406,0,0,0,0,0,0
1985-03-14 03:00:00,9.1042,9.1042,0,0,0,0,0,0
1985-03-14 04:00:00,8.9978,8.9978,0,0,0,0,0,0
1985-03-14 05:00:00,8.7823,8.7823,0,0,0,0,0,0
1985-03-14 06:00:00,8.4577,8.4577,0,0,0,0,0,0
1985-03-14 07:00:00,8.3534,8.3534,0,0,0,0,0,0
1985-03-14 08:00:00,8.2911,8.2911,0,0,0,0,0,0
1985-03-14 09:00:00,8.2101,8.2101,0,0,0,0,0,0
1985-03-14 10:00:00,8.0477,8.0477,0,0,0,0,0,0
1985-03-14 11:00:00,7.8606,7.8606,0,0,0,0,0,0
1985-03-14 12:00:00,7.749,7.749,0,0,0,0,0,0
1985-03-14 13:00:00,7.6764,7.6764,0,0,0,0,0,0
1985-03-14 14:00:00,7.8937,7.8937,0,0,0,0,0,0
1985-03-14 15:00:00,8.4007,8.4007,0,0,0,0,0,0
1985-03-14 16:00:00,8.7111,8.7111,0,0,0,0,0,0
1985-03-14 17:00:00,8.6876,8.6876,0,0,0,0,0,0
1985-03-14 18:00:00,8.1247,8.1247,0,0,0,0,0,0
1985-03-14 19:00:00,7.2109,7.2109,0,0,0,0,0,0
1985-03-14 20:00:00,6.6192,6.6192,0,0,0,0,0,0
1985-03-14 21:00:00,6.3399,6.3399,0,0,0,0,0,0
1985-03-14 22:00:00,7.4824,7.4824,0,0,0,0,0,0
1985-03-14 23:00:00,7.3549,7.3549,0,0,0,0,0,0
1985-03-15 00:00:00,6.4903,6.4903,0,0,0,0,0,0
1985-03-15 01:00:00,5.316,5.316,0,0,0,0,0,0
1985-03-15 02:00:00,4.4351,4.4351,0,0,0,0,0,0
1985-03-15 03:00:00,3.7949,3.7949,0,0,0,0,0,0
1985-03-15 04:00:00,3.4189,3.4189,0,0,0,0,0,0
1985-03-15 05:00:00,3.4642,3.4642,0,0,0,0,0,0
1985-03-15 06:00:00,3.8689,3.8689,0,0,0,0,0,0
1985-03-15 07:00:00,3.8675,3.8675,0,0,0,0,0,0
1985-03-15 08:00:00,3.4667,3.4667,0,0,0,0,0,0
1985-03-15 09:00:00,3.1658,3.1658,0,0,0,0,0,0
1985-03-15 10:00:00,4.2254,4.2254,0,0,0,0,0,0
1985-03-15 11:00:00,5.0187,5.0187,0,0,0,0,0,0
1985-03-15 12:00:00,5.4017,5.4017,0,0,0,0,0,0
1985-03-15 13:00:00,5.541,5.541,0,0,0,0,0,0
1985-03-15 14:00:00,5.4092,5.4092,0,0,0,0,0,0
1985-03-15 15:00:00,5.4817,5.4817,0,0,0,0,0,0
1985-03-15 16:00:00,5.5237,5.5237,0,0,0,0,0,0
1985-03-15 17:00:00,5.6731,5.6731,0,0,0,0,0,0
1985-03-15 18:00:00,5.62,5.62,0,0,0,0,0,0
1985-03-15 19:00:00,5.3388,5.3388,0,0,0,0,0,0
1985-03-15 20:00:00,4.8469,4.8469,0,0,0,0,0,0
1985-03-15 21:00:00,4.2664,4.2664,0,0,0,0,0,0
1985-03-15 22:00:00,4.9376,4.9376,0,0,0,0,0,0
1985-03-15 23:00:00,4.4109,4.4109,0,0,0,0,0,0
1985-03-16 00:00:00,3.4871,3.4871,0,0,0,0,0,0
1985-03-16 01:00:00,2.8773,2.8773,0,0,0,0,0,0
1985-03-16 02:00:00,2.3573,2.3573,0,0,0,0,0,0
1985-03-16 03:00:00,2.267,2.267,0,0,0,0,0,0
1985-03-16 04:00:00,2.1667,2.1667,0,0,0,0,0,0
1985-03-16 05:00:00,2.1595,2.1595,0,0,0,0,0,0
1985-03-16 06:00:00,1.9901,1.9901,0,0,0,0,0,0
1985-03-16 07:00:00,1.7712,1.7712,0,0,0,0,0,0
1985-03-16 08:00:00,1.5606,1.5606,0,0,0,0,0,0
1985-03-16 09:00:00,1.5099,1.5099,0,0,0,0,0,0
1985-03-16 10:00:00,1.1649,1.1649,0,0,0,0,0,0
1985-03-16 11:00:00,1.0864,1.0864,0,0,0,0,0,0
1985-03-16 12:00:00,1.1781,1.1781,0,0,0,0,0,0
1985-03-16 13:00:00,1.459,1.459,0,0,0,0,0,0
1985-03-16 14:00:00,1.7813,1.7813,0,0,0,0,0,0
1985-03-16 15:00:00,1.9031,1.9031,0,0,0,0,0,0
1985-03-16 16:00:00,1.8775,1.8775,0,0,0,0,0,0
1985-03-16 17:00:00,2.1411,2.1411,0,0,0,0,0,0
1985-03-16 18:00:00,2.4286,2.4286,0,0,0,0,0,0
1985-03-16 19:00:00,2.5698,2.5698,0,0,0,0,0,0
1985-03-16 20:00:00,2.6432,2.6432,0,0,0,0,0,0
1985-03-16 21:00:00,2.7966,2.7966,0,0,0,0,0,0
1985-03-16 22:00:00,2.6731,2.6731,0,0,0,0,0,0
1985-03-16 23:00:00,2.6864,2.6864,0,0,0,0,0,0
1985-03-17 00:00:00,2.8249,2.8249,0,0,0,0,0,0
1985-03-17 01:00:00,3.3605,3.3605,0,0,0,0,0,0
1985-03-17 02:00:00,3.6574,3.6574,0,0,0,0,0,0
1985-03-17 03:00:00,4.1207,4.1207,0,0,0,0,0,0
1985-03-17 04:00:00,4.9883,4.9883,0,0,0,0,0,0
1985-03-17 05:00:00,5.7623,5.7623,0,0,0,0,0,0
1985-03-17 06:00:00,6.2542,6.2542,0,0,0,0,0,0
1985-03-17 07:00:00,6.532,6.532,0,0,0,0,0,0
1985-03-17 08:00:00,6.8492,6.8492,0,0,0,0,0,0
1985-03-17 09:00:00,7.4195,7.4195,0,0,0,0,0,0
1985-03-17 10:00:00,7.9476,7.9476,0,0,0,0,0,0
1985-03-17 11:00:00,8.8851,8.8851,0,0,0,0,0,0
1985-03-17 12:00:00,9.386,9.386,0,0,0,0,0,0
1985-03-17 13:00:00,9.6772,9.6772,0,0,0,0,0,0
1985-03-17 14:00:00,10.0813,10.0813,0,0,0,0,0,0
1985-03-17 15:00:00,10.3808,10.3808,0,0,0,0,0,0
1985-03-17 16:00:00,10.3617,10.3617,0,0,0,0,0,0
1985-03-17 17:00:00,10.3802,10.3802,0,0,0,0,0,0
1985-03-17 18:00:00,10.4304,10.4304,0,0,0,0,0,0
1985-03-17 19:00:00,10.6697,10.6697,0,0,0,0,0,0
1985-03-17 20:00:00,10.8333,10.8333,0,0,0,0,0,0
1985-03-17 21:00:00,10.7151,10.7151,0,0,0,0,0,0
1985-03-17 22:00:00,9.6383,9.6383,0,0,0,0,0,0
1985-03-17 23:00:00,9.0435,9.0435,0,0,0,0,0,0
1985-03-18 00:00:00,8.6298,8.6298,0,0,0,0,0,0
1985-03-18 01:00:00,7.895,7.895,0,0,0,0,0,0
1985-03-18 02:00:00,7.0344,7.0344,0,0,0,0,0,0
1985-03-18 03:00:00,6.1878,6.1878,0,0,0,0,0,0
1985-03-18 04:00:00,5.6011,5.6011,0,0,0,0,0,0
1985-03-18 05:00:00,5.2649,5.2649,0,0,0,0,0,0
1985-03-18 06:00:00,4.9889,4.9889,0,0,0,0,0,0
1985-03-18 07:00:00,4.3505,4.3505,0,0,0,0,0,0
1985-03-18 08:00:00,3.6464,3.6464,0,0,0,0,0,0
1985-03-18 09:00:00,3.0708,3.0708,0,0,0,0,0,0
1985-03-18 10:00:00,3.1854,3.1854,0,0,0,0,0,0
1985-03-18 11:00:00,3.2063,3.2063,0,0,0,0,0,0
1985-03-18 12:00:00,3.3595,3.3595,0,0,0,0,0,0
1985-03-18 13:00:00,3.4468,3.4468,0,0,0,0,0,0
1985-03-18 14:00:00,3.6219,3.6219,0,0,0,0,0,0
1985-03-18 15:00:00,3.9435,3.9435,0,0,0,0,0,0
1985-03-18 16:00:00,4.2345,4.2345,0,0,0,0,0,0
1985-03-18 17:00:00,4.4595,4.4595,0,0,0,0,0,0
1985-03-18 18:00:00,4.3599,4.3599,0,0,0,0,0,0
1985-03-18 19:00:00,4.2064,4.2064,0,0,0,0,0,0
1985-03-18 20:00:00,4.0637,4.0637,0,0,0,0,0,0
1985-03-18 21:00:00,3.7194,3.7194,0,0,0,0,0,0
1985-03-18 22:00:00,3.5802,3.5802,0,0,0,0,0,0
1985-03-18 23:00:00,3.7171,3.7171,0,0,0,0,0,0
1985-03-19 00:00:00,4.2128,4.2128,0,0,0,0,0,0
1985-03-19 01:00:00,4.8871,4.8871,0,0,0,0,0,0
1985-03-19 02:00:00,5.9135,5.9135,0,0,0,0,0,0
1985-03-19 03:00:00,6.8632,6.8632,0,0,0,0,0,0
1985-03-19 04:00:00,7.3179,7.3179,0,0,0,0,0,0
1985-03-19 05:00:00,7.215,7.215,0,0,0,0,0,0
1985-03-19 06:00:00,6.7605,6.7605,0,0,0,0,0,0
1985-03-19 07:00:00,6.1155,6.1155,0,0,0,0,0,0
1985-03-19 08:00:00,5.2707,5.2707,0,0,0,0,0,0
1985-03-19 09:00:00,4.5332,4.5332,0,0,0,0,0,0
1985-03-19 10:00:00,3.7832,3.7832,0,0,0,0,0,0
1985-03-19 11:00:00,3.0665,3.0665,0,0,0,0,0,0
1985-03-19 12:00:00,3.0153,3.0153,0,0,0,0,0,0
1985-03-19 13:00:00,2.6812,2.6812,0,0,0,0,0,0
1985-03-19 14:00:00,2.2863,2.2863,0,0,0,0,0,0
1985-03-19 15:00:00,2.3878,2.3878,0,0,0,0,0,0
1985-03-19 16:00:00,3.3223,3.3223,0,0,0,0,0,0
1985-03-19 17:00:00,3.9075,3.9075,0,0,0,0,0,0
1985-03-19 18:00:00,3.9779,3.9779,0,0,0,0,0,0
1985-03-19 19:00:00,3.7305,3.7305,0,0,0,0,0,0
1985-03-19 20:00:00,3.7553,3.7553,0,0,0,0,0,0
1985-03-19 21:00:00,3.7859,3.7859,0,0,0,0,0,0
1985-03-19 22:00:00,3.9877,3.9877,0,0,0,0,0,0
1985-03-19 23:00:00,4.0025,4.0025,0,0,0,0,0,0
1985-03-20 00:00:00,4.7204,4.7204,0,0,0,0,0,0
1985-03-20 01:00:00,5.2549,5.2549,0,0,0,0,0,0
1985-03-20 02:00:00,5.578,5.578,0,0,0,0,0,0
1985-03-20 03:00:00,5.5365,5.5365,0,0,0,0,0,0
1985-03-20 04:00:00,5.2343,5.2343,0,0,0,0,0,0
1985-03-20 05:00:00,5.3761,5.3761,0,0,0,0,0,0
1985-03-20 06:00:00,5.7972,5.7972,0,0,0,0,0,0
1985-03-20 07:00:00,6.5352,6.5352,0,0,0,0,0,0
1985-03-20 08:00:00,7.0224,7.0224,0,0,0,0,0,0
1985-03-20 09:00:00,7.1623,7.1623,0,0,0,0,0,0
1985-03-20 10:00:00,6.6632,6.6632,0,0,0,0,0,0
1985-03-20 11:00:00,6.3537,6.3537,0,0,0,0,0,0
1985-03-20 12:00:00,6.0135,6.0135,0,0,0,0,0,0
1985-03-20 13:00:00,5.6349,5.6349,0,0,0,0,0,0
1985-03-20 14:00:00,5.6883,5.6883,0,0,0,0,0,0
1985-03-20 15:00:00,5.2157,5.2157,0,0,0,0,0,0
1985-03-20 16:00:00,4.6651,4.6651,0,0,0,0,0,0
1985-03-20 17:00:00,4.2217,4.2217,0,0,0,0,0,0
1985-03-20 18:00:00,4.1287,4.1287,0,0,0,0,0,0
1985-03-20 19:00:00,4.6315,4.6315,0,0,0,0,0,0
1985-03-20 20:00:00,5.3758,5.3758,0,0,0,0,0,0
1985-03-20 21:00:00,5.7242,5.7242,0,0,0,0,0,0
1985-03-20 22:00:00,5.9208,5.9208,0,0,0,0,0,0
1985-03-20 23:00:00,5.6974,5.6974,0,0,0,0,0,0
1985-03-21 00:00:00,5.0758,5.0758,0,0,0,0,0,0
1985-03-21 01:00:00,4.3635,4.3635,0,0,0,0,0,0
1985-03-21 02:00:00,3.6605,3.6605,0,0,0,0,0,0
1985-03-21 03:00:00,3.1616,3.1616,0,0,0,0,0,0
1985-03-21 04:00:00,2.7888,2.7888,0,0,0,0,0,0
1985-03-21 05:00:00,2.6037,2.6037,0,0,0,0,0,0
1985-03-21 06:00:00,2.7794,2.7794,0,0,0,0,0,0
1985-03-21 07:00:00,3.0067,3.0067,0,0,0,0,0,0
1985-03-21 08:00:00,3.0838,3.0838,0,0,0,0,0,0
1985-03-21 09:00:00,3.1032,3.1032,0,0,0,0,0,0
1985-03-21 10:00:00,3.3525,3.3525,0,0,0,0,0,0
1985-03-21 11:00:00,3.6482,3.6482,0,0,0,0,0,0
1985-03-21 12:00:00,3.939,3.939,0,0,0,0,0,0
1985-03-21 13:00:00,4.5156,4.5156,0,0,0,0,0,0
1985-03-21 14:00:00,4.979,4.979,0,0,0,0,0,0
1985-03-21 15:00:00,4.9955,4.9955,0,0,0,0,0,0
1985-03-21 16:00:00,4.2571,4.2571,0,0,0,0,0,0
1985-03-21 17:00:00,2.7455,2.7455,0,0,0,0,0,0
1985-03-21 18:00:00,1.5894,1.5894,0,0,0,0,0,0
1985-03-21 19:00:00,1.6176,1.6176,0,0,0,0,0,0
1985-03-21 20:00:00,2.9888,2.9888,0,0,0,0,0,0
1985-03-21 21:00:00,4.4948,4.4948,0,0,0,0,0,0
1985-03-21 22:00:00,4.977,4.977,0,0,0,0,0,0
1985-03-21 23:00:00,5.8798,5.8798,0,0,0,0,0,0
1985-03-22 00:00:00,6.242,6.242,0,0,0,0,0,0
1985-03-22 01:00:00,6.147,6.147,0,0,0,0,0,0
1985-03-22 02:00:00,5.5785,5.5785,0,0,0,0,0,0
1985-03-22 03:00:00,4.9473,4.9473,0,0,0,0,0,0
1985-03-22 04:00:00,4.4147,4.4147,0,0,0,0,0,0
1985-03-22 05:00:00,4.0878,4.0878,0,0,0,0,0,0
1985-03-22 06:00:00,3.654,3.654,0,0,0,0,0,0
1985-03-22 07:00:00,3.056,3.056,0,0,0,0,0,0
1985-03-22 08:00:00,2.9622,2.9622,0,0,0,0,0,0
1985-03-22 09:00:00,3.3795,3.3795,0,0,0,0,0,0
1985-03-22 10:00:00,3.868,3.868,0,0,0,0,0,0
1985-03-22 11:00:00,5.1838,5.1838,0,0,0,0,0,0
1985-03-22 12:00:00,5.5333,5.5333,0,0,0,0,0,0
1985-03-22 13:00:00,5.1477,5.1477,0,0,0,0,0,0
1985-03-22 14:00:00,4.7383,4.7383,0,0,0,0,0,0
1985-03-22 15:00:00,4.5041,4.5041,0,0,0,0,0,0
1985-03-22 16:00:00,4.4355,4.4355,0,0,0,0,0,0
1985-03-22 17:00:00,4.384,4.384,0,0,0,0,0,0
1985-03-22 18:00:00,4.2838,4.2838,0,0,0,0,0,0
1985-03-22 19:00:00,3.9906,3.9906,0,0,0,0,0,0
1985-03-22 20:00:00,3.8593,3.8593,0,0,0,0,0,0
1985-03-22 21:00:00,3.849,3.849,0,0,0,0,0,0
1985-03-22 22:00:00,3.9483,3.9483,0,0,0,0,0,0
1985-03-22 23:00:00,4.1679,4.1679,0,0,0,0,0,0
1985-03-23 00:00:00,4.9137,4.9137,0,0,0,0,0,0
1985-03-23 01:00:00,5.6434,5.6434,0,0,0,0,0,0
1985-03-23 02:00:00,4.8983,4.8983,0,0,0,0,0,0
1985-03-23 03:00:00,3.657,3.657,0,0,0,0,0,0
1985-03-23 04:00:00,4.9659,4.9659,0,0,0,0,0,0
1985-03-23 05:00:00,5.3188,5.3188,0,0,0,0,0,0
1985-03-23 06:00:00,4.2009,4.2009,0,0,0,0,0,0
1985-03-23 07:00:00,3.293,3.293,0,0,0,0,0,0
1985-03-23 08:00:00,3.032,3.032,0,0,0,0,0,0
1985-03-23 09:00:00,2.9888,2.9888,0,0,0,0,0,0
1985-03-23 10:00:00,3.4409,3.4409,0,0,0,0,0,0
1985-03-23 11:00:00,3.7786,3.7786,0,0,0,0,0,0
1985-03-23 12:00:00,3.9927,3.9927,0,0,0,0,0,0
1985-03-23 13:00:00,4.0917,4.0917,0,0,0,0,0,0
1985-03-23 14:00:00,3.9772,3.9772,0,0,0,0,0,0
1985-03-23 15:00:00,4.0353,4.0353,0,0,0,0,0,0
1985-03-23 16:00:00,4.2728,4.2728,0,0,0,0,0,0
1985-03-23 17:00:00,4.3706,4.3706,0,0,0,0,0,0
1985-03-23 18:00:00,4.2964,4.2964,0,0,0,0,0,0
1985-03-23 19:00:00,4.2623,4.2623,0,0,0,0,0,0
1985-03-23 20:00:00,4.412,4.412,0,0,0,0,0,0
1985-03-23 21:00:00,4.414,4.414,0,0,0,0,0,0
1985-03-23 22:00:00,3.8649,3.8649,0,0,0,0,0,0
1985-03-23 23:00:00,2.6681,2.6681,0,0,0,0,0,0
1985-03-24 00:00:00,1.6045,1.6045,0,0,0,0,0,0
1985-03-24 01:00:00,1.0793,1.0793,0,0,0,0,0,0
1985-03-24 02:00:00,1.6787,1.6787,0,0,0,0,0,0
1985-03-24 03:00:00,3.3374,3.3374,0,0,0,0,0,0
1985-03-24 04:00:00,4.6149,4.6149,0,0,0,0,0,0
1985-03-24 05:00:00,4.612,4.612,0,0,0,0,0,0
1985-03-24 06:00:00,3.7576,3.7576,0,0,0,0,0,0
1985-03-24 07:00:00,2.5082,2.5082,0,0,0,0,0,0
1985-03-24 08:00:00,1.6678,1.6678,0,0,0,0,0,0
1985-03-24 09:00:00,1.4737,1.4737,0,0,0,0,0,0
1985-03-24 10:00:00,2.79,2.79,0,0,0,0,0,0
1985-03-24 11:00:00,3.1444,3.1444,0,0,0,0,0,0
1985-03-24 12:00:00,3.6019,3.6019,0,0,0,0,0,0
1985-03-24 13:00:00,3.8957,3.8957,0,0,0,0,0,0
1985-03-24 14:00:00,4.4163,4.4163,0,0,0,0,0,0
1985-03-24 15:00:00,4.5441,4.5441,0,0,0,0,0,0
1985-03-24 16:00:00,4.1749,4.1749,0,0,0,0,0,0
1985-03-24 17:00:00,3.4461,3.4461,0,0,0,0,0,0
1985-03-24 18:00:00,2.6474,2.6474,0,0,0,0,0,0
1985-03-24 19:00:00,1.8418,1.8418,0,0,0,0,0,0
1985-03-24 20:00:00,1.4728,1.4728,0,0,0,0,0,0
1985-03-24 21:00:00,1.4863,1.4863,0,0,0,0,0,0
1985-03-24 22:00:00,1.8092,1.8092,0,0,0,0,0,0
1985-03-24 23:00:00,2.512,2.512,0,0,0,0,0,0
1985-03-25 00:00:00,3.3342,3.3342,0,0,0,0,0,0
1985-03-25 01:00:00,4.121,4.121,0,0,0,0,0,0
1985-03-25 02:00:00,4.6618,4.6618,0,0,0,0,0,0
1985-03-25 03:00:00,4.9104,4.9104,0,0,0,0,0,0
1985-03-25 04:00:00,5.1233,5.1233,0,0,0,0,0,0
1985-03-25 05:00:00,5.2121,5.2121,0,0,0,0,0,0
1985-03-25 06:00:00,5.1412,5.1412,0,0,0,0,0,0
1985-03-25 07:00:00,5.1609,5.1609,0,0,0,0,0,0
1985-03-25 08:00:00,5.1121,5.1121,0,0,0,0,0,0
1985-03-25 09:00:00,5.3821,5.3821,0,0,0,0,0,0
1985-03-25 10:00:00,5.3909,5.3909,0,0,0,0,0,0
1985-03-25 11:00:00,5.6349,5.6349,0,0,0,0,0,0
1985-03-25 12:00:00,5.701,5.701,0,0,0,0,0,0
1985-03-25 13:00:00,5.2436,5.2436,0,0,0,0,0,0
1985-03-25 14:00:00,4.6773,4.6773,0,0,0,0,0,0
1985-03-25 15:00:00,4.2978,4.2978,0,0,0,0,0,0
1985-03-25 16:00:00,4.0432,4.0432,0,0,0,0,0,0
1985-03-25 17:00:00,3.8537,3.8537,0,0,0,0,0,0
1985-03-25 18:00:00,3.6576,3.6576,0,0,0,0,0,0
1985-03-25 19:00:00,3.2746,3.2746,0,0,0,0,0,0
1985-03-25 20:00:00,3.081,3.081,0,0,0,0,0,0
1985-03-25 21:00:00,2.7688,2.7688,0,0,0,0,0,0
1985-03-25 22:00:00,2.1819,2.1819,0,0,0,0,0,0
1985-03-25 23:00:00,1.7995,1.7995,0,0,0,0,0,0
1985-03-26 00:00:00,1.0153,1.0153,0,0,0,0,0,0
1985-03-26 01:00:00,0.5774,0.5774,0,0,0,0,0,0
1985-03-26 02:00:00,1.0379,1.0379,0,0,0,0,0,0
1985-03-26 03:00:00,1.6615,1.6615,0,0,0,0,0,0
1985-03-26 04:00:00,2.0649,2.0649,0,0,0,0,0,0
1985-03-26 05:00:00,2.4177,2.4177,0,0,0,0,0,0
1985-03-26 06:00:00,2.6479,2.6479,0,0,0,0,0,0
1985-03-26 07:00:00,2.4752,2.4752,0,0,0,0,0,0
1985-03-26 08:00:00,2.4369,2.4369,0,0,0,0,0,0
1985-03-26 09:00:00,2.3173,2.3173,0,0,0,0,0,0
1985-03-26 10:00:00,2.224,2.224,0,0,0,0,0,0
1985-03-26 11:00:00,2.2234,2.2234,0,0,0,0,0,0
1985-03-26 12:00:00,2.6296,2.6296,0,0,0,0,0,0
1985-03-26 13:00:00,3.1047,3.1047,0,0,0,0,0,0
1985-03-26 14:00:00,3.7602,3.7602,0,0,0,0,0,0
1985-03-26 15:00:00,4.7165,4.7165,0,0,0,0,0,0
1985-03-26 16:00:00,5.5082,5.5082,0,0,0,0,0,0
1985-03-26 17:00:00,6.0421,6.0421,0,0,0,0,0,0
1985-03-26 18:00:00,6.1788,6.1788,0,0,0,0,0,0
1985-03-26 19:00:00,6.762,6.762,0,0,0,0,0,0
1985-03-26 20:00:00,6.848,6.848,0,0,0,0,0,0
1985-03-26 21:00:00,7.235,7.235,0,0,0,0,0,0
1985-03-26 22:00:00,8.0778,8.0778,0,0,0,0,0,0
1985-03-26 23:00:00,9.946,9.946,0,0,0,0,0,0
1985-03-27 00:00:00,12.6745,12.6745,0,0,0,0,0,0
1985-03-27 01:00:00,13.8537,13.8537,0,0,0,0,0,0
1985-03-27 02:00:00,13.1559,13.1559,0,0,0,0,0,0
1985-03-27 03:00:00,12.661,12.661,0,0,0,0,0,0
1985-03-27 04:00:00,11.6121,11.6121,0,0,0,0,0,0
1985-03-27 05:00:00,10.7814,10.7814,0,0,0,0,0,0
1985-03-27 06:00:00,10.1402,10.1402,0,0,0,0,0,0
1985-03-27 07:00:00,9.378,9.378,0,0,0,0,0,0
1985-03-27 08:00:00,8.9321,8.9321,0,0,0,0,0,0
1985-03-27 09:00:00,9.5301,9.5301,0,0,0,0,0,0
1985-03-27 10:00:00,10.0073,10.0073,0,0,0,0,0,0
1985-03-27 11:00:00,12.0075,12.0075,0,0,0,0,0,0
1985-03-27 12:00:00,14.2839,14.2839,0,0,0,0,0,0
1985-03-27 13:00:00,16.2432,16.2432,0,0,0,0,0,0
1985-03-27 14:00:00,17.8538,17.8538,0,0,0,0,0,0
1985-03-27 15:00:00,20.4661,20.4661,0,0,0,0,0,0
1985-03-27 16:00:00,22.1769,22.1769,0,0,0,0,0,0
1985-03-27 17:00:00,21.7828,21.7828,0,0,0,0,0,0
1985-03-27 18:00:00,21.305,21.305,0,0,0,0,0,0
1985-03-27 19:00:00,20.2792,20.2792,0,0,0,0,0,0
1985-03-27 20:00:00,19.5593,19.5593,0,0,0,0,0,0
1985-03-27 21:00:00,18.2763,18.2763,0,0,0,0,0,0
1985-03-27 22:00:00,16.2717,16.2717,0,0,0,0,0,0
1985-03-27 23:00:00,15.2785,15.2785,0,0,0,0,0,0
1985-03-28 00:00:00,14.945,14.945,0,0,0,0,0,0
1985-03-28 01:00:00,14.8896,14.8896,0,0,0,0,0,0
1985-03-28 02:00:00,14.75,14.75,0,0,0,0,0,0
1985-03-28 03:00:00,14.6196,14.6196,0,0,0,0,0,0
1985-03-28 04:00:00,14.595,14.595,0,0,0,0,0,0
1985-03-28 05:00:00,14.4639,14.4639,0,0,0,0,0,0
1985-03-28 06:00:00,14.1101,14.1101,0,0,0,0,0,0
1985-03-28 07:00:00,13.6373,13.6373,0,0,0,0,0,0
1985-03-28 08:00:00,12.9235,12.9235,0,0,0,0,0,0
1985-03-28 09:00:00,12.2079,12.2079,0,0,0,0,0,0
1985-03-28 10:00:00,12.2189,12.2189,0,0,0,0,0,0
1985-03-28 11:00:00,12.3532,12.3532,0,0,0,0,0,0
1985-03-28 12:00:00,12.0237,12.0237,0,0,0,0,0,0
1985-03-28 13:00:00,12.1284,12.1284,0,0,0,0,0,0
1985-03-28 14:00:00,11.8485,11.8485,0,0,0,0,0,0
1985-03-28 15:00:00,11.8411,11.8411,0,0,0,0,0,0
1985-03-28 16:00:00,12.989,12.989,0,0,0,0,0,0
1985-03-28 17:00:00,13.483,13.483,0,0,0,0,0,0
1985-03-28 18:00:00,13.6848,13.6848,0,0,0,0,0,0
1985-03-28 19:00:00,13.5922,13.5922,0,0,0,0,0,0
1985-03-28 20:00:00,11.9218,11.9218,0,0,0,0,0,0
1985-03-28 21:00:00,9.5654,9.5654,0,0,0,0,0,0
1985-03-28 22:00:00,7.6051,7.6051,0,0,0,0,0,0
1985-03-28 23:00:00,7.3477,7.3477,0,0,0,0,0,0
1985-03-29 00:00:00,7.4006,7.4006,0,0,0,0,0,0
1985-03-29 01:00:00,8.1753,8.1753,0,0,0,0,0,0
1985-03-29 02:00:00,9.5013,9.5013,0,0,0,0,0,0
1985-03-29 03:00:00,11.463,11.463,0,0,0,0,0,0
1985-03-29 04:00:00,12.2558,12.2558,0,0,0,0,0,0
1985-03-29 05:00:00,12.206,12.206,0,0,0,0,0,0
1985-03-29 06:00:00,12.4447,12.4447,0,0,0,0,0,0
1985-03-29 07:00:00,13.4126,13.4126,0,0,0,0,0,0
1985-03-29 08:00:00,14.3534,14.3534,0,0,0,0,0,0
1985-03-29 09:00:00,14.591,14.591,0,0,0,0,0,0
1985-03-29 10:00:00,14.9444,14.9444,0,0,0,0,0,0
1985-03-29 11:00:00,14.7738,14.7738,0,0,0,0,0,0
1985-03-29 12:00:00,14.6015,14.6015,0,0,0,0,0,0
1985-03-29 13:00:00,14.2322,14.2322,0,0,0,0,0,0
1985-03-29 14:00:00,14.8929,14.8929,0,0,0,0,0,0
1985-03-29 15:00:00,15.7108,15.7108,0,0,0,0,0,0
1985-03-29 16:00:00,16.0176,16.0176,0,0,0,0,0,0
1985-03-29 17:00:00,16.1193,16.1193,0,0,0,0,0,0
1985-03-29 18:00:00,15.4825,15.4825,0,0,0,0,0,0
1985-03-29 19:00:00,15.225,15.225,0,0,0,0,0,0
1985-03-29 20:00:00,15.2772,15.2772,0,0,0,0,0,0
1985-03-29 21:00:00,15.1167,15.1167,0,0,0,0,0,0
1985-03-29 22:00:00,14.3129,14.3129,0,0,0,0,0,0
1985-03-29 23:00:00,13.4709,13.4709,0,0,0,0,0,0
1985-03-30 00:00:00,12.7525,12.7525,0,0,0,0,0,0
1985-03-30 01:00:00,12.1971,12.1971,0,0,0,0,0,0
1985-03-30 02:00:00,11.9728,11.9728,0,0,0,0,0,0
1985-03-30 03:00:00,11.9209,11.9209,0,0,0,0,0,0
1985-03-30 04:00:00,11.7204,11.7204,0,0,0,0,0,0
1985-03-30 05:00:00,11.2429,11.2429,0,0,0,0,0,0
1985-03-30 06:00:00,10.6899,10.6899,0,0,0,0,0,0
1985-03-30 07:00:00,10.1631,10.1631,0,0,0,0,0,0
1985-03-30 08:00:00,9.5585,9.5585,0,0,0,0,0,0
1985-03-30 09:00:00,8.707,8.707,0,0,0,0,0,0
1985-03-30 10:00:00,8.5905,8.5905,0,0,0,0,0,0
1985-03-30 11:00:00,8.0018,8.0018,0,0,0,0,0,0
1985-03-30 12:00:00,7.4981,7.4981,0,0,0,0,0,0
1985-03-30 13:00:00,6.9218,6.9218,0,0,0,0,0,0
1985-03-30 14:00:00,6.5917,6.5917,0,0,0,0,0,0
1985-03-30 15:00:00,6.2853,6.2853,0,0,0,0,0,0
1985-03-30 16:00:00,5.7968,5.7968,0,0,0,0,0,0
1985-03-30 17:00:00,5.3555,5.3555,0,0,0,0,0,0
1985-03-30 18:00:00,4.945,4.945,0,0,0,0,0,0
1985-03-30 19:00:00,4.2701,4.2701,0,0,0,0,0,0
1985-03-30 20:00:00,3.5059,3.5059,0,0,0,0,0,0
1985-03-30 21:00:00,2.917,2.917,0,0,0,0,0,0
1985-03-30 22:00:00,2.2998,2.2998,0,0,0,0,0,0
1985-03-30 23:00:00,2.105,2.105,0,0,0,0,0,0
1985-03-31 00:00:00,2.2214,2.2214,0,0,0,0,0,0
1985-03-31 01:00:00,2.1901,2.1901,0,0,0,0,0,0
1985-03-31 02:00:00,1.9938,1.9938,0,0,0,0,0,0
1985-03-31 03:00:00,1.7431,1.7431,0,0,0,0,0,0
1985-03-31 04:00:00,1.1693,1.1693,0,0,0,0,0,0
1985-03-31 05:00:00,0.8172,0.8172,0,0,0,0,0,0
1985-03-31 06:00:00,0.5968,0.5968,0,0,0,0,0,0
1985-03-31 07:00:00,0.7476,0.7476,0,0,0,0,0,0
1985-03-31 08:00:00,1.0896,1.0896,0,0,0,0,0,0
1985-03-31 09:00:00,1.1648,1.1648,0,0,0,0,0,0
1985-03-31 10:00:00,0.897,0.897,0,0,0,0,0,0
1985-03-31 11:00:00,0.5908,0.5908,0,0,0,0,0,0
1985-03-31 12:00:00,0.6526,0.6526,0,0,0,0,0,0
1985-03-31 13:00:00,1.1037,1.1037,0,0,0,0,0,0
1985-03-31 14:00:00,1.1454,1.1454,0,0,0,0,0,0
1985-03-31 15:00:00,1.2306,1.2306,0,0,0,0,0,0
1985-03-31 16:00:00,1.2747,1.2747,0,0,0,0,0,0
1985-03-31 17:00:00,1.619,1.619,0,0,0,0,0,0
1985-03-31 18:00:00,1.8441,1.8441,0,0,0,0,0,0
1985-03-31 19:00:00,1.9019,1.9019,0,0,0,0,0,0
1985-03-31 20:00:00,2.3491,2.3491,0,0,0,0,0,0
1985-03-31 21:00:00,2.7545,2.7545,0,0,0,0,0,0
1985-03-31 22:00:00,2.923,2.923,0,0,0,0,0,0
1985-03-31 23:00:00,3.6182,3.6182,0,0,0,0,0,0
1985-04-01 00:00:00,4.0438,4.0438,0,0,0,0,0,0
1985-04-01 01:00:00,3.6861,3.6861,0,0,0,0,0,0
1985-04-01 02:00:00,3.4246,3.4246,0,0,0,0,0,0
1985-04-01 03:00:00,4.3698,4.3698,0,0,0,0,0,0
1985-04-01 04:00:00,5.47,5.47,0,0,0,0,0,0
1985-04-01 05:00:00,4.674,4.674,0,0,0,0,0,0
1985-04-01 06:00:00,3.565,3.565,0,0,0,0,0,0
1985-04-01 07:00:00,3.5229,3.5229,0,0,0,0,0,0
1985-04-01 08:00:00,4.2924,4.2924,0,0,0,0,0,0
1985-04-01 09:00:00,4.2218,4.2218,0,0,0,0,0,0
1985-04-01 10:00:00,3.6667,3.6667,0,0,0,0,0,0
1985-04-01 11:00:00,3.3276,3.3276,0,0,0,0,0,0
1985-04-01 12:00:00,3.2594,3.2594,0,0,0,0,0,0
1985-04-01 13:00:00,3.3234,3.3234,0,0,0,0,0,0
1985-04-01 14:00:00,3.8143,3.8143,0,0,0,0,0,0
1985-04-01 15:00:00,4.0011,4.0011,0,0,0,0,0,0
1985-04-01 16:00:00,4.601,4.601,0,0,0,0,0,0
1985-04-01 17:00:00,5.5892,5.5892,0,0,0,0,0,0
1985-04-01 18:00:00,5.9696,5.9696,0,0,0,0,0,0
1985-04-01 19:00:00,6.2677,6.2677,0,0,0,0,0,0
1985-04-01 20:00:00,7.0995,7.0995,0,0,0,0,0,0
1985-04-01 21:00:00,7.6684,7.6684,0,0,0,0,0,0
1985-04-01 22:00:00,7.2035,7.2035,0,0,0,0,0,0
1985-04-01 23:00:00,7.9416,7.9416,0,0,0,0,0,0
1985-04-02 00:00:00,9.0305,9.0305,0,0,0,0,0,0
1985-04-02 01:00:00,9.2471,9.2471,0,0,0,0,0,0
1985-04-02 02:00:00,9.3932,9.3932,0,0,0,0,0,0
1985-04-02 03:00:00,10.0566,10.0566,0,0,0,0,0,0
1985-04-02 04:00:00,9.8163,9.8163,0,0,0,0,0,0
1985-04-02 05:00:00,9.6964,9.6964,0,0,0,0,0,0
1985-04-02 06:00:00,10.4409,10.4409,0,0,0,0,0,0
1985-04-02 07:00:00,11.9421,11.9421,0,0,0,0,0,0
1985-04-02 08:00:00,13.3644,13.3644,0,0,0,0,0,0
1985-04-02 09:00:00,15.4328,15.4328,0,0,0,0,0,0
1985-04-02 10:00:00,16.8352,16.8352,0,0,0,0,0,0
1985-04-02 11:00:00,17.5362,17.5362,0,0,0,0,0,0
1985-04-02 12:00:00,18.1798,18.1798,0,0,0,0,0,0
1985-04-02 13:00:00,17.5637,17.5637,0,0,0,0,0,0
1985-04-02 14:00:00,16.2032,16.2032,0,0,0,0,0,0
1985-04-02 15:00:00,15.2044,15.2044,0,0,0,0,0,0
1985-04-02 16:00:00,13.963,13.963,0,0,0,0,0,0
1985-04-02 17:00:00,12.9556,12.9556,0,0,0,0,0,0
1985-04-02 18:00:00,12.5102,12.5102,0,0,0,0,0,0
1985-04-02 19:00:00,11.8956,11.8956,0,0,0,0,0,0
1985-04-02 20:00:00,10.6718,10.6718,0,0,0,0,0,0
1985-04-02 21:00:00,8.9623,8.9623,0,0,0,0,0,0
1985-04-02 22:00:00,7.6861,7.6861,0,0,0,0,0,0
1985-04-02 23:00:00,6.7189,6.7189,0,0,0,0,0,0
1985-04-03 00:00:00,5.4646,5.4646,0,0,0,0,0,0
1985-04-03 01:00:00,4.2659,4.2659,0,0,0,0,0,0
1985-04-03 02:00:00,3.4479,3.4479,0,0,0,0,0,0
1985-04-03 03:00:00,2.9573,2.9573,0,0,0,0,0,0
1985-04-03 04:00:00,2.8296,2.8296,0,0,0,0,0,0
1985-04-03 05:00:00,3.6754,3.6754,0,0,0,0,0,0
1985-04-03 06:00:00,4.2297,4.2297,0,0,0,0,0,0
1985-04-03 07:00:00,5.0711,5.0711,0,0,0,0,0,0
1985-04-03 08:00:00,5.9435,5.9435,0,0,0,0,0,0
1985-04-03 09:00:00,7.2472,7.2472,0,0,0,0,0,0
1985-04-03 10:00:00,8.2916,8.2916,0,0,0,0,0,0
1985-04-03 11:00:00,9.2361,9.2361,0,0,0,0,0,0
1985-04-03 12:00:00,10.6648,10.6648,0,0,0,0,0,0
1985-04-03 13:00:00,11.7808,11.7808,0,0,0,0,0,0
1985-04-03 14:00:00,11.9421,11.9421,0,0,0,0,0,0
1985-04-03 15:00:00,12.4121,12.4121,0,0,0,0,0,0
1985-04-03 16:00:00,12.768,12.768,0,0,0,0,0,0
1985-04-03 17:00:00,12.9253,12.9253,0,0,0,0,0,0
1985-04-03 18:00:00,13.8317,13.8317,0,0,0,0,0,0
1985-04-03 19:00:00,13.5476,13.5476,0,0,0,0,0,0
1985-04-03 20:00:00,13.0033,13.0033,0,0,0,0,0,0
1985-04-03 21:00:00,12.1579,12.1579,0,0,0,0,0,0
1985-04-03 22:00:00,11.6984,11.6984,0,0,0,0,0,0
1985-04-03 23:00:00,11.3539,11.3539,0,0,0,0,0,0
1985-04-04 00:00:00,11.104,11.104,0,0,0,0,0,0
1985-04-04 01:00:00,9.8965,9.8965,0,0,0,0,0,0
1985-04-04 02:00:00,8.7779,8.7779,0,0,0,0,0,0
1985-04-04 03:00:00,7.9578,7.9578,0,0,0,0,0,0
1985-04-04 04:00:00,7.3442,7.3442,0,0,0,0,0,0
1985-04-04 05:00:00,7.0064,7.0064,0,0,0,0,0,0
1985-04-04 06:00:00,6.4844,6.4844,0,0,0,0,0,0
1985-04-04 07:00:00,5.8187,5.8187,0,0,0,0,0,0
1985-04-04 08:00:00,5.5546,5.5546,0,0,0,0,0,0
1985-04-04 09:00:00,5.9382,5.9382,0,0,0,0,0,0
1985-04-04 10:00:00,7.1507,7.1507,0,0,0,0,0,0
1985-04-04 11:00:00,7.3199,7.3199,0,0,0,0,0,0
1985-04-04 12:00:00,7.7157,7.7157,0,0,0,0,0,0
1985-04-04 13:00:00,8.4065,8.4065,0,0,0,0,0,0
1985-04-04 14:00:00,8.9557,8.9557,0,0,0,0,0,0
1985-04-04 15:00:00,9.2102,9.2102,0,0,0,0,0,0
1985-04-04 16:00:00,9.5958,9.5958,0,0,0,0,0,0
1985-04-04 17:00:00,9.8864,9.8864,0,0,0,0,0,0
1985-04-04 18:00:00,9.7164,9.7164,0,0,0,0,0,0
1985-04-04 19:00:00,9.241,9.241,0,0,0,0,0,0
1985-04-04 20:00:00,9.1056,9.1056,0,0,0,0,0,0
1985-04-04 21:00:00,8.7456,8.7456,0,0,0,0,0,0
1985-04-04 22:00:00,8.3871,8.3871,0,0,0,0,0,0
1985-04-04 23:00:00,8.1122,8.1122,0,0,0,0,0,0
1985-04-05 00:00:00,7.7522,7.7522,0,0,0,0,0,0
1985-04-05 01:00:00,7.1429,7.1429,0,0,0,0,0,0
1985-04-05 02:00:00,6.7863,6.7863,0,0,0,0,0,0
1985-04-05 03:00:00,6.3066,6.3066,0,0,0,0,0,0
1985-04-05 04:00:00,5.498,5.498,0,0,0,0,0,0
1985-04-05 05:00:00,5.5199,5.5199,0,0,0,0,0,0
1985-04-05 06:00:00,6.2062,6.2062,0,0,0,0,0,0
1985-04-05 07:00:00,6.3608,6.3608,0,0,0,0,0,0
1985-04-05 08:00:00,6.0407,6.0407,0,0,0,0,0,0
1985-04-05 09:00:00,6.1198,6.1198,0,0,0,0,0,0
1985-04-05 10:00:00,5.677,5.677,0,0,0,0,0,0
1985-04-05 11:00:00,6.9348,6.9348,0,0,0,0,0,0
1985-04-05 12:00:00,7.4873,7.4873,0,0,0,0,0,0
1985-04-05 13:00:00,7.3121,7.3121,0,0,0,0,0,0
1985-04-05 14:00:00,6.9766,6.9766,0,0,0,0,0,0
1985-04-05 15:00:00,7.4525,7.4525,0,0,0,0,0,0
1985-04-05 16:00:00,8.0405,8.0405,0,0,0,0,0,0
1985-04-05 17:00:00,8.545,8.545,0,0,0,0,0,0
1985-04-05 18:00:00,8.6967,8.6967,0,0,0,0,0,0
1985-04-05 19:00:00,8.7836,8.7836,0,0,0,0,0,0
1985-04-05 20:00:00,8.4437,8.4437,0,0,0,0,0,0
1985-04-05 21:00:00,7.6645,7.6645,0,0,0,0,0,0
1985-04-05 22:00:00,5.9303,5.9303,0,0,0,0,0,0
1985-04-05 23:00:00,5.6242,5.6242,0,0,0,0,0,0
1985-04-06 00:00:00,5.4513,5.4513,0,0,0,0,0,0
1985-04-06 01:00:00,5.1353,5.1353,0,0,0,0,0,0
1985-04-06 02:00:00,4.6441,4.6441,0,0,0,0,0,0
1985-04-06 03:00:00,5.0527,5.0527,0,0,0,0,0,0
1985-04-06 04:00:00,5.6082,5.6082,0,0,0,0,0,0
1985-04-06 05:00:00,6.0308,6.0308,0,0,0,0,0,0
1985-04-06 06:00:00,5.945,5.945,0,0,0,0,0,0
1985-04-06 07:00:00,5.6998,5.6998,0,0,0,0,0,0
1985-04-06 08:00:00,5.1399,5.1399,0,0,0,0,0,0
1985-04-06 09:00:00,4.6724,4.6724,0,0,0,0,0,0
1985-04-06 10:00:00,4.9749,4.9749,0,0,0,0,0,0
1985-04-06 11:00:00,5.1244,5.1244,0,0,0,0,0,0
1985-04-06 12:00:00,5.4679,5.4679,0,0,0,0,0,0
1985-04-06 13:00:00,6.3148,6.3148,0,0,0,0,0,0
1985-04-06 14:00:00,7.7072,7.7072,0,0,0,0,0,0
1985-04-06 15:00:00,9.0512,9.0512,0,0,0,0,0,0
1985-04-06 16:00:00,9.8194,9.8194,0,0,0,0,0,0
1985-04-06 17:00:00,10.8141,10.8141,0,0,0,0,0,0
1985-04-06 18:00:00,12.3547,12.3547,0,0,0,0,0,0
1985-04-06 19:00:00,13.8211,13.8211,0,0,0,0,0,0
1985-04-06 20:00:00,14.6894,14.6894,0,0,0,0,0,0
1985-04-06 21:00:00,15.1391,15.1391,0,0,0,0,0,0
1985-04-06 22:00:00,15.0017,15.0017,0,0,0,0,0,0
1985-04-06 23:00:00,15.7601,15.7601,0,0,0,0,0,0
1985-04-07 00:00:00,16.2033,16.2033,0,0,0,0,0,0
1985-04-07 01:00:00,16.1957,16.1957,0,0,0,0,0,0
1985-04-07 02:00:00,15.988,15.988,0,0,0,0,0,0
1985-04-07 03:00:00,16.0091,16.0091,0,0,0,0,0,0
1985-04-07 04:00:00,16.051,16.051,0,0,0,0,0,0
1985-04-07 05:00:00,15.8689,15.8689,0,0,0,0,0,0
1985-04-07 06:00:00,15.7605,15.7605,0,0,0,0,0,0
1985-04-07 07:00:00,15.8799,15.8799,0,0,0,0,0,0
1985-04-07 08:00:00,15.5557,15.5557,0,0,0,0,0,0
1985-04-07 09:00:00,14.9845,14.9845,0,0,0,0,0,0
1985-04-07 10:00:00,14.388,14.388,0,0,0,0,0,0
1985-04-07 11:00:00,14.1867,14.1867,0,0,0,0,0,0
1985-04-07 12:00:00,14.0297,14.0297,0,0,0,0,0,0
1985-04-07 13:00:00,13.4216,13.4216,0,0,0,0,0,0
1985-04-07 14:00:00,13.0453,13.0453,0,0,0,0,0,0
1985-04-07 15:00:00,12.2073,12.2073,0,0,0,0,0,0
1985-04-07 16:00:00,11.6762,11.6762,0,0,0,0,0,0
1985-04-07 17:00:00,10.9761,10.9761,0,0,0,0,0,0
1985-04-07 18:00:00,10.3345,10.3345,0,0,0,0,0,0
1985-04-07 19:00:00,9.5156,9.5156,0,0,0,0,0,0
1985-04-07 20:00:00,8.0635,8.0635,0,0,0,0,0,0
1985-04-07 21:00:00,6.554,6.554,0,0,0,0,0,0
1985-04-07 22:00:00,5.2688,5.2688,0,0,0,0,0,0
1985-04-07 23:00:00,3.7013,3.7013,0,0,0,0,0,0
1985-04-08 00:00:00,3.2747,3.2747,0,0,0,0,0,0
1985-04-08 01:00:00,4.7632,4.7632,0,0,0,0,0,0
1985-04-08 02:00:00,6.9162,6.9162,0,0,0,0,0,0
1985-04-08 03:00:00,8.4552,8.4552,0,0,0,0,0,0
1985-04-08 04:00:00,9.0736,9.0736,0,0,0,0,0,0
1985-04-08 05:00:00,10.1739,10.1739,0,0,0,0,0,0
1985-04-08 06:00:00,11.3804,11.3804,0,0,0,0,0,0
1985-04-08 07:00:00,11.5484,11.5484,0,0,0,0,0,0
1985-04-08 08:00:00,10.6622,10.6622,0,0,0,0,0,0
1985-04-08 09:00:00,8.9199,8.9199,0,0,0,0,0,0
1985-04-08 10:00:00,7.0604,7.0604,0,0,0,0,0,0
1985-04-08 11:00:00,4.8119,4.8119,0,0,0,0,0,0
1985-04-08 12:00:00,3.3095,3.3095,0,0,0,0,0,0
1985-04-08 13:00:00,2.3838,2.3838,0,0,0,0,0,0
1985-04-08 14:00:00,1.6959,1.6959,0,0,0,0,0,0
1985-04-08 15:00:00,1.7291,1.7291,0,0,0,0,0,0
1985-04-08 16:00:00,2.3658,2.3658,0,0,0,0,0,0
1985-04-08 17:00:00,3.0129,3.0129,0,0,0,0,0,0
1985-04-08 18:00:00,3.4975,3.4975,0,0,0,0,0,0
1985-04-08 19:00:00,3.9398,3.9398,0,0,0,0,0,0
1985-04-08 20:00:00,4.0273,4.0273,0,0,0,0,0,0
1985-04-08 21:00:00,3.7816,3.7816,0,0,0,0,0,0
1985-04-08 22:00:00,2.9244,2.9244,0,0,0,0,0,0
1985-04-08 23:00:00,2.8575,2.8575,0,0,0,0,0,0
1985-04-09 00:00:00,3.2836,3.2836,0,0,0,0,0,0
1985-04-09 01:00:00,3.5586,3.5586,0,0,0,0,0,0
1985-04-09 02:00:00,4.1331,4.1331,0,0,0,0,0,0
1985-04-09 03:00:00,4.4461,4.4461,0,0,0,0,0,0
1985-04-09 04:00:00,4.223,4.223,0,0,0,0,0,0
1985-04-09 05:00:00,3.8747,3.8747,0,0,0,0,0,0
1985-04-09 06:00:00,3.7672,3.7672,0,0,0,0,0,0
1985-04-09 07:00:00,3.7465,3.7465,0,0,0,0,0,0
1985-04-09 08:00:00,3.6038,3.6038,0,0,0,0,0,0
1985-04-09 09:00:00,3.6343,3.6343,0,0,0,0,0,0
1985-04-09 10:00:00,3.2321,3.2321,0,0,0,0,0,0
1985-04-09 11:00:00,3.686,3.686,0,0,0,0,0,0
1985-04-09 12:00:00,4.5018,4.5018,0,0,0,0,0,0
1985-04-09 13:00:00,5.0532,5.0532,0,0,0,0,0,0
1985-04-09 14:00:00,4.8688,4.8688,0,0,0,0,0,0
1985-04-09 15:00:00,4.415,4.415,0,0,0,0,0,0
1985-04-09 16:00:00,4.0574,4.0574,0,0,0,0,0,0
1985-04-09 17:00:00,3.8874,3.8874,0,0,0,0,0,0
1985-04-09 18:00:00,3.6162,3.6162,0,0,0,0,0,0
1985-04-09 19:00:00,3.1681,3.1681,0,0,0,0,0,0
1985-04-09 20:00:00,2.6841,2.6841,0,0,0,0,0,0
1985-04-09 21:00:00,2.4264,2.4264,0,0,0,0,0,0
1985-04-09 22:00:00,1.6925,1.6925,0,0,0,0,0,0
1985-04-09 23:00:00,1.7068,1.7068,0,0,0,0,0,0
1985-04-10 00:00:00,1.8782,1.8782,0,0,0,0,0,0
1985-04-10 01:00:00,2.0466,2.0466,0,0,0,0,0,0
1985-04-10 02:00:00,1.9283,1.9283,0,0,0,0,0,0
1985-04-10 03:00:00,2.9278,2.9278,0,0,0,0,0,0
1985-04-10 04:00:00,4.7296,4.7296,0,0,0,0,0,0
1985-04-10 05:00:00,5.7017,5.7017,0,0,0,0,0,0
1985-04-10 06:00:00,6.4271,6.4271,0,0,0,0,0,0
1985-04-10 07:00:00,7.0792,7.0792,0,0,0,0,0,0
1985-04-10 08:00:00,7.5005,7.5005,0,0,0,0,0,0
1985-04-10 09:00:00,7.6306,7.6306,0,0,0,0,0,0
1985-04-10 10:00:00,8.2493,8.2493,0,0,0,0,0,0
1985-04-10 11:00:00,7.7706,7.7706,0,0,0,0,0,0
1985-04-10 12:00:00,7.065,7.065,0,0,0,0,0,0
1985-04-10 13:00:00,6.3525,6.3525,0,0,0,0,0,0
1985-04-10 14:00:00,5.8317,5.8317,0,0,0,0,0,0
1985-04-10 15:00:00,5.4894,5.4894,0,0,0,0,0,0
1985-04-10 16:00:00,5.2144,5.2144,0,0,0,0,0,0
1985-04-10 17:00:00,5.0758,5.0758,0,0,0,0,0,0
1985-04-10 18:00:00,4.8672,4.8672,0,0,0,0,0,0
1985-04-10 19:00:00,4.4114,4.4114,0,0,0,0,0,0
1985-04-10 20:00:00,3.9212,3.9212,0,0,0,0,0,0
1985-04-10 21:00:00,3.6114,3.6114,0,0,0,0,0,0
1985-04-10 22:00:00,3.7725,3.7725,0,0,0,0,0,0
1985-04-10 23:00:00,4.5844,4.5844,0,0,0,0,0,0
1985-04-11 00:00:00,5.7713,5.7713,0,0,0,0,0,0
1985-04-11 01:00:00,7.1461,7.1461,0,0,0,0,0,0
1985-04-11 02:00:00,8.6378,8.6378,0,0,0,0,0,0
1985-04-11 03:00:00,10.2174,10.2174,0,0,0,0,0,0
1985-04-11 04:00:00,11.5582,11.5582,0,0,0,0,0,0
1985-04-11 05:00:00,12.4672,12.4672,0,0,0,0,0,0
1985-04-11 06:00:00,13.1912,13.1912,0,0,0,0,0,0
1985-04-11 07:00:00,13.7053,13.7053,0,0,0,0,0,0
1985-04-11 08:00:00,13.9433,13.9433,0,0,0,0,0,0
1985-04-11 09:00:00,14.1157,14.1157,0,0,0,0,0,0
1985-04-11 10:00:00,13.9919,13.9919,0,0,0,0,0,0
1985-04-11 11:00:00,13.8142,13.8142,0,0,0,0,0,0
1985-04-11 12:00:00,13.7376,13.7376,0,0,0,0,0,0
1985-04-11 13:00:00,12.955,12.955,0,0,0,0,0,0
1985-04-11 14:00:00,11.5462,11.5462,0,0,0,0,0,0
1985-04-11 15:00:00,10.2296,10.2296,0,0,0,0,0,0
1985-04-11 16:00:00,9.4879,9.4879,0,0,0,0,0,0
1985-04-11 17:00:00,9.4446,9.4446,0,0,0,0,0,0
1985-04-11 18:00:00,9.5413,9.5413,0,0,0,0,0,0
1985-04-11 19:00:00,9.6123,9.6123,0,0,0,0,0,0
1985-04-11 20:00:00,9.2353,9.2353,0,0,0,0,0,0
1985-04-11 21:00:00,8.5926,8.5926,0,0,0,0,0,0
1985-04-11 22:00:00,6.8766,6.8766,0,0,0,0,0,0
1985-04-11 23:00:00,6.6109,6.6109,0,0,0,0,0,0
1985-04-12 00:00:00,6.483,6.483,0,0,0,0,0,0
1985-04-12 01:00:00,6.2694,6.2694,0,0,0,0,0,0
1985-04-12 02:00:00,6.3487,6.3487,0,0,0,0,0,0
1985-04-12 03:00:00,6.2297,6.2297,0,0,0,0,0,0
1985-04-12 04:00:00,6.2883,6.2883,0,0,0,0,0,0
1985-04-12 05:00:00,6.6953,6.6953,0,0,0,0,0,0
1985-04-12 06:00:00,7.3684,7.3684,0,0,0,0,0,0
1985-04-12 07:00:00,8.1713,8.1713,0,0,0,0,0,0
1985-04-12 08:00:00,8.6087,8.6087,0,0,0,0,0,0
1985-04-12 09:00:00,8.8423,8.8423,0,0,0,0,0,0
1985-04-12 10:00:00,8.917,8.917,0,0,0,0,0,0
1985-04-12 11:00:00,8.9962,8.9962,0,0,0,0,0,0
1985-04-12 12:00:00,9.1264,9.1264,0,0,0,0,0,0
1985-04-12 13:00:00,9.1463,9.1463,0,0,0,0,0,0
1985-04-12 14:00:00,9.5356,9.5356,0,0,0,0,0,0
1985-04-12 15:00:00,10.7711,10.7711,0,0,0,0,0,0
1985-04-12 16:00:00,10.8005,10.8005,0,0,0,0,0,0
1985-04-12 17:00:00,11.3855,11.3855,0,0,0,0,0,0
1985-04-12 18:00:00,12.5114,12.5114,0,0,0,0,0,0
1985-04-12 19:00:00,13.5923,13.5923,0,0,0,0,0,0
1985-04-12 20:00:00,13.902,13.902,0,0,0,0,0,0
1985-04-12 21:00:00,14.0895,14.0895,0,0,0,0,0,0
1985-04-12 22:00:00,14.1001,14.1001,0,0,0,0,0,0
1985-04-12 23:00:00,14.0526,14.0526,0,0,0,0,0,0
1985-04-13 00:00:00,14.0082,14.0082,0,0,0,0,0,0
1985-04-13 01:00:00,14.064,14.064,0,0,0,0,0,0
1985-04-13 02:00:00,14.0179,14.0179,0,0,0,0,0,0
1985-04-13 03:00:00,13.894,13.894,0,0,0,0,0,0
1985-04-13 04:00:00,14.0218,14.0218,0,0,0,0,0,0
1985-04-13 05:00:00,14.4139,14.4139,0,0,0,0,0,0
1985-04-13 06:00:00,14.2423,14.2423,0,0,0,0,0,0
1985-04-13 07:00:00,14.1082,14.1082,0,0,0,0,0,0
1985-04-13 08:00:00,13.5851,13.5851,0,0,0,0,0,0
1985-04-13 09:00:00,13.046,13.046,0,0,0,0,0,0
1985-04-13 10:00:00,12.884,12.884,0,0,0,0,0,0
1985-04-13 11:00:00,12.6142,12.6142,0,0,0,0,0,0
1985-04-13 12:00:00,11.7319,11.7319,0,0,0,0,0,0
1985-04-13 13:00:00,11.4227,11.4227,0,0,0,0,0,0
1985-04-13 14:00:00,11.5128,11.5128,0,0,0,0,0,0
1985-04-13 15:00:00,11.4482,11.4482,0,0,0,0,0,0
1985-04-13 16:00:00,11.0232,11.0232,0,0,0,0,0,0
1985-04-13 17:00:00,10.3363,10.3363,0,0,0,0,0,0
1985-04-13 18:00:00,10.0698,10.0698,0,0,0,0,0,0
1985-04-13 19:00:00,9.5521,9.5521,0,0,0,0,0,0
1985-04-13 20:00:00,9.0554,9.0554,0,0,0,0,0,0
1985-04-13 21:00:00,8.7279,8.7279,0,0,0,0,0,0
1985-04-13 22:00:00,7.8954,7.8954,0,0,0,0,0,0
1985-04-13 23:00:00,7.0317,7.0317,0,0,0,0,0,0
1985-04-14 00:00:00,6.1698,6.1698,0,0,0,0,0,0
1985-04-14 01:00:00,5.1942,5.1942,0,0,0,0,0,0
1985-04-14 02:00:00,4.1813,4.1813,0,0,0,0,0,0
1985-04-14 03:00:00,3.6132,3.6132,0,0,0,0,0,0
1985-04-14 04:00:00,3.1547,3.1547,0,0,0,0,0,0
1985-04-14 05:00:00,2.9043,2.9043,0,0,0,0,0,0
1985-04-14 06:00:00,2.9045,2.9045,0,0,0,0,0,0
1985-04-14 07:00:00,3.087,3.087,0,0,0,0,0,0
1985-04-14 08:00:00,3.0122,3.0122,0,0,0,0,0,0
1985-04-14 09:00:00,3.0683,3.0683,0,0,0,0,0,0
1985-04-14 10:00:00,3.0044,3.0044,0,0,0,0,0,0
1985-04-14 11:00:00,3.1894,3.1894,0,0,0,0,0,0
1985-04-14 12:00:00,2.8105,2.8105,0,0,0,0,0,0
1985-04-14 13:00:00,2.2092,2.2092,0,0,0,0,0,0
1985-04-14 14:00:00,2.3772,2.3772,0,0,0,0,0,0
1985-04-14 15:00:00,2.3581,2.3581,0,0,0,0,0,0
1985-04-14 16:00:00,2.1186,2.1186,0,0,0,0,0,0
1985-04-14 17:00:00,1.6056,1.6056,0,0,0,0,0,0
1985-04-14 18:00:00,0.996,0.996,0,0,0,0,0,0
1985-04-14 19:00:00,0.3659,0.3659,0,0,0,0,0,0
1985-04-14 20:00:00,0.4215,0.4215,0,0,0,0,0,0
1985-04-14 21:00:00,0.7405,0.7405,0,0,0,0,0,0
1985-04-14 22:00:00,1.2584,1.2584,0,0,0,0,0,0
1985-04-14 23:00:00,1.6588,1.6588,0,0,0,0,0,0
1985-04-15 00:00:00,2.1752,2.1752,0,0,0,0,0,0
1985-04-15 01:00:00,2.5394,2.5394,0,0,0,0,0,0
1985-04-15 02:00:00,2.2771,2.2771,0,0,0,0,0,0
1985-04-15 03:00:00,1.5772,1.5772,0,0,0,0,0,0
1985-04-15 04:00:00,0.6724,0.6724,0,0,0,0,0,0
1985-04-15 05:00:00,0.4504,0.4504,0,0,0,0,0,0
1985-04-15 06:00:00,1.0272,1.0272,0,0,0,0,0,0
1985-04-15 07:00:00,2.0087,2.0087,0,0,0,0,0,0
1985-04-15 08:00:00,2.9976,2.9976,0,0,0,0,0,0
1985-04-15 09:00:00,3.6366,3.6366,0,0,0,0,0,0
1985-04-15 10:00:00,3.3114,3.3114,0,0,0,0,0,0
1985-04-15 11:00:00,3.9967,3.9967,0,0,0,0,0,0
1985-04-15 12:00:00,4.511,4.511,0,0,0,0,0,0
1985-04-15 13:00:00,4.5843,4.5843,0,0,0,0,0,0
1985-04-15 14:00:00,4.074,4.074,0,0,0,0,0,0
1985-04-15 15:00:00,3.4109,3.4109,0,0,0,0,0,0
1985-04-15 16:00:00,2.9285,2.9285,0,0,0,0,0,0
1985-04-15 17:00:00,2.213,2.213,0,0,0,0,0,0
1985-04-15 18:00:00,0.9316,0.9316,0,0,0,0,0,0
1985-04-15 19:00:00,0.7189,0.7189,0,0,0,0,0,0
1985-04-15 20:00:00,0.5337,0.5337,0,0,0,0,0,0
1985-04-15 21:00:00,0.6391,0.6391,0,0,0,0,0,0
1985-04-15 22:00:00,0.578,0.578,0,0,0,0,0,0
1985-04-15 23:00:00,0.5255,0.5255,0,0,0,0,0,0
1985-04-16 00:00:00,0.5436,0.5436,0,0,0,0,0,0
1985-04-16 01:00:00,0.8895,0.8895,0,0,0,0,0,0
1985-04-16 02:00:00,1.2195,1.2195,0,0,0,0,0,0
1985-04-16 03:00:00,1.619,1.619,0,0,0,0,0,0
1985-04-16 04:00:00,1.7714,1.7714,0,0,0,0,0,0
1985-04-16 05:00:00,1.3165,1.3165,0,0,0,0,0,0
1985-04-16 06:00:00,0.2413,0.2413,0,0,0,0,0,0
1985-04-16 07:00:00,0.6046,0.6046,0,0,0,0,0,0
1985-04-16 08:00:00,1.0409,1.0409,0,0,0,0,0,0
1985-04-16 09:00:00,1.1774,1.1774,0,0,0,0,0,0
1985-04-16 10:00:00,2.4833,2.4833,0,0,0,0,0,0
1985-04-16 11:00:00,3.7982,3.7982,0,0,0,0,0,0
1985-04-16 12:00:00,5.0686,5.0686,0,0,0,0,0,0
1985-04-16 13:00:00,6.1349,6.1349,0,0,0,0,0,0
1985-04-16 14:00:00,6.8943,6.8943,0,0,0,0,0,0
1985-04-16 15:00:00,7.9035,7.9035,0,0,0,0,0,0
1985-04-16 16:00:00,8.996,8.996,0,0,0,0,0,0
1985-04-16 17:00:00,9.9525,9.9525,0,0,0,0,0,0
1985-04-16 18:00:00,10.8204,10.8204,0,0,0,0,0,0
1985-04-16 19:00:00,11.9031,11.9031,0,0,0,0,0,0
1985-04-16 20:00:00,12.7042,12.7042,0,0,0,0,0,0
1985-04-16 21:00:00,13.7612,13.7612,0,0,0,0,0,0
1985-04-16 22:00:00,13.504,13.504,0,0,0,0,0,0
1985-04-16 23:00:00,13.6675,13.6675,0,0,0,0,0,0
1985-04-17 00:00:00,12.3985,12.3985,0,0,0,0,0,0
1985-04-17 01:00:00,9.6719,9.6719,0,0,0,0,0,0
1985-04-17 02:00:00,8.1625,8.1625,0,0,0,0,0,0
1985-04-17 03:00:00,7.5441,7.5441,0,0,0,0,0,0
1985-04-17 04:00:00,7.418,7.418,0,0,0,0,0,0
1985-04-17 05:00:00,7.5404,7.5404,0,0,0,0,0,0
1985-04-17 06:00:00,7.9048,7.9048,0,0,0,0,0,0
1985-04-17 07:00:00,8.4873,8.4873,0,0,0,0,0,0
1985-04-17 08:00:00,9.0945,9.0945,0,0,0,0,0,0
1985-04-17 09:00:00,9.7352,9.7352,0,0,0,0,0,0
1985-04-17 10:00:00,10.2098,10.2098,0,0,0,0,0,0
1985-04-17 11:00:00,10.4062,10.4062,0,0,0,0,0,0
1985-04-17 12:00:00,11.177,11.177,0,0,0,0,0,0
1985-04-17 13:00:00,11.6167,11.6167,0,0,0,0,0,0
1985-04-17 14:00:00,11.4814,11.4814,0,0,0,0,0,0
1985-04-17 15:00:00,11.4911,11.4911,0,0,0,0,0,0
1985-04-17 16:00:00,11.5622,11.5622,0,0,0,0,0,0
1985-04-17 17:00:00,11.1578,11.1578,0,0,0,0,0,0
1985-04-17 18:00:00,10.6266,10.6266,0,0,0,0,0,0
1985-04-17 19:00:00,10.0914,10.0914,0,0,0,0,0,0
1985-04-17 20:00:00,9.3757,9.3757,0,0,0,0,0,0
1985-04-17 21:00:00,8.8872,8.8872,0,0,0,0,0,0
1985-04-17 22:00:00,9.1683,9.1683,0,0,0,0,0,0
1985-04-17 23:00:00,9.1506,9.1506,0,0,0,0,0,0
1985-04-18 00:00:00,9.2568,9.2568,0,0,0,0,0,0
1985-04-18 01:00:00,9.618,9.618,0,0,0,0,0,0
1985-04-18 02:00:00,9.828,9.828,0,0,0,0,0,0
1985-04-18 03:00:00,10.3225,10.3225,0,0,0,0,0,0
1985-04-18 04:00:00,10.7679,10.7679,0,0,0,0,0,0
1985-04-18 05:00:00,11.0137,11.0137,0,0,0,0,0,0
1985-04-18 06:00:00,11.2026,11.2026,0,0,0,0,0,0
1985-04-18 07:00:00,11.4296,11.4296,0,0,0,0,0,0
1985-04-18 08:00:00,11.2779,11.2779,0,0,0,0,0,0
1985-04-18 09:00:00,11.1838,11.1838,0,0,0,0,0,0
1985-04-18 10:00:00,10.7333,10.7333,0,0,0,0,0,0
1985-04-18 11:00:00,10.7188,10.7188,0,0,0,0,0,0
1985-04-18 12:00:00,10.859,10.859,0,0,0,0,0,0
1985-04-18 13:00:00,10.4803,10.4803,0,0,0,0,0,0
1985-04-18 14:00:00,9.8358,9.8358,0,0,0,0,0,0
1985-04-18 15:00:00,9.2025,9.2025,0,0,0,0,0,0
1985-04-18 16:00:00,8.4144,8.4144,0,0,0,0,0,0
1985-04-18 17:00:00,7.7469,7.7469,0,0,0,0,0,0
1985-04-18 18:00:00,7.1271,7.1271,0,0,0,0,0,0
1985-04-18 19:00:00,6.569,6.569,0,0,0,0,0,0
1985-04-18 20:00:00,5.8118,5.8118,0,0,0,0,0,0
1985-04-18 21:00:00,4.5058,4.5058,0,0,0,0,0,0
1985-04-18 22:00:00,4.3475,4.3475,0,0,0,0,0,0
1985-04-18 23:00:00,3.6513,3.6513,0,0,0,0,0,0
1985-04-19 00:00:00,3.7548,3.7548,0,0,0,0,0,0
1985-04-19 01:00:00,3.9959,3.9959,0,0,0,0,0,0
1985-04-19 02:00:00,4.3553,4.3553,0,0,0,0,0,0
1985-04-19 03:00:00,5.2063,5.2063,0,0,0,0,0,0
1985-04-19 04:00:00,6.7712,6.7712,0,0,0,0,0,0
1985-04-19 05:00:00,8.3865,8.3865,0,0,0,0,0,0
1985-04-19 06:00:00,9.9888,9.9888,0,0,0,0,0,0
1985-04-19 07:00:00,10.9163,10.9163,0,0,0,0,0,0
1985-04-19 08:00:00,11.6463,11.6463,0,0,0,0,0,0
1985-04-19 09:00:00,12.0715,12.0715,0,0,0,0,0,0
1985-04-19 10:00:00,13.133,13.133,0,0,0,0,0,0
1985-04-19 11:00:00,14.603,14.603,0,0,0,0,0,0
1985-04-19 12:00:00,16.3111,16.3111,0,0,0,0,0,0
1985-04-19 13:00:00,16.7175,16.7175,0,0,0,0,0,0
1985-04-19 14:00:00,16.8991,16.8991,0,0,0,0,0,0
1985-04-19 15:00:00,16.9011,16.9011,0,0,0,0,0,0
1985-04-19 16:00:00,16.3009,16.3009,0,0,0,0,0,0
1985-04-19 17:00:00,15.3433,15.3433,0,0,0,0,0,0
1985-04-19 18:00:00,14.4231,14.4231,0,0,0,0,0,0
1985-04-19 19:00:00,13.2549,13.2549,0,0,0,0,0,0
1985-04-19 20:00:00,12.213,12.213,0,0,0,0,0,0
1985-04-19 21:00:00,11.0076,11.0076,0,0,0,0,0,0
1985-04-19 22:00:00,10.5031,10.5031,0,0,0,0,0,0
1985-04-19 23:00:00,9.1028,9.1028,0,0,0,0,0,0
1985-04-20 00:00:00,7.7798,7.7798,0,0,0,0,0,0
1985-04-20 01:00:00,6.6643,6.6643,0,0,0,0,0,0
1985-04-20 02:00:00,7.4506,7.4506,0,0,0,0,0,0
1985-04-20 03:00:00,10.1072,10.1072,0,0,0,0,0,0
1985-04-20 04:00:00,12.337,12.337,0,0,0,0,0,0
1985-04-20 05:00:00,13.641,13.641,0,0,0,0,0,0
1985-04-20 06:00:00,14.4025,14.4025,0,0,0,0,0,0
1985-04-20 07:00:00,14.7467,14.7467,0,0,0,0,0,0
1985-04-20 08:00:00,14.808,14.808,0,0,0,0,0,0
1985-04-20 09:00:00,14.4665,14.4665,0,0,0,0,0,0
1985-04-20 10:00:00,14.8732,14.8732,0,0,0,0,0,0
1985-04-20 11:00:00,15.9014,15.9014,0,0,0,0,0,0
1985-04-20 12:00:00,15.7283,15.7283,0,0,0,0,0,0
1985-04-20 13:00:00,16.2175,16.2175,0,0,0,0,0,0
1985-04-20 14:00:00,16.6965,16.6965,0,0,0,0,0,0
1985-04-20 15:00:00,16.9664,16.9664,0,0,0,0,0,0
1985-04-20 16:00:00,17.3947,17.3947,0,0,0,0,0,0
1985-04-20 17:00:00,17.6917,17.6917,0,0,0,0,0,0
1985-04-20 18:00:00,17.1158,17.1158,0,0,0,0,0,0
1985-04-20 19:00:00,16.2058,16.2058,0,0,0,0,0,0
1985-04-20 20:00:00,15.8534,15.8534,0,0,0,0,0,0
1985-04-20 21:00:00,15.8868,15.8868,0,0,0,0,0,0
1985-04-20 22:00:00,14.9979,14.9979,0,0,0,0,0,0
1985-04-20 23:00:00,13.4359,13.4359,0,0,0,0,0,0
1985-04-21 00:00:00,13.6671,13.6671,0,0,0,0,0,0
1985-04-21 01:00:00,13.105,13.105,0,0,0,0,0,0
1985-04-21 02:00:00,12.4787,12.4787,0,0,0,0,0,0
1985-04-21 03:00:00,12.4309,12.4309,0,0,0,0,0,0
1985-04-21 04:00:00,12.7448,12.7448,0,0,0,0,0,0
1985-04-21 05:00:00,12.2686,12.2686,0,0,0,0,0,0
1985-04-21 06:00:00,11.6294,11.6294,0,0,0,0,0,0
1985-04-21 07:00:00,11.7342,11.7342,0,0,0,0,0,0
1985-04-21 08:00:00,11.6452,11.6452,0,0,0,0,0,0
1985-04-21 09:00:00,10.99,10.99,0,0,0,0,0,0
1985-04-21 10:00:00,11.3426,11.3426,0,0,0,0,0,0
1985-04-21 11:00:00,12.1824,12.1824,0,0,0,0,0,0
1985-04-21 12:00:00,12.3032,12.3032,0,0,0,0,0,0
1985-04-21 13:00:00,12.0912,12.0912,0,0,0,0,0,0
1985-04-21 14:00:00,11.6291,11.6291,0,0,0,0,0,0
1985-04-21 15:00:00,11.1315,11.1315,0,0,0,0,0,0
1985-04-21 16:00:00,11.0091,11.0091,0,0,0,0,0,0
1985-04-21 17:00:00,10.9848,10.9848,0,0,0,0,0,0
1985-04-21 18:00:00,10.6137,10.6137,0,0,0,0,0,0
1985-04-21 19:00:00,9.6615,9.6615,0,0,0,0,0,0
1985-04-21 20:00:00,8.188,8.188,0,0,0,0,0,0
1985-04-21 21:00:00,6.9298,6.9298,0,0,0,0,0,0
1985-04-21 22:00:00,5.3455,5.3455,0,0,0,0,0,0
1985-04-21 23:00:00,4.6252,4.6252,0,0,0,0,0,0
1985-04-22 00:00:00,4.484,4.484,0,0,0,0,0,0
1985-04-22 01:00:00,5.1734,5.1734,0,0,0,0,0,0
1985-04-22 02:00:00,6.3489,6.3489,0,0,0,0,0,0
1985-04-22 03:00:00,7.1831,7.1831,0,0,0,0,0,0
1985-04-22 04:00:00,7.7779,7.7779,0,0,0,0,0,0
1985-04-22 05:00:00,8.4215,8.4215,0,0,0,0,0,0
1985-04-22 06:00:00,8.4965,8.4965,0,0,0,0,0,0
1985-04-22 07:00:00,8.6328,8.6328,0,0,0,0,0,0
1985-04-22 08:00:00,9.6163,9.6163,0,0,0,0,0,0
1985-04-22 09:00:00,10.7524,10.7524,0,0,0,0,0,0
1985-04-22 10:00:00,11.0459,11.0459,0,0,0,0,0,0
1985-04-22 11:00:00,10.8079,10.8079,0,0,0,0,0,0
1985-04-22 12:00:00,11.3105,11.3105,0,0,0,0,0,0
1985-04-22 13:00:00,13.3081,13.3081,0,0,0,0,0,0
1985-04-22 14:00:00,15.7264,15.7264,0,0,0,0,0,0
1985-04-22 15:00:00,17.5898,17.5898,0,0,0,0,0,0
1985-04-22 16:00:00,18.1536,18.1536,0,0,0,0,0,0
1985-04-22 17:00:00,18.6563,18.6563,0,0,0,0,0,0
1985-04-22 18:00:00,19.4961,19.4961,0,0,0,0,0,0
1985-04-22 19:00:00,19.9924,19.9924,0,0,0,0,0,0
1985-04-22 20:00:00,19.9625,19.9625,0,0,0,0,0,0
1985-04-22 21:00:00,19.5751,19.5751,0,0,0,0,0,0
1985-04-22 22:00:00,19.0064,19.0064,0,0,0,0,0,0
1985-04-22 23:00:00,18.692,18.692,0,0,0,0,0,0
1985-04-23 00:00:00,17.9849,17.9849,0,0,0,0,0,0
1985-04-23 01:00:00,16.5503,16.5503,0,0,0,0,0,0
1985-04-23 02:00:00,15.0504,15.0504,0,0,0,0,0,0
1985-04-23 03:00:00,13.8651,13.8651,0,0,0,0,0,0
1985-04-23 04:00:00,13.177,13.177,0,0,0,0,0,0
1985-04-23 05:00:00,12.5342,12.5342,0,0,0,0,0,0
1985-04-23 06:00:00,12.0143,12.0143,0,0,0,0,0,0
1985-04-23 07:00:00,11.8866,11.8866,0,0,0,0,0,0
1985-04-23 08:00:00,12.0129,12.0129,0,0,0,0,0,0
1985-04-23 09:00:00,11.9866,11.9866,0,0,0,0,0,0
1985-04-23 10:00:00,10.3627,10.3627,0,0,0,0,0,0
1985-04-23 11:00:00,9.8294,9.8294,0,0,0,0,0,0
1985-04-23 12:00:00,9.4846,9.4846,0,0,0,0,0,0
1985-04-23 13:00:00,8.8696,8.8696,0,0,0,0,0,0
1985-04-23 14:00:00,8.4172,8.4172,0,0,0,0,0,0
1985-04-23 15:00:00,8.1607,8.1607,0,0,0,0,0,0
1985-04-23 16:00:00,7.5309,7.5309,0,0,0,0,0,0
1985-04-23 17:00:00,7.5568,7.5568,0,0,0,0,0,0
1985-04-23 18:00:00,6.6988,6.6988,0,0,0,0,0,0
1985-04-23 19:00:00,5.4697,5.4697,0,0,0,0,0,0
1985-04-23 20:00:00,5.4998,5.4998,0,0,0,0,0,0
1985-04-23 21:00:00,6.1184,6.1184,0,0,0,0,0,0
1985-04-23 22:00:00,7.0211,7.0211,0,0,0,0,0,0
1985-04-23 23:00:00,8.699,8.699,0,0,0,0,0,0
1985-04-24 00:00:00,9.7801,9.7801,0,0,0,0,0,0
1985-04-24 01:00:00,10.7913,10.7913,0,0,0,0,0,0
1985-04-24 02:00:00,11.6688,11.6688,0,0,0,0,0,0
1985-04-24 03:00:00,12.8596,12.8596,0,0,0,0,0,0
1985-04-24 04:00:00,11.9837,11.9837,0,0,0,0,0,0
1985-04-24 05:00:00,14.6006,14.6006,0,0,0,0,0,0
1985-04-24 06:00:00,15.847,15.847,0,0,0,0,0,0
1985-04-24 07:00:00,14.2175,14.2175,0,0,0,0,0,0
1985-04-24 08:00:00,13.385,13.385,0,0,0,0,0,0
1985-04-24 09:00:00,13.1294,13.1294,0,0,0,0,0,0
1985-04-24 10:00:00,13.3704,13.3704,0,0,0,0,0,0
1985-04-24 11:00:00,12.6342,12.6342,0,0,0,0,0,0
1985-04-24 12:00:00,12.555,12.555,0,0,0,0,0,0
1985-04-24 13:00:00,13.4839,13.4839,0,0,0,0,0,0
1985-04-24 14:00:00,13.6447,13.6447,0,0,0,0,0,0
1985-04-24 15:00:00,13.8702,13.8702,0,0,0,0,0,0
1985-04-24 16:00:00,14.7199,14.7199,0,0,0,0,0,0
1985-04-24 17:00:00,15.4135,15.4135,0,0,0,0,0,0
1985-04-24 18:00:00,16.3921,16.3921,0,0,0,0,0,0
1985-04-24 19:00:00,18.3322,18.3322,0,0,0,0,0,0
1985-04-24 20:00:00,17.9608,17.9608,0,0,0,0,0,0
1985-04-24 21:00:00,16.7566,16.7566,0,0,0,0,0,0
1985-04-24 22:00:00,15.875,15.875,0,0,0,0,0,0
1985-04-24 23:00:00,16.1003,16.1003,0,0,0,0,0,0
1985-04-25 00:00:00,15.5381,15.5381,0,0,0,0,0,0
1985-04-25 01:00:00,16.3429,16.3429,0,0,0,0,0,0
1985-04-25 02:00:00,18.8677,18.8677,0,0,0,0,0,0
1985-04-25 03:00:00,21.4392,21.4392,0,0,0,0,0,0
1985-04-25 04:00:00,20.9414,20.9414,0,0,0,0,0,0
1985-04-25 05:00:00,23.0706,23.0706,0,0,0,0,0,0
1985-04-25 06:00:00,22.5209,22.5209,0,0,0,0,0,0
1985-04-25 07:00:00,20.4242,20.4242,0,0,0,0,0,0
1985-04-25 08:00:00,18.7952,18.7952,0,0,0,0,0,0
1985-04-25 09:00:00,17.9068,17.9068,0,0,0,0,0,0
1985-04-25 10:00:00,15.3878,15.3878,0,0,0,0,0,0
1985-04-25 11:00:00,14.2856,14.2856,0,0,0,0,0,0
1985-04-25 12:00:00,14.6895,14.6895,0,0,0,0,0,0
1985-04-25 13:00:00,15.4837,15.4837,0,0,0,0,0,0
1985-04-25 14:00:00,14.9444,14.9444,0,0,0,0,0,0
1985-04-25 15:00:00,14.428,14.428,0,0,0,0,0,0
1985-04-25 16:00:00,14.7879,14.7879,0,0,0,0,0,0
1985-04-25 17:00:00,15.3267,15.3267,0,0,0,0,0,0
1985-04-25 18:00:00,15.1778,15.1778,0,0,0,0,0,0
1985-04-25 19:00:00,14.4813,14.4813,0,0,0,0,0,0
1985-04-25 20:00:00,13.5718,13.5718,0,0,0,0,0,0
1985-04-25 21:00:00,12.5074,12.5074,0,0,0,0,0,0
1985-04-25 22:00:00,11.1994,11.1994,0,0,0,0,0,0
1985-04-25 23:00:00,10.289,10.289,0,0,0,0,0,0
1985-04-26 00:00:00,10.0268,10.0268,0,0,0,0,0,0
1985-04-26 01:00:00,9.3054,9.3054,0,0,0,0,0,0
1985-04-26 02:00:00,8.1901,8.1901,0,0,0,0,0,0
1985-04-26 03:00:00,7.2016,7.2016,0,0,0,0,0,0
1985-04-26 04:00:00,6.0911,6.0911,0,0,0,0,0,0
1985-04-26 05:00:00,4.6264,4.6264,0,0,0,0,0,0
1985-04-26 06:00:00,3.0966,3.0966,0,0,0,0,0,0
1985-04-26 07:00:00,1.7883,1.7883,0,0,0,0,0,0
1985-04-26 08:00:00,2.4033,2.4033,0,0,0,0,0,0
1985-04-26 09:00:00,4.0764,4.0764,0,0,0,0,0,0
1985-04-26 10:00:00,6.2424,6.2424,0,0,0,0,0,0
1985-04-26 11:00:00,8.1927,8.1927,0,0,0,0,0,0
1985-04-26 12:00:00,10.3016,10.3016,0,0,0,0,0,0
1985-04-26 13:00:00,12.0806,12.0806,0,0,0,0,0,0
1985-04-26 14:00:00,14.0321,14.0321,0,0,0,0,0,0
1985-04-26 15:00:00,15.8657,15.8657,0,0,0,0,0,0
1985-04-26 16:00:00,17.3259,17.3259,0,0,0,0,0,0
1985-04-26 17:00:00,18.3256,18.3256,0,0,0,0,0,0
1985-04-26 18:00:00,17.4009,17.4009,0,0,0,0,0,0
1985-04-26 19:00:00,16.2862,16.2862,0,0,0,0,0,0
1985-04-26 20:00:00,13.692,13.692,0,0,0,0,0,0
1985-04-26 21:00:00,10.1166,10.1166,0,0,0,0,0,0
1985-04-26 22:00:00,8.1744,8.1744,0,0,0,0,0,0
1985-04-26 23:00:00,6.9193,6.9193,0,0,0,0,0,0
1985-04-27 00:00:00,6.6478,6.6478,0,0,0,0,0,0
1985-04-27 01:00:00,6.643,6.643,0,0,0,0,0,0
1985-04-27 02:00:00,7.8446,7.8446,0,0,0,0,0,0
1985-04-27 03:00:00,8.9642,8.9642,0,0,0,0,0,0
1985-04-27 04:00:00,10.1226,10.1226,0,0,0,0,0,0
1985-04-27 05:00:00,11.5319,11.5319,0,0,0,0,0,0
1985-04-27 06:00:00,12.8973,12.8973,0,0,0,0,0,0
1985-04-27 07:00:00,13.907,13.907,0,0,0,0,0,0
1985-04-27 08:00:00,15.382,15.382,0,0,0,0,0,0
1985-04-27 09:00:00,17.8961,17.8961,0,0,0,0,0,0
1985-04-27 10:00:00,19.639,19.639,0,0,0,0,0,0
1985-04-27 11:00:00,20.2991,20.2991,0,0,0,0,0,0
1985-04-27 12:00:00,21.4426,21.4426,0,0,0,0,0,0
1985-04-27 13:00:00,22.2684,22.2684,0,0,0,0,0,0
1985-04-27 14:00:00,22.2475,22.2475,0,0,0,0,0,0
1985-04-27 15:00:00,21.8128,21.8128,0,0,0,0,0,0
1985-04-27 16:00:00,21.6225,21.6225,0,0,0,0,0,0
1985-04-27 17:00:00,21.4203,21.4203,0,0,0,0,0,0
1985-04-27 18:00:00,20.8095,20.8095,0,0,0,0,0,0
1985-04-27 19:00:00,20.493,20.493,0,0,0,0,0,0
1985-04-27 20:00:00,20.4004,20.4004,0,0,0,0,0,0
1985-04-27 21:00:00,19.7936,19.7936,0,0,0,0,0,0
1985-04-27 22:00:00,19.0531,19.0531,0,0,0,0,0,0
1985-04-27 23:00:00,19.1339,19.1339,0,0,0,0,0,0
1985-04-28 00:00:00,19.72,19.72,0,0,0,0,0,0
1985-04-28 01:00:00,19.6512,19.6512,0,0,0,0,0,0
1985-04-28 02:00:00,19.4182,19.4182,0,0,0,0,0,0
1985-04-28 03:00:00,19.2878,19.2878,0,0,0,0,0,0
1985-04-28 04:00:00,19.2001,19.2001,0,0,0,0,0,0
1985-04-28 05:00:00,19.3234,19.3234,0,0,0,0,0,0
1985-04-28 06:00:00,19.0273,19.0273,0,0,0,0,0,0
1985-04-28 07:00:00,18.215,18.215,0,0,0,0,0,0
1985-04-28 08:00:00,17.2125,17.2125,0,0,0,0,0,0
1985-04-28 09:00:00,16.4657,16.4657,0,0,0,0,0,0
1985-04-28 10:00:00,15.3505,15.3505,0,0,0,0,0,0
1985-04-28 11:00:00,14.2828,14.2828,0,0,0,0,0,0
1985-04-28 12:00:00,13.7016,13.7016,0,0,0,0,0,0
1985-04-28 13:00:00,13.2807,13.2807,0,0,0,0,0,0
1985-04-28 14:00:00,12.4078,12.4078,0,0,0,0,0,0
1985-04-28 15:00:00,11.1215,11.1215,0,0,0,0,0,0
1985-04-28 16:00:00,10.1866,10.1866,0,0,0,0,0,0
1985-04-28 17:00:00,9.9603,9.9603,0,0,0,0,0,0
1985-04-28 18:00:00,9.6218,9.6218,0,0,0,0,0,0
1985-04-28 19:00:00,9.1092,9.1092,0,0,0,0,0,0
1985-04-28 20:00:00,8.3997,8.3997,0,0,0,0,0,0
1985-04-28 21:00:00,7.2594,7.2594,0,0,0,0,0,0
1985-04-28 22:00:00,5.891,5.891,0,0,0,0,0,0
1985-04-28 23:00:00,4.2834,4.2834,0,0,0,0,0,0
1985-04-29 00:00:00,2.8587,2.8587,0,0,0,0,0,0
1985-04-29 01:00:00,2.1261,2.1261,0,0,0,0,0,0
1985-04-29 02:00:00,1.9045,1.9045,0,0,0,0,0,0
1985-04-29 03:00:00,2.0663,2.0663,0,0,0,0,0,0
1985-04-29 04:00:00,2.02,2.02,0,0,0,0,0,0
1985-04-29 05:00:00,1.8555,1.8555,0,0,0,0,0,0
1985-04-29 06:00:00,1.7415,1.7415,0,0,0,0,0,0
1985-04-29 07:00:00,1.8484,1.8484,0,0,0,0,0,0
1985-04-29 08:00:00,2.2684,2.2684,0,0,0,0,0,0
1985-04-29 09:00:00,2.5539,2.5539,0,0,0,0,0,0
1985-04-29 10:00:00,2.1655,2.1655,0,0,0,0,0,0
1985-04-29 11:00:00,2.0198,2.0198,0,0,0,0,0,0
1985-04-29 12:00:00,1.6762,1.6762,0,0,0,0,0,0
1985-04-29 13:00:00,1.2838,1.2838,0,0,0,0,0,0
1985-04-29 14:00:00,0.7691,0.7691,0,0,0,0,0,0
1985-04-29 15:00:00,1.0561,1.0561,0,0,0,0,0,0
1985-04-29 16:00:00,1.4567,1.4567,0,0,0,0,0,0
1985-04-29 17:00:00,1.7038,1.7038,0,0,0,0,0,0
1985-04-29 18:00:00,1.8838,1.8838,0,0,0,0,0,0
1985-04-29 19:00:00,1.7295,1.7295,0,0,0,0,0,0
1985-04-29 20:00:00,1.0074,1.0074,0,0,0,0,0,0
1985-04-29 21:00:00,0.5329,0.5329,0,0,0,0,0,0
1985-04-29 22:00:00,1.2476,1.2476,0,0,0,0,0,0
1985-04-29 23:00:00,1.7556,1.7556,0,0,0,0,0,0
1985-04-30 00:00:00,1.8936,1.8936,0,0,0,0,0,0
1985-04-30 01:00:00,1.7136,1.7136,0,0,0,0,0,0
1985-04-30 02:00:00,1.245,1.245,0,0,0,0,0,0
1985-04-30 03:00:00,0.9379,0.9379,0,0,0,0,0,0
1985-04-30 04:00:00,0.9499,0.9499,0,0,0,0,0,0
1985-04-30 05:00:00,0.9173,0.9173,0,0,0,0,0,0
1985-04-30 06:00:00,0.6322,0.6322,0,0,0,0,0,0
1985-04-30 07:00:00,0.3971,0.3971,0,0,0,0,0,0
1985-04-30 08:00:00,0.7582,0.7582,0,0,0,0,0,0
1985-04-30 09:00:00,1.1421,1.1421,0,0,0,0,0,0
1985-04-30 10:00:00,1.3745,1.3745,0,0,0,0,0,0
1985-04-30 11:00:00,1.5674,1.5674,0,0,0,0,0,0
1985-04-30 12:00:00,1.6541,1.6541,0,0,0,0,0,0
1985-04-30 13:00:00,2.0503,2.0503,0,0,0,0,0,0
1985-04-30 14:00:00,2.545,2.545,0,0,0,0,0,0
1985-04-30 15:00:00,2.6462,2.6462,0,0,0,0,0,0
1985-04-30 16:00:00,2.1173,2.1173,0,0,0,0,0,0
1985-04-30 17:00:00,1.0556,1.0556,0,0,0,0,0,0
1985-04-30 18:00:00,0.603,0.603,0,0,0,0,0,0
1985-04-30 19:00:00,0.9157,0.9157,0,0,0,0,0,0
1985-04-30 20:00:00,1.5585,1.5585,0,0,0,0,0,0
1985-04-30 21:00:00,2.1255,2.1255,0,0,0,0,0,0
1985-04-30 22:00:00,3.5996,3.5996,0,0,0,0,0,0
1985-04-30 23:00:00,3.4885,3.4885,0,0,0,0,0,0
1985-05-01 00:00:00,3.3914,3.3914,0,0,0,0,0,0
1985-05-01 01:00:00,3.4298,3.4298,0,0,0,0,0,0
1985-05-01 02:00:00,3.7205,3.7205,0,0,0,0,0,0
1985-05-01 03:00:00,3.8869,3.8869,0,0,0,0,0,0
1985-05-01 04:00:00,4.0925,4.0925,0,0,0,0,0,0
1985-05-01 05:00:00,4.4757,4.4757,0,0,0,0,0,0
1985-05-01 06:00:00,4.751,4.751,0,0,0,0,0,0
1985-05-01 07:00:00,4.6759,4.6759,0,0,0,0,0,0
1985-05-01 08:00:00,4.0717,4.0717,0,0,0,0,0,0
1985-05-01 09:00:00,3.0473,3.0473,0,0,0,0,0,0
1985-05-01 10:00:00,2.487,2.487,0,0,0,0,0,0
1985-05-01 11:00:00,2.5224,2.5224,0,0,0,0,0,0
1985-05-01 12:00:00,5.0979,5.0979,0,0,0,0,0,0
1985-05-01 13:00:00,8.1449,8.1449,0,0,0,0,0,0
1985-05-01 14:00:00,10.0132,10.0132,0,0,0,0,0,0
1985-05-01 15:00:00,10.8388,10.8388,0,0,0,0,0,0
1985-05-01 16:00:00,11.3396,11.3396,0,0,0,0,0,0
1985-05-01 17:00:00,11.5033,11.5033,0,0,0,0,0,0
1985-05-01 18:00:00,11.5347,11.5347,0,0,0,0,0,0
1985-05-01 19:00:00,11.171,11.171,0,0,0,0,0,0
1985-05-01 20:00:00,10.0642,10.0642,0,0,0,0,0,0
1985-05-01 21:00:00,8.2881,8.2881,0,0,0,0,0,0
1985-05-01 22:00:00,5.3287,5.3287,0,0,0,0,0,0
1985-05-01 23:00:00,3.8564,3.8564,0,0,0,0,0,0
1985-05-02 00:00:00,2.8899,2.8899,0,0,0,0,0,0
1985-05-02 01:00:00,2.3795,2.3795,0,0,0,0,0,0
1985-05-02 02:00:00,2.3064,2.3064,0,0,0,0,0,0
1985-05-02 03:00:00,2.0754,2.0754,0,0,0,0,0,0
1985-05-02 04:00:00,2.2286,2.2286,0,0,0,0,0,0
1985-05-02 05:00:00,2.7403,2.7403,0,0,0,0,0,0
1985-05-02 06:00:00,3.1785,3.1785,0,0,0,0,0,0
1985-05-02 07:00:00,3.6621,3.6621,0,0,0,0,0,0
1985-05-02 08:00:00,4.6031,4.6031,0,0,0,0,0,0
1985-05-02 09:00:00,5.3996,5.3996,0,0,0,0,0,0
1985-05-02 10:00:00,6.0938,6.0938,0,0,0,0,0,0
1985-05-02 11:00:00,6.7374,6.7374,0,0,0,0,0,0
1985-05-02 12:00:00,7.6024,7.6024,0,0,0,0,0,0
1985-05-02 13:00:00,8.1617,8.1617,0,0,0,0,0,0
1985-05-02 14:00:00,9.181,9.181,0,0,0,0,0,0
1985-05-02 15:00:00,11.2164,11.2164,0,0,0,0,0,0
1985-05-02 16:00:00,12.8748,12.8748,0,0,0,0,0,0
1985-05-02 17:00:00,13.5643,13.5643,0,0,0,0,0,0
1985-05-02 18:00:00,13.9206,13.9206,0,0,0,0,0,0
1985-05-02 19:00:00,13.848,13.848,0,0,0,0,0,0
1985-05-02 20:00:00,13.0799,13.0799,0,0,0,0,0,0
1985-05-02 21:00:00,11.8054,11.8054,0,0,0,0,0,0
1985-05-02 22:00:00,10.219,10.219,0,0,0,0,0,0
1985-05-02 23:00:00,7.5069,7.5069,0,0,0,0,0,0
1985-05-03 00:00:00,5.0804,5.0804,0,0,0,0,0,0
1985-05-03 01:00:00,3.034,3.034,0,0,0,0,0,0
1985-05-03 02:00:00,2.3995,2.3995,0,0,0,0,0,0
1985-05-03 03:00:00,2.07,2.07,0,0,0,0,0,0
1985-05-03 04:00:00,1.048,1.048,0,0,0,0,0,0
1985-05-03 05:00:00,1.8957,1.8957,0,0,0,0,0,0
1985-05-03 06:00:00,2.52,2.52,0,0,0,0,0,0
1985-05-03 07:00:00,2.9197,2.9197,0,0,0,0,0,0
1985-05-03 08:00:00,3.148,3.148,0,0,0,0,0,0
1985-05-03 09:00:00,3.1719,3.1719,0,0,0,0,0,0
1985-05-03 10:00:00,2.5503,2.5503,0,0,0,0,0,0
1985-05-03 11:00:00,2.3746,2.3746,0,0,0,0,0,0
1985-05-03 12:00:00,1.9459,1.9459,0,0,0,0,0,0
1985-05-03 13:00:00,1.6379,1.6379,0,0,0,0,0,0
1985-05-03 14:00:00,1.661,1.661,0,0,0,0,0,0
1985-05-03 15:00:00,1.8252,1.8252,0,0,0,0,0,0
1985-05-03 16:00:00,2.0702,2.0702,0,0,0,0,0,0
1985-05-03 17:00:00,2.7439,2.7439,0,0,0,0,0,0
1985-05-03 18:00:00,3.6231,3.6231,0,0,0,0,0,0
1985-05-03 19:00:00,3.9121,3.9121,0,0,0,0,0,0
1985-05-03 20:00:00,4.0513,4.0513,0,0,0,0,0,0
1985-05-03 21:00:00,4.2165,4.2165,0,0,0,0,0,0
1985-05-03 22:00:00,5.5045,5.5045,0,0,0,0,0,0
1985-05-03 23:00:00,5.7135,5.7135,0,0,0,0,0,0
1985-05-04 00:00:00,5.7647,5.7647,0,0,0,0,0,0
1985-05-04 01:00:00,5.485,5.485,0,0,0,0,0,0
1985-05-04 02:00:00,5.3701,5.3701,0,0,0,0,0,0
1985-05-04 03:00:00,5.3512,5.3512,0,0,0,0,0,0
1985-05-04 04:00:00,5.4172,5.4172,0,0,0,0,0,0
1985-05-04 05:00:00,5.2444,5.2444,0,0,0,0,0,0
1985-05-04 06:00:00,4.9398,4.9398,0,0,0,0,0,0
1985-05-04 07:00:00,4.5106,4.5106,0,0,0,0,0,0
1985-05-04 08:00:00,3.993,3.993,0,0,0,0,0,0
1985-05-04 09:00:00,3.3689,3.3689,0,0,0,0,0,0
1985-05-04 10:00:00,3.1579,3.1579,0,0,0,0,0,0
1985-05-04 11:00:00,2.8271,2.8271,0,0,0,0,0,0
1985-05-04 12:00:00,2.3746,2.3746,0,0,0,0,0,0
1985-05-04 13:00:00,1.6514,1.6514,0,0,0,0,0,0
1985-05-04 14:00:00,1.0936,1.0936,0,0,0,0,0,0
1985-05-04 15:00:00,0.7216,0.7216,0,0,0,0,0,0
1985-05-04 16:00:00,0.9891,0.9891,0,0,0,0,0,0
1985-05-04 17:00:00,1.5012,1.5012,0,0,0,0,0,0
1985-05-04 18:00:00,1.8897,1.8897,0,0,0,0,0,0
1985-05-04 19:00:00,2.1525,2.1525,0,0,0,0,0,0
1985-05-04 20:00:00,2.3331,2.3331,0,0,0,0,0,0
1985-05-04 21:00:00,2.4838,2.4838,0,0,0,0,0,0
1985-05-04 22:00:00,3.055,3.055,0,0,0,0,0,0
1985-05-04 23:00:00,3.9708,3.9708,0,0,0,0,0,0
1985-05-05 00:00:00,5.2115,5.2115,0,0,0,0,0,0
1985-05-05 01:00:00,6.5427,6.5427,0,0,0,0,0,0
1985-05-05 02:00:00,7.6771,7.6771,0,0,0,0,0,0
1985-05-05 03:00:00,8.4766,8.4766,0,0,0,0,0,0
1985-05-05 04:00:00,9.1855,9.1855,0,0,0,0,0,0
1985-05-05 05:00:00,9.902,9.902,0,0,0,0,0,0
1985-05-05 06:00:00,10.5465,10.5465,0,0,0,0,0,0
1985-05-05 07:00:00,11.2426,11.2426,0,0,0,0,0,0
1985-05-05 08:00:00,11.7468,11.7468,0,0,0,0,0,0
1985-05-05 09:00:00,12.4947,12.4947,0,0,0,0,0,0
1985-05-05 10:00:00,12.3082,12.3082,0,0,0,0,0,0
1985-05-05 11:00:00,12.7147,12.7147,0,0,0,0,0,0
1985-05-05 12:00:00,12.6259,12.6259,0,0,0,0,0,0
1985-05-05 13:00:00,13.3525,13.3525,0,0,0,0,0,0
1985-05-05 14:00:00,13.5528,13.5528,0,0,0,0,0,0
1985-05-05 15:00:00,13.2037,13.2037,0,0,0,0,0,0
1985-05-05 16:00:00,13.4637,13.4637,0,0,0,0,0,0
1985-05-05 17:00:00,13.8701,13.8701,0,0,0,0,0,0
1985-05-05 18:00:00,13.9547,13.9547,0,0,0,0,0,0
1985-05-05 19:00:00,13.7661,13.7661,0,0,0,0,0,0
1985-05-05 20:00:00,13.7062,13.7062,0,0,0,0,0,0
1985-05-05 21:00:00,12.9458,12.9458,0,0,0,0,0,0
1985-05-05 22:00:00,12.6401,12.6401,0,0,0,0,0,0
1985-05-05 23:00:00,11.9898,11.9898,0,0,0,0,0,0
1985-05-06 00:00:00,11.3374,11.3374,0,0,0,0,0,0
1985-05-06 01:00:00,10.3826,10.3826,0,0,0,0,0,0
1985-05-06 02:00:00,9.7099,9.7099,0,0,0,0,0,0
1985-05-06 03:00:00,9.21,9.21,0,0,0,0,0,0
1985-05-06 04:00:00,9.1876,9.1876,0,0,0,0,0,0
1985-05-06 05:00:00,9.7221,9.7221,0,0,0,0,0,0
1985-05-06 06:00:00,10.1947,10.1947,0,0,0,0,0,0
1985-05-06 07:00:00,10.3648,10.3648,0,0,0,0,0,0
1985-05-06 08:00:00,10.583,10.583,0,0,0,0,0,0
1985-05-06 09:00:00,10.7785,10.7785,0,0,0,0,0,0
1985-05-06 10:00:00,10.0841,10.0841,0,0,0,0,0,0
1985-05-06 11:00:00,9.2978,9.2978,0,0,0,0,0,0
1985-05-06 12:00:00,8.8885,8.8885,0,0,0,0,0,0
1985-05-06 13:00:00,8.4679,8.4679,0,0,0,0,0,0
1985-05-06 14:00:00,7.6565,7.6565,0,0,0,0,0,0
1985-05-06 15:00:00,6.9566,6.9566,0,0,0,0,0,0
1985-05-06 16:00:00,6.1546,6.1546,0,0,0,0,0,0
1985-05-06 17:00:00,5.3306,5.3306,0,0,0,0,0,0
1985-05-06 18:00:00,4.7081,4.7081,0,0,0,0,0,0
1985-05-06 19:00:00,4.9691,4.9691,0,0,0,0,0,0
1985-05-06 20:00:00,5.6841,5.6841,0,0,0,0,0,0
1985-05-06 21:00:00,6.5024,6.5024,0,0,0,0,0,0
1985-05-06 22:00:00,7.3178,7.3178,0,0,0,0,0,0
1985-05-06 23:00:00,7.0706,7.0706,0,0,0,0,0,0
1985-05-07 00:00:00,7.1455,7.1455,0,0,0,0,0,0
1985-05-07 01:00:00,8.5748,8.5748,0,0,0,0,0,0
1985-05-07 02:00:00,9.9921,9.9921,0,0,0,0,0,0
1985-05-07 03:00:00,10.7974,10.7974,0,0,0,0,0,0
1985-05-07 04:00:00,11.2801,11.2801,0,0,0,0,0,0
1985-05-07 05:00:00,11.6583,11.6583,0,0,0,0,0,0
1985-05-07 06:00:00,11.9478,11.9478,0,0,0,0,0,0
1985-05-07 07:00:00,11.2016,11.2016,0,0,0,0,0,0
1985-05-07 08:00:00,9.4898,9.4898,0,0,0,0,0,0
1985-05-07 09:00:00,7.8185,7.8185,0,0,0,0,0,0
1985-05-07 10:00:00,5.8082,5.8082,0,0,0,0,0,0
1985-05-07 11:00:00,4.927,4.927,0,0,0,0,0,0
1985-05-07 12:00:00,3.6876,3.6876,0,0,0,0,0,0
1985-05-07 13:00:00,2.2096,2.2096,0,0,0,0,0,0
1985-05-07 14:00:00,0.7952,0.7952,0,0,0,0,0,0
1985-05-07 15:00:00,0.879,0.879,0,0,0,0,0,0
1985-05-07 16:00:00,1.0579,1.0579,0,0,0,0,0,0
1985-05-07 17:00:00,2.0451,2.0451,0,0,0,0,0,0
1985-05-07 18:00:00,2.8796,2.8796,0,0,0,0,0,0
1985-05-07 19:00:00,4.0323,4.0323,0,0,0,0,0,0
1985-05-07 20:00:00,5.1296,5.1296,0,0,0,0,0,0
1985-05-07 21:00:00,5.9296,5.9296,0,0,0,0,0,0
1985-05-07 22:00:00,7.4056,7.4056,0,0,0,0,0,0
1985-05-07 23:00:00,7.8418,7.8418,0,0,0,0,0,0
1985-05-08 00:00:00,8.0794,8.0794,0,0,0,0,0,0
1985-05-08 01:00:00,8.1582,8.1582,0,0,0,0,0,0
1985-05-08 02:00:00,8.3175,8.3175,0,0,0,0,0,0
1985-05-08 03:00:00,8.3846,8.3846,0,0,0,0,0,0
1985-05-08 04:00:00,8.3404,8.3404,0,0,0,0,0,0
1985-05-08 05:00:00,8.2402,8.2402,0,0,0,0,0,0
1985-05-08 06:00:00,7.7682,7.7682,0,0,0,0,0,0
1985-05-08 07:00:00,6.9728,6.9728,0,0,0,0,0,0
1985-05-08 08:00:00,5.9288,5.9288,0,0,0,0,0,0
1985-05-08 09:00:00,5.0942,5.0942,0,0,0,0,0,0
1985-05-08 10:00:00,4.6133,4.6133,0,0,0,0,0,0
1985-05-08 11:00:00,3.8312,3.8312,0,0,0,0,0,0
1985-05-08 12:00:00,2.5121,2.5121,0,0,0,0,0,0
1985-05-08 13:00:00,1.0116,1.0116,0,0,0,0,0,0
1985-05-08 14:00:00,2.1434,2.1434,0,0,0,0,0,0
1985-05-08 15:00:00,3.8292,3.8292,0,0,0,0,0,0
1985-05-08 16:00:00,5.3756,5.3756,0,0,0,0,0,0
1985-05-08 17:00:00,6.511,6.511,0,0,0,0,0,0
1985-05-08 18:00:00,6.7185,6.7185,0,0,0,0,0,0
1985-05-08 19:00:00,6.3607,6.3607,0,0,0,0,0,0
1985-05-08 20:00:00,5.8881,5.8881,0,0,0,0,0,0
1985-05-08 21:00:00,5.5279,5.5279,0,0,0,0,0,0
1985-05-08 22:00:00,6.4829,6.4829,0,0,0,0,0,0
1985-05-08 23:00:00,6.2061,6.2061,0,0,0,0,0,0
1985-05-09 00:00:00,5.9525,5.9525,0,0,0,0,0,0
1985-05-09 01:00:00,5.6711,5.6711,0,0,0,0,0,0
1985-05-09 02:00:00,5.7182,5.7182,0,0,0,0,0,0
1985-05-09 03:00:00,5.7874,5.7874,0,0,0,0,0,0
1985-05-09 04:00:00,5.7091,5.7091,0,0,0,0,0,0
1985-05-09 05:00:00,5.284,5.284,0,0,0,0,0,0
1985-05-09 06:00:00,5.0413,5.0413,0,0,0,0,0,0
1985-05-09 07:00:00,4.6891,4.6891,0,0,0,0,0,0
1985-05-09 08:00:00,4.0177,4.0177,0,0,0,0,0,0
1985-05-09 09:00:00,3.1015,3.1015,0,0,0,0,0,0
1985-05-09 10:00:00,2.2493,2.2493,0,0,0,0,0,0
1985-05-09 11:00:00,1.3222,1.3222,0,0,0,0,0,0
1985-05-09 12:00:00,1.0706,1.0706,0,0,0,0,0,0
1985-05-09 13:00:00,2.3103,2.3103,0,0,0,0,0,0
1985-05-09 14:00:00,3.9669,3.9669,0,0,0,0,0,0
1985-05-09 15:00:00,5.3679,5.3679,0,0,0,0,0,0
1985-05-09 16:00:00,6.1796,6.1796,0,0,0,0,0,0
1985-05-09 17:00:00,6.0984,6.0984,0,0,0,0,0,0
1985-05-09 18:00:00,5.4187,5.4187,0,0,0,0,0,0
1985-05-09 19:00:00,4.3818,4.3818,0,0,0,0,0,0
1985-05-09 20:00:00,3.2556,3.2556,0,0,0,0,0,0
1985-05-09 21:00:00,2.2253,2.2253,0,0,0,0,0,0
1985-05-09 22:00:00,1.6853,1.6853,0,0,0,0,0,0
1985-05-09 23:00:00,1.2796,1.2796,0,0,0,0,0,0
1985-05-10 00:00:00,1.1245,1.1245,0,0,0,0,0,0
1985-05-10 01:00:00,1.0214,1.0214,0,0,0,0,0,0
1985-05-10 02:00:00,0.9077,0.9077,0,0,0,0,0,0
1985-05-10 03:00:00,0.6839,0.6839,0,0,0,0,0,0
1985-05-10 04:00:00,0.8524,0.8524,0,0,0,0,0,0
1985-05-10 05:00:00,1.0965,1.0965,0,0,0,0,0,0
1985-05-10 06:00:00,1.0981,1.0981,0,0,0,0,0,0
1985-05-10 07:00:00,1.037,1.037,0,0,0,0,0,0
1985-05-10 08:00:00,1.7806,1.7806,0,0,0,0,0,0
1985-05-10 09:00:00,3.0434,3.0434,0,0,0,0,0,0
1985-05-10 10:00:00,4.0999,4.0999,0,0,0,0,0,0
1985-05-10 11:00:00,6.0689,6.0689,0,0,0,0,0,0
1985-05-10 12:00:00,8.0819,8.0819,0,0,0,0,0,0
1985-05-10 13:00:00,9.8953,9.8953,0,0,0,0,0,0
1985-05-10 14:00:00,11.0823,11.0823,0,0,0,0,0,0
1985-05-10 15:00:00,12.2149,12.2149,0,0,0,0,0,0
1985-05-10 16:00:00,13.5544,13.5544,0,0,0,0,0,0
1985-05-10 17:00:00,14.3689,14.3689,0,0,0,0,0,0
1985-05-10 18:00:00,14.2764,14.2764,0,0,0,0,0,0
1985-05-10 19:00:00,14.275,14.275,0,0,0,0,0,0
1985-05-10 20:00:00,14.0029,14.0029,0,0,0,0,0,0
1985-05-10 21:00:00,14.5051,14.5051,0,0,0,0,0,0
1985-05-10 22:00:00,14.8953,14.8953,0,0,0,0,0,0
1985-05-10 23:00:00,14.9365,14.9365,0,0,0,0,0,0
1985-05-11 00:00:00,14.7101,14.7101,0,0,0,0,0,0
1985-05-11 01:00:00,14.5866,14.5866,0,0,0,0,0,0
1985-05-11 02:00:00,14.1864,14.1864,0,0,0,0,0,0
1985-05-11 03:00:00,14.0599,14.0599,0,0,0,0,0,0
1985-05-11 04:00:00,14.0752,14.0752,0,0,0,0,0,0
1985-05-11 05:00:00,13.916,13.916,0,0,0,0,0,0
1985-05-11 06:00:00,13.7904,13.7904,0,0,0,0,0,0
1985-05-11 07:00:00,13.6381,13.6381,0,0,0,0,0,0
1985-05-11 08:00:00,13.6413,13.6413,0,0,0,0,0,0
1985-05-11 09:00:00,13.5387,13.5387,0,0,0,0,0,0
1985-05-11 10:00:00,13.2691,13.2691,0,0,0,0,0,0
1985-05-11 11:00:00,13.0802,13.0802,0,0,0,0,0,0
1985-05-11 12:00:00,12.7635,12.7635,0,0,0,0,0,0
1985-05-11 13:00:00,12.3866,12.3866,0,0,0,0,0,0
1985-05-11 14:00:00,12.0171,12.0171,0,0,0,0,0,0
1985-05-11 15:00:00,11.9436,11.9436,0,0,0,0,0,0
1985-05-11 16:00:00,12.3912,12.3912,0,0,0,0,0,0
1985-05-11 17:00:00,12.4617,12.4617,0,0,0,0,0,0
1985-05-11 18:00:00,11.9271,11.9271,0,0,0,0,0,0
1985-05-11 19:00:00,11.2228,11.2228,0,0,0,0,0,0
1985-05-11 20:00:00,10.5448,10.5448,0,0,0,0,0,0
1985-05-11 21:00:00,9.7916,9.7916,0,0,0,0,0,0
1985-05-11 22:00:00,8.8953,8.8953,0,0,0,0,0,0
1985-05-11 23:00:00,8.1725,8.1725,0,0,0,0,0,0
1985-05-12 00:00:00,7.4264,7.4264,0,0,0,0,0,0
1985-05-12 01:00:00,6.6835,6.6835,0,0,0,0,0,0
1985-05-12 02:00:00,5.8639,5.8639,0,0,0,0,0,0
1985-05-12 03:00:00,5.1599,5.1599,0,0,0,0,0,0
1985-05-12 04:00:00,4.9359,4.9359,0,0,0,0,0,0
1985-05-12 05:00:00,4.949,4.949,0,0,0,0,0,0
1985-05-12 06:00:00,5.0679,5.0679,0,0,0,0,0,0
1985-05-12 07:00:00,4.7713,4.7713,0,0,0,0,0,0
1985-05-12 08:00:00,4.0703,4.0703,0,0,0,0,0,0
1985-05-12 09:00:00,3.2599,3.2599,0,0,0,0,0,0
1985-05-12 10:00:00,2.5634,2.5634,0,0,0,0,0,0
1985-05-12 11:00:00,2.6617,2.6617,0,0,0,0,0,0
1985-05-12 12:00:00,3.0939,3.0939,0,0,0,0,0,0
1985-05-12 13:00:00,3.4575,3.4575,0,0,0,0,0,0
1985-05-12 14:00:00,3.9872,3.9872,0,0,0,0,0,0
1985-05-12 15:00:00,4.8918,4.8918,0,0,0,0,0,0
1985-05-12 16:00:00,6.4033,6.4033,0,0,0,0,0,0
1985-05-12 17:00:00,7.6191,7.6191,0,0,0,0,0,0
1985-05-12 18:00:00,8.0698,8.0698,0,0,0,0,0,0
1985-05-12 19:00:00,7.8454,7.8454,0,0,0,0,0,0
1985-05-12 20:00:00,7.3633,7.3633,0,0,0,0,0,0
1985-05-12 21:00:00,6.9985,6.9985,0,0,0,0,0,0
1985-05-12 22:00:00,6.7934,6.7934,0,0,0,0,0,0
1985-05-12 23:00:00,6.3135,6.3135,0,0,0,0,0,0
1985-05-13 00:00:00,6.1721,6.1721,0,0,0,0,0,0
1985-05-13 01:00:00,5.7255,5.7255,0,0,0,0,0,0
1985-05-13 02:00:00,4.8359,4.8359,0,0,0,0,0,0
1985-05-13 03:00:00,4.0108,4.0108,0,0,0,0,0,0
1985-05-13 04:00:00,3.5763,3.5763,0,0,0,0,0,0
1985-05-13 05:00:00,3.9772,3.9772,0,0,0,0,0,0
1985-05-13 06:00:00,5.0534,5.0534,0,0,0,0,0,0
1985-05-13 07:00:00,5.6786,5.6786,0,0,0,0,0,0
1985-05-13 08:00:00,5.6704,5.6704,0,0,0,0,0,0
1985-05-13 09:00:00,5.3168,5.3168,0,0,0,0,0,0
1985-05-13 10:00:00,4.7096,4.7096,0,0,0,0,0,0
1985-05-13 11:00:00,4.8306,4.8306,0,0,0,0,0,0
1985-05-13 12:00:00,5.4569,5.4569,0,0,0,0,0,0
1985-05-13 13:00:00,6.2493,6.2493,0,0,0,0,0,0
1985-05-13 14:00:00,7.6752,7.6752,0,0,0,0,0,0
1985-05-13 15:00:00,9.1536,9.1536,0,0,0,0,0,0
1985-05-13 16:00:00,10.3925,10.3925,0,0,0,0,0,0
1985-05-13 17:00:00,11.4133,11.4133,0,0,0,0,0,0
1985-05-13 18:00:00,11.5982,11.5982,0,0,0,0,0,0
1985-05-13 19:00:00,11.8289,11.8289,0,0,0,0,0,0
1985-05-13 20:00:00,11.6761,11.6761,0,0,0,0,0,0
1985-05-13 21:00:00,10.8246,10.8246,0,0,0,0,0,0
1985-05-13 22:00:00,10.2949,10.2949,0,0,0,0,0,0
1985-05-13 23:00:00,9.46,9.46,0,0,0,0,0,0
1985-05-14 00:00:00,8.8431,8.8431,0,0,0,0,0,0
1985-05-14 01:00:00,8.2968,8.2968,0,0,0,0,0,0
1985-05-14 02:00:00,8.0888,8.0888,0,0,0,0,0,0
1985-05-14 03:00:00,7.8851,7.8851,0,0,0,0,0,0
1985-05-14 04:00:00,8.1395,8.1395,0,0,0,0,0,0
1985-05-14 05:00:00,8.6493,8.6493,0,0,0,0,0,0
1985-05-14 06:00:00,9.0523,9.0523,0,0,0,0,0,0
1985-05-14 07:00:00,9.1406,9.1406,0,0,0,0,0,0
1985-05-14 08:00:00,8.9863,8.9863,0,0,0,0,0,0
1985-05-14 09:00:00,9.52,9.52,0,0,0,0,0,0
1985-05-14 10:00:00,10.2946,10.2946,0,0,0,0,0,0
1985-05-14 11:00:00,10.5109,10.5109,0,0,0,0,0,0
1985-05-14 12:00:00,10.6758,10.6758,0,0,0,0,0,0
1985-05-14 13:00:00,11.1145,11.1145,0,0,0,0,0,0
1985-05-14 14:00:00,11.4242,11.4242,0,0,0,0,0,0
1985-05-14 15:00:00,12.1024,12.1024,0,0,0,0,0,0
1985-05-14 16:00:00,12.616,12.616,0,0,0,0,0,0
1985-05-14 17:00:00,12.4796,12.4796,0,0,0,0,0,0
1985-05-14 18:00:00,11.7016,11.7016,0,0,0,0,0,0
1985-05-14 19:00:00,10.0191,10.0191,0,0,0,0,0,0
1985-05-14 20:00:00,7.9508,7.9508,0,0,0,0,0,0
1985-05-14 21:00:00,6.1602,6.1602,0,0,0,0,0,0
1985-05-14 22:00:00,4.3359,4.3359,0,0,0,0,0,0
1985-05-14 23:00:00,4.1149,4.1149,0,0,0,0,0,0
1985-05-15 00:00:00,4.5229,4.5229,0,0,0,0,0,0
1985-05-15 01:00:00,4.6306,4.6306,0,0,0,0,0,0
1985-05-15 02:00:00,4.3992,4.3992,0,0,0,0,0,0
1985-05-15 03:00:00,4.4995,4.4995,0,0,0,0,0,0
1985-05-15 04:00:00,4.856,4.856,0,0,0,0,0,0
1985-05-15 05:00:00,5.3831,5.3831,0,0,0,0,0,0
1985-05-15 06:00:00,5.7419,5.7419,0,0,0,0,0,0
1985-05-15 07:00:00,5.4883,5.4883,0,0,0,0,0,0
1985-05-15 08:00:00,4.4817,4.4817,0,0,0,0,0,0
1985-05-15 09:00:00,3.9576,3.9576,0,0,0,0,0,0
1985-05-15 10:00:00,5.0697,5.0697,0,0,0,0,0,0
1985-05-15 11:00:00,9.5776,9.5776,0,0,0,0,0,0
1985-05-15 12:00:00,11.0917,11.0917,0,0,0,0,0,0
1985-05-15 13:00:00,9.5887,9.5887,0,0,0,0,0,0
1985-05-15 14:00:00,7.9926,7.9926,0,0,0,0,0,0
1985-05-15 15:00:00,6.2796,6.2796,0,0,0,0,0,0
1985-05-15 16:00:00,4.0367,4.0367,0,0,0,0,0,0
1985-05-15 17:00:00,2.5153,2.5153,0,0,0,0,0,0
1985-05-15 18:00:00,1.3363,1.3363,0,0,0,0,0,0
1985-05-15 19:00:00,0.985,0.985,0,0,0,0,0,0
1985-05-15 20:00:00,1.2438,1.2438,0,0,0,0,0,0
1985-05-15 21:00:00,0.8927,0.8927,0,0,0,0,0,0
1985-05-15 22:00:00,0.702,0.702,0,0,0,0,0,0
1985-05-15 23:00:00,0.7385,0.7385,0,0,0,0,0,0
1985-05-16 00:00:00,0.8861,0.8861,0,0,0,0,0,0
1985-05-16 01:00:00,0.8779,0.8779,0,0,0,0,0,0
1985-05-16 02:00:00,0.8439,0.8439,0,0,0,0,0,0
1985-05-16 03:00:00,0.851,0.851,0,0,0,0,0,0
1985-05-16 04:00:00,0.9443,0.9443,0,0,0,0,0,0
1985-05-16 05:00:00,0.579,0.579,0,0,0,0,0,0
1985-05-16 06:00:00,1.3442,1.3442,0,0,0,0,0,0
1985-05-16 07:00:00,2.5261,2.5261,0,0,0,0,0,0
1985-05-16 08:00:00,2.8553,2.8553,0,0,0,0,0,0
1985-05-16 09:00:00,3.2074,3.2074,0,0,0,0,0,0
1985-05-16 10:00:00,3.7456,3.7456,0,0,0,0,0,0
1985-05-16 11:00:00,3.9932,3.9932,0,0,0,0,0,0
1985-05-16 12:00:00,4.1121,4.1121,0,0,0,0,0,0
1985-05-16 13:00:00,4.0854,4.0854,0,0,0,0,0,0
1985-05-16 14:00:00,3.9578,3.9578,0,0,0,0,0,0
1985-05-16 15:00:00,4.1668,4.1668,0,0,0,0,0,0
1985-05-16 16:00:00,4.6826,4.6826,0,0,0,0,0,0
1985-05-16 17:00:00,5.0636,5.0636,0,0,0,0,0,0
1985-05-16 18:00:00,5.7561,5.7561,0,0,0,0,0,0
1985-05-16 19:00:00,6.3973,6.3973,0,0,0,0,0,0
1985-05-16 20:00:00,6.5337,6.5337,0,0,0,0,0,0
1985-05-16 21:00:00,6.4921,6.4921,0,0,0,0,0,0
1985-05-16 22:00:00,6.2259,6.2259,0,0,0,0,0,0
1985-05-16 23:00:00,5.5269,5.5269,0,0,0,0,0,0
1985-05-17 00:00:00,5.0621,5.0621,0,0,0,0,0,0
1985-05-17 01:00:00,4.9497,4.9497,0,0,0,0,0,0
1985-05-17 02:00:00,4.9485,4.9485,0,0,0,0,0,0
1985-05-17 03:00:00,4.6242,4.6242,0,0,0,0,0,0
1985-05-17 04:00:00,4.5187,4.5187,0,0,0,0,0,0
1985-05-17 05:00:00,4.6159,4.6159,0,0,0,0,0,0
1985-05-17 06:00:00,4.5597,4.5597,0,0,0,0,0,0
1985-05-17 07:00:00,4.3319,4.3319,0,0,0,0,0,0
1985-05-17 08:00:00,3.6942,3.6942,0,0,0,0,0,0
1985-05-17 09:00:00,2.7347,2.7347,0,0,0,0,0,0
1985-05-17 10:00:00,2.7694,2.7694,0,0,0,0,0,0
1985-05-17 11:00:00,3.4813,3.4813,0,0,0,0,0,0
1985-05-17 12:00:00,3.8432,3.8432,0,0,0,0,0,0
1985-05-17 13:00:00,3.4657,3.4657,0,0,0,0,0,0
1985-05-17 14:00:00,3.1075,3.1075,0,0,0,0,0,0
1985-05-17 15:00:00,3.0502,3.0502,0,0,0,0,0,0
1985-05-17 16:00:00,3.3006,3.3006,0,0,0,0,0,0
1985-05-17 17:00:00,3.5559,3.5559,0,0,0,0,0,0
1985-05-17 18:00:00,3.6788,3.6788,0,0,0,0,0,0
1985-05-17 19:00:00,3.7178,3.7178,0,0,0,0,0,0
1985-05-17 20:00:00,3.5668,3.5668,0,0,0,0,0,0
1985-05-17 21:00:00,3.3709,3.3709,0,0,0,0,0,0
1985-05-17 22:00:00,1.9312,1.9312,0,0,0,0,0,0
1985-05-17 23:00:00,1.4388,1.4388,0,0,0,0,0,0
1985-05-18 00:00:00,1.0509,1.0509,0,0,0,0,0,0
1985-05-18 01:00:00,1.102,1.102,0,0,0,0,0,0
1985-05-18 02:00:00,1.2856,1.2856,0,0,0,0,0,0
1985-05-18 03:00:00,1.3413,1.3413,0,0,0,0,0,0
1985-05-18 04:00:00,1.3288,1.3288,0,0,0,0,0,0
1985-05-18 05:00:00,1.6117,1.6117,0,0,0,0,0,0
1985-05-18 06:00:00,2.0247,2.0247,0,0,0,0,0,0
1985-05-18 07:00:00,2.475,2.475,0,0,0,0,0,0
1985-05-18 08:00:00,2.7783,2.7783,0,0,0,0,0,0
1985-05-18 09:00:00,2.8021,2.8021,0,0,0,0,0,0
1985-05-18 10:00:00,2.1172,2.1172,0,0,0,0,0,0
1985-05-18 11:00:00,2.2432,2.2432,0,0,0,0,0,0
1985-05-18 12:00:00,2.6373,2.6373,0,0,0,0,0,0
1985-05-18 13:00:00,3.2092,3.2092,0,0,0,0,0,0
1985-05-18 14:00:00,3.8767,3.8767,0,0,0,0,0,0
1985-05-18 15:00:00,4.229,4.229,0,0,0,0,0,0
1985-05-18 16:00:00,4.1178,4.1178,0,0,0,0,0,0
1985-05-18 17:00:00,3.9024,3.9024,0,0,0,0,0,0
1985-05-18 18:00:00,4.0334,4.0334,0,0,0,0,0,0
1985-05-18 19:00:00,4.5295,4.5295,0,0,0,0,0,0
1985-05-18 20:00:00,5.0657,5.0657,0,0,0,0,0,0
1985-05-18 21:00:00,4.9407,4.9407,0,0,0,0,0,0
1985-05-18 22:00:00,4.143,4.143,0,0,0,0,0,0
1985-05-18 23:00:00,3.4372,3.4372,0,0,0,0,0,0
1985-05-19 00:00:00,3.272,3.272,0,0,0,0,0,0
1985-05-19 01:00:00,3.4772,3.4772,0,0,0,0,0,0
1985-05-19 02:00:00,3.4746,3.4746,0,0,0,0,0,0
1985-05-19 03:00:00,2.954,2.954,0,0,0,0,0,0
1985-05-19 04:00:00,2.1674,2.1674,0,0,0,0,0,0
1985-05-19 05:00:00,1.711,1.711,0,0,0,0,0,0
1985-05-19 06:00:00,1.8496,1.8496,0,0,0,0,0,0
1985-05-19 07:00:00,2.3233,2.3233,0,0,0,0,0,0
1985-05-19 08:00:00,2.3994,2.3994,0,0,0,0,0,0
1985-05-19 09:00:00,2.2612,2.2612,0,0,0,0,0,0
1985-05-19 10:00:00,2.2069,2.2069,0,0,0,0,0,0
1985-05-19 11:00:00,3.2318,3.2318,0,0,0,0,0,0
1985-05-19 12:00:00,4.6308,4.6308,0,0,0,0,0,0
1985-05-19 13:00:00,5.4996,5.4996,0,0,0,0,0,0
1985-05-19 14:00:00,5.8116,5.8116,0,0,0,0,0,0
1985-05-19 15:00:00,6.165,6.165,0,0,0,0,0,0
1985-05-19 16:00:00,7.0842,7.0842,0,0,0,0,0,0
1985-05-19 17:00:00,8.8982,8.8982,0,0,0,0,0,0
1985-05-19 18:00:00,9.959,9.959,0,0,0,0,0,0
1985-05-19 19:00:00,10.0612,10.0612,0,0,0,0,0,0
1985-05-19 20:00:00,10.1745,10.1745,0,0,0,0,0,0
1985-05-19 21:00:00,10.4509,10.4509,0,0,0,0,0,0
1985-05-19 22:00:00,10.4266,10.4266,0,0,0,0,0,0
1985-05-19 23:00:00,10.3664,10.3664,0,0,0,0,0,0
1985-05-20 00:00:00,10.2879,10.2879,0,0,0,0,0,0
1985-05-20 01:00:00,10.6719,10.6719,0,0,0,0,0,0
1985-05-20 02:00:00,11.1519,11.1519,0,0,0,0,0,0
1985-05-20 03:00:00,11.7264,11.7264,0,0,0,0,0,0
1985-05-20 04:00:00,12.2437,12.2437,0,0,0,0,0,0
1985-05-20 05:00:00,12.2938,12.2938,0,0,0,0,0,0
1985-05-20 06:00:00,12.4596,12.4596,0,0,0,0,0,0
1985-05-20 07:00:00,12.7614,12.7614,0,0,0,0,0,0
1985-05-20 08:00:00,13.1259,13.1259,0,0,0,0,0,0
1985-05-20 09:00:00,13.5535,13.5535,0,0,0,0,0,0
1985-05-20 10:00:00,13.3792,13.3792,0,0,0,0,0,0
1985-05-20 11:00:00,13.7859,13.7859,0,0,0,0,0,0
1985-05-20 12:00:00,14.4793,14.4793,0,0,0,0,0,0
1985-05-20 13:00:00,15.2573,15.2573,0,0,0,0,0,0
1985-05-20 14:00:00,16.1176,16.1176,0,0,0,0,0,0
1985-05-20 15:00:00,16.4143,16.4143,0,0,0,0,0,0
1985-05-20 16:00:00,16.4246,16.4246,0,0,0,0,0,0
1985-05-20 17:00:00,16.7691,16.7691,0,0,0,0,0,0
1985-05-20 18:00:00,16.9655,16.9655,0,0,0,0,0,0
1985-05-20 19:00:00,16.8516,16.8516,0,0,0,0,0,0
1985-05-20 20:00:00,16.436,16.436,0,0,0,0,0,0
1985-05-20 21:00:00,16.1425,16.1425,0,0,0,0,0,0
1985-05-20 22:00:00,14.7494,14.7494,0,0,0,0,0,0
1985-05-20 23:00:00,13.5753,13.5753,0,0,0,0,0,0
1985-05-21 00:00:00,12.5274,12.5274,0,0,0,0,0,0
1985-05-21 01:00:00,11.5451,11.5451,0,0,0,0,0,0
1985-05-21 02:00:00,10.875,10.875,0,0,0,0,0,0
1985-05-21 03:00:00,10.4485,10.4485,0,0,0,0,0,0
1985-05-21 04:00:00,10.4737,10.4737,0,0,0,0,0,0
1985-05-21 05:00:00,9.9536,9.9536,0,0,0,0,0,0
1985-05-21 06:00:00,9.3204,9.3204,0,0,0,0,0,0
1985-05-21 07:00:00,8.9774,8.9774,0,0,0,0,0,0
1985-05-21 08:00:00,8.8624,8.8624,0,0,0,0,0,0
1985-05-21 09:00:00,8.6171,8.6171,0,0,0,0,0,0
1985-05-21 10:00:00,8.3193,8.3193,0,0,0,0,0,0
1985-05-21 11:00:00,8.5,8.5,0,0,0,0,0,0
1985-05-21 12:00:00,8.6093,8.6093,0,0,0,0,0,0
1985-05-21 13:00:00,8.1497,8.1497,0,0,0,0,0,0
1985-05-21 14:00:00,7.5628,7.5628,0,0,0,0,0,0
1985-05-21 15:00:00,7.2697,7.2697,0,0,0,0,0,0
1985-05-21 16:00:00,7.792,7.792,0,0,0,0,0,0
1985-05-21 17:00:00,8.1249,8.1249,0,0,0,0,0,0
1985-05-21 18:00:00,9.3475,9.3475,0,0,0,0,0,0
1985-05-21 19:00:00,10.359,10.359,0,0,0,0,0,0
1985-05-21 20:00:00,10.7991,10.7991,0,0,0,0,0,0
1985-05-21 21:00:00,10.1288,10.1288,0,0,0,0,0,0
1985-05-21 22:00:00,8.8201,8.8201,0,0,0,0,0,0
1985-05-21 23:00:00,8.5583,8.5583,0,0,0,0,0,0
1985-05-22 00:00:00,9.2475,9.2475,0,0,0,0,0,0
1985-05-22 01:00:00,10.3258,10.3258,0,0,0,0,0,0
1985-05-22 02:00:00,10.4478,10.4478,0,0,0,0,0,0
1985-05-22 03:00:00,10.7425,10.7425,0,0,0,0,0,0
1985-05-22 04:00:00,11.0795,11.0795,0,0,0,0,0,0
1985-05-22 05:00:00,11.1602,11.1602,0,0,0,0,0,0
1985-05-22 06:00:00,10.8582,10.8582,0,0,0,0,0,0
1985-05-22 07:00:00,10.5495,10.5495,0,0,0,0,0,0
1985-05-22 08:00:00,10.3632,10.3632,0,0,0,0,0,0
1985-05-22 09:00:00,10.591,10.591,0,0,0,0,0,0
1985-05-22 10:00:00,11.092,11.092,0,0,0,0,0,0
1985-05-22 11:00:00,11.5743,11.5743,0,0,0,0,0,0
1985-05-22 12:00:00,12.0258,12.0258,0,0,0,0,0,0
1985-05-22 13:00:00,12.5078,12.5078,0,0,0,0,0,0
1985-05-22 14:00:00,13.1163,13.1163,0,0,0,0,0,0
1985-05-22 15:00:00,13.4074,13.4074,0,0,0,0,0,0
1985-05-22 16:00:00,13.5148,13.5148,0,0,0,0,0,0
1985-05-22 17:00:00,13.6429,13.6429,0,0,0,0,0,0
1985-05-22 18:00:00,13.7599,13.7599,0,0,0,0,0,0
1985-05-22 19:00:00,13.7757,13.7757,0,0,0,0,0,0
1985-05-22 20:00:00,13.6332,13.6332,0,0,0,0,0,0
1985-05-22 21:00:00,13.4041,13.4041,0,0,0,0,0,0
1985-05-22 22:00:00,13.3269,13.3269,0,0,0,0,0,0
1985-05-22 23:00:00,13.322,13.322,0,0,0,0,0,0
1985-05-23 00:00:00,13.6279,13.6279,0,0,0,0,0,0
1985-05-23 01:00:00,14.0974,14.0974,0,0,0,0,0,0
1985-05-23 02:00:00,14.5135,14.5135,0,0,0,0,0,0
1985-05-23 03:00:00,14.6175,14.6175,0,0,0,0,0,0
1985-05-23 04:00:00,14.4883,14.4883,0,0,0,0,0,0
1985-05-23 05:00:00,14.2675,14.2675,0,0,0,0,0,0
1985-05-23 06:00:00,14.1361,14.1361,0,0,0,0,0,0
1985-05-23 07:00:00,14.0597,14.0597,0,0,0,0,0,0
1985-05-23 08:00:00,14.0532,14.0532,0,0,0,0,0,0
1985-05-23 09:00:00,13.805,13.805,0,0,0,0,0,0
1985-05-23 10:00:00,13.159,13.159,0,0,0,0,0,0
1985-05-23 11:00:00,12.5933,12.5933,0,0,0,0,0,0
1985-05-23 12:00:00,12.0477,12.0477,0,0,0,0,0,0
1985-05-23 13:00:00,11.4466,11.4466,0,0,0,0,0,0
1985-05-23 14:00:00,10.7241,10.7241,0,0,0,0,0,0
1985-05-23 15:00:00,10.0458,10.0458,0,0,0,0,0,0
1985-05-23 16:00:00,9.2045,9.2045,0,0,0,0,0,0
1985-05-23 17:00:00,8.1328,8.1328,0,0,0,0,0,0
1985-05-23 18:00:00,7.0249,7.0249,0,0,0,0,0,0
1985-05-23 19:00:00,5.9463,5.9463,0,0,0,0,0,0
1985-05-23 20:00:00,5.1695,5.1695,0,0,0,0,0,0
1985-05-23 21:00:00,4.613,4.613,0,0,0,0,0,0
1985-05-23 22:00:00,3.9398,3.9398,0,0,0,0,0,0
1985-05-23 23:00:00,3.0034,3.0034,0,0,0,0,0,0
1985-05-24 00:00:00,2.1394,2.1394,0,0,0,0,0,0
1985-05-24 01:00:00,1.4416,1.4416,0,0,0,0,0,0
1985-05-24 02:00:00,0.7782,0.7782,0,0,0,0,0,0
1985-05-24 03:00:00,1.1247,1.1247,0,0,0,0,0,0
1985-05-24 04:00:00,2.2278,2.2278,0,0,0,0,0,0
1985-05-24 05:00:00,3.1476,3.1476,0,0,0,0,0,0
1985-05-24 06:00:00,4.2174,4.2174,0,0,0,0,0,0
1985-05-24 07:00:00,5.1424,5.1424,0,0,0,0,0,0
1985-05-24 08:00:00,5.9838,5.9838,0,0,0,0,0,0
1985-05-24 09:00:00,6.9622,6.9622,0,0,0,0,0,0
1985-05-24 10:00:00,7.0364,7.0364,0,0,0,0,0,0
1985-05-24 11:00:00,7.8628,7.8628,0,0,0,0,0,0
1985-05-24 12:00:00,8.7534,8.7534,0,0,0,0,0,0
1985-05-24 13:00:00,10.0463,10.0463,0,0,0,0,0,0
1985-05-24 14:00:00,12.713,12.713,0,0,0,0,0,0
1985-05-24 15:00:00,15.354,15.354,0,0,0,0,0,0
1985-05-24 16:00:00,19.062,19.062,0,0,0,0,0,0
1985-05-24 17:00:00,19.7978,19.7978,0,0,0,0,0,0
1985-05-24 18:00:00,19.7761,19.7761,0,0,0,0,0,0
1985-05-24 19:00:00,20.8466,20.8466,0,0,0,0,0,0
1985-05-24 20:00:00,21.3624,21.3624,0,0,0,0,0,0
1985-05-24 21:00:00,21.3875,21.3875,0,0,0,0,0,0
1985-05-24 22:00:00,20.2175,20.2175,0,0,0,0,0,0
1985-05-24 23:00:00,19.5147,19.5147,0,0,0,0,0,0
1985-05-25 00:00:00,18.3741,18.3741,0,0,0,0,0,0
1985-05-25 01:00:00,17.2022,17.2022,0,0,0,0,0,0
1985-05-25 02:00:00,16.5115,16.5115,0,0,0,0,0,0
1985-05-25 03:00:00,16.6527,16.6527,0,0,0,0,0,0
1985-05-25 04:00:00,16.0214,16.0214,0,0,0,0,0,0
1985-05-25 05:00:00,14.5087,14.5087,0,0,0,0,0,0
1985-05-25 06:00:00,13.7577,13.7577,0,0,0,0,0,0
1985-05-25 07:00:00,12.9954,12.9954,0,0,0,0,0,0
1985-05-25 08:00:00,11.4403,11.4403,0,0,0,0,0,0
1985-05-25 09:00:00,10.3745,10.3745,0,0,0,0,0,0
1985-05-25 10:00:00,8.7558,8.7558,0,0,0,0,0,0
1985-05-25 11:00:00,8.3156,8.3156,0,0,0,0,0,0
1985-05-25 12:00:00,8.5761,8.5761,0,0,0,0,0,0
1985-05-25 13:00:00,8.0117,8.0117,0,0,0,0,0,0
1985-05-25 14:00:00,7.6828,7.6828,0,0,0,0,0,0
1985-05-25 15:00:00,6.9001,6.9001,0,0,0,0,0,0
1985-05-25 16:00:00,6.7408,6.7408,0,0,0,0,0,0
1985-05-25 17:00:00,7.9249,7.9249,0,0,0,0,0,0
1985-05-25 18:00:00,8.8606,8.8606,0,0,0,0,0,0
1985-05-25 19:00:00,9.8326,9.8326,0,0,0,0,0,0
1985-05-25 20:00:00,10.7081,10.7081,0,0,0,0,0,0
1985-05-25 21:00:00,11.8923,11.8923,0,0,0,0,0,0
1985-05-25 22:00:00,12.914,12.914,0,0,0,0,0,0
1985-05-25 23:00:00,13.9235,13.9235,0,0,0,0,0,0
1985-05-26 00:00:00,15.4916,15.4916,0,0,0,0,0,0
1985-05-26 01:00:00,17.862,17.862,0,0,0,0,0,0
1985-05-26 02:00:00,18.3138,18.3138,0,0,0,0,0,0
1985-05-26 03:00:00,16.9478,16.9478,0,0,0,0,0,0
1985-05-26 04:00:00,16.545,16.545,0,0,0,0,0,0
1985-05-26 05:00:00,16.7475,16.7475,0,0,0,0,0,0
1985-05-26 06:00:00,16.4049,16.4049,0,0,0,0,0,0
1985-05-26 07:00:00,15.9518,15.9518,0,0,0,0,0,0
1985-05-26 08:00:00,15.9107,15.9107,0,0,0,0,0,0
1985-05-26 09:00:00,16.3322,16.3322,0,0,0,0,0,0
1985-05-26 10:00:00,17.0258,17.0258,0,0,0,0,0,0
1985-05-26 11:00:00,17.199,17.199,0,0,0,0,0,0
1985-05-26 12:00:00,16.8362,16.8362,0,0,0,0,0,0
1985-05-26 13:00:00,16.4814,16.4814,0,0,0,0,0,0
1985-05-26 14:00:00,16.4387,16.4387,0,0,0,0,0,0
1985-05-26 15:00:00,16.0304,16.0304,0,0,0,0,0,0
1985-05-26 16:00:00,15.0011,15.0011,0,0,0,0,0,0
1985-05-26 17:00:00,14.1977,14.1977,0,0,0,0,0,0
1985-05-26 18:00:00,14.4317,14.4317,0,0,0,0,0,0
1985-05-26 19:00:00,14.6183,14.6183,0,0,0,0,0,0
1985-05-26 20:00:00,15.0358,15.0358,0,0,0,0,0,0
1985-05-26 21:00:00,15.2621,15.2621,0,0,0,0,0,0
1985-05-26 22:00:00,15.0598,15.0598,0,0,0,0,0,0
1985-05-26 23:00:00,14.8319,14.8319,0,0,0,0,0,0
1985-05-27 00:00:00,14.3052,14.3052,0,0,0,0,0,0
1985-05-27 01:00:00,13.1958,13.1958,0,0,0,0,0,0
1985-05-27 02:00:00,12.4089,12.4089,0,0,0,0,0,0
1985-05-27 03:00:00,11.9218,11.9218,0,0,0,0,0,0
1985-05-27 04:00:00,11.5749,11.5749,0,0,0,0,0,0
1985-05-27 05:00:00,11.5667,11.5667,0,0,0,0,0,0
1985-05-27 06:00:00,11.8128,11.8128,0,0,0,0,0,0
1985-05-27 07:00:00,10.8522,10.8522,0,0,0,0,0,0
1985-05-27 08:00:00,9.7492,9.7492,0,0,0,0,0,0
1985-05-27 09:00:00,9.7783,9.7783,0,0,0,0,0,0
1985-05-27 10:00:00,11.0486,11.0486,0,0,0,0,0,0
1985-05-27 11:00:00,12.6496,12.6496,0,0,0,0,0,0
1985-05-27 12:00:00,12.7869,12.7869,0,0,0,0,0,0
1985-05-27 13:00:00,12.7509,12.7509,0,0,0,0,0,0
1985-05-27 14:00:00,11.9131,11.9131,0,0,0,0,0,0
1985-05-27 15:00:00,10.9706,10.9706,0,0,0,0,0,0
1985-05-27 16:00:00,10.2173,10.2173,0,0,0,0,0,0
1985-05-27 17:00:00,9.511,9.511,0,0,0,0,0,0
1985-05-27 18:00:00,8.5063,8.5063,0,0,0,0,0,0
1985-05-27 19:00:00,7.88,7.88,0,0,0,0,0,0
1985-05-27 20:00:00,7.6491,7.6491,0,0,0,0,0,0
1985-05-27 21:00:00,6.8609,6.8609,0,0,0,0,0,0
1985-05-27 22:00:00,6.2267,6.2267,0,0,0,0,0,0
1985-05-27 23:00:00,5.9656,5.9656,0,0,0,0,0,0
1985-05-28 00:00:00,7.1442,7.1442,0,0,0,0,0,0
1985-05-28 01:00:00,7.3763,7.3763,0,0,0,0,0,0
1985-05-28 02:00:00,7.9512,7.9512,0,0,0,0,0,0
1985-05-28 03:00:00,7.6562,7.6562,0,0,0,0,0,0
1985-05-28 04:00:00,8.8563,8.8563,0,0,0,0,0,0
1985-05-28 05:00:00,12.8455,12.8455,0,0,0,0,0,0
1985-05-28 06:00:00,15.8063,15.8063,0,0,0,0,0,0
1985-05-28 07:00:00,16.8133,16.8133,0,0,0,0,0,0
1985-05-28 08:00:00,17.0043,17.0043,0,0,0,0,0,0
1985-05-28 09:00:00,16.6082,16.6082,0,0,0,0,0,0
1985-05-28 10:00:00,16.2662,16.2662,0,0,0,0,0,0
1985-05-28 11:00:00,15.851,15.851,0,0,0,0,0,0
1985-05-28 12:00:00,15.8602,15.8602,0,0,0,0,0,0
1985-05-28 13:00:00,15.7141,15.7141,0,0,0,0,0,0
1985-05-28 14:00:00,15.2739,15.2739,0,0,0,0,0,0
1985-05-28 15:00:00,14.9296,14.9296,0,0,0,0,0,0
1985-05-28 16:00:00,14.0132,14.0132,0,0,0,0,0,0
1985-05-28 17:00:00,12.3238,12.3238,0,0,0,0,0,0
1985-05-28 18:00:00,11.3621,11.3621,0,0,0,0,0,0
1985-05-28 19:00:00,8.827,8.827,0,0,0,0,0,0
1985-05-28 20:00:00,6.5983,6.5983,0,0,0,0,0,0
1985-05-28 21:00:00,5.3371,5.3371,0,0,0,0,0,0
1985-05-28 22:00:00,4.431,4.431,0,0,0,0,0,0
1985-05-28 23:00:00,4.4291,4.4291,0,0,0,0,0,0
1985-05-29 00:00:00,4.093,4.093,0,0,0,0,0,0
1985-05-29 01:00:00,3.4412,3.4412,0,0,0,0,0,0
1985-05-29 02:00:00,2.9417,2.9417,0,0,0,0,0,0
1985-05-29 03:00:00,2.3095,2.3095,0,0,0,0,0,0
1985-05-29 04:00:00,1.953,1.953,0,0,0,0,0,0
1985-05-29 05:00:00,2.5758,2.5758,0,0,0,0,0,0
1985-05-29 06:00:00,3.4447,3.4447,0,0,0,0,0,0
1985-05-29 07:00:00,4.0968,4.0968,0,0,0,0,0,0
1985-05-29 08:00:00,4.5951,4.5951,0,0,0,0,0,0
1985-05-29 09:00:00,5.0085,5.0085,0,0,0,0,0,0
1985-05-29 10:00:00,4.8797,4.8797,0,0,0,0,0,0
1985-05-29 11:00:00,5.0832,5.0832,0,0,0,0,0,0
1985-05-29 12:00:00,5.2862,5.2862,0,0,0,0,0,0
1985-05-29 13:00:00,5.7377,5.7377,0,0,0,0,0,0
1985-05-29 14:00:00,6.0615,6.0615,0,0,0,0,0,0
1985-05-29 15:00:00,5.8286,5.8286,0,0,0,0,0,0
1985-05-29 16:00:00,5.4254,5.4254,0,0,0,0,0,0
1985-05-29 17:00:00,4.9286,4.9286,0,0,0,0,0,0
1985-05-29 18:00:00,4.6784,4.6784,0,0,0,0,0,0
1985-05-29 19:00:00,4.9026,4.9026,0,0,0,0,0,0
1985-05-29 20:00:00,4.9965,4.9965,0,0,0,0,0,0
1985-05-29 21:00:00,4.8524,4.8524,0,0,0,0,0,0
1985-05-29 22:00:00,4.2973,4.2973,0,0,0,0,0,0
1985-05-29 23:00:00,3.6275,3.6275,0,0,0,0,0,0
1985-05-30 00:00:00,2.8474,2.8474,0,0,0,0,0,0
1985-05-30 01:00:00,2.2087,2.2087,0,0,0,0,0,0
1985-05-30 02:00:00,2.0072,2.0072,0,0,0,0,0,0
1985-05-30 03:00:00,2.0521,2.0521,0,0,0,0,0,0
1985-05-30 04:00:00,2.4826,2.4826,0,0,0,0,0,0
1985-05-30 05:00:00,2.7109,2.7109,0,0,0,0,0,0
1985-05-30 06:00:00,2.6751,2.6751,0,0,0,0,0,0
1985-05-30 07:00:00,2.415,2.415,0,0,0,0,0,0
1985-05-30 08:00:00,2.2883,2.2883,0,0,0,0,0,0
1985-05-30 09:00:00,2.2672,2.2672,0,0,0,0,0,0
1985-05-30 10:00:00,1.6758,1.6758,0,0,0,0,0,0
1985-05-30 11:00:00,1.9766,1.9766,0,0,0,0,0,0
1985-05-30 12:00:00,2.6587,2.6587,0,0,0,0,0,0
1985-05-30 13:00:00,3.3288,3.3288,0,0,0,0,0,0
1985-05-30 14:00:00,3.7682,3.7682,0,0,0,0,0,0
1985-05-30 15:00:00,4.301,4.301,0,0,0,0,0,0
1985-05-30 16:00:00,4.8758,4.8758,0,0,0,0,0,0
1985-05-30 17:00:00,5.6706,5.6706,0,0,0,0,0,0
1985-05-30 18:00:00,6.724,6.724,0,0,0,0,0,0
1985-05-30 19:00:00,7.586,7.586,0,0,0,0,0,0
1985-05-30 20:00:00,7.9663,7.9663,0,0,0,0,0,0
1985-05-30 21:00:00,8.0541,8.0541,0,0,0,0,0,0
1985-05-30 22:00:00,7.3667,7.3667,0,0,0,0,0,0
1985-05-30 23:00:00,7.4344,7.4344,0,0,0,0,0,0
1985-05-31 00:00:00,7.6333,7.6333,0,0,0,0,0,0
1985-05-31 01:00:00,7.8474,7.8474,0,0,0,0,0,0
1985-05-31 02:00:00,7.8517,7.8517,0,0,0,0,0,0
1985-05-31 03:00:00,7.7554,7.7554,0,0,0,0,0,0
1985-05-31 04:00:00,7.474,7.474,0,0,0,0,0,0
1985-05-31 05:00:00,7.3155,7.3155,0,0,0,0,0,0
1985-05-31 06:00:00,7.1751,7.1751,0,0,0,0,0,0
1985-05-31 07:00:00,6.8271,6.8271,0,0,0,0,0,0
1985-05-31 08:00:00,6.5477,6.5477,0,0,0,0,0,0
1985-05-31 09:00:00,6.3554,6.3554,0,0,0,0,0,0
1985-05-31 10:00:00,5.6618,5.6618,0,0,0,0,0,0
1985-05-31 11:00:00,5.3671,5.3671,0,0,0,0,0,0
1985-05-31 12:00:00,5.4927,5.4927,0,0,0,0,0,0
1985-05-31 13:00:00,5.6612,5.6612,0,0,0,0,0,0
1985-05-31 14:00:00,5.5539,5.5539,0,0,0,0,0,0
1985-05-31 15:00:00,5.3858,5.3858,0,0,0,0,0,0
1985-05-31 16:00:00,5.1229,5.1229,0,0,0,0,0,0
1985-05-31 17:00:00,4.9231,4.9231,0,0,0,0,0,0
1985-05-31 18:00:00,4.9584,4.9584,0,0,0,0,0,0
1985-05-31 19:00:00,4.9197,4.9197,0,0,0,0,0,0
1985-05-31 20:00:00,4.6859,4.6859,0,0,0,0,0,0
1985-05-31 21:00:00,4.4631,4.4631,0,0,0,0,0,0
1985-05-31 22:00:00,4.0214,4.0214,0,0,0,0,0,0
1985-05-31 23:00:00,3.3837,3.3837,0,0,0,0,0,0
1985-06-01 00:00:00,2.6052,2.6052,0,0,0,0,0,0
1985-06-01 01:00:00,2.1759,2.1759,0,0,0,0,0,0
1985-06-01 02:00:00,2.2348,2.2348,0,0,0,0,0,0
1985-06-01 03:00:00,2.5762,2.5762,0,0,0,0,0,0
1985-06-01 04:00:00,2.5781,2.5781,0,0,0,0,0,0
1985-06-01 05:00:00,3.096,3.096,0,0,0,0,0,0
1985-06-01 06:00:00,3.1141,3.1141,0,0,0,0,0,0
1985-06-01 07:00:00,3.0715,3.0715,0,0,0,0,0,0
1985-06-01 08:00:00,3.367,3.367,0,0,0,0,0,0
1985-06-01 09:00:00,3.2543,3.2543,0,0,0,0,0,0
1985-06-01 10:00:00,3.0333,3.0333,0,0,0,0,0,0
1985-06-01 11:00:00,2.9261,2.9261,0,0,0,0,0,0
1985-06-01 12:00:00,3.5582,3.5582,0,0,0,0,0,0
1985-06-01 13:00:00,4.3632,4.3632,0,0,0,0,0,0
1985-06-01 14:00:00,4.2879,4.2879,0,0,0,0,0,0
1985-06-01 15:00:00,4.0886,4.0886,0,0,0,0,0,0
1985-06-01 16:00:00,4.3042,4.3042,0,0,0,0,0,0
1985-06-01 17:00:00,4.399,4.399,0,0,0,0,0,0
1985-06-01 18:00:00,4.3188,4.3188,0,0,0,0,0,0
1985-06-01 19:00:00,4.3288,4.3288,0,0,0,0,0,0
1985-06-01 20:00:00,5.0023,5.0023,0,0,0,0,0,0
1985-06-01 21:00:00,5.3768,5.3768,0,0,0,0,0,0
1985-06-01 22:00:00,5.698,5.698,0,0,0,0,0,0
1985-06-01 23:00:00,5.634,5.634,0,0,0,0,0,0
1985-06-02 00:00:00,5.9676,5.9676,0,0,0,0,0,0
1985-06-02 01:00:00,6.1256,6.1256,0,0,0,0,0,0
1985-06-02 02:00:00,5.9078,5.9078,0,0,0,0,0,0
1985-06-02 03:00:00,5.7299,5.7299,0,0,0,0,0,0
1985-06-02 04:00:00,5.4569,5.4569,0,0,0,0,0,0
1985-06-02 05:00:00,5.338,5.338,0,0,0,0,0,0
1985-06-02 06:00:00,5.425,5.425,0,0,0,0,0,0
1985-06-02 07:00:00,5.4259,5.4259,0,0,0,0,0,0
1985-06-02 08:00:00,5.3473,5.3473,0,0,0,0,0,0
1985-06-02 09:00:00,5.2328,5.2328,0,0,0,0,0,0
1985-06-02 10:00:00,4.6853,4.6853,0,0,0,0,0,0
1985-06-02 11:00:00,4.2999,4.2999,0,0,0,0,0,0
1985-06-02 12:00:00,3.9409,3.9409,0,0,0,0,0,0
1985-06-02 13:00:00,3.926,3.926,0,0,0,0,0,0
1985-06-02 14:00:00,4.2309,4.2309,0,0,0,0,0,0
1985-06-02 15:00:00,4.869,4.869,0,0,0,0,0,0
1985-06-02 16:00:00,5.5988,5.5988,0,0,0,0,0,0
1985-06-02 17:00:00,6.2562,6.2562,0,0,0,0,0,0
1985-06-02 18:00:00,6.6884,6.6884,0,0,0,0,0,0
1985-06-02 19:00:00,6.701,6.701,0,0,0,0,0,0
1985-06-02 20:00:00,6.4836,6.4836,0,0,0,0,0,0
1985-06-02 21:00:00,6.2496,6.2496,0,0,0,0,0,0
1985-06-02 22:00:00,5.1863,5.1863,0,0,0,0,0,0
1985-06-02 23:00:00,5.1228,5.1228,0,0,0,0,0,0
1985-06-03 00:00:00,5.2396,5.2396,0,0,0,0,0,0
1985-06-03 01:00:00,5.5246,5.5246,0,0,0,0,0,0
1985-06-03 02:00:00,5.375,5.375,0,0,0,0,0,0
1985-06-03 03:00:00,4.9965,4.9965,0,0,0,0,0,0
1985-06-03 04:00:00,4.8774,4.8774,0,0,0,0,0,0
1985-06-03 05:00:00,5.2058,5.2058,0,0,0,0,0,0
1985-06-03 06:00:00,5.6902,5.6902,0,0,0,0,0,0
1985-06-03 07:00:00,5.8586,5.8586,0,0,0,0,0,0
1985-06-03 08:00:00,5.6448,5.6448,0,0,0,0,0,0
1985-06-03 09:00:00,5.293,5.293,0,0,0,0,0,0
1985-06-03 10:00:00,4.7362,4.7362,0,0,0,0,0,0
1985-06-03 11:00:00,4.9335,4.9335,0,0,0,0,0,0
1985-06-03 12:00:00,5.234,5.234,0,0,0,0,0,0
1985-06-03 13:00:00,5.5752,5.5752,0,0,0,0,0,0
1985-06-03 14:00:00,5.6941,5.6941,0,0,0,0,0,0
1985-06-03 15:00:00,6.1198,6.1198,0,0,0,0,0,0
1985-06-03 16:00:00,6.4689,6.4689,0,0,0,0,0,0
1985-06-03 17:00:00,6.6203,6.6203,0,0,0,0,0,0
1985-06-03 18:00:00,6.608,6.608,0,0,0,0,0,0
1985-06-03 19:00:00,6.6079,6.6079,0,0,0,0,0,0
1985-06-03 20:00:00,6.2564,6.2564,0,0,0,0,0,0
1985-06-03 21:00:00,6.1345,6.1345,0,0,0,0,0,0
1985-06-03 22:00:00,6.1966,6.1966,0,0,0,0,0,0
1985-06-03 23:00:00,6.75,6.75,0,0,0,0,0,0
1985-06-04 00:00:00,7.0088,7.0088,0,0,0,0,0,0
1985-06-04 01:00:00,6.855,6.855,0,0,0,0,0,0
1985-06-04 02:00:00,6.687,6.687,0,0,0,0,0,0
1985-06-04 03:00:00,6.5645,6.5645,0,0,0,0,0,0
1985-06-04 04:00:00,6.8168,6.8168,0,0,0,0,0,0
1985-06-04 05:00:00,7.0398,7.0398,0,0,0,0,0,0
1985-06-04 06:00:00,7.2232,7.2232,0,0,0,0,0,0
1985-06-04 07:00:00,7.4202,7.4202,0,0,0,0,0,0
1985-06-04 08:00:00,7.5922,7.5922,0,0,0,0,0,0
1985-06-04 09:00:00,7.794,7.794,0,0,0,0,0,0
1985-06-04 10:00:00,8.2668,8.2668,0,0,0,0,0,0
1985-06-04 11:00:00,8.6717,8.6717,0,0,0,0,0,0
1985-06-04 12:00:00,9.3973,9.3973,0,0,0,0,0,0
1985-06-04 13:00:00,10.1986,10.1986,0,0,0,0,0,0
1985-06-04 14:00:00,10.577,10.577,0,0,0,0,0,0
1985-06-04 15:00:00,10.7963,10.7963,0,0,0,0,0,0
1985-06-04 16:00:00,11.1571,11.1571,0,0,0,0,0,0
1985-06-04 17:00:00,11.7711,11.7711,0,0,0,0,0,0
1985-06-04 18:00:00,12.3618,12.3618,0,0,0,0,0,0
1985-06-04 19:00:00,12.7078,12.7078,0,0,0,0,0,0
1985-06-04 20:00:00,12.8681,12.8681,0,0,0,0,0,0
1985-06-04 21:00:00,12.8626,12.8626,0,0,0,0,0,0
1985-06-04 22:00:00,12.9886,12.9886,0,0,0,0,0,0
1985-06-04 23:00:00,13.0776,13.0776,0,0,0,0,0,0
1985-06-05 00:00:00,13.5121,13.5121,0,0,0,0,0,0
1985-06-05 01:00:00,13.712,13.712,0,0,0,0,0,0
1985-06-05 02:00:00,13.6872,13.6872,0,0,0,0,0,0
1985-06-05 03:00:00,13.7581,13.7581,0,0,0,0,0,0
1985-06-05 04:00:00,13.8056,13.8056,0,0,0,0,0,0
1985-06-05 05:00:00,13.562,13.562,0,0,0,0,0,0
1985-06-05 06:00:00,13.0723,13.0723,0,0,0,0,0,0
1985-06-05 07:00:00,13.3258,13.3258,0,0,0,0,0,0
1985-06-05 08:00:00,13.8687,13.8687,0,0,0,0,0,0
1985-06-05 09:00:00,13.8922,13.8922,0,0,0,0,0,0
1985-06-05 10:00:00,13.3245,13.3245,0,0,0,0,0,0
1985-06-05 11:00:00,13.1396,13.1396,0,0,0,0,0,0
1985-06-05 12:00:00,13.5342,13.5342,0,0,0,0,0,0
1985-06-05 13:00:00,13.8939,13.8939,0,0,0,0,0,0
1985-06-05 14:00:00,14.0119,14.0119,0,0,0,0,0,0
1985-06-05 15:00:00,14.4787,14.4787,0,0,0,0,0,0
1985-06-05 16:00:00,14.6858,14.6858,0,0,0,0,0,0
1985-06-05 17:00:00,14.7304,14.7304,0,0,0,0,0,0
1985-06-05 18:00:00,15.3327,15.3327,0,0,0,0,0,0
1985-06-05 19:00:00,15.4708,15.4708,0,0,0,0,0,0
1985-06-05 20:00:00,15.3514,15.3514,0,0,0,0,0,0
1985-06-05 21:00:00,14.7928,14.7928,0,0,0,0,0,0
1985-06-05 22:00:00,13.6086,13.6086,0,0,0,0,0,0
1985-06-05 23:00:00,12.3923,12.3923,0,0,0,0,0,0
1985-06-06 00:00:00,11.8813,11.8813,0,0,0,0,0,0
1985-06-06 01:00:00,11.3045,11.3045,0,0,0,0,0,0
1985-06-06 02:00:00,10.4814,10.4814,0,0,0,0,0,0
1985-06-06 03:00:00,9.9753,9.9753,0,0,0,0,0,0
1985-06-06 04:00:00,9.706,9.706,0,0,0,0,0,0
1985-06-06 05:00:00,9.362,9.362,0,0,0,0,0,0
1985-06-06 06:00:00,8.9406,8.9406,0,0,0,0,0,0
1985-06-06 07:00:00,8.5544,8.5544,0,0,0,0,0,0
1985-06-06 08:00:00,8.4471,8.4471,0,0,0,0,0,0
1985-06-06 09:00:00,8.8315,8.8315,0,0,0,0,0,0
1985-06-06 10:00:00,7.7739,7.7739,0,0,0,0,0,0
1985-06-06 11:00:00,8.3936,8.3936,0,0,0,0,0,0
1985-06-06 12:00:00,9.5257,9.5257,0,0,0,0,0,0
1985-06-06 13:00:00,10.2172,10.2172,0,0,0,0,0,0
1985-06-06 14:00:00,10.7671,10.7671,0,0,0,0,0,0
1985-06-06 15:00:00,11.9948,11.9948,0,0,0,0,0,0
1985-06-06 16:00:00,13.2879,13.2879,0,0,0,0,0,0
1985-06-06 17:00:00,13.7998,13.7998,0,0,0,0,0,0
1985-06-06 18:00:00,13.7515,13.7515,0,0,0,0,0,0
1985-06-06 19:00:00,13.4344,13.4344,0,0,0,0,0,0
1985-06-06 20:00:00,13.0762,13.0762,0,0,0,0,0,0
1985-06-06 21:00:00,12.5266,12.5266,0,0,0,0,0,0
1985-06-06 22:00:00,11.2657,11.2657,0,0,0,0,0,0
1985-06-06 23:00:00,10.5458,10.5458,0,0,0,0,0,0
1985-06-07 00:00:00,10.2894,10.2894,0,0,0,0,0,0
1985-06-07 01:00:00,10.1689,10.1689,0,0,0,0,0,0
1985-06-07 02:00:00,10.0381,10.0381,0,0,0,0,0,0
1985-06-07 03:00:00,9.9737,9.9737,0,0,0,0,0,0
1985-06-07 04:00:00,9.7545,9.7545,0,0,0,0,0,0
1985-06-07 05:00:00,9.561,9.561,0,0,0,0,0,0
1985-06-07 06:00:00,9.4348,9.4348,0,0,0,0,0,0
1985-06-07 07:00:00,9.4061,9.4061,0,0,0,0,0,0
1985-06-07 08:00:00,9.336,9.336,0,0,0,0,0,0
1985-06-07 09:00:00,9.6508,9.6508,0,0,0,0,0,0
1985-06-07 10:00:00,9.6902,9.6902,0,0,0,0,0,0
1985-06-07 11:00:00,10.1216,10.1216,0,0,0,0,0,0
1985-06-07 12:00:00,10.4986,10.4986,0,0,0,0,0,0
1985-06-07 13:00:00,10.5902,10.5902,0,0,0,0,0,0
1985-06-07 14:00:00,11.1666,11.1666,0,0,0,0,0,0
1985-06-07 15:00:00,12.1112,12.1112,0,0,0,0,0,0
1985-06-07 16:00:00,12.819,12.819,0,0,0,0,0,0
1985-06-07 17:00:00,12.9748,12.9748,0,0,0,0,0,0
1985-06-07 18:00:00,13.2391,13.2391,0,0,0,0,0,0
1985-06-07 19:00:00,13.7002,13.7002,0,0,0,0,0,0
1985-06-07 20:00:00,13.8612,13.8612,0,0,0,0,0,0
1985-06-07 21:00:00,13.7248,13.7248,0,0,0,0,0,0
1985-06-07 22:00:00,13.2938,13.2938,0,0,0,0,0,0
1985-06-07 23:00:00,13.4317,13.4317,0,0,0,0,0,0
1985-06-08 00:00:00,13.7879,13.7879,0,0,0,0,0,0
1985-06-08 01:00:00,13.9248,13.9248,0,0,0,0,0,0
1985-06-08 02:00:00,13.6741,13.6741,0,0,0,0,0,0
1985-06-08 03:00:00,13.5395,13.5395,0,0,0,0,0,0
1985-06-08 04:00:00,13.5268,13.5268,0,0,0,0,0,0
1985-06-08 05:00:00,13.5917,13.5917,0,0,0,0,0,0
1985-06-08 06:00:00,13.3869,13.3869,0,0,0,0,0,0
1985-06-08 07:00:00,13.2761,13.2761,0,0,0,0,0,0
1985-06-08 08:00:00,13.3184,13.3184,0,0,0,0,0,0
1985-06-08 09:00:00,13.3854,13.3854,0,0,0,0,0,0
1985-06-08 10:00:00,12.8184,12.8184,0,0,0,0,0,0
1985-06-08 11:00:00,12.3562,12.3562,0,0,0,0,0,0
1985-06-08 12:00:00,11.9045,11.9045,0,0,0,0,0,0
1985-06-08 13:00:00,11.88,11.88,0,0,0,0,0,0
1985-06-08 14:00:00,11.6152,11.6152,0,0,0,0,0,0
1985-06-08 15:00:00,11.1646,11.1646,0,0,0,0,0,0
1985-06-08 16:00:00,10.6526,10.6526,0,0,0,0,0,0
1985-06-08 17:00:00,10.0939,10.0939,0,0,0,0,0,0
1985-06-08 18:00:00,9.6831,9.6831,0,0,0,0,0,0
1985-06-08 19:00:00,9.1105,9.1105,0,0,0,0,0,0
1985-06-08 20:00:00,8.4873,8.4873,0,0,0,0,0,0
1985-06-08 21:00:00,7.9659,7.9659,0,0,0,0,0,0
1985-06-08 22:00:00,6.9013,6.9013,0,0,0,0,0,0
1985-06-08 23:00:00,6.7435,6.7435,0,0,0,0,0,0
1985-06-09 00:00:00,6.6335,6.6335,0,0,0,0,0,0
1985-06-09 01:00:00,6.1652,6.1652,0,0,0,0,0,0
1985-06-09 02:00:00,5.8059,5.8059,0,0,0,0,0,0
1985-06-09 03:00:00,5.6272,5.6272,0,0,0,0,0,0
1985-06-09 04:00:00,5.3818,5.3818,0,0,0,0,0,0
1985-06-09 05:00:00,5.1257,5.1257,0,0,0,0,0,0
1985-06-09 06:00:00,4.7812,4.7812,0,0,0,0,0,0
1985-06-09 07:00:00,4.4466,4.4466,0,0,0,0,0,0
1985-06-09 08:00:00,4.2944,4.2944,0,0,0,0,0,0
1985-06-09 09:00:00,4.3871,4.3871,0,0,0,0,0,0
1985-06-09 10:00:00,4.7076,4.7076,0,0,0,0,0,0
1985-06-09 11:00:00,4.84,4.84,0,0,0,0,0,0
1985-06-09 12:00:00,4.8143,4.8143,0,0,0,0,0,0
1985-06-09 13:00:00,4.6769,4.6769,0,0,0,0,0,0
1985-06-09 14:00:00,4.5769,4.5769,0,0,0,0,0,0
1985-06-09 15:00:00,4.6438,4.6438,0,0,0,0,0,0
1985-06-09 16:00:00,5.0736,5.0736,0,0,0,0,0,0
1985-06-09 17:00:00,5.5792,5.5792,0,0,0,0,0,0
1985-06-09 18:00:00,5.9109,5.9109,0,0,0,0,0,0
1985-06-09 19:00:00,6.1456,6.1456,0,0,0,0,0,0
1985-06-09 20:00:00,6.0658,6.0658,0,0,0,0,0,0
1985-06-09 21:00:00,6.0073,6.0073,0,0,0,0,0,0
1985-06-09 22:00:00,5.7767,5.7767,0,0,0,0,0,0
1985-06-09 23:00:00,5.9223,5.9223,0,0,0,0,0,0
1985-06-10 00:00:00,6.3343,6.3343,0,0,0,0,0,0
1985-06-10 01:00:00,6.7125,6.7125,0,0,0,0,0,0
1985-06-10 02:00:00,6.7759,6.7759,0,0,0,0,0,0
1985-06-10 03:00:00,7.0698,7.0698,0,0,0,0,0,0
1985-06-10 04:00:00,7.6961,7.6961,0,0,0,0,0,0
1985-06-10 05:00:00,8.8744,8.8744,0,0,0,0,0,0
1985-06-10 06:00:00,9.6396,9.6396,0,0,0,0,0,0
1985-06-10 07:00:00,9.9163,9.9163,0,0,0,0,0,0
1985-06-10 08:00:00,10.2538,10.2538,0,0,0,0,0,0
1985-06-10 09:00:00,10.8261,10.8261,0,0,0,0,0,0
1985-06-10 10:00:00,12.7141,12.7141,0,0,0,0,0,0
1985-06-10 11:00:00,13.1521,13.1521,0,0,0,0,0,0
1985-06-10 12:00:00,13.3548,13.3548,0,0,0,0,0,0
1985-06-10 13:00:00,13.89,13.89,0,0,0,0,0,0
1985-06-10 14:00:00,14.2337,14.2337,0,0,0,0,0,0
1985-06-10 15:00:00,14.3336,14.3336,0,0,0,0,0,0
1985-06-10 16:00:00,14.1669,14.1669,0,0,0,0,0,0
1985-06-10 17:00:00,13.7427,13.7427,0,0,0,0,0,0
1985-06-10 18:00:00,13.1373,13.1373,0,0,0,0,0,0
1985-06-10 19:00:00,12.5884,12.5884,0,0,0,0,0,0
1985-06-10 20:00:00,12.1681,12.1681,0,0,0,0,0,0
1985-06-10 21:00:00,11.8516,11.8516,0,0,0,0,0,0
1985-06-10 22:00:00,11.037,11.037,0,0,0,0,0,0
1985-06-10 23:00:00,10.9267,10.9267,0,0,0,0,0,0
1985-06-11 00:00:00,10.7445,10.7445,0,0,0,0,0,0
1985-06-11 01:00:00,10.489,10.489,0,0,0,0,0,0
1985-06-11 02:00:00,10.0296,10.0296,0,0,0,0,0,0
1985-06-11 03:00:00,9.6446,9.6446,0,0,0,0,0,0
1985-06-11 04:00:00,9.0344,9.0344,0,0,0,0,0,0
1985-06-11 05:00:00,8.415,8.415,0,0,0,0,0,0
1985-06-11 06:00:00,7.6759,7.6759,0,0,0,0,0,0
1985-06-11 07:00:00,7.1419,7.1419,0,0,0,0,0,0
1985-06-11 08:00:00,6.6564,6.6564,0,0,0,0,0,0
1985-06-11 09:00:00,6.2271,6.2271,0,0,0,0,0,0
1985-06-11 10:00:00,5.5871,5.5871,0,0,0,0,0,0
1985-06-11 11:00:00,4.908,4.908,0,0,0,0,0,0
1985-06-11 12:00:00,4.3301,4.3301,0,0,0,0,0,0
1985-06-11 13:00:00,3.8254,3.8254,0,0,0,0,0,0
1985-06-11 14:00:00,3.3931,3.3931,0,0,0,0,0,0
1985-06-11 15:00:00,3.0222,3.0222,0,0,0,0,0,0
1985-06-11 16:00:00,2.6801,2.6801,0,0,0,0,0,0
1985-06-11 17:00:00,2.4527,2.4527,0,0,0,0,0,0
1985-06-11 18:00:00,2.4967,2.4967,0,0,0,0,0,0
1985-06-11 19:00:00,2.4747,2.4747,0,0,0,0,0,0
1985-06-11 20:00:00,2.3736,2.3736,0,0,0,0,0,0
1985-06-11 21:00:00,2.6555,2.6555,0,0,0,0,0,0
1985-06-11 22:00:00,2.8502,2.8502,0,0,0,0,0,0
1985-06-11 23:00:00,3.0873,3.0873,0,0,0,0,0,0
1985-06-12 00:00:00,3.4555,3.4555,0,0,0,0,0,0
1985-06-12 01:00:00,3.8305,3.8305,0,0,0,0,0,0
1985-06-12 02:00:00,3.9818,3.9818,0,0,0,0,0,0
1985-06-12 03:00:00,4.0408,4.0408,0,0,0,0,0,0
1985-06-12 04:00:00,4.0411,4.0411,0,0,0,0,0,0
1985-06-12 05:00:00,4.3123,4.3123,0,0,0,0,0,0
1985-06-12 06:00:00,5.0343,5.0343,0,0,0,0,0,0
1985-06-12 07:00:00,5.5135,5.5135,0,0,0,0,0,0
1985-06-12 08:00:00,5.5459,5.5459,0,0,0,0,0,0
1985-06-12 09:00:00,5.7447,5.7447,0,0,0,0,0,0
1985-06-12 10:00:00,5.3479,5.3479,0,0,0,0,0,0
1985-06-12 11:00:00,5.4236,5.4236,0,0,0,0,0,0
1985-06-12 12:00:00,5.8522,5.8522,0,0,0,0,0,0
1985-06-12 13:00:00,6.94,6.94,0,0,0,0,0,0
1985-06-12 14:00:00,8.3323,8.3323,0,0,0,0,0,0
1985-06-12 15:00:00,9.5084,9.5084,0,0,0,0,0,0
1985-06-12 16:00:00,10.0145,10.0145,0,0,0,0,0,0
1985-06-12 17:00:00,10.5016,10.5016,0,0,0,0,0,0
1985-06-12 18:00:00,10.9117,10.9117,0,0,0,0,0,0
1985-06-12 19:00:00,11.2804,11.2804,0,0,0,0,0,0
1985-06-12 20:00:00,11.4927,11.4927,0,0,0,0,0,0
1985-06-12 21:00:00,10.4614,10.4614,0,0,0,0,0,0
1985-06-12 22:00:00,9.5906,9.5906,0,0,0,0,0,0
1985-06-12 23:00:00,9.0288,9.0288,0,0,0,0,0,0
1985-06-13 00:00:00,8.2822,8.2822,0,0,0,0,0,0
1985-06-13 01:00:00,8.5361,8.5361,0,0,0,0,0,0
1985-06-13 02:00:00,9.3802,9.3802,0,0,0,0,0,0
1985-06-13 03:00:00,10.0286,10.0286,0,0,0,0,0,0
1985-06-13 04:00:00,10.8855,10.8855,0,0,0,0,0,0
1985-06-13 05:00:00,11.8531,11.8531,0,0,0,0,0,0
1985-06-13 06:00:00,12.2689,12.2689,0,0,0,0,0,0
1985-06-13 07:00:00,12.4667,12.4667,0,0,0,0,0,0
1985-06-13 08:00:00,12.4789,12.4789,0,0,0,0,0,0
1985-06-13 09:00:00,12.4893,12.4893,0,0,0,0,0,0
1985-06-13 10:00:00,12.5055,12.5055,0,0,0,0,0,0
1985-06-13 11:00:00,12.7868,12.7868,0,0,0,0,0,0
1985-06-13 12:00:00,13.4002,13.4002,0,0,0,0,0,0
1985-06-13 13:00:00,13.4778,13.4778,0,0,0,0,0,0
1985-06-13 14:00:00,13.437,13.437,0,0,0,0,0,0
1985-06-13 15:00:00,13.9956,13.9956,0,0,0,0,0,0
1985-06-13 16:00:00,14.7271,14.7271,0,0,0,0,0,0
1985-06-13 17:00:00,15.1909,15.1909,0,0,0,0,0,0
1985-06-13 18:00:00,14.8921,14.8921,0,0,0,0,0,0
1985-06-13 19:00:00,14.6639,14.6639,0,0,0,0,0,0
1985-06-13 20:00:00,14.4336,14.4336,0,0,0,0,0,0
1985-06-13 21:00:00,14.1711,14.1711,0,0,0,0,0,0
1985-06-13 22:00:00,13.6342,13.6342,0,0,0,0,0,0
1985-06-13 23:00:00,13.4361,13.4361,0,0,0,0,0,0
1985-06-14 00:00:00,13.2222,13.2222,0,0,0,0,0,0
1985-06-14 01:00:00,13.2236,13.2236,0,0,0,0,0,0
1985-06-14 02:00:00,12.9157,12.9157,0,0,0,0,0,0
1985-06-14 03:00:00,12.4374,12.4374,0,0,0,0,0,0
1985-06-14 04:00:00,12.2942,12.2942,0,0,0,0,0,0
1985-06-14 05:00:00,12.3564,12.3564,0,0,0,0,0,0
1985-06-14 06:00:00,12.3625,12.3625,0,0,0,0,0,0
1985-06-14 07:00:00,12.2631,12.2631,0,0,0,0,0,0
1985-06-14 08:00:00,12.2797,12.2797,0,0,0,0,0,0
1985-06-14 09:00:00,12.3361,12.3361,0,0,0,0,0,0
1985-06-14 10:00:00,12.4663,12.4663,0,0,0,0,0,0
1985-06-14 11:00:00,12.794,12.794,0,0,0,0,0,0
1985-06-14 12:00:00,13.4208,13.4208,0,0,0,0,0,0
1985-06-14 13:00:00,13.9239,13.9239,0,0,0,0,0,0
1985-06-14 14:00:00,14.3003,14.3003,0,0,0,0,0,0
1985-06-14 15:00:00,14.5084,14.5084,0,0,0,0,0,0
1985-06-14 16:00:00,14.8357,14.8357,0,0,0,0,0,0
1985-06-14 17:00:00,15.1308,15.1308,0,0,0,0,0,0
1985-06-14 18:00:00,15.3915,15.3915,0,0,0,0,0,0
1985-06-14 19:00:00,15.88,15.88,0,0,0,0,0,0
1985-06-14 20:00:00,16.3726,16.3726,0,0,0,0,0,0
1985-06-14 21:00:00,16.3785,16.3785,0,0,0,0,0,0
1985-06-14 22:00:00,16.1902,16.1902,0,0,0,0,0,0
1985-06-14 23:00:00,16.3865,16.3865,0,0,0,0,0,0
1985-06-15 00:00:00,16.3319,16.3319,0,0,0,0,0,0
1985-06-15 01:00:00,15.8538,15.8538,0,0,0,0,0,0
1985-06-15 02:00:00,15.8135,15.8135,0,0,0,0,0,0
1985-06-15 03:00:00,16.1048,16.1048,0,0,0,0,0,0
1985-06-15 04:00:00,16.2975,16.2975,0,0,0,0,0,0
1985-06-15 05:00:00,16.4546,16.4546,0,0,0,0,0,0
1985-06-15 06:00:00,16.2387,16.2387,0,0,0,0,0,0
1985-06-15 07:00:00,15.7693,15.7693,0,0,0,0,0,0
1985-06-15 08:00:00,15.493,15.493,0,0,0,0,0,0
1985-06-15 09:00:00,15.3138,15.3138,0,0,0,0,0,0
1985-06-15 10:00:00,15.817,15.817,0,0,0,0,0,0
1985-06-15 11:00:00,15.4301,15.4301,0,0,0,0,0,0
1985-06-15 12:00:00,15.0983,15.0983,0,0,0,0,0,0
1985-06-15 13:00:00,15.2595,15.2595,0,0,0,0,0,0
1985-06-15 14:00:00,15.3233,15.3233,0,0,0,0,0,0
1985-06-15 15:00:00,15.0491,15.0491,0,0,0,0,0,0
1985-06-15 16:00:00,14.4799,14.4799,0,0,0,0,0,0
1985-06-15 17:00:00,14.1655,14.1655,0,0,0,0,0,0
1985-06-15 18:00:00,14.1243,14.1243,0,0,0,0,0,0
1985-06-15 19:00:00,14.5807,14.5807,0,0,0,0,0,0
1985-06-15 20:00:00,14.7816,14.7816,0,0,0,0,0,0
1985-06-15 21:00:00,14.8825,14.8825,0,0,0,0,0,0
1985-06-15 22:00:00,14.5951,14.5951,0,0,0,0,0,0
1985-06-15 23:00:00,13.9992,13.9992,0,0,0,0,0,0
1985-06-16 00:00:00,13.9177,13.9177,0,0,0,0,0,0
1985-06-16 01:00:00,14.0941,14.0941,0,0,0,0,0,0
1985-06-16 02:00:00,14.0609,14.0609,0,0,0,0,0,0
1985-06-16 03:00:00,14.0303,14.0303,0,0,0,0,0,0
1985-06-16 04:00:00,13.965,13.965,0,0,0,0,0,0
1985-06-16 05:00:00,14.2547,14.2547,0,0,0,0,0,0
1985-06-16 06:00:00,14.0521,14.0521,0,0,0,0,0,0
1985-06-16 07:00:00,13.9354,13.9354,0,0,0,0,0,0
1985-06-16 08:00:00,14.0813,14.0813,0,0,0,0,0,0
1985-06-16 09:00:00,14.1411,14.1411,0,0,0,0,0,0
1985-06-16 10:00:00,14.7031,14.7031,0,0,0,0,0,0
1985-06-16 11:00:00,14.5407,14.5407,0,0,0,0,0,0
1985-06-16 12:00:00,14.8664,14.8664,0,0,0,0,0,0
1985-06-16 13:00:00,15.3579,15.3579,0,0,0,0,0,0
1985-06-16 14:00:00,15.7478,15.7478,0,0,0,0,0,0
1985-06-16 15:00:00,15.9537,15.9537,0,0,0,0,0,0
1985-06-16 16:00:00,16.0912,16.0912,0,0,0,0,0,0
1985-06-16 17:00:00,15.7344,15.7344,0,0,0,0,0,0
1985-06-16 18:00:00,15.4502,15.4502,0,0,0,0,0,0
1985-06-16 19:00:00,15.1011,15.1011,0,0,0,0,0,0
1985-06-16 20:00:00,14.971,14.971,0,0,0,0,0,0
1985-06-16 21:00:00,14.8715,14.8715,0,0,0,0,0,0
1985-06-16 22:00:00,14.3607,14.3607,0,0,0,0,0,0
1985-06-16 23:00:00,14.3283,14.3283,0,0,0,0,0,0
1985-06-17 00:00:00,13.8041,13.8041,0,0,0,0,0,0
1985-06-17 01:00:00,13.3353,13.3353,0,0,0,0,0,0
1985-06-17 02:00:00,12.9205,12.9205,0,0,0,0,0,0
1985-06-17 03:00:00,12.3207,12.3207,0,0,0,0,0,0
1985-06-17 04:00:00,11.4224,11.4224,0,0,0,0,0,0
1985-06-17 05:00:00,10.556,10.556,0,0,0,0,0,0
1985-06-17 06:00:00,9.8408,9.8408,0,0,0,0,0,0
1985-06-17 07:00:00,9.0532,9.0532,0,0,0,0,0,0
1985-06-17 08:00:00,8.5309,8.5309,0,0,0,0,0,0
1985-06-17 09:00:00,8.1436,8.1436,0,0,0,0,0,0
1985-06-17 10:00:00,7.8749,7.8749,0,0,0,0,0,0
1985-06-17 11:00:00,7.1728,7.1728,0,0,0,0,0,0
1985-06-17 12:00:00,6.7982,6.7982,0,0,0,0,0,0
1985-06-17 13:00:00,6.8167,6.8167,0,0,0,0,0,0
1985-06-17 14:00:00,6.9577,6.9577,0,0,0,0,0,0
1985-06-17 15:00:00,7.1929,7.1929,0,0,0,0,0,0
1985-06-17 16:00:00,6.9815,6.9815,0,0,0,0,0,0
1985-06-17 17:00:00,6.6395,6.6395,0,0,0,0,0,0
1985-06-17 18:00:00,6.3522,6.3522,0,0,0,0,0,0
1985-06-17 19:00:00,6.1237,6.1237,0,0,0,0,0,0
1985-06-17 20:00:00,5.9979,5.9979,0,0,0,0,0,0
1985-06-17 21:00:00,5.9029,5.9029,0,0,0,0,0,0
1985-06-17 22:00:00,5.4295,5.4295,0,0,0,0,0,0
1985-06-17 23:00:00,5.2011,5.2011,0,0,0,0,0,0
1985-06-18 00:00:00,4.9842,4.9842,0,0,0,0,0,0
1985-06-18 01:00:00,4.7251,4.7251,0,0,0,0,0,0
1985-06-18 02:00:00,4.3934,4.3934,0,0,0,0,0,0
1985-06-18 03:00:00,3.9216,3.9216,0,0,0,0,0,0
1985-06-18 04:00:00,3.6396,3.6396,0,0,0,0,0,0
1985-06-18 05:00:00,3.2678,3.2678,0,0,0,0,0,0
1985-06-18 06:00:00,3.0708,3.0708,0,0,0,0,0,0
1985-06-18 07:00:00,3.151,3.151,0,0,0,0,0,0
1985-06-18 08:00:00,3.3104,3.3104,0,0,0,0,0,0
1985-06-18 09:00:00,3.4862,3.4862,0,0,0,0,0,0
1985-06-18 10:00:00,4.0496,4.0496,0,0,0,0,0,0
1985-06-18 11:00:00,4.1156,4.1156,0,0,0,0,0,0
1985-06-18 12:00:00,4.0628,4.0628,0,0,0,0,0,0
1985-06-18 13:00:00,4.1233,4.1233,0,0,0,0,0,0
1985-06-18 14:00:00,4.4706,4.4706,0,0,0,0,0,0
1985-06-18 15:00:00,4.167,4.167,0,0,0,0,0,0
1985-06-18 16:00:00,3.6258,3.6258,0,0,0,0,0,0
1985-06-18 17:00:00,3.4487,3.4487,0,0,0,0,0,0
1985-06-18 18:00:00,3.1517,3.1517,0,0,0,0,0,0
1985-06-18 19:00:00,3.3278,3.3278,0,0,0,0,0,0
1985-06-18 20:00:00,3.2215,3.2215,0,0,0,0,0,0
1985-06-18 21:00:00,3.0063,3.0063,0,0,0,0,0,0
1985-06-18 22:00:00,2.4986,2.4986,0,0,0,0,0,0
1985-06-18 23:00:00,2.7139,2.7139,0,0,0,0,0,0
1985-06-19 00:00:00,2.9033,2.9033,0,0,0,0,0,0
1985-06-19 01:00:00,3.0877,3.0877,0,0,0,0,0,0
1985-06-19 02:00:00,3.0972,3.0972,0,0,0,0,0,0
1985-06-19 03:00:00,2.8536,2.8536,0,0,0,0,0,0
1985-06-19 04:00:00,2.7553,2.7553,0,0,0,0,0,0
1985-06-19 05:00:00,3.0677,3.0677,0,0,0,0,0,0
1985-06-19 06:00:00,3.3956,3.3956,0,0,0,0,0,0
1985-06-19 07:00:00,3.6647,3.6647,0,0,0,0,0,0
1985-06-19 08:00:00,4.0557,4.0557,0,0,0,0,0,0
1985-06-19 09:00:00,4.5863,4.5863,0,0,0,0,0,0
1985-06-19 10:00:00,5.6884,5.6884,0,0,0,0,0,0
1985-06-19 11:00:00,6.384,6.384,0,0,0,0,0,0
1985-06-19 12:00:00,7.058,7.058,0,0,0,0,0,0
1985-06-19 13:00:00,7.8003,7.8003,0,0,0,0,0,0
1985-06-19 14:00:00,7.9568,7.9568,0,0,0,0,0,0
1985-06-19 15:00:00,7.6287,7.6287,0,0,0,0,0,0
1985-06-19 16:00:00,7.5362,7.5362,0,0,0,0,0,0
1985-06-19 17:00:00,7.6874,7.6874,0,0,0,0,0,0
1985-06-19 18:00:00,7.4005,7.4005,0,0,0,0,0,0
1985-06-19 19:00:00,7.2482,7.2482,0,0,0,0,0,0
1985-06-19 20:00:00,6.703,6.703,0,0,0,0,0,0
1985-06-19 21:00:00,6.2418,6.2418,0,0,0,0,0,0
1985-06-19 22:00:00,4.8924,4.8924,0,0,0,0,0,0
1985-06-19 23:00:00,5.2907,5.2907,0,0,0,0,0,0
1985-06-20 00:00:00,5.5699,5.5699,0,0,0,0,0,0
1985-06-20 01:00:00,5.066,5.066,0,0,0,0,0,0
1985-06-20 02:00:00,4.4789,4.4789,0,0,0,0,0,0
1985-06-20 03:00:00,3.9569,3.9569,0,0,0,0,0,0
1985-06-20 04:00:00,3.0976,3.0976,0,0,0,0,0,0
1985-06-20 05:00:00,2.4165,2.4165,0,0,0,0,0,0
1985-06-20 06:00:00,1.916,1.916,0,0,0,0,0,0
1985-06-20 07:00:00,1.4683,1.4683,0,0,0,0,0,0
1985-06-20 08:00:00,1.2897,1.2897,0,0,0,0,0,0
1985-06-20 09:00:00,1.435,1.435,0,0,0,0,0,0
1985-06-20 10:00:00,2.0185,2.0185,0,0,0,0,0,0
1985-06-20 11:00:00,2.7389,2.7389,0,0,0,0,0,0
1985-06-20 12:00:00,3.5056,3.5056,0,0,0,0,0,0
1985-06-20 13:00:00,4.5164,4.5164,0,0,0,0,0,0
1985-06-20 14:00:00,4.5162,4.5162,0,0,0,0,0,0
1985-06-20 15:00:00,4.0998,4.0998,0,0,0,0,0,0
1985-06-20 16:00:00,3.5194,3.5194,0,0,0,0,0,0
1985-06-20 17:00:00,3.3391,3.3391,0,0,0,0,0,0
1985-06-20 18:00:00,3.6593,3.6593,0,0,0,0,0,0
1985-06-20 19:00:00,4.381,4.381,0,0,0,0,0,0
1985-06-20 20:00:00,5.0742,5.0742,0,0,0,0,0,0
1985-06-20 21:00:00,5.0508,5.0508,0,0,0,0,0,0
1985-06-20 22:00:00,3.9413,3.9413,0,0,0,0,0,0
1985-06-20 23:00:00,2.9936,2.9936,0,0,0,0,0,0
1985-06-21 00:00:00,2.3695,2.3695,0,0,0,0,0,0
1985-06-21 01:00:00,2.6546,2.6546,0,0,0,0,0,0
1985-06-21 02:00:00,3.4304,3.4304,0,0,0,0,0,0
1985-06-21 03:00:00,4.2164,4.2164,0,0,0,0,0,0
1985-06-21 04:00:00,4.3828,4.3828,0,0,0,0,0,0
1985-06-21 05:00:00,4.4241,4.4241,0,0,0,0,0,0
1985-06-21 06:00:00,4.1889,4.1889,0,0,0,0,0,0
1985-06-21 07:00:00,3.5872,3.5872,0,0,0,0,0,0
1985-06-21 08:00:00,2.5755,2.5755,0,0,0,0,0,0
1985-06-21 09:00:00,1.7641,1.7641,0,0,0,0,0,0
1985-06-21 10:00:00,2.6712,2.6712,0,0,0,0,0,0
1985-06-21 11:00:00,3.3053,3.3053,0,0,0,0,0,0
1985-06-21 12:00:00,3.3479,3.3479,0,0,0,0,0,0
1985-06-21 13:00:00,3.0436,3.0436,0,0,0,0,0,0
1985-06-21 14:00:00,2.7672,2.7672,0,0,0,0,0,0
1985-06-21 15:00:00,2.8165,2.8165,0,0,0,0,0,0
1985-06-21 16:00:00,3.1405,3.1405,0,0,0,0,0,0
1985-06-21 17:00:00,3.4654,3.4654,0,0,0,0,0,0
1985-06-21 18:00:00,3.8648,3.8648,0,0,0,0,0,0
1985-06-21 19:00:00,4.0794,4.0794,0,0,0,0,0,0
1985-06-21 20:00:00,4.2229,4.2229,0,0,0,0,0,0
1985-06-21 21:00:00,4.4412,4.4412,0,0,0,0,0,0
1985-06-21 22:00:00,3.4396,3.4396,0,0,0,0,0,0
1985-06-21 23:00:00,3.9184,3.9184,0,0,0,0,0,0
1985-06-22 00:00:00,4.6222,4.6222,0,0,0,0,0,0
1985-06-22 01:00:00,5.4799,5.4799,0,0,0,0,0,0
1985-06-22 02:00:00,6.444,6.444,0,0,0,0,0,0
1985-06-22 03:00:00,6.7123,6.7123,0,0,0,0,0,0
1985-06-22 04:00:00,6.6021,6.6021,0,0,0,0,0,0
1985-06-22 05:00:00,6.7394,6.7394,0,0,0,0,0,0
1985-06-22 06:00:00,7.13,7.13,0,0,0,0,0,0
1985-06-22 07:00:00,7.0257,7.0257,0,0,0,0,0,0
1985-06-22 08:00:00,6.4772,6.4772,0,0,0,0,0,0
1985-06-22 09:00:00,5.244,5.244,0,0,0,0,0,0
1985-06-22 10:00:00,3.0275,3.0275,0,0,0,0,0,0
1985-06-22 11:00:00,0.8765,0.8765,0,0,0,0,0,0
1985-06-22 12:00:00,0.6541,0.6541,0,0,0,0,0,0
1985-06-22 13:00:00,1.2908,1.2908,0,0,0,0,0,0
1985-06-22 14:00:00,2.0803,2.0803,0,0,0,0,0,0
1985-06-22 15:00:00,2.3701,2.3701,0,0,0,0,0,0
1985-06-22 16:00:00,2.2701,2.2701,0,0,0,0,0,0
1985-06-22 17:00:00,2.3368,2.3368,0,0,0,0,0,0
1985-06-22 18:00:00,2.3366,2.3366,0,0,0,0,0,0
1985-06-22 19:00:00,2.5303,2.5303,0,0,0,0,0,0
1985-06-22 20:00:00,2.5525,2.5525,0,0,0,0,0,0
1985-06-22 21:00:00,2.4895,2.4895,0,0,0,0,0,0
1985-06-22 22:00:00,1.3741,1.3741,0,0,0,0,0,0
1985-06-22 23:00:00,1.7084,1.7084,0,0,0,0,0,0
1985-06-23 00:00:00,2.3394,2.3394,0,0,0,0,0,0
1985-06-23 01:00:00,3.1209,3.1209,0,0,0,0,0,0
1985-06-23 02:00:00,3.5759,3.5759,0,0,0,0,0,0
1985-06-23 03:00:00,3.691,3.691,0,0,0,0,0,0
1985-06-23 04:00:00,3.6472,3.6472,0,0,0,0,0,0
1985-06-23 05:00:00,3.587,3.587,0,0,0,0,0,0
1985-06-23 06:00:00,3.5386,3.5386,0,0,0,0,0,0
1985-06-23 07:00:00,3.2568,3.2568,0,0,0,0,0,0
1985-06-23 08:00:00,2.7798,2.7798,0,0,0,0,0,0
1985-06-23 09:00:00,2.5706,2.5706,0,0,0,0,0,0
1985-06-23 10:00:00,1.9897,1.9897,0,0,0,0,0,0
1985-06-23 11:00:00,2.7713,2.7713,0,0,0,0,0,0
1985-06-23 12:00:00,3.7263,3.7263,0,0,0,0,0,0
1985-06-23 13:00:00,4.6421,4.6421,0,0,0,0,0,0
1985-06-23 14:00:00,4.6759,4.6759,0,0,0,0,0,0
1985-06-23 15:00:00,3.2762,3.2762,0,0,0,0,0,0
1985-06-23 16:00:00,2.6547,2.6547,0,0,0,0,0,0
1985-06-23 17:00:00,1.8538,1.8538,0,0,0,0,0,0
1985-06-23 18:00:00,1.279,1.279,0,0,0,0,0,0
1985-06-23 19:00:00,0.7368,0.7368,0,0,0,0,0,0
1985-06-23 20:00:00,0.9784,0.9784,0,0,0,0,0,0
1985-06-23 21:00:00,1.2944,1.2944,0,0,0,0,0,0
1985-06-23 22:00:00,1.1958,1.1958,0,0,0,0,0,0
1985-06-23 23:00:00,1.2531,1.2531,0,0,0,0,0,0
1985-06-24 00:00:00,1.3337,1.3337,0,0,0,0,0,0
1985-06-24 01:00:00,1.4335,1.4335,0,0,0,0,0,0
1985-06-24 02:00:00,1.5645,1.5645,0,0,0,0,0,0
1985-06-24 03:00:00,1.5771,1.5771,0,0,0,0,0,0
1985-06-24 04:00:00,1.5038,1.5038,0,0,0,0,0,0
1985-06-24 05:00:00,1.0227,1.0227,0,0,0,0,0,0
1985-06-24 06:00:00,0.7731,0.7731,0,0,0,0,0,0
1985-06-24 07:00:00,0.856,0.856,0,0,0,0,0,0
1985-06-24 08:00:00,1.3923,1.3923,0,0,0,0,0,0
1985-06-24 09:00:00,2.0685,2.0685,0,0,0,0,0,0
1985-06-24 10:00:00,2.2659,2.2659,0,0,0,0,0,0
1985-06-24 11:00:00,2.929,2.929,0,0,0,0,0,0
1985-06-24 12:00:00,2.9109,2.9109,0,0,0,0,0,0
1985-06-24 13:00:00,2.3735,2.3735,0,0,0,0,0,0
1985-06-24 14:00:00,1.7749,1.7749,0,0,0,0,0,0
1985-06-24 15:00:00,1.4636,1.4636,0,0,0,0,0,0
1985-06-24 16:00:00,1.1377,1.1377,0,0,0,0,0,0
1985-06-24 17:00:00,1.2803,1.2803,0,0,0,0,0,0
1985-06-24 18:00:00,1.2944,1.2944,0,0,0,0,0,0
1985-06-24 19:00:00,1.3736,1.3736,0,0,0,0,0,0
1985-06-24 20:00:00,1.4648,1.4648,0,0,0,0,0,0
1985-06-24 21:00:00,1.5908,1.5908,0,0,0,0,0,0
1985-06-24 22:00:00,2.1115,2.1115,0,0,0,0,0,0
1985-06-24 23:00:00,2.3613,2.3613,0,0,0,0,0,0
1985-06-25 00:00:00,2.3872,2.3872,0,0,0,0,0,0
1985-06-25 01:00:00,2.6326,2.6326,0,0,0,0,0,0
1985-06-25 02:00:00,3.171,3.171,0,0,0,0,0,0
1985-06-25 03:00:00,3.4428,3.4428,0,0,0,0,0,0
1985-06-25 04:00:00,3.6094,3.6094,0,0,0,0,0,0
1985-06-25 05:00:00,4.141,4.141,0,0,0,0,0,0
1985-06-25 06:00:00,4.7167,4.7167,0,0,0,0,0,0
1985-06-25 07:00:00,5.2983,5.2983,0,0,0,0,0,0
1985-06-25 08:00:00,5.4696,5.4696,0,0,0,0,0,0
1985-06-25 09:00:00,5.4978,5.4978,0,0,0,0,0,0
1985-06-25 10:00:00,6.3636,6.3636,0,0,0,0,0,0
1985-06-25 11:00:00,6.2177,6.2177,0,0,0,0,0,0
1985-06-25 12:00:00,5.7655,5.7655,0,0,0,0,0,0
1985-06-25 13:00:00,5.2269,5.2269,0,0,0,0,0,0
1985-06-25 14:00:00,4.839,4.839,0,0,0,0,0,0
1985-06-25 15:00:00,4.5379,4.5379,0,0,0,0,0,0
1985-06-25 16:00:00,3.7839,3.7839,0,0,0,0,0,0
1985-06-25 17:00:00,2.8541,2.8541,0,0,0,0,0,0
1985-06-25 18:00:00,2.4971,2.4971,0,0,0,0,0,0
1985-06-25 19:00:00,3.1483,3.1483,0,0,0,0,0,0
1985-06-25 20:00:00,4.1126,4.1126,0,0,0,0,0,0
1985-06-25 21:00:00,4.511,4.511,0,0,0,0,0,0
1985-06-25 22:00:00,5.2046,5.2046,0,0,0,0,0,0
1985-06-25 23:00:00,4.7538,4.7538,0,0,0,0,0,0
1985-06-26 00:00:00,4.2617,4.2617,0,0,0,0,0,0
1985-06-26 01:00:00,3.7904,3.7904,0,0,0,0,0,0
1985-06-26 02:00:00,3.388,3.388,0,0,0,0,0,0
1985-06-26 03:00:00,3.0022,3.0022,0,0,0,0,0,0
1985-06-26 04:00:00,2.5735,2.5735,0,0,0,0,0,0
1985-06-26 05:00:00,2.2284,2.2284,0,0,0,0,0,0
1985-06-26 06:00:00,2.0793,2.0793,0,0,0,0,0,0
1985-06-26 07:00:00,2.1426,2.1426,0,0,0,0,0,0
1985-06-26 08:00:00,2.3941,2.3941,0,0,0,0,0,0
1985-06-26 09:00:00,2.6715,2.6715,0,0,0,0,0,0
1985-06-26 10:00:00,2.4895,2.4895,0,0,0,0,0,0
1985-06-26 11:00:00,2.3259,2.3259,0,0,0,0,0,0
1985-06-26 12:00:00,2.0862,2.0862,0,0,0,0,0,0
1985-06-26 13:00:00,1.475,1.475,0,0,0,0,0,0
1985-06-26 14:00:00,0.5648,0.5648,0,0,0,0,0,0
1985-06-26 15:00:00,0.4314,0.4314,0,0,0,0,0,0
1985-06-26 16:00:00,1.1399,1.1399,0,0,0,0,0,0
1985-06-26 17:00:00,1.5287,1.5287,0,0,0,0,0,0
1985-06-26 18:00:00,1.5211,1.5211,0,0,0,0,0,0
1985-06-26 19:00:00,1.3651,1.3651,0,0,0,0,0,0
1985-06-26 20:00:00,1.0928,1.0928,0,0,0,0,0,0
1985-06-26 21:00:00,0.8213,0.8213,0,0,0,0,0,0
1985-06-26 22:00:00,0.8175,0.8175,0,0,0,0,0,0
1985-06-26 23:00:00,0.8496,0.8496,0,0,0,0,0,0
1985-06-27 00:00:00,0.7238,0.7238,0,0,0,0,0,0
1985-06-27 01:00:00,0.9045,0.9045,0,0,0,0,0,0
1985-06-27 02:00:00,1.2479,1.2479,0,0,0,0,0,0
1985-06-27 03:00:00,1.3446,1.3446,0,0,0,0,0,0
1985-06-27 04:00:00,1.2914,1.2914,0,0,0,0,0,0
1985-06-27 05:00:00,1.1339,1.1339,0,0,0,0,0,0
1985-06-27 06:00:00,0.9602,0.9602,0,0,0,0,0,0
1985-06-27 07:00:00,0.817,0.817,0,0,0,0,0,0
1985-06-27 08:00:00,1.0125,1.0125,0,0,0,0,0,0
1985-06-27 09:00:00,1.2523,1.2523,0,0,0,0,0,0
1985-06-27 10:00:00,1.6725,1.6725,0,0,0,0,0,0
1985-06-27 11:00:00,2.4886,2.4886,0,0,0,0,0,0
1985-06-27 12:00:00,3.4281,3.4281,0,0,0,0,0,0
1985-06-27 13:00:00,4.2703,4.2703,0,0,0,0,0,0
1985-06-27 14:00:00,4.8596,4.8596,0,0,0,0,0,0
1985-06-27 15:00:00,5.4267,5.4267,0,0,0,0,0,0
1985-06-27 16:00:00,6.063,6.063,0,0,0,0,0,0
1985-06-27 17:00:00,6.7014,6.7014,0,0,0,0,0,0
1985-06-27 18:00:00,7.4325,7.4325,0,0,0,0,0,0
1985-06-27 19:00:00,8.2015,8.2015,0,0,0,0,0,0
1985-06-27 20:00:00,8.0245,8.0245,0,0,0,0,0,0
1985-06-27 21:00:00,7.5683,7.5683,0,0,0,0,0,0
1985-06-27 22:00:00,7.15,7.15,0,0,0,0,0,0
1985-06-27 23:00:00,7.3924,7.3924,0,0,0,0,0,0
1985-06-28 00:00:00,7.6329,7.6329,0,0,0,0,0,0
1985-06-28 01:00:00,7.9153,7.9153,0,0,0,0,0,0
1985-06-28 02:00:00,8.2117,8.2117,0,0,0,0,0,0
1985-06-28 03:00:00,8.4139,8.4139,0,0,0,0,0,0
1985-06-28 04:00:00,8.0692,8.0692,0,0,0,0,0,0
1985-06-28 05:00:00,7.6692,7.6692,0,0,0,0,0,0
1985-06-28 06:00:00,6.8483,6.8483,0,0,0,0,0,0
1985-06-28 07:00:00,5.5775,5.5775,0,0,0,0,0,0
1985-06-28 08:00:00,4.0317,4.0317,0,0,0,0,0,0
1985-06-28 09:00:00,3.6525,3.6525,0,0,0,0,0,0
1985-06-28 10:00:00,3.7361,3.7361,0,0,0,0,0,0
1985-06-28 11:00:00,4.2629,4.2629,0,0,0,0,0,0
1985-06-28 12:00:00,4.423,4.423,0,0,0,0,0,0
1985-06-28 13:00:00,3.8975,3.8975,0,0,0,0,0,0
1985-06-28 14:00:00,3.2818,3.2818,0,0,0,0,0,0
1985-06-28 15:00:00,2.8272,2.8272,0,0,0,0,0,0
1985-06-28 16:00:00,1.957,1.957,0,0,0,0,0,0
1985-06-28 17:00:00,1.6676,1.6676,0,0,0,0,0,0
1985-06-28 18:00:00,1.9632,1.9632,0,0,0,0,0,0
1985-06-28 19:00:00,1.6258,1.6258,0,0,0,0,0,0
1985-06-28 20:00:00,1.3519,1.3519,0,0,0,0,0,0
1985-06-28 21:00:00,0.9439,0.9439,0,0,0,0,0,0
1985-06-28 22:00:00,0.3627,0.3627,0,0,0,0,0,0
1985-06-28 23:00:00,0.3433,0.3433,0,0,0,0,0,0
1985-06-29 00:00:00,1.1171,1.1171,0,0,0,0,0,0
1985-06-29 01:00:00,1.5824,1.5824,0,0,0,0,0,0
1985-06-29 02:00:00,2.0381,2.0381,0,0,0,0,0,0
1985-06-29 03:00:00,2.17,2.17,0,0,0,0,0,0
1985-06-29 04:00:00,1.9926,1.9926,0,0,0,0,0,0
1985-06-29 05:00:00,2.0016,2.0016,0,0,0,0,0,0
1985-06-29 06:00:00,2.4173,2.4173,0,0,0,0,0,0
1985-06-29 07:00:00,2.2643,2.2643,0,0,0,0,0,0
1985-06-29 08:00:00,1.9331,1.9331,0,0,0,0,0,0
1985-06-29 09:00:00,1.5139,1.5139,0,0,0,0,0,0
1985-06-29 10:00:00,1.5724,1.5724,0,0,0,0,0,0
1985-06-29 11:00:00,0.8233,0.8233,0,0,0,0,0,0
1985-06-29 12:00:00,0.6714,0.6714,0,0,0,0,0,0
1985-06-29 13:00:00,1.7829,1.7829,0,0,0,0,0,0
1985-06-29 14:00:00,2.7169,2.7169,0,0,0,0,0,0
1985-06-29 15:00:00,3.2288,3.2288,0,0,0,0,0,0
1985-06-29 16:00:00,3.8494,3.8494,0,0,0,0,0,0
1985-06-29 17:00:00,4.469,4.469,0,0,0,0,0,0
1985-06-29 18:00:00,4.4245,4.4245,0,0,0,0,0,0
1985-06-29 19:00:00,4.3067,4.3067,0,0,0,0,0,0
1985-06-29 20:00:00,4.264,4.264,0,0,0,0,0,0
1985-06-29 21:00:00,4.2514,4.2514,0,0,0,0,0,0
1985-06-29 22:00:00,4.2936,4.2936,0,0,0,0,0,0
1985-06-29 23:00:00,4.5043,4.5043,0,0,0,0,0,0
1985-06-30 00:00:00,4.2263,4.2263,0,0,0,0,0,0
1985-06-30 01:00:00,3.9082,3.9082,0,0,0,0,0,0
1985-06-30 02:00:00,4.0345,4.0345,0,0,0,0,0,0
1985-06-30 03:00:00,4.2322,4.2322,0,0,0,0,0,0
1985-06-30 04:00:00,4.2779,4.2779,0,0,0,0,0,0
1985-06-30 05:00:00,4.2917,4.2917,0,0,0,0,0,0
1985-06-30 06:00:00,4.0868,4.0868,0,0,0,0,0,0
1985-06-30 07:00:00,3.9688,3.9688,0,0,0,0,0,0
1985-06-30 08:00:00,3.5332,3.5332,0,0,0,0,0,0
1985-06-30 09:00:00,3.386,3.386,0,0,0,0,0,0
1985-06-30 10:00:00,3.6981,3.6981,0,0,0,0,0,0
1985-06-30 11:00:00,4.4105,4.4105,0,0,0,0,0,0
1985-06-30 12:00:00,5.2021,5.2021,0,0,0,0,0,0
1985-06-30 13:00:00,5.941,5.941,0,0,0,0,0,0
1985-06-30 14:00:00,6.019,6.019,0,0,0,0,0,0
1985-06-30 15:00:00,5.7206,5.7206,0,0,0,0,0,0
1985-06-30 16:00:00,5.4431,5.4431,0,0,0,0,0,0
1985-06-30 17:00:00,5.2248,5.2248,0,0,0,0,0,0
1985-06-30 18:00:00,5.1694,5.1694,0,0,0,0,0,0
1985-06-30 19:00:00,5.4391,5.4391,0,0,0,0,0,0
1985-06-30 20:00:00,5.6501,5.6501,0,0,0,0,0,0
1985-06-30 21:00:00,6.0936,6.0936,0,0,0,0,0,0
1985-06-30 22:00:00,6.748,6.748,0,0,0,0,0,0
1985-06-30 23:00:00,6.9975,6.9975,0,0,0,0,0,0
1985-07-01 00:00:00,6.8924,6.8924,0,0,0,0,0,0
1985-07-01 01:00:00,6.5775,6.5775,0,0,0,0,0,0
1985-07-01 02:00:00,6.2457,6.2457,0,0,0,0,0,0
1985-07-01 03:00:00,5.9484,5.9484,0,0,0,0,0,0
1985-07-01 04:00:00,6.1067,6.1067,0,0,0,0,0,0
1985-07-01 05:00:00,6.4479,6.4479,0,0,0,0,0,0
1985-07-01 06:00:00,6.7813,6.7813,0,0,0,0,0,0
1985-07-01 07:00:00,6.6562,6.6562,0,0,0,0,0,0
1985-07-01 08:00:00,6.3274,6.3274,0,0,0,0,0,0
1985-07-01 09:00:00,5.9371,5.9371,0,0,0,0,0,0
1985-07-01 10:00:00,6.1236,6.1236,0,0,0,0,0,0
1985-07-01 11:00:00,6.0701,6.0701,0,0,0,0,0,0
1985-07-01 12:00:00,6.1197,6.1197,0,0,0,0,0,0
1985-07-01 13:00:00,6.3603,6.3603,0,0,0,0,0,0
1985-07-01 14:00:00,6.6829,6.6829,0,0,0,0,0,0
1985-07-01 15:00:00,6.9757,6.9757,0,0,0,0,0,0
1985-07-01 16:00:00,7.1486,7.1486,0,0,0,0,0,0
1985-07-01 17:00:00,7.3266,7.3266,0,0,0,0,0,0
1985-07-01 18:00:00,7.8973,7.8973,0,0,0,0,0,0
1985-07-01 19:00:00,8.3946,8.3946,0,0,0,0,0,0
1985-07-01 20:00:00,8.6233,8.6233,0,0,0,0,0,0
1985-07-01 21:00:00,8.3838,8.3838,0,0,0,0,0,0
1985-07-01 22:00:00,8.2573,8.2573,0,0,0,0,0,0
1985-07-01 23:00:00,8.2264,8.2264,0,0,0,0,0,0
1985-07-02 00:00:00,8.3784,8.3784,0,0,0,0,0,0
1985-07-02 01:00:00,8.3586,8.3586,0,0,0,0,0,0
1985-07-02 02:00:00,8.0921,8.0921,0,0,0,0,0,0
1985-07-02 03:00:00,7.6854,7.6854,0,0,0,0,0,0
1985-07-02 04:00:00,7.0296,7.0296,0,0,0,0,0,0
1985-07-02 05:00:00,6.5548,6.5548,0,0,0,0,0,0
1985-07-02 06:00:00,6.4268,6.4268,0,0,0,0,0,0
1985-07-02 07:00:00,6.0291,6.0291,0,0,0,0,0,0
1985-07-02 08:00:00,5.4682,5.4682,0,0,0,0,0,0
1985-07-02 09:00:00,4.9734,4.9734,0,0,0,0,0,0
1985-07-02 10:00:00,4.5249,4.5249,0,0,0,0,0,0
1985-07-02 11:00:00,4.2351,4.2351,0,0,0,0,0,0
1985-07-02 12:00:00,4.9012,4.9012,0,0,0,0,0,0
1985-07-02 13:00:00,5.3544,5.3544,0,0,0,0,0,0
1985-07-02 14:00:00,4.8051,4.8051,0,0,0,0,0,0
1985-07-02 15:00:00,4.4341,4.4341,0,0,0,0,0,0
1985-07-02 16:00:00,4.2351,4.2351,0,0,0,0,0,0
1985-07-02 17:00:00,3.9019,3.9019,0,0,0,0,0,0
1985-07-02 18:00:00,3.6539,3.6539,0,0,0,0,0,0
1985-07-02 19:00:00,3.41,3.41,0,0,0,0,0,0
1985-07-02 20:00:00,3.1254,3.1254,0,0,0,0,0,0
1985-07-02 21:00:00,2.2624,2.2624,0,0,0,0,0,0
1985-07-02 22:00:00,0.548,0.548,0,0,0,0,0,0
1985-07-02 23:00:00,0.4162,0.4162,0,0,0,0,0,0
1985-07-03 00:00:00,1.4586,1.4586,0,0,0,0,0,0
1985-07-03 01:00:00,2.4583,2.4583,0,0,0,0,0,0
1985-07-03 02:00:00,3.1098,3.1098,0,0,0,0,0,0
1985-07-03 03:00:00,4.0548,4.0548,0,0,0,0,0,0
1985-07-03 04:00:00,5.1404,5.1404,0,0,0,0,0,0
1985-07-03 05:00:00,6.2666,6.2666,0,0,0,0,0,0
1985-07-03 06:00:00,7.2342,7.2342,0,0,0,0,0,0
1985-07-03 07:00:00,7.9073,7.9073,0,0,0,0,0,0
1985-07-03 08:00:00,8.5331,8.5331,0,0,0,0,0,0
1985-07-03 09:00:00,9.4298,9.4298,0,0,0,0,0,0
1985-07-03 10:00:00,10.0264,10.0264,0,0,0,0,0,0
1985-07-03 11:00:00,10.5675,10.5675,0,0,0,0,0,0
1985-07-03 12:00:00,10.58,10.58,0,0,0,0,0,0
1985-07-03 13:00:00,10.2689,10.2689,0,0,0,0,0,0
1985-07-03 14:00:00,9.8022,9.8022,0,0,0,0,0,0
1985-07-03 15:00:00,9.3189,9.3189,0,0,0,0,0,0
1985-07-03 16:00:00,8.6894,8.6894,0,0,0,0,0,0
1985-07-03 17:00:00,8.4086,8.4086,0,0,0,0,0,0
1985-07-03 18:00:00,8.5116,8.5116,0,0,0,0,0,0
1985-07-03 19:00:00,8.4727,8.4727,0,0,0,0,0,0
1985-07-03 20:00:00,8.2722,8.2722,0,0,0,0,0,0
1985-07-03 21:00:00,8.1479,8.1479,0,0,0,0,0,0
1985-07-03 22:00:00,8.5603,8.5603,0,0,0,0,0,0
1985-07-03 23:00:00,8.5145,8.5145,0,0,0,0,0,0
1985-07-04 00:00:00,8.3435,8.3435,0,0,0,0,0,0
1985-07-04 01:00:00,8.1861,8.1861,0,0,0,0,0,0
1985-07-04 02:00:00,7.8465,7.8465,0,0,0,0,0,0
1985-07-04 03:00:00,7.4197,7.4197,0,0,0,0,0,0
1985-07-04 04:00:00,6.933,6.933,0,0,0,0,0,0
1985-07-04 05:00:00,6.7998,6.7998,0,0,0,0,0,0
1985-07-04 06:00:00,6.7305,6.7305,0,0,0,0,0,0
1985-07-04 07:00:00,6.6328,6.6328,0,0,0,0,0,0
1985-07-04 08:00:00,6.7403,6.7403,0,0,0,0,0,0
1985-07-04 09:00:00,6.9193,6.9193,0,0,0,0,0,0
1985-07-04 10:00:00,6.8431,6.8431,0,0,0,0,0,0
1985-07-04 11:00:00,6.544,6.544,0,0,0,0,0,0
1985-07-04 12:00:00,6.5595,6.5595,0,0,0,0,0,0
1985-07-04 13:00:00,6.69,6.69,0,0,0,0,0,0
1985-07-04 14:00:00,6.5936,6.5936,0,0,0,0,0,0
1985-07-04 15:00:00,6.2215,6.2215,0,0,0,0,0,0
1985-07-04 16:00:00,5.5549,5.5549,0,0,0,0,0,0
1985-07-04 17:00:00,5.0296,5.0296,0,0,0,0,0,0
1985-07-04 18:00:00,4.672,4.672,0,0,0,0,0,0
1985-07-04 19:00:00,3.9822,3.9822,0,0,0,0,0,0
1985-07-04 20:00:00,2.8967,2.8967,0,0,0,0,0,0
1985-07-04 21:00:00,1.9576,1.9576,0,0,0,0,0,0
1985-07-04 22:00:00,2.988,2.988,0,0,0,0,0,0
1985-07-04 23:00:00,3.4848,3.4848,0,0,0,0,0,0
1985-07-05 00:00:00,3.6743,3.6743,0,0,0,0,0,0
1985-07-05 01:00:00,3.6387,3.6387,0,0,0,0,0,0
1985-07-05 02:00:00,3.4113,3.4113,0,0,0,0,0,0
1985-07-05 03:00:00,3.302,3.302,0,0,0,0,0,0
1985-07-05 04:00:00,3.3435,3.3435,0,0,0,0,0,0
1985-07-05 05:00:00,3.4132,3.4132,0,0,0,0,0,0
1985-07-05 06:00:00,3.5562,3.5562,0,0,0,0,0,0
1985-07-05 07:00:00,3.7152,3.7152,0,0,0,0,0,0
1985-07-05 08:00:00,3.8162,3.8162,0,0,0,0,0,0
1985-07-05 09:00:00,4.2479,4.2479,0,0,0,0,0,0
1985-07-05 10:00:00,4.4921,4.4921,0,0,0,0,0,0
1985-07-05 11:00:00,5.2615,5.2615,0,0,0,0,0,0
1985-07-05 12:00:00,5.7062,5.7062,0,0,0,0,0,0
1985-07-05 13:00:00,6.0562,6.0562,0,0,0,0,0,0
1985-07-05 14:00:00,6.2552,6.2552,0,0,0,0,0,0
1985-07-05 15:00:00,6.5424,6.5424,0,0,0,0,0,0
1985-07-05 16:00:00,6.7927,6.7927,0,0,0,0,0,0
1985-07-05 17:00:00,7.0199,7.0199,0,0,0,0,0,0
1985-07-05 18:00:00,7.2968,7.2968,0,0,0,0,0,0
1985-07-05 19:00:00,7.4899,7.4899,0,0,0,0,0,0
1985-07-05 20:00:00,7.8587,7.8587,0,0,0,0,0,0
1985-07-05 21:00:00,8.1373,8.1373,0,0,0,0,0,0
1985-07-05 22:00:00,7.6956,7.6956,0,0,0,0,0,0
1985-07-05 23:00:00,7.9397,7.9397,0,0,0,0,0,0
1985-07-06 00:00:00,8.574,8.574,0,0,0,0,0,0
1985-07-06 01:00:00,9.2778,9.2778,0,0,0,0,0,0
1985-07-06 02:00:00,10.2132,10.2132,0,0,0,0,0,0
1985-07-06 03:00:00,11.2409,11.2409,0,0,0,0,0,0
1985-07-06 04:00:00,12.0562,12.0562,0,0,0,0,0,0
1985-07-06 05:00:00,12.2067,12.2067,0,0,0,0,0,0
1985-07-06 06:00:00,12.3554,12.3554,0,0,0,0,0,0
1985-07-06 07:00:00,12.3927,12.3927,0,0,0,0,0,0
1985-07-06 08:00:00,12.2855,12.2855,0,0,0,0,0,0
1985-07-06 09:00:00,11.8096,11.8096,0,0,0,0,0,0
1985-07-06 10:00:00,10.9218,10.9218,0,0,0,0,0,0
1985-07-06 11:00:00,10.2564,10.2564,0,0,0,0,0,0
1985-07-06 12:00:00,10.3151,10.3151,0,0,0,0,0,0
1985-07-06 13:00:00,10.2055,10.2055,0,0,0,0,0,0
1985-07-06 14:00:00,9.7269,9.7269,0,0,0,0,0,0
1985-07-06 15:00:00,8.8027,8.8027,0,0,0,0,0,0
1985-07-06 16:00:00,6.2629,6.2629,0,0,0,0,0,0
1985-07-06 17:00:00,4.1576,4.1576,0,0,0,0,0,0
1985-07-06 18:00:00,3.1855,3.1855,0,0,0,0,0,0
1985-07-06 19:00:00,2.7079,2.7079,0,0,0,0,0,0
1985-07-06 20:00:00,2.2701,2.2701,0,0,0,0,0,0
1985-07-06 21:00:00,3.2299,3.2299,0,0,0,0,0,0
1985-07-06 22:00:00,6.4476,6.4476,0,0,0,0,0,0
1985-07-06 23:00:00,7.2639,7.2639,0,0,0,0,0,0
1985-07-07 00:00:00,8.0781,8.0781,0,0,0,0,0,0
1985-07-07 01:00:00,9.0405,9.0405,0,0,0,0,0,0
1985-07-07 02:00:00,9.9644,9.9644,0,0,0,0,0,0
1985-07-07 03:00:00,10.3231,10.3231,0,0,0,0,0,0
1985-07-07 04:00:00,10.1289,10.1289,0,0,0,0,0,0
1985-07-07 05:00:00,10.0715,10.0715,0,0,0,0,0,0
1985-07-07 06:00:00,10.0178,10.0178,0,0,0,0,0,0
1985-07-07 07:00:00,9.8738,9.8738,0,0,0,0,0,0
1985-07-07 08:00:00,9.885,9.885,0,0,0,0,0,0
1985-07-07 09:00:00,9.5716,9.5716,0,0,0,0,0,0
1985-07-07 10:00:00,10.1735,10.1735,0,0,0,0,0,0
1985-07-07 11:00:00,9.8848,9.8848,0,0,0,0,0,0
1985-07-07 12:00:00,9.1651,9.1651,0,0,0,0,0,0
1985-07-07 13:00:00,8.2556,8.2556,0,0,0,0,0,0
1985-07-07 14:00:00,7.0535,7.0535,0,0,0,0,0,0
1985-07-07 15:00:00,5.2687,5.2687,0,0,0,0,0,0
1985-07-07 16:00:00,3.7828,3.7828,0,0,0,0,0,0
1985-07-07 17:00:00,3.9695,3.9695,0,0,0,0,0,0
1985-07-07 18:00:00,4.5705,4.5705,0,0,0,0,0,0
1985-07-07 19:00:00,5.366,5.366,0,0,0,0,0,0
1985-07-07 20:00:00,6.1364,6.1364,0,0,0,0,0,0
1985-07-07 21:00:00,6.4395,6.4395,0,0,0,0,0,0
1985-07-07 22:00:00,6.3475,6.3475,0,0,0,0,0,0
1985-07-07 23:00:00,6.968,6.968,0,0,0,0,0,0
1985-07-08 00:00:00,8.7124,8.7124,0,0,0,0,0,0
1985-07-08 01:00:00,10.6735,10.6735,0,0,0,0,0,0
1985-07-08 02:00:00,11.9985,11.9985,0,0,0,0,0,0
1985-07-08 03:00:00,12.3575,12.3575,0,0,0,0,0,0
1985-07-08 04:00:00,12.2524,12.2524,0,0,0,0,0,0
1985-07-08 05:00:00,12.0228,12.0228,0,0,0,0,0,0
1985-07-08 06:00:00,11.4556,11.4556,0,0,0,0,0,0
1985-07-08 07:00:00,11.3779,11.3779,0,0,0,0,0,0
1985-07-08 08:00:00,11.1697,11.1697,0,0,0,0,0,0
1985-07-08 09:00:00,10.8154,10.8154,0,0,0,0,0,0
1985-07-08 10:00:00,10.692,10.692,0,0,0,0,0,0
1985-07-08 11:00:00,10.616,10.616,0,0,0,0,0,0
1985-07-08 12:00:00,10.6591,10.6591,0,0,0,0,0,0
1985-07-08 13:00:00,10.5994,10.5994,0,0,0,0,0,0
1985-07-08 14:00:00,10.4802,10.4802,0,0,0,0,0,0
1985-07-08 15:00:00,9.8726,9.8726,0,0,0,0,0,0
1985-07-08 16:00:00,9.1745,9.1745,0,0,0,0,0,0
1985-07-08 17:00:00,8.8452,8.8452,0,0,0,0,0,0
1985-07-08 18:00:00,8.7569,8.7569,0,0,0,0,0,0
1985-07-08 19:00:00,8.4227,8.4227,0,0,0,0,0,0
1985-07-08 20:00:00,7.8888,7.8888,0,0,0,0,0,0
1985-07-08 21:00:00,7.1021,7.1021,0,0,0,0,0,0
1985-07-08 22:00:00,5.4587,5.4587,0,0,0,0,0,0
1985-07-08 23:00:00,4.4,4.4,0,0,0,0,0,0
1985-07-09 00:00:00,3.7391,3.7391,0,0,0,0,0,0
1985-07-09 01:00:00,3.7333,3.7333,0,0,0,0,0,0
1985-07-09 02:00:00,3.887,3.887,0,0,0,0,0,0
1985-07-09 03:00:00,3.9495,3.9495,0,0,0,0,0,0
1985-07-09 04:00:00,3.7601,3.7601,0,0,0,0,0,0
1985-07-09 05:00:00,3.2448,3.2448,0,0,0,0,0,0
1985-07-09 06:00:00,2.2225,2.2225,0,0,0,0,0,0
1985-07-09 07:00:00,1.3167,1.3167,0,0,0,0,0,0
1985-07-09 08:00:00,1.2358,1.2358,0,0,0,0,0,0
1985-07-09 09:00:00,2.1572,2.1572,0,0,0,0,0,0
1985-07-09 10:00:00,4.0692,4.0692,0,0,0,0,0,0
1985-07-09 11:00:00,4.3414,4.3414,0,0,0,0,0,0
1985-07-09 12:00:00,4.4269,4.4269,0,0,0,0,0,0
1985-07-09 13:00:00,4.0584,4.0584,0,0,0,0,0,0
1985-07-09 14:00:00,3.6406,3.6406,0,0,0,0,0,0
1985-07-09 15:00:00,3.6225,3.6225,0,0,0,0,0,0
1985-07-09 16:00:00,4.003,4.003,0,0,0,0,0,0
1985-07-09 17:00:00,4.025,4.025,0,0,0,0,0,0
1985-07-09 18:00:00,3.6962,3.6962,0,0,0,0,0,0
1985-07-09 19:00:00,3.6078,3.6078,0,0,0,0,0,0
1985-07-09 20:00:00,3.7775,3.7775,0,0,0,0,0,0
1985-07-09 21:00:00,3.5862,3.5862,0,0,0,0,0,0
1985-07-09 22:00:00,3.2122,3.2122,0,0,0,0,0,0
1985-07-09 23:00:00,3.3883,3.3883,0,0,0,0,0,0
1985-07-10 00:00:00,2.985,2.985,0,0,0,0,0,0
1985-07-10 01:00:00,2.0766,2.0766,0,0,0,0,0,0
1985-07-10 02:00:00,1.4819,1.4819,0,0,0,0,0,0
1985-07-10 03:00:00,1.3972,1.3972,0,0,0,0,0,0
1985-07-10 04:00:00,1.8957,1.8957,0,0,0,0,0,0
1985-07-10 05:00:00,2.8426,2.8426,0,0,0,0,0,0
1985-07-10 06:00:00,3.5972,3.5972,0,0,0,0,0,0
1985-07-10 07:00:00,3.8547,3.8547,0,0,0,0,0,0
1985-07-10 08:00:00,3.8716,3.8716,0,0,0,0,0,0
1985-07-10 09:00:00,3.9549,3.9549,0,0,0,0,0,0
1985-07-10 10:00:00,4.3495,4.3495,0,0,0,0,0,0
1985-07-10 11:00:00,4.2537,4.2537,0,0,0,0,0,0
1985-07-10 12:00:00,4.5508,4.5508,0,0,0,0,0,0
1985-07-10 13:00:00,4.771,4.771,0,0,0,0,0,0
1985-07-10 14:00:00,5.0062,5.0062,0,0,0,0,0,0
1985-07-10 15:00:00,5.0547,5.0547,0,0,0,0,0,0
1985-07-10 16:00:00,5.2144,5.2144,0,0,0,0,0,0
1985-07-10 17:00:00,5.6859,5.6859,0,0,0,0,0,0
1985-07-10 18:00:00,6.345,6.345,0,0,0,0,0,0
1985-07-10 19:00:00,7.4199,7.4199,0,0,0,0,0,0
1985-07-10 20:00:00,8.6096,8.6096,0,0,0,0,0,0
1985-07-10 21:00:00,9.5847,9.5847,0,0,0,0,0,0
1985-07-10 22:00:00,10.6674,10.6674,0,0,0,0,0,0
1985-07-10 23:00:00,11.5642,11.5642,0,0,0,0,0,0
1985-07-11 00:00:00,11.2446,11.2446,0,0,0,0,0,0
1985-07-11 01:00:00,10.8458,10.8458,0,0,0,0,0,0
1985-07-11 02:00:00,9.3631,9.3631,0,0,0,0,0,0
1985-07-11 03:00:00,8.2041,8.2041,0,0,0,0,0,0
1985-07-11 04:00:00,7.0635,7.0635,0,0,0,0,0,0
1985-07-11 05:00:00,5.9633,5.9633,0,0,0,0,0,0
1985-07-11 06:00:00,5.538,5.538,0,0,0,0,0,0
1985-07-11 07:00:00,5.8954,5.8954,0,0,0,0,0,0
1985-07-11 08:00:00,6.7161,6.7161,0,0,0,0,0,0
1985-07-11 09:00:00,7.3455,7.3455,0,0,0,0,0,0
1985-07-11 10:00:00,7.0557,7.0557,0,0,0,0,0,0
1985-07-11 11:00:00,7.2952,7.2952,0,0,0,0,0,0
1985-07-11 12:00:00,8.2218,8.2218,0,0,0,0,0,0
1985-07-11 13:00:00,8.9471,8.9471,0,0,0,0,0,0
1985-07-11 14:00:00,9.73,9.73,0,0,0,0,0,0
1985-07-11 15:00:00,10.7611,10.7611,0,0,0,0,0,0
1985-07-11 16:00:00,11.8507,11.8507,0,0,0,0,0,0
1985-07-11 17:00:00,12.4996,12.4996,0,0,0,0,0,0
1985-07-11 18:00:00,12.8055,12.8055,0,0,0,0,0,0
1985-07-11 19:00:00,13.0883,13.0883,0,0,0,0,0,0
1985-07-11 20:00:00,13.1891,13.1891,0,0,0,0,0,0
1985-07-11 21:00:00,13.563,13.563,0,0,0,0,0,0
1985-07-11 22:00:00,14.0589,14.0589,0,0,0,0,0,0
1985-07-11 23:00:00,14.435,14.435,0,0,0,0,0,0
1985-07-12 00:00:00,14.9847,14.9847,0,0,0,0,0,0
1985-07-12 01:00:00,15.2326,15.2326,0,0,0,0,0,0
1985-07-12 02:00:00,15.2821,15.2821,0,0,0,0,0,0
1985-07-12 03:00:00,15.2195,15.2195,0,0,0,0,0,0
1985-07-12 04:00:00,15.5752,15.5752,0,0,0,0,0,0
1985-07-12 05:00:00,15.9261,15.9261,0,0,0,0,0,0
1985-07-12 06:00:00,16.6066,16.6066,0,0,0,0,0,0
1985-07-12 07:00:00,17.0562,17.0562,0,0,0,0,0,0
1985-07-12 08:00:00,17.1054,17.1054,0,0,0,0,0,0
1985-07-12 09:00:00,17.0071,17.0071,0,0,0,0,0,0
1985-07-12 10:00:00,15.7848,15.7848,0,0,0,0,0,0
1985-07-12 11:00:00,15.4233,15.4233,0,0,0,0,0,0
1985-07-12 12:00:00,14.6029,14.6029,0,0,0,0,0,0
1985-07-12 13:00:00,13.0932,13.0932,0,0,0,0,0,0
1985-07-12 14:00:00,11.4069,11.4069,0,0,0,0,0,0
1985-07-12 15:00:00,10.0604,10.0604,0,0,0,0,0,0
1985-07-12 16:00:00,9.477,9.477,0,0,0,0,0,0
1985-07-12 17:00:00,9.9795,9.9795,0,0,0,0,0,0
1985-07-12 18:00:00,10.6363,10.6363,0,0,0,0,0,0
1985-07-12 19:00:00,11.5884,11.5884,0,0,0,0,0,0
1985-07-12 20:00:00,12.9341,12.9341,0,0,0,0,0,0
1985-07-12 21:00:00,14.2128,14.2128,0,0,0,0,0,0
1985-07-12 22:00:00,15.0347,15.0347,0,0,0,0,0,0
1985-07-12 23:00:00,15.5672,15.5672,0,0,0,0,0,0
1985-07-13 00:00:00,16.637,16.637,0,0,0,0,0,0
1985-07-13 01:00:00,15.6523,15.6523,0,0,0,0,0,0
1985-07-13 02:00:00,12.0089,12.0089,0,0,0,0,0,0
1985-07-13 03:00:00,8.6027,8.6027,0,0,0,0,0,0
1985-07-13 04:00:00,6.9378,6.9378,0,0,0,0,0,0
1985-07-13 05:00:00,7.0163,7.0163,0,0,0,0,0,0
1985-07-13 06:00:00,7.5226,7.5226,0,0,0,0,0,0
1985-07-13 07:00:00,8.3219,8.3219,0,0,0,0,0,0
1985-07-13 08:00:00,9.0357,9.0357,0,0,0,0,0,0
1985-07-13 09:00:00,8.947,8.947,0,0,0,0,0,0
1985-07-13 10:00:00,8.1125,8.1125,0,0,0,0,0,0
1985-07-13 11:00:00,7.8153,7.8153,0,0,0,0,0,0
1985-07-13 12:00:00,7.5939,7.5939,0,0,0,0,0,0
1985-07-13 13:00:00,7.0336,7.0336,0,0,0,0,0,0
1985-07-13 14:00:00,6.0772,6.0772,0,0,0,0,0,0
1985-07-13 15:00:00,5.0162,5.0162,0,0,0,0,0,0
1985-07-13 16:00:00,4.0488,4.0488,0,0,0,0,0,0
1985-07-13 17:00:00,3.2791,3.2791,0,0,0,0,0,0
1985-07-13 18:00:00,3.2817,3.2817,0,0,0,0,0,0
1985-07-13 19:00:00,3.1196,3.1196,0,0,0,0,0,0
1985-07-13 20:00:00,3.2618,3.2618,0,0,0,0,0,0
1985-07-13 21:00:00,3.2182,3.2182,0,0,0,0,0,0
1985-07-13 22:00:00,3.9784,3.9784,0,0,0,0,0,0
1985-07-13 23:00:00,4.4392,4.4392,0,0,0,0,0,0
1985-07-14 00:00:00,4.6567,4.6567,0,0,0,0,0,0
1985-07-14 01:00:00,4.6224,4.6224,0,0,0,0,0,0
1985-07-14 02:00:00,4.7056,4.7056,0,0,0,0,0,0
1985-07-14 03:00:00,5.1476,5.1476,0,0,0,0,0,0
1985-07-14 04:00:00,5.8873,5.8873,0,0,0,0,0,0
1985-07-14 05:00:00,5.8116,5.8116,0,0,0,0,0,0
1985-07-14 06:00:00,6.165,6.165,0,0,0,0,0,0
1985-07-14 07:00:00,5.934,5.934,0,0,0,0,0,0
1985-07-14 08:00:00,5.6505,5.6505,0,0,0,0,0,0
1985-07-14 09:00:00,6.0004,6.0004,0,0,0,0,0,0
1985-07-14 10:00:00,6.9993,6.9993,0,0,0,0,0,0
1985-07-14 11:00:00,7.5701,7.5701,0,0,0,0,0,0
1985-07-14 12:00:00,8.0212,8.0212,0,0,0,0,0,0
1985-07-14 13:00:00,7.623,7.623,0,0,0,0,0,0
1985-07-14 14:00:00,6.3434,6.3434,0,0,0,0,0,0
1985-07-14 15:00:00,5.6613,5.6613,0,0,0,0,0,0
1985-07-14 16:00:00,5.7594,5.7594,0,0,0,0,0,0
1985-07-14 17:00:00,5.9104,5.9104,0,0,0,0,0,0
1985-07-14 18:00:00,5.6506,5.6506,0,0,0,0,0,0
1985-07-14 19:00:00,4.8195,4.8195,0,0,0,0,0,0
1985-07-14 20:00:00,4.5564,4.5564,0,0,0,0,0,0
1985-07-14 21:00:00,5.1149,5.1149,0,0,0,0,0,0
1985-07-14 22:00:00,6.0856,6.0856,0,0,0,0,0,0
1985-07-14 23:00:00,7.3078,7.3078,0,0,0,0,0,0
1985-07-15 00:00:00,7.9626,7.9626,0,0,0,0,0,0
1985-07-15 01:00:00,8.2511,8.2511,0,0,0,0,0,0
1985-07-15 02:00:00,8.1668,8.1668,0,0,0,0,0,0
1985-07-15 03:00:00,7.7957,7.7957,0,0,0,0,0,0
1985-07-15 04:00:00,7.0951,7.0951,0,0,0,0,0,0
1985-07-15 05:00:00,6.328,6.328,0,0,0,0,0,0
1985-07-15 06:00:00,5.5436,5.5436,0,0,0,0,0,0
1985-07-15 07:00:00,5.2353,5.2353,0,0,0,0,0,0
1985-07-15 08:00:00,5.1436,5.1436,0,0,0,0,0,0
1985-07-15 09:00:00,5.0447,5.0447,0,0,0,0,0,0
1985-07-15 10:00:00,5.3736,5.3736,0,0,0,0,0,0
1985-07-15 11:00:00,5.5955,5.5955,0,0,0,0,0,0
1985-07-15 12:00:00,6.0171,6.0171,0,0,0,0,0,0
1985-07-15 13:00:00,6.4038,6.4038,0,0,0,0,0,0
1985-07-15 14:00:00,6.4433,6.4433,0,0,0,0,0,0
1985-07-15 15:00:00,6.1676,6.1676,0,0,0,0,0,0
1985-07-15 16:00:00,5.8458,5.8458,0,0,0,0,0,0
1985-07-15 17:00:00,5.5713,5.5713,0,0,0,0,0,0
1985-07-15 18:00:00,5.4223,5.4223,0,0,0,0,0,0
1985-07-15 19:00:00,5.0924,5.0924,0,0,0,0,0,0
1985-07-15 20:00:00,4.6982,4.6982,0,0,0,0,0,0
1985-07-15 21:00:00,4.5595,4.5595,0,0,0,0,0,0
1985-07-15 22:00:00,4.7798,4.7798,0,0,0,0,0,0
1985-07-15 23:00:00,4.2905,4.2905,0,0,0,0,0,0
1985-07-16 00:00:00,4.2366,4.2366,0,0,0,0,0,0
1985-07-16 01:00:00,4.1085,4.1085,0,0,0,0,0,0
1985-07-16 02:00:00,3.8756,3.8756,0,0,0,0,0,0
1985-07-16 03:00:00,3.6945,3.6945,0,0,0,0,0,0
1985-07-16 04:00:00,4.0142,4.0142,0,0,0,0,0,0
1985-07-16 05:00:00,4.6603,4.6603,0,0,0,0,0,0
1985-07-16 06:00:00,5.8875,5.8875,0,0,0,0,0,0
1985-07-16 07:00:00,7.3548,7.3548,0,0,0,0,0,0
1985-07-16 08:00:00,8.2056,8.2056,0,0,0,0,0,0
1985-07-16 09:00:00,8.5756,8.5756,0,0,0,0,0,0
1985-07-16 10:00:00,9.3169,9.3169,0,0,0,0,0,0
1985-07-16 11:00:00,10.0099,10.0099,0,0,0,0,0,0
1985-07-16 12:00:00,10.5684,10.5684,0,0,0,0,0,0
1985-07-16 13:00:00,10.6517,10.6517,0,0,0,0,0,0
1985-07-16 14:00:00,11.0618,11.0618,0,0,0,0,0,0
1985-07-16 15:00:00,10.7952,10.7952,0,0,0,0,0,0
1985-07-16 16:00:00,10.6567,10.6567,0,0,0,0,0,0
1985-07-16 17:00:00,10.7688,10.7688,0,0,0,0,0,0
1985-07-16 18:00:00,10.9189,10.9189,0,0,0,0,0,0
1985-07-16 19:00:00,11.0487,11.0487,0,0,0,0,0,0
1985-07-16 20:00:00,11.1063,11.1063,0,0,0,0,0,0
1985-07-16 21:00:00,10.7356,10.7356,0,0,0,0,0,0
1985-07-16 22:00:00,8.7669,8.7669,0,0,0,0,0,0
1985-07-16 23:00:00,7.3932,7.3932,0,0,0,0,0,0
1985-07-17 00:00:00,6.3418,6.3418,0,0,0,0,0,0
1985-07-17 01:00:00,5.7309,5.7309,0,0,0,0,0,0
1985-07-17 02:00:00,6.1203,6.1203,0,0,0,0,0,0
1985-07-17 03:00:00,6.1123,6.1123,0,0,0,0,0,0
1985-07-17 04:00:00,4.9749,4.9749,0,0,0,0,0,0
1985-07-17 05:00:00,3.9212,3.9212,0,0,0,0,0,0
1985-07-17 06:00:00,3.8845,3.8845,0,0,0,0,0,0
1985-07-17 07:00:00,4.041,4.041,0,0,0,0,0,0
1985-07-17 08:00:00,4.5648,4.5648,0,0,0,0,0,0
1985-07-17 09:00:00,5.8299,5.8299,0,0,0,0,0,0
1985-07-17 10:00:00,7.4067,7.4067,0,0,0,0,0,0
1985-07-17 11:00:00,7.6872,7.6872,0,0,0,0,0,0
1985-07-17 12:00:00,8.17,8.17,0,0,0,0,0,0
1985-07-17 13:00:00,8.9663,8.9663,0,0,0,0,0,0
1985-07-17 14:00:00,10.0311,10.0311,0,0,0,0,0,0
1985-07-17 15:00:00,10.8707,10.8707,0,0,0,0,0,0
1985-07-17 16:00:00,11.562,11.562,0,0,0,0,0,0
1985-07-17 17:00:00,12.8618,12.8618,0,0,0,0,0,0
1985-07-17 18:00:00,14.4289,14.4289,0,0,0,0,0,0
1985-07-17 19:00:00,15.6942,15.6942,0,0,0,0,0,0
1985-07-17 20:00:00,16.5433,16.5433,0,0,0,0,0,0
1985-07-17 21:00:00,17.0035,17.0035,0,0,0,0,0,0
1985-07-17 22:00:00,17.8444,17.8444,0,0,0,0,0,0
1985-07-17 23:00:00,17.8205,17.8205,0,0,0,0,0,0
1985-07-18 00:00:00,17.7538,17.7538,0,0,0,0,0,0
1985-07-18 01:00:00,18.5113,18.5113,0,0,0,0,0,0
1985-07-18 02:00:00,19.0086,19.0086,0,0,0,0,0,0
1985-07-18 03:00:00,19.2708,19.2708,0,0,0,0,0,0
1985-07-18 04:00:00,19.774,19.774,0,0,0,0,0,0
1985-07-18 05:00:00,19.5065,19.5065,0,0,0,0,0,0
1985-07-18 06:00:00,18.7394,18.7394,0,0,0,0,0,0
1985-07-18 07:00:00,18.1326,18.1326,0,0,0,0,0,0
1985-07-18 08:00:00,17.6441,17.6441,0,0,0,0,0,0
1985-07-18 09:00:00,17.2524,17.2524,0,0,0,0,0,0
1985-07-18 10:00:00,16.7088,16.7088,0,0,0,0,0,0
1985-07-18 11:00:00,15.3643,15.3643,0,0,0,0,0,0
1985-07-18 12:00:00,14.4872,14.4872,0,0,0,0,0,0
1985-07-18 13:00:00,14.4917,14.4917,0,0,0,0,0,0
1985-07-18 14:00:00,14.0568,14.0568,0,0,0,0,0,0
1985-07-18 15:00:00,14.0155,14.0155,0,0,0,0,0,0
1985-07-18 16:00:00,13.8921,13.8921,0,0,0,0,0,0
1985-07-18 17:00:00,14.1023,14.1023,0,0,0,0,0,0
1985-07-18 18:00:00,14.4993,14.4993,0,0,0,0,0,0
1985-07-18 19:00:00,14.6398,14.6398,0,0,0,0,0,0
1985-07-18 20:00:00,14.5045,14.5045,0,0,0,0,0,0
1985-07-18 21:00:00,14.2205,14.2205,0,0,0,0,0,0
1985-07-18 22:00:00,13.7754,13.7754,0,0,0,0,0,0
1985-07-18 23:00:00,13.6861,13.6861,0,0,0,0,0,0
1985-07-19 00:00:00,13.8027,13.8027,0,0,0,0,0,0
1985-07-19 01:00:00,13.8237,13.8237,0,0,0,0,0,0
1985-07-19 02:00:00,13.4273,13.4273,0,0,0,0,0,0
1985-07-19 03:00:00,13.2092,13.2092,0,0,0,0,0,0
1985-07-19 04:00:00,12.7287,12.7287,0,0,0,0,0,0
1985-07-19 05:00:00,12.1238,12.1238,0,0,0,0,0,0
1985-07-19 06:00:00,11.865,11.865,0,0,0,0,0,0
1985-07-19 07:00:00,11.2187,11.2187,0,0,0,0,0,0
1985-07-19 08:00:00,10.5273,10.5273,0,0,0,0,0,0
1985-07-19 09:00:00,9.5404,9.5404,0,0,0,0,0,0
1985-07-19 10:00:00,9.4182,9.4182,0,0,0,0,0,0
1985-07-19 11:00:00,8.6429,8.6429,0,0,0,0,0,0
1985-07-19 12:00:00,7.7385,7.7385,0,0,0,0,0,0
1985-07-19 13:00:00,7.0813,7.0813,0,0,0,0,0,0
1985-07-19 14:00:00,6.1824,6.1824,0,0,0,0,0,0
1985-07-19 15:00:00,5.5141,5.5141,0,0,0,0,0,0
1985-07-19 16:00:00,5.1857,5.1857,0,0,0,0,0,0
1985-07-19 17:00:00,4.4766,4.4766,0,0,0,0,0,0
1985-07-19 18:00:00,3.9233,3.9233,0,0,0,0,0,0
1985-07-19 19:00:00,3.8402,3.8402,0,0,0,0,0,0
1985-07-19 20:00:00,4.1073,4.1073,0,0,0,0,0,0
1985-07-19 21:00:00,4.4512,4.4512,0,0,0,0,0,0
1985-07-19 22:00:00,4.0362,4.0362,0,0,0,0,0,0
1985-07-19 23:00:00,4.2671,4.2671,0,0,0,0,0,0
1985-07-20 00:00:00,4.8783,4.8783,0,0,0,0,0,0
1985-07-20 01:00:00,5.1332,5.1332,0,0,0,0,0,0
1985-07-20 02:00:00,5.2671,5.2671,0,0,0,0,0,0
1985-07-20 03:00:00,5.0948,5.0948,0,0,0,0,0,0
1985-07-20 04:00:00,5.1311,5.1311,0,0,0,0,0,0
1985-07-20 05:00:00,5.5127,5.5127,0,0,0,0,0,0
1985-07-20 06:00:00,6.2559,6.2559,0,0,0,0,0,0
1985-07-20 07:00:00,7.4599,7.4599,0,0,0,0,0,0
1985-07-20 08:00:00,8.6982,8.6982,0,0,0,0,0,0
1985-07-20 09:00:00,8.697,8.697,0,0,0,0,0,0
1985-07-20 10:00:00,7.8881,7.8881,0,0,0,0,0,0
1985-07-20 11:00:00,7.4752,7.4752,0,0,0,0,0,0
1985-07-20 12:00:00,7.5855,7.5855,0,0,0,0,0,0
1985-07-20 13:00:00,7.2301,7.2301,0,0,0,0,0,0
1985-07-20 14:00:00,6.504,6.504,0,0,0,0,0,0
1985-07-20 15:00:00,6.0703,6.0703,0,0,0,0,0,0
1985-07-20 16:00:00,5.2312,5.2312,0,0,0,0,0,0
1985-07-20 17:00:00,4.2485,4.2485,0,0,0,0,0,0
1985-07-20 18:00:00,3.5418,3.5418,0,0,0,0,0,0
1985-07-20 19:00:00,3.3776,3.3776,0,0,0,0,0,0
1985-07-20 20:00:00,3.9142,3.9142,0,0,0,0,0,0
1985-07-20 21:00:00,4.1812,4.1812,0,0,0,0,0,0
1985-07-20 22:00:00,4.1724,4.1724,0,0,0,0,0,0
1985-07-20 23:00:00,4.0675,4.0675,0,0,0,0,0,0
1985-07-21 00:00:00,4.0457,4.0457,0,0,0,0,0,0
1985-07-21 01:00:00,4.6372,4.6372,0,0,0,0,0,0
1985-07-21 02:00:00,4.6132,4.6132,0,0,0,0,0,0
1985-07-21 03:00:00,4.3803,4.3803,0,0,0,0,0,0
1985-07-21 04:00:00,4.1756,4.1756,0,0,0,0,0,0
1985-07-21 05:00:00,3.991,3.991,0,0,0,0,0,0
1985-07-21 06:00:00,3.925,3.925,0,0,0,0,0,0
1985-07-21 07:00:00,3.8943,3.8943,0,0,0,0,0,0
1985-07-21 08:00:00,3.7632,3.7632,0,0,0,0,0,0
1985-07-21 09:00:00,3.7689,3.7689,0,0,0,0,0,0
1985-07-21 10:00:00,3.7298,3.7298,0,0,0,0,0,0
1985-07-21 11:00:00,3.4118,3.4118,0,0,0,0,0,0
1985-07-21 12:00:00,3.8331,3.8331,0,0,0,0,0,0
1985-07-21 13:00:00,4.3565,4.3565,0,0,0,0,0,0
1985-07-21 14:00:00,4.7303,4.7303,0,0,0,0,0,0
1985-07-21 15:00:00,5.2714,5.2714,0,0,0,0,0,0
1985-07-21 16:00:00,4.9203,4.9203,0,0,0,0,0,0
1985-07-21 17:00:00,5.0117,5.0117,0,0,0,0,0,0
1985-07-21 18:00:00,5.4924,5.4924,0,0,0,0,0,0
1985-07-21 19:00:00,5.7379,5.7379,0,0,0,0,0,0
1985-07-21 20:00:00,5.6914,5.6914,0,0,0,0,0,0
1985-07-21 21:00:00,5.6341,5.6341,0,0,0,0,0,0
1985-07-21 22:00:00,6.5814,6.5814,0,0,0,0,0,0
1985-07-21 23:00:00,6.9704,6.9704,0,0,0,0,0,0
1985-07-22 00:00:00,6.8774,6.8774,0,0,0,0,0,0
1985-07-22 01:00:00,6.5758,6.5758,0,0,0,0,0,0
1985-07-22 02:00:00,6.2251,6.2251,0,0,0,0,0,0
1985-07-22 03:00:00,5.8114,5.8114,0,0,0,0,0,0
1985-07-22 04:00:00,5.3207,5.3207,0,0,0,0,0,0
1985-07-22 05:00:00,5.1285,5.1285,0,0,0,0,0,0
1985-07-22 06:00:00,5.1419,5.1419,0,0,0,0,0,0
1985-07-22 07:00:00,4.8487,4.8487,0,0,0,0,0,0
1985-07-22 08:00:00,4.0505,4.0505,0,0,0,0,0,0
1985-07-22 09:00:00,3.3478,3.3478,0,0,0,0,0,0
1985-07-22 10:00:00,3.695,3.695,0,0,0,0,0,0
1985-07-22 11:00:00,3.6611,3.6611,0,0,0,0,0,0
1985-07-22 12:00:00,3.4675,3.4675,0,0,0,0,0,0
1985-07-22 13:00:00,3.1331,3.1331,0,0,0,0,0,0
1985-07-22 14:00:00,2.0969,2.0969,0,0,0,0,0,0
1985-07-22 15:00:00,1.086,1.086,0,0,0,0,0,0
1985-07-22 16:00:00,0.5351,0.5351,0,0,0,0,0,0
1985-07-22 17:00:00,0.2213,0.2213,0,0,0,0,0,0
1985-07-22 18:00:00,0.6528,0.6528,0,0,0,0,0,0
1985-07-22 19:00:00,1.3882,1.3882,0,0,0,0,0,0
1985-07-22 20:00:00,1.8022,1.8022,0,0,0,0,0,0
1985-07-22 21:00:00,1.9694,1.9694,0,0,0,0,0,0
1985-07-22 22:00:00,1.9259,1.9259,0,0,0,0,0,0
1985-07-22 23:00:00,2.2653,2.2653,0,0,0,0,0,0
1985-07-23 00:00:00,2.9693,2.9693,0,0,0,0,0,0
1985-07-23 01:00:00,3.3414,3.3414,0,0,0,0,0,0
1985-07-23 02:00:00,3.05,3.05,0,0,0,0,0,0
1985-07-23 03:00:00,2.8419,2.8419,0,0,0,0,0,0
1985-07-23 04:00:00,2.5348,2.5348,0,0,0,0,0,0
1985-07-23 05:00:00,2.608,2.608,0,0,0,0,0,0
1985-07-23 06:00:00,2.5567,2.5567,0,0,0,0,0,0
1985-07-23 07:00:00,2.5829,2.5829,0,0,0,0,0,0
1985-07-23 08:00:00,3.1404,3.1404,0,0,0,0,0,0
1985-07-23 09:00:00,3.8001,3.8001,0,0,0,0,0,0
1985-07-23 10:00:00,4.6506,4.6506,0,0,0,0,0,0
1985-07-23 11:00:00,5.2294,5.2294,0,0,0,0,0,0
1985-07-23 12:00:00,5.5782,5.5782,0,0,0,0,0,0
1985-07-23 13:00:00,5.9874,5.9874,0,0,0,0,0,0
1985-07-23 14:00:00,6.1492,6.1492,0,0,0,0,0,0
1985-07-23 15:00:00,5.9034,5.9034,0,0,0,0,0,0
1985-07-23 16:00:00,5.8751,5.8751,0,0,0,0,0,0
1985-07-23 17:00:00,6.133,6.133,0,0,0,0,0,0
1985-07-23 18:00:00,6.3912,6.3912,0,0,0,0,0,0
1985-07-23 19:00:00,5.9103,5.9103,0,0,0,0,0,0
1985-07-23 20:00:00,5.3857,5.3857,0,0,0,0,0,0
1985-07-23 21:00:00,4.7706,4.7706,0,0,0,0,0,0
1985-07-23 22:00:00,4.5919,4.5919,0,0,0,0,0,0
1985-07-23 23:00:00,3.9202,3.9202,0,0,0,0,0,0
1985-07-24 00:00:00,3.4463,3.4463,0,0,0,0,0,0
1985-07-24 01:00:00,3.3805,3.3805,0,0,0,0,0,0
1985-07-24 02:00:00,3.3742,3.3742,0,0,0,0,0,0
1985-07-24 03:00:00,3.2836,3.2836,0,0,0,0,0,0
1985-07-24 04:00:00,2.5928,2.5928,0,0,0,0,0,0
1985-07-24 05:00:00,1.8379,1.8379,0,0,0,0,0,0
1985-07-24 06:00:00,1.1178,1.1178,0,0,0,0,0,0
1985-07-24 07:00:00,0.6219,0.6219,0,0,0,0,0,0
1985-07-24 08:00:00,0.6636,0.6636,0,0,0,0,0,0
1985-07-24 09:00:00,0.9104,0.9104,0,0,0,0,0,0
1985-07-24 10:00:00,1.2913,1.2913,0,0,0,0,0,0
1985-07-24 11:00:00,1.6439,1.6439,0,0,0,0,0,0
1985-07-24 12:00:00,1.9765,1.9765,0,0,0,0,0,0
1985-07-24 13:00:00,2.2151,2.2151,0,0,0,0,0,0
1985-07-24 14:00:00,2.1116,2.1116,0,0,0,0,0,0
1985-07-24 15:00:00,1.9483,1.9483,0,0,0,0,0,0
1985-07-24 16:00:00,1.9973,1.9973,0,0,0,0,0,0
1985-07-24 17:00:00,2.2254,2.2254,0,0,0,0,0,0
1985-07-24 18:00:00,2.2726,2.2726,0,0,0,0,0,0
1985-07-24 19:00:00,2.4473,2.4473,0,0,0,0,0,0
1985-07-24 20:00:00,2.7384,2.7384,0,0,0,0,0,0
1985-07-24 21:00:00,2.6248,2.6248,0,0,0,0,0,0
1985-07-24 22:00:00,1.6211,1.6211,0,0,0,0,0,0
1985-07-24 23:00:00,1.3549,1.3549,0,0,0,0,0,0
1985-07-25 00:00:00,1.4754,1.4754,0,0,0,0,0,0
1985-07-25 01:00:00,1.3168,1.3168,0,0,0,0,0,0
1985-07-25 02:00:00,1.2312,1.2312,0,0,0,0,0,0
1985-07-25 03:00:00,1.0431,1.0431,0,0,0,0,0,0
1985-07-25 04:00:00,0.8722,0.8722,0,0,0,0,0,0
1985-07-25 05:00:00,0.7721,0.7721,0,0,0,0,0,0
1985-07-25 06:00:00,0.7935,0.7935,0,0,0,0,0,0
1985-07-25 07:00:00,1.1375,1.1375,0,0,0,0,0,0
1985-07-25 08:00:00,1.0988,1.0988,0,0,0,0,0,0
1985-07-25 09:00:00,1.2774,1.2774,0,0,0,0,0,0
1985-07-25 10:00:00,1.5399,1.5399,0,0,0,0,0,0
1985-07-25 11:00:00,1.399,1.399,0,0,0,0,0,0
1985-07-25 12:00:00,1.6493,1.6493,0,0,0,0,0,0
1985-07-25 13:00:00,1.705,1.705,0,0,0,0,0,0
1985-07-25 14:00:00,1.2733,1.2733,0,0,0,0,0,0
1985-07-25 15:00:00,1.4584,1.4584,0,0,0,0,0,0
1985-07-25 16:00:00,1.6129,1.6129,0,0,0,0,0,0
1985-07-25 17:00:00,1.923,1.923,0,0,0,0,0,0
1985-07-25 18:00:00,2.8853,2.8853,0,0,0,0,0,0
1985-07-25 19:00:00,3.2618,3.2618,0,0,0,0,0,0
1985-07-25 20:00:00,3.7023,3.7023,0,0,0,0,0,0
1985-07-25 21:00:00,4.0896,4.0896,0,0,0,0,0,0
1985-07-25 22:00:00,3.0092,3.0092,0,0,0,0,0,0
1985-07-25 23:00:00,1.8581,1.8581,0,0,0,0,0,0
1985-07-26 00:00:00,1.2295,1.2295,0,0,0,0,0,0
1985-07-26 01:00:00,1.4465,1.4465,0,0,0,0,0,0
1985-07-26 02:00:00,2.0642,2.0642,0,0,0,0,0,0
1985-07-26 03:00:00,2.6692,2.6692,0,0,0,0,0,0
1985-07-26 04:00:00,2.883,2.883,0,0,0,0,0,0
1985-07-26 05:00:00,2.6085,2.6085,0,0,0,0,0,0
1985-07-26 06:00:00,2.3334,2.3334,0,0,0,0,0,0
1985-07-26 07:00:00,2.8948,2.8948,0,0,0,0,0,0
1985-07-26 08:00:00,3.7321,3.7321,0,0,0,0,0,0
1985-07-26 09:00:00,4.2798,4.2798,0,0,0,0,0,0
1985-07-26 10:00:00,3.6742,3.6742,0,0,0,0,0,0
1985-07-26 11:00:00,4.3852,4.3852,0,0,0,0,0,0
1985-07-26 12:00:00,5.3132,5.3132,0,0,0,0,0,0
1985-07-26 13:00:00,5.9158,5.9158,0,0,0,0,0,0
1985-07-26 14:00:00,6.3998,6.3998,0,0,0,0,0,0
1985-07-26 15:00:00,7.7075,7.7075,0,0,0,0,0,0
1985-07-26 16:00:00,8.0491,8.0491,0,0,0,0,0,0
1985-07-26 17:00:00,8.071,8.071,0,0,0,0,0,0
1985-07-26 18:00:00,8.2876,8.2876,0,0,0,0,0,0
1985-07-26 19:00:00,8.1534,8.1534,0,0,0,0,0,0
1985-07-26 20:00:00,6.1716,6.1716,0,0,0,0,0,0
1985-07-26 21:00:00,3.8991,3.8991,0,0,0,0,0,0
1985-07-26 22:00:00,3.5095,3.5095,0,0,0,0,0,0
1985-07-26 23:00:00,3.1708,3.1708,0,0,0,0,0,0
1985-07-27 00:00:00,2.116,2.116,0,0,0,0,0,0
1985-07-27 01:00:00,0.3201,0.3201,0,0,0,0,0,0
1985-07-27 02:00:00,1.5071,1.5071,0,0,0,0,0,0
1985-07-27 03:00:00,2.1844,2.1844,0,0,0,0,0,0
1985-07-27 04:00:00,3.1231,3.1231,0,0,0,0,0,0
1985-07-27 05:00:00,4.3386,4.3386,0,0,0,0,0,0
1985-07-27 06:00:00,5.5284,5.5284,0,0,0,0,0,0
1985-07-27 07:00:00,6.2028,6.2028,0,0,0,0,0,0
1985-07-27 08:00:00,5.7819,5.7819,0,0,0,0,0,0
1985-07-27 09:00:00,4.7173,4.7173,0,0,0,0,0,0
1985-07-27 10:00:00,3.0758,3.0758,0,0,0,0,0,0
1985-07-27 11:00:00,1.7179,1.7179,0,0,0,0,0,0
1985-07-27 12:00:00,1.2743,1.2743,0,0,0,0,0,0
1985-07-27 13:00:00,2.0341,2.0341,0,0,0,0,0,0
1985-07-27 14:00:00,2.8995,2.8995,0,0,0,0,0,0
1985-07-27 15:00:00,3.6792,3.6792,0,0,0,0,0,0
1985-07-27 16:00:00,3.8523,3.8523,0,0,0,0,0,0
1985-07-27 17:00:00,3.1087,3.1087,0,0,0,0,0,0
1985-07-27 18:00:00,2.2564,2.2564,0,0,0,0,0,0
1985-07-27 19:00:00,2.4677,2.4677,0,0,0,0,0,0
1985-07-27 20:00:00,5.4066,5.4066,0,0,0,0,0,0
1985-07-27 21:00:00,6.3823,6.3823,0,0,0,0,0,0
1985-07-27 22:00:00,6.2765,6.2765,0,0,0,0,0,0
1985-07-27 23:00:00,5.5903,5.5903,0,0,0,0,0,0
1985-07-28 00:00:00,4.778,4.778,0,0,0,0,0,0
1985-07-28 01:00:00,4.1,4.1,0,0,0,0,0,0
1985-07-28 02:00:00,3.8401,3.8401,0,0,0,0,0,0
1985-07-28 03:00:00,3.5401,3.5401,0,0,0,0,0,0
1985-07-28 04:00:00,3.4188,3.4188,0,0,0,0,0,0
1985-07-28 05:00:00,3.5485,3.5485,0,0,0,0,0,0
1985-07-28 06:00:00,3.6561,3.6561,0,0,0,0,0,0
1985-07-28 07:00:00,3.3141,3.3141,0,0,0,0,0,0
1985-07-28 08:00:00,2.7448,2.7448,0,0,0,0,0,0
1985-07-28 09:00:00,2.0527,2.0527,0,0,0,0,0,0
1985-07-28 10:00:00,0.9196,0.9196,0,0,0,0,0,0
1985-07-28 11:00:00,0.515,0.515,0,0,0,0,0,0
1985-07-28 12:00:00,1.1912,1.1912,0,0,0,0,0,0
1985-07-28 13:00:00,2.0472,2.0472,0,0,0,0,0,0
1985-07-28 14:00:00,3.0381,3.0381,0,0,0,0,0,0
1985-07-28 15:00:00,4.3382,4.3382,0,0,0,0,0,0
1985-07-28 16:00:00,5.054,5.054,0,0,0,0,0,0
1985-07-28 17:00:00,5.3598,5.3598,0,0,0,0,0,0
1985-07-28 18:00:00,5.7644,5.7644,0,0,0,0,0,0
1985-07-28 19:00:00,6.6927,6.6927,0,0,0,0,0,0
1985-07-28 20:00:00,7.5065,7.5065,0,0,0,0,0,0
1985-07-28 21:00:00,7.7704,7.7704,0,0,0,0,0,0
1985-07-28 22:00:00,7.4249,7.4249,0,0,0,0,0,0
1985-07-28 23:00:00,6.4618,6.4618,0,0,0,0,0,0
1985-07-29 00:00:00,5.4078,5.4078,0,0,0,0,0,0
1985-07-29 01:00:00,4.9719,4.9719,0,0,0,0,0,0
1985-07-29 02:00:00,5.8196,5.8196,0,0,0,0,0,0
1985-07-29 03:00:00,6.62,6.62,0,0,0,0,0,0
1985-07-29 04:00:00,6.3862,6.3862,0,0,0,0,0,0
1985-07-29 05:00:00,5.6253,5.6253,0,0,0,0,0,0
1985-07-29 06:00:00,5.2249,5.2249,0,0,0,0,0,0
1985-07-29 07:00:00,5.4719,5.4719,0,0,0,0,0,0
1985-07-29 08:00:00,5.3095,5.3095,0,0,0,0,0,0
1985-07-29 09:00:00,4.5315,4.5315,0,0,0,0,0,0
1985-07-29 10:00:00,3.6893,3.6893,0,0,0,0,0,0
1985-07-29 11:00:00,3.8966,3.8966,0,0,0,0,0,0
1985-07-29 12:00:00,4.1496,4.1496,0,0,0,0,0,0
1985-07-29 13:00:00,5.0856,5.0856,0,0,0,0,0,0
1985-07-29 14:00:00,5.8519,5.8519,0,0,0,0,0,0
1985-07-29 15:00:00,5.899,5.899,0,0,0,0,0,0
1985-07-29 16:00:00,5.5009,5.5009,0,0,0,0,0,0
1985-07-29 17:00:00,4.2361,4.2361,0,0,0,0,0,0
1985-07-29 18:00:00,4.5854,4.5854,0,0,0,0,0,0
1985-07-29 19:00:00,6.1827,6.1827,0,0,0,0,0,0
1985-07-29 20:00:00,7.843,7.843,0,0,0,0,0,0
1985-07-29 21:00:00,8.121,8.121,0,0,0,0,0,0
1985-07-29 22:00:00,6.615,6.615,0,0,0,0,0,0
1985-07-29 23:00:00,6.6753,6.6753,0,0,0,0,0,0
1985-07-30 00:00:00,5.9414,5.9414,0,0,0,0,0,0
1985-07-30 01:00:00,5.0847,5.0847,0,0,0,0,0,0
1985-07-30 02:00:00,4.8547,4.8547,0,0,0,0,0,0
1985-07-30 03:00:00,5.1014,5.1014,0,0,0,0,0,0
1985-07-30 04:00:00,5.6463,5.6463,0,0,0,0,0,0
1985-07-30 05:00:00,5.8709,5.8709,0,0,0,0,0,0
1985-07-30 06:00:00,5.8451,5.8451,0,0,0,0,0,0
1985-07-30 07:00:00,5.9505,5.9505,0,0,0,0,0,0
1985-07-30 08:00:00,6.3575,6.3575,0,0,0,0,0,0
1985-07-30 09:00:00,6.539,6.539,0,0,0,0,0,0
1985-07-30 10:00:00,6.3744,6.3744,0,0,0,0,0,0
1985-07-30 11:00:00,6.231,6.231,0,0,0,0,0,0
1985-07-30 12:00:00,7.1937,7.1937,0,0,0,0,0,0
1985-07-30 13:00:00,8.7629,8.7629,0,0,0,0,0,0
1985-07-30 14:00:00,9.9238,9.9238,0,0,0,0,0,0
1985-07-30 15:00:00,10.6017,10.6017,0,0,0,0,0,0
1985-07-30 16:00:00,11.0777,11.0777,0,0,0,0,0,0
1985-07-30 17:00:00,11.6951,11.6951,0,0,0,0,0,0
1985-07-30 18:00:00,12.0022,12.0022,0,0,0,0,0,0
1985-07-30 19:00:00,12.107,12.107,0,0,0,0,0,0
1985-07-30 20:00:00,12.8514,12.8514,0,0,0,0,0,0
1985-07-30 21:00:00,12.9387,12.9387,0,0,0,0,0,0
1985-07-30 22:00:00,12.5513,12.5513,0,0,0,0,0,0
1985-07-30 23:00:00,12.0672,12.0672,0,0,0,0,0,0
1985-07-31 00:00:00,12.0375,12.0375,0,0,0,0,0,0
1985-07-31 01:00:00,11.8754,11.8754,0,0,0,0,0,0
1985-07-31 02:00:00,11.8172,11.8172,0,0,0,0,0,0
1985-07-31 03:00:00,12.1604,12.1604,0,0,0,0,0,0
1985-07-31 04:00:00,12.3235,12.3235,0,0,0,0,0,0
1985-07-31 05:00:00,12.5638,12.5638,0,0,0,0,0,0
1985-07-31 06:00:00,12.9505,12.9505,0,0,0,0,0,0
1985-07-31 07:00:00,12.9862,12.9862,0,0,0,0,0,0
1985-07-31 08:00:00,12.725,12.725,0,0,0,0,0,0
1985-07-31 09:00:00,12.2192,12.2192,0,0,0,0,0,0
1985-07-31 10:00:00,11.9115,11.9115,0,0,0,0,0,0
1985-07-31 11:00:00,11.6471,11.6471,0,0,0,0,0,0
1985-07-31 12:00:00,11.5669,11.5669,0,0,0,0,0,0
1985-07-31 13:00:00,11.3023,11.3023,0,0,0,0,0,0
1985-07-31 14:00:00,11.1851,11.1851,0,0,0,0,0,0
1985-07-31 15:00:00,10.8435,10.8435,0,0,0,0,0,0
1985-07-31 16:00:00,10.4712,10.4712,0,0,0,0,0,0
1985-07-31 17:00:00,9.9105,9.9105,0,0,0,0,0,0
1985-07-31 18:00:00,9.514,9.514,0,0,0,0,0,0
1985-07-31 19:00:00,9.0859,9.0859,0,0,0,0,0,0
1985-07-31 20:00:00,8.525,8.525,0,0,0,0,0,0
1985-07-31 21:00:00,8.1085,8.1085,0,0,0,0,0,0
1985-07-31 22:00:00,8.0421,8.0421,0,0,0,0,0,0
1985-07-31 23:00:00,7.8887,7.8887,0,0,0,0,0,0
1985-08-01 00:00:00,8.0067,8.0067,0,0,0,0,0,0
1985-08-01 01:00:00,7.9123,7.9123,0,0,0,0,0,0
1985-08-01 02:00:00,7.6996,7.6996,0,0,0,0,0,0
1985-08-01 03:00:00,7.5912,7.5912,0,0,0,0,0,0
1985-08-01 04:00:00,7.6657,7.6657,0,0,0,0,0,0
1985-08-01 05:00:00,7.2885,7.2885,0,0,0,0,0,0
1985-08-01 06:00:00,6.952,6.952,0,0,0,0,0,0
1985-08-01 07:00:00,6.8365,6.8365,0,0,0,0,0,0
1985-08-01 08:00:00,6.921,6.921,0,0,0,0,0,0
1985-08-01 09:00:00,6.9286,6.9286,0,0,0,0,0,0
1985-08-01 10:00:00,7.1615,7.1615,0,0,0,0,0,0
1985-08-01 11:00:00,6.4365,6.4365,0,0,0,0,0,0
1985-08-01 12:00:00,5.7741,5.7741,0,0,0,0,0,0
1985-08-01 13:00:00,5.0582,5.0582,0,0,0,0,0,0
1985-08-01 14:00:00,4.753,4.753,0,0,0,0,0,0
1985-08-01 15:00:00,4.9891,4.9891,0,0,0,0,0,0
1985-08-01 16:00:00,4.9439,4.9439,0,0,0,0,0,0
1985-08-01 17:00:00,4.7725,4.7725,0,0,0,0,0,0
1985-08-01 18:00:00,4.6771,4.6771,0,0,0,0,0,0
1985-08-01 19:00:00,4.3228,4.3228,0,0,0,0,0,0
1985-08-01 20:00:00,3.6661,3.6661,0,0,0,0,0,0
1985-08-01 21:00:00,3.4068,3.4068,0,0,0,0,0,0
1985-08-01 22:00:00,3.2156,3.2156,0,0,0,0,0,0
1985-08-01 23:00:00,3.0443,3.0443,0,0,0,0,0,0
1985-08-02 00:00:00,1.9307,1.9307,0,0,0,0,0,0
1985-08-02 01:00:00,2.1203,2.1203,0,0,0,0,0,0
1985-08-02 02:00:00,2.7552,2.7552,0,0,0,0,0,0
1985-08-02 03:00:00,4.2787,4.2787,0,0,0,0,0,0
1985-08-02 04:00:00,4.0983,4.0983,0,0,0,0,0,0
1985-08-02 05:00:00,5.0374,5.0374,0,0,0,0,0,0
1985-08-02 06:00:00,6.2083,6.2083,0,0,0,0,0,0
1985-08-02 07:00:00,7.1412,7.1412,0,0,0,0,0,0
1985-08-02 08:00:00,8.5268,8.5268,0,0,0,0,0,0
1985-08-02 09:00:00,9.7553,9.7553,0,0,0,0,0,0
1985-08-02 10:00:00,9.63,9.63,0,0,0,0,0,0
1985-08-02 11:00:00,10.6621,10.6621,0,0,0,0,0,0
1985-08-02 12:00:00,11.7234,11.7234,0,0,0,0,0,0
1985-08-02 13:00:00,12.782,12.782,0,0,0,0,0,0
1985-08-02 14:00:00,13.9795,13.9795,0,0,0,0,0,0
1985-08-02 15:00:00,15.1396,15.1396,0,0,0,0,0,0
1985-08-02 16:00:00,15.718,15.718,0,0,0,0,0,0
1985-08-02 17:00:00,16.0571,16.0571,0,0,0,0,0,0
1985-08-02 18:00:00,16.1534,16.1534,0,0,0,0,0,0
1985-08-02 19:00:00,15.2283,15.2283,0,0,0,0,0,0
1985-08-02 20:00:00,14.264,14.264,0,0,0,0,0,0
1985-08-02 21:00:00,12.3945,12.3945,0,0,0,0,0,0
1985-08-02 22:00:00,10.8071,10.8071,0,0,0,0,0,0
1985-08-02 23:00:00,9.9516,9.9516,0,0,0,0,0,0
1985-08-03 00:00:00,9.1,9.1,0,0,0,0,0,0
1985-08-03 01:00:00,9.2635,9.2635,0,0,0,0,0,0
1985-08-03 02:00:00,8.9671,8.9671,0,0,0,0,0,0
1985-08-03 03:00:00,8.5316,8.5316,0,0,0,0,0,0
1985-08-03 04:00:00,7.7591,7.7591,0,0,0,0,0,0
1985-08-03 05:00:00,7.8918,7.8918,0,0,0,0,0,0
1985-08-03 06:00:00,8.1982,8.1982,0,0,0,0,0,0
1985-08-03 07:00:00,8.9024,8.9024,0,0,0,0,0,0
1985-08-03 08:00:00,8.9569,8.9569,0,0,0,0,0,0
1985-08-03 09:00:00,8.3565,8.3565,0,0,0,0,0,0
1985-08-03 10:00:00,7.4749,7.4749,0,0,0,0,0,0
1985-08-03 11:00:00,7.2388,7.2388,0,0,0,0,0,0
1985-08-03 12:00:00,7.0648,7.0648,0,0,0,0,0,0
1985-08-03 13:00:00,6.9812,6.9812,0,0,0,0,0,0
1985-08-03 14:00:00,7.3716,7.3716,0,0,0,0,0,0
1985-08-03 15:00:00,7.6654,7.6654,0,0,0,0,0,0
1985-08-03 16:00:00,7.8836,7.8836,0,0,0,0,0,0
1985-08-03 17:00:00,7.8312,7.8312,0,0,0,0,0,0
1985-08-03 18:00:00,6.8218,6.8218,0,0,0,0,0,0
1985-08-03 19:00:00,5.9755,5.9755,0,0,0,0,0,0
1985-08-03 20:00:00,5.4391,5.4391,0,0,0,0,0,0
1985-08-03 21:00:00,4.8221,4.8221,0,0,0,0,0,0
1985-08-03 22:00:00,4.9784,4.9784,0,0,0,0,0,0
1985-08-03 23:00:00,5.3818,5.3818,0,0,0,0,0,0
1985-08-04 00:00:00,5.7226,5.7226,0,0,0,0,0,0
1985-08-04 01:00:00,5.8488,5.8488,0,0,0,0,0,0
1985-08-04 02:00:00,5.4823,5.4823,0,0,0,0,0,0
1985-08-04 03:00:00,5.0295,5.0295,0,0,0,0,0,0
1985-08-04 04:00:00,4.7179,4.7179,0,0,0,0,0,0
1985-08-04 05:00:00,4.3616,4.3616,0,0,0,0,0,0
1985-08-04 06:00:00,4.1424,4.1424,0,0,0,0,0,0
1985-08-04 07:00:00,4.579,4.579,0,0,0,0,0,0
1985-08-04 08:00:00,5.3886,5.3886,0,0,0,0,0,0
1985-08-04 09:00:00,5.8657,5.8657,0,0,0,0,0,0
1985-08-04 10:00:00,6.3503,6.3503,0,0,0,0,0,0
1985-08-04 11:00:00,6.5475,6.5475,0,0,0,0,0,0
1985-08-04 12:00:00,6.7356,6.7356,0,0,0,0,0,0
1985-08-04 13:00:00,6.8706,6.8706,0,0,0,0,0,0
1985-08-04 14:00:00,6.723,6.723,0,0,0,0,0,0
1985-08-04 15:00:00,6.3913,6.3913,0,0,0,0,0,0
1985-08-04 16:00:00,5.9048,5.9048,0,0,0,0,0,0
1985-08-04 17:00:00,5.7164,5.7164,0,0,0,0,0,0
1985-08-04 18:00:00,5.9361,5.9361,0,0,0,0,0,0
1985-08-04 19:00:00,5.5861,5.5861,0,0,0,0,0,0
1985-08-04 20:00:00,5.2453,5.2453,0,0,0,0,0,0
1985-08-04 21:00:00,5.491,5.491,0,0,0,0,0,0
1985-08-04 22:00:00,5.9097,5.9097,0,0,0,0,0,0
1985-08-04 23:00:00,6.0346,6.0346,0,0,0,0,0,0
1985-08-05 00:00:00,5.9741,5.9741,0,0,0,0,0,0
1985-08-05 01:00:00,5.7687,5.7687,0,0,0,0,0,0
1985-08-05 02:00:00,5.3653,5.3653,0,0,0,0,0,0
1985-08-05 03:00:00,5.116,5.116,0,0,0,0,0,0
1985-08-05 04:00:00,4.77,4.77,0,0,0,0,0,0
1985-08-05 05:00:00,4.155,4.155,0,0,0,0,0,0
1985-08-05 06:00:00,3.6006,3.6006,0,0,0,0,0,0
1985-08-05 07:00:00,3.3426,3.3426,0,0,0,0,0,0
1985-08-05 08:00:00,4.0893,4.0893,0,0,0,0,0,0
1985-08-05 09:00:00,5.468,5.468,0,0,0,0,0,0
1985-08-05 10:00:00,6.1178,6.1178,0,0,0,0,0,0
1985-08-05 11:00:00,7.5637,7.5637,0,0,0,0,0,0
1985-08-05 12:00:00,9.4712,9.4712,0,0,0,0,0,0
1985-08-05 13:00:00,11.9795,11.9795,0,0,0,0,0,0
1985-08-05 14:00:00,13.3202,13.3202,0,0,0,0,0,0
1985-08-05 15:00:00,14.09,14.09,0,0,0,0,0,0
1985-08-05 16:00:00,14.3831,14.3831,0,0,0,0,0,0
1985-08-05 17:00:00,14.4592,14.4592,0,0,0,0,0,0
1985-08-05 18:00:00,13.4475,13.4475,0,0,0,0,0,0
1985-08-05 19:00:00,12.5024,12.5024,0,0,0,0,0,0
1985-08-05 20:00:00,11.9894,11.9894,0,0,0,0,0,0
1985-08-05 21:00:00,11.7773,11.7773,0,0,0,0,0,0
1985-08-05 22:00:00,11.9195,11.9195,0,0,0,0,0,0
1985-08-05 23:00:00,11.6659,11.6659,0,0,0,0,0,0
1985-08-06 00:00:00,11.0059,11.0059,0,0,0,0,0,0
1985-08-06 01:00:00,10.3373,10.3373,0,0,0,0,0,0
1985-08-06 02:00:00,9.6181,9.6181,0,0,0,0,0,0
1985-08-06 03:00:00,9.3655,9.3655,0,0,0,0,0,0
1985-08-06 04:00:00,9.12,9.12,0,0,0,0,0,0
1985-08-06 05:00:00,8.7316,8.7316,0,0,0,0,0,0
1985-08-06 06:00:00,8.2824,8.2824,0,0,0,0,0,0
1985-08-06 07:00:00,8.0784,8.0784,0,0,0,0,0,0
1985-08-06 08:00:00,8.007,8.007,0,0,0,0,0,0
1985-08-06 09:00:00,7.7575,7.7575,0,0,0,0,0,0
1985-08-06 10:00:00,8.6272,8.6272,0,0,0,0,0,0
1985-08-06 11:00:00,9.0323,9.0323,0,0,0,0,0,0
1985-08-06 12:00:00,10.6305,10.6305,0,0,0,0,0,0
1985-08-06 13:00:00,12.075,12.075,0,0,0,0,0,0
1985-08-06 14:00:00,13.9291,13.9291,0,0,0,0,0,0
1985-08-06 15:00:00,15.3954,15.3954,0,0,0,0,0,0
1985-08-06 16:00:00,16.3285,16.3285,0,0,0,0,0,0
1985-08-06 17:00:00,16.5034,16.5034,0,0,0,0,0,0
1985-08-06 18:00:00,16.6246,16.6246,0,0,0,0,0,0
1985-08-06 19:00:00,16.7294,16.7294,0,0,0,0,0,0
1985-08-06 20:00:00,17.1182,17.1182,0,0,0,0,0,0
1985-08-06 21:00:00,17.1074,17.1074,0,0,0,0,0,0
1985-08-06 22:00:00,17.0137,17.0137,0,0,0,0,0,0
1985-08-06 23:00:00,16.085,16.085,0,0,0,0,0,0
1985-08-07 00:00:00,15.2302,15.2302,0,0,0,0,0,0
1985-08-07 01:00:00,14.5238,14.5238,0,0,0,0,0,0
1985-08-07 02:00:00,14.119,14.119,0,0,0,0,0,0
1985-08-07 03:00:00,13.2511,13.2511,0,0,0,0,0,0
1985-08-07 04:00:00,12.275,12.275,0,0,0,0,0,0
1985-08-07 05:00:00,11.6883,11.6883,0,0,0,0,0,0
1985-08-07 06:00:00,11.2773,11.2773,0,0,0,0,0,0
1985-08-07 07:00:00,10.5847,10.5847,0,0,0,0,0,0
1985-08-07 08:00:00,9.7223,9.7223,0,0,0,0,0,0
1985-08-07 09:00:00,8.7883,8.7883,0,0,0,0,0,0
1985-08-07 10:00:00,8.2314,8.2314,0,0,0,0,0,0
1985-08-07 11:00:00,6.8734,6.8734,0,0,0,0,0,0
1985-08-07 12:00:00,5.6358,5.6358,0,0,0,0,0,0
1985-08-07 13:00:00,4.2426,4.2426,0,0,0,0,0,0
1985-08-07 14:00:00,3.4675,3.4675,0,0,0,0,0,0
1985-08-07 15:00:00,2.6186,2.6186,0,0,0,0,0,0
1985-08-07 16:00:00,2.423,2.423,0,0,0,0,0,0
1985-08-07 17:00:00,2.7618,2.7618,0,0,0,0,0,0
1985-08-07 18:00:00,2.9967,2.9967,0,0,0,0,0,0
1985-08-07 19:00:00,3.2453,3.2453,0,0,0,0,0,0
1985-08-07 20:00:00,3.6426,3.6426,0,0,0,0,0,0
1985-08-07 21:00:00,3.9518,3.9518,0,0,0,0,0,0
1985-08-07 22:00:00,4.1721,4.1721,0,0,0,0,0,0
1985-08-07 23:00:00,4.1614,4.1614,0,0,0,0,0,0
1985-08-08 00:00:00,4.7771,4.7771,0,0,0,0,0,0
1985-08-08 01:00:00,5.5688,5.5688,0,0,0,0,0,0
1985-08-08 02:00:00,6.3608,6.3608,0,0,0,0,0,0
1985-08-08 03:00:00,6.4608,6.4608,0,0,0,0,0,0
1985-08-08 04:00:00,6.2817,6.2817,0,0,0,0,0,0
1985-08-08 05:00:00,5.6383,5.6383,0,0,0,0,0,0
1985-08-08 06:00:00,5.0472,5.0472,0,0,0,0,0,0
1985-08-08 07:00:00,4.3118,4.3118,0,0,0,0,0,0
1985-08-08 08:00:00,3.2551,3.2551,0,0,0,0,0,0
1985-08-08 09:00:00,2.7167,2.7167,0,0,0,0,0,0
1985-08-08 10:00:00,2.6391,2.6391,0,0,0,0,0,0
1985-08-08 11:00:00,2.8031,2.8031,0,0,0,0,0,0
1985-08-08 12:00:00,2.4328,2.4328,0,0,0,0,0,0
1985-08-08 13:00:00,2.1819,2.1819,0,0,0,0,0,0
1985-08-08 14:00:00,1.4768,1.4768,0,0,0,0,0,0
1985-08-08 15:00:00,2.0752,2.0752,0,0,0,0,0,0
1985-08-08 16:00:00,3.0013,3.0013,0,0,0,0,0,0
1985-08-08 17:00:00,3.2554,3.2554,0,0,0,0,0,0
1985-08-08 18:00:00,4.5327,4.5327,0,0,0,0,0,0
1985-08-08 19:00:00,5.2424,5.2424,0,0,0,0,0,0
1985-08-08 20:00:00,5.2555,5.2555,0,0,0,0,0,0
1985-08-08 21:00:00,6.4075,6.4075,0,0,0,0,0,0
1985-08-08 22:00:00,9.1885,9.1885,0,0,0,0,0,0
1985-08-08 23:00:00,11.495,11.495,0,0,0,0,0,0
1985-08-09 00:00:00,12.3713,12.3713,0,0,0,0,0,0
1985-08-09 01:00:00,12.7761,12.7761,0,0,0,0,0,0
1985-08-09 02:00:00,13.0134,13.0134,0,0,0,0,0,0
1985-08-09 03:00:00,12.9224,12.9224,0,0,0,0,0,0
1985-08-09 04:00:00,13.5727,13.5727,0,0,0,0,0,0
1985-08-09 05:00:00,14.6015,14.6015,0,0,0,0,0,0
1985-08-09 06:00:00,15.2381,15.2381,0,0,0,0,0,0
1985-08-09 07:00:00,15.4536,15.4536,0,0,0,0,0,0
1985-08-09 08:00:00,15.2579,15.2579,0,0,0,0,0,0
1985-08-09 09:00:00,15.6653,15.6653,0,0,0,0,0,0
1985-08-09 10:00:00,15.4319,15.4319,0,0,0,0,0,0
1985-08-09 11:00:00,15.4735,15.4735,0,0,0,0,0,0
1985-08-09 12:00:00,15.8667,15.8667,0,0,0,0,0,0
1985-08-09 13:00:00,17.01,17.01,0,0,0,0,0,0
1985-08-09 14:00:00,16.9829,16.9829,0,0,0,0,0,0
1985-08-09 15:00:00,15.4203,15.4203,0,0,0,0,0,0
1985-08-09 16:00:00,13.9765,13.9765,0,0,0,0,0,0
1985-08-09 17:00:00,13.6138,13.6138,0,0,0,0,0,0
1985-08-09 18:00:00,13.8358,13.8358,0,0,0,0,0,0
1985-08-09 19:00:00,15.0496,15.0496,0,0,0,0,0,0
1985-08-09 20:00:00,16.1,16.1,0,0,0,0,0,0
1985-08-09 21:00:00,15.8111,15.8111,0,0,0,0,0,0
1985-08-09 22:00:00,14.0879,14.0879,0,0,0,0,0,0
1985-08-09 23:00:00,12.736,12.736,0,0,0,0,0,0
1985-08-10 00:00:00,11.8434,11.8434,0,0,0,0,0,0
1985-08-10 01:00:00,12.0955,12.0955,0,0,0,0,0,0
1985-08-10 02:00:00,12.3986,12.3986,0,0,0,0,0,0
1985-08-10 03:00:00,12.8305,12.8305,0,0,0,0,0,0
1985-08-10 04:00:00,12.9035,12.9035,0,0,0,0,0,0
1985-08-10 05:00:00,12.1234,12.1234,0,0,0,0,0,0
1985-08-10 06:00:00,10.6956,10.6956,0,0,0,0,0,0
1985-08-10 07:00:00,8.9839,8.9839,0,0,0,0,0,0
1985-08-10 08:00:00,7.5425,7.5425,0,0,0,0,0,0
1985-08-10 09:00:00,5.953,5.953,0,0,0,0,0,0
1985-08-10 10:00:00,4.4497,4.4497,0,0,0,0,0,0
1985-08-10 11:00:00,2.8597,2.8597,0,0,0,0,0,0
1985-08-10 12:00:00,2.6204,2.6204,0,0,0,0,0,0
1985-08-10 13:00:00,2.9247,2.9247,0,0,0,0,0,0
1985-08-10 14:00:00,1.9115,1.9115,0,0,0,0,0,0
1985-08-10 15:00:00,0.6717,0.6717,0,0,0,0,0,0
1985-08-10 16:00:00,0.8204,0.8204,0,0,0,0,0,0
1985-08-10 17:00:00,1.2119,1.2119,0,0,0,0,0,0
1985-08-10 18:00:00,1.7379,1.7379,0,0,0,0,0,0
1985-08-10 19:00:00,1.7919,1.7919,0,0,0,0,0,0
1985-08-10 20:00:00,2.2112,2.2112,0,0,0,0,0,0
1985-08-10 21:00:00,2.5598,2.5598,0,0,0,0,0,0
1985-08-10 22:00:00,4.0832,4.0832,0,0,0,0,0,0
1985-08-10 23:00:00,2.7265,2.7265,0,0,0,0,0,0
1985-08-11 00:00:00,1.5376,1.5376,0,0,0,0,0,0
1985-08-11 01:00:00,3.3614,3.3614,0,0,0,0,0,0
1985-08-11 02:00:00,6.7004,6.7004,0,0,0,0,0,0
1985-08-11 03:00:00,8.7652,8.7652,0,0,0,0,0,0
1985-08-11 04:00:00,8.615,8.615,0,0,0,0,0,0
1985-08-11 05:00:00,8.3184,8.3184,0,0,0,0,0,0
1985-08-11 06:00:00,7.4594,7.4594,0,0,0,0,0,0
1985-08-11 07:00:00,6.2351,6.2351,0,0,0,0,0,0
1985-08-11 08:00:00,5.3605,5.3605,0,0,0,0,0,0
1985-08-11 09:00:00,4.6742,4.6742,0,0,0,0,0,0
1985-08-11 10:00:00,3.8757,3.8757,0,0,0,0,0,0
1985-08-11 11:00:00,3.7463,3.7463,0,0,0,0,0,0
1985-08-11 12:00:00,3.4849,3.4849,0,0,0,0,0,0
1985-08-11 13:00:00,3.427,3.427,0,0,0,0,0,0
1985-08-11 14:00:00,3.9275,3.9275,0,0,0,0,0,0
1985-08-11 15:00:00,3.9183,3.9183,0,0,0,0,0,0
1985-08-11 16:00:00,3.2427,3.2427,0,0,0,0,0,0
1985-08-11 17:00:00,3.7826,3.7826,0,0,0,0,0,0
1985-08-11 18:00:00,4.447,4.447,0,0,0,0,0,0
1985-08-11 19:00:00,4.0406,4.0406,0,0,0,0,0,0
1985-08-11 20:00:00,4.9003,4.9003,0,0,0,0,0,0
1985-08-11 21:00:00,5.7639,5.7639,0,0,0,0,0,0
1985-08-11 22:00:00,6.7589,6.7589,0,0,0,0,0,0
1985-08-11 23:00:00,7.757,7.757,0,0,0,0,0,0
1985-08-12 00:00:00,7.9996,7.9996,0,0,0,0,0,0
1985-08-12 01:00:00,7.836,7.836,0,0,0,0,0,0
1985-08-12 02:00:00,8.2514,8.2514,0,0,0,0,0,0
1985-08-12 03:00:00,8.4242,8.4242,0,0,0,0,0,0
1985-08-12 04:00:00,8.5472,8.5472,0,0,0,0,0,0
1985-08-12 05:00:00,8.3213,8.3213,0,0,0,0,0,0
1985-08-12 06:00:00,8.6039,8.6039,0,0,0,0,0,0
1985-08-12 07:00:00,9.8378,9.8378,0,0,0,0,0,0
1985-08-12 08:00:00,13.2408,13.2408,0,0,0,0,0,0
1985-08-12 09:00:00,16.7022,16.7022,0,0,0,0,0,0
1985-08-12 10:00:00,17.1064,17.1064,0,0,0,0,0,0
1985-08-12 11:00:00,18.0804,18.0804,0,0,0,0,0,0
1985-08-12 12:00:00,18.9829,18.9829,0,0,0,0,0,0
1985-08-12 13:00:00,19.2721,19.2721,0,0,0,0,0,0
1985-08-12 14:00:00,19.7537,19.7537,0,0,0,0,0,0
1985-08-12 15:00:00,19.9357,19.9357,0,0,0,0,0,0
1985-08-12 16:00:00,20.8216,20.8216,0,0,0,0,0,0
1985-08-12 17:00:00,20.4394,20.4394,0,0,0,0,0,0
1985-08-12 18:00:00,19.9735,19.9735,0,0,0,0,0,0
1985-08-12 19:00:00,19.237,19.237,0,0,0,0,0,0
1985-08-12 20:00:00,18.2327,18.2327,0,0,0,0,0,0
1985-08-12 21:00:00,17.5929,17.5929,0,0,0,0,0,0
1985-08-12 22:00:00,17.4475,17.4475,0,0,0,0,0,0
1985-08-12 23:00:00,17.6566,17.6566,0,0,0,0,0,0
1985-08-13 00:00:00,17.7674,17.7674,0,0,0,0,0,0
1985-08-13 01:00:00,17.568,17.568,0,0,0,0,0,0
1985-08-13 02:00:00,17.3344,17.3344,0,0,0,0,0,0
1985-08-13 03:00:00,16.111,16.111,0,0,0,0,0,0
1985-08-13 04:00:00,14.6176,14.6176,0,0,0,0,0,0
1985-08-13 05:00:00,12.9079,12.9079,0,0,0,0,0,0
1985-08-13 06:00:00,11.5277,11.5277,0,0,0,0,0,0
1985-08-13 07:00:00,10.9249,10.9249,0,0,0,0,0,0
1985-08-13 08:00:00,11.1212,11.1212,0,0,0,0,0,0
1985-08-13 09:00:00,11.4908,11.4908,0,0,0,0,0,0
1985-08-13 10:00:00,10.9106,10.9106,0,0,0,0,0,0
1985-08-13 11:00:00,11.1546,11.1546,0,0,0,0,0,0
1985-08-13 12:00:00,11.4048,11.4048,0,0,0,0,0,0
1985-08-13 13:00:00,11.6857,11.6857,0,0,0,0,0,0
1985-08-13 14:00:00,12.0023,12.0023,0,0,0,0,0,0
1985-08-13 15:00:00,12.3419,12.3419,0,0,0,0,0,0
1985-08-13 16:00:00,12.0026,12.0026,0,0,0,0,0,0
1985-08-13 17:00:00,12.3164,12.3164,0,0,0,0,0,0
1985-08-13 18:00:00,12.4838,12.4838,0,0,0,0,0,0
1985-08-13 19:00:00,12.6471,12.6471,0,0,0,0,0,0
1985-08-13 20:00:00,12.8171,12.8171,0,0,0,0,0,0
1985-08-13 21:00:00,12.9669,12.9669,0,0,0,0,0,0
1985-08-13 22:00:00,13.3907,13.3907,0,0,0,0,0,0
1985-08-13 23:00:00,14.0394,14.0394,0,0,0,0,0,0
1985-08-14 00:00:00,13.9446,13.9446,0,0,0,0,0,0
1985-08-14 01:00:00,14.2093,14.2093,0,0,0,0,0,0
1985-08-14 02:00:00,14.0715,14.0715,0,0,0,0,0,0
1985-08-14 03:00:00,13.9427,13.9427,0,0,0,0,0,0
1985-08-14 04:00:00,14.3926,14.3926,0,0,0,0,0,0
1985-08-14 05:00:00,13.6776,13.6776,0,0,0,0,0,0
1985-08-14 06:00:00,13.0237,13.0237,0,0,0,0,0,0
1985-08-14 07:00:00,12.9829,12.9829,0,0,0,0,0,0
1985-08-14 08:00:00,12.0314,12.0314,0,0,0,0,0,0
1985-08-14 09:00:00,11.1188,11.1188,0,0,0,0,0,0
1985-08-14 10:00:00,10.9121,10.9121,0,0,0,0,0,0
1985-08-14 11:00:00,10.6206,10.6206,0,0,0,0,0,0
1985-08-14 12:00:00,10.2538,10.2538,0,0,0,0,0,0
1985-08-14 13:00:00,9.407,9.407,0,0,0,0,0,0
1985-08-14 14:00:00,8.2357,8.2357,0,0,0,0,0,0
1985-08-14 15:00:00,7.2062,7.2062,0,0,0,0,0,0
1985-08-14 16:00:00,5.6605,5.6605,0,0,0,0,0,0
1985-08-14 17:00:00,3.8907,3.8907,0,0,0,0,0,0
1985-08-14 18:00:00,3.3682,3.3682,0,0,0,0,0,0
1985-08-14 19:00:00,3.4223,3.4223,0,0,0,0,0,0
1985-08-14 20:00:00,4.8542,4.8542,0,0,0,0,0,0
1985-08-14 21:00:00,7.4774,7.4774,0,0,0,0,0,0
1985-08-14 22:00:00,8.9743,8.9743,0,0,0,0,0,0
1985-08-14 23:00:00,8.9089,8.9089,0,0,0,0,0,0
1985-08-15 00:00:00,8.0099,8.0099,0,0,0,0,0,0
1985-08-15 01:00:00,7.2191,7.2191,0,0,0,0,0,0
1985-08-15 02:00:00,7.1883,7.1883,0,0,0,0,0,0
1985-08-15 03:00:00,7.1724,7.1724,0,0,0,0,0,0
1985-08-15 04:00:00,7.264,7.264,0,0,0,0,0,0
1985-08-15 05:00:00,8.5221,8.5221,0,0,0,0,0,0
1985-08-15 06:00:00,8.6227,8.6227,0,0,0,0,0,0
1985-08-15 07:00:00,8.2523,8.2523,0,0,0,0,0,0
1985-08-15 08:00:00,8.3544,8.3544,0,0,0,0,0,0
1985-08-15 09:00:00,9.1175,9.1175,0,0,0,0,0,0
1985-08-15 10:00:00,9.2427,9.2427,0,0,0,0,0,0
1985-08-15 11:00:00,8.6293,8.6293,0,0,0,0,0,0
1985-08-15 12:00:00,8.4356,8.4356,0,0,0,0,0,0
1985-08-15 13:00:00,8.6568,8.6568,0,0,0,0,0,0
1985-08-15 14:00:00,8.7434,8.7434,0,0,0,0,0,0
1985-08-15 15:00:00,8.8168,8.8168,0,0,0,0,0,0
1985-08-15 16:00:00,9.1355,9.1355,0,0,0,0,0,0
1985-08-15 17:00:00,9.3415,9.3415,0,0,0,0,0,0
1985-08-15 18:00:00,9.3617,9.3617,0,0,0,0,0,0
1985-08-15 19:00:00,9.1287,9.1287,0,0,0,0,0,0
1985-08-15 20:00:00,9.1236,9.1236,0,0,0,0,0,0
1985-08-15 21:00:00,9.1331,9.1331,0,0,0,0,0,0
1985-08-15 22:00:00,9.7927,9.7927,0,0,0,0,0,0
1985-08-15 23:00:00,9.9822,9.9822,0,0,0,0,0,0
1985-08-16 00:00:00,10.2989,10.2989,0,0,0,0,0,0
1985-08-16 01:00:00,10.3226,10.3226,0,0,0,0,0,0
1985-08-16 02:00:00,10.2981,10.2981,0,0,0,0,0,0
1985-08-16 03:00:00,10.4576,10.4576,0,0,0,0,0,0
1985-08-16 04:00:00,10.5772,10.5772,0,0,0,0,0,0
1985-08-16 05:00:00,10.6009,10.6009,0,0,0,0,0,0
1985-08-16 06:00:00,10.4932,10.4932,0,0,0,0,0,0
1985-08-16 07:00:00,10.272,10.272,0,0,0,0,0,0
1985-08-16 08:00:00,10.2845,10.2845,0,0,0,0,0,0
1985-08-16 09:00:00,10.0887,10.0887,0,0,0,0,0,0
1985-08-16 10:00:00,9.9667,9.9667,0,0,0,0,0,0
1985-08-16 11:00:00,9.9897,9.9897,0,0,0,0,0,0
1985-08-16 12:00:00,10.1424,10.1424,0,0,0,0,0,0
1985-08-16 13:00:00,9.7485,9.7485,0,0,0,0,0,0
1985-08-16 14:00:00,8.8845,8.8845,0,0,0,0,0,0
1985-08-16 15:00:00,7.7756,7.7756,0,0,0,0,0,0
1985-08-16 16:00:00,7.1555,7.1555,0,0,0,0,0,0
1985-08-16 17:00:00,6.9176,6.9176,0,0,0,0,0,0
1985-08-16 18:00:00,7.0093,7.0093,0,0,0,0,0,0
1985-08-16 19:00:00,6.5495,6.5495,0,0,0,0,0,0
1985-08-16 20:00:00,6.378,6.378,0,0,0,0,0,0
1985-08-16 21:00:00,6.9353,6.9353,0,0,0,0,0,0
1985-08-16 22:00:00,5.8888,5.8888,0,0,0,0,0,0
1985-08-16 23:00:00,5.409,5.409,0,0,0,0,0,0
1985-08-17 00:00:00,4.9635,4.9635,0,0,0,0,0,0
1985-08-17 01:00:00,4.7506,4.7506,0,0,0,0,0,0
1985-08-17 02:00:00,4.1739,4.1739,0,0,0,0,0,0
1985-08-17 03:00:00,3.7211,3.7211,0,0,0,0,0,0
1985-08-17 04:00:00,3.7907,3.7907,0,0,0,0,0,0
1985-08-17 05:00:00,4.0018,4.0018,0,0,0,0,0,0
1985-08-17 06:00:00,4.0413,4.0413,0,0,0,0,0,0
1985-08-17 07:00:00,3.3716,3.3716,0,0,0,0,0,0
1985-08-17 08:00:00,2.227,2.227,0,0,0,0,0,0
1985-08-17 09:00:00,0.723,0.723,0,0,0,0,0,0
1985-08-17 10:00:00,1.3864,1.3864,0,0,0,0,0,0
1985-08-17 11:00:00,2.2699,2.2699,0,0,0,0,0,0
1985-08-17 12:00:00,2.845,2.845,0,0,0,0,0,0
1985-08-17 13:00:00,3.3325,3.3325,0,0,0,0,0,0
1985-08-17 14:00:00,4.1642,4.1642,0,0,0,0,0,0
1985-08-17 15:00:00,5.2107,5.2107,0,0,0,0,0,0
1985-08-17 16:00:00,5.8659,5.8659,0,0,0,0,0,0
1985-08-17 17:00:00,6.3176,6.3176,0,0,0,0,0,0
1985-08-17 18:00:00,6.582,6.582,0,0,0,0,0,0
1985-08-17 19:00:00,6.5058,6.5058,0,0,0,0,0,0
1985-08-17 20:00:00,6.2688,6.2688,0,0,0,0,0,0
1985-08-17 21:00:00,5.9129,5.9129,0,0,0,0,0,0
1985-08-17 22:00:00,5.3592,5.3592,0,0,0,0,0,0
1985-08-17 23:00:00,5.3292,5.3292,0,0,0,0,0,0
1985-08-18 00:00:00,5.4413,5.4413,0,0,0,0,0,0
1985-08-18 01:00:00,5.7768,5.7768,0,0,0,0,0,0
1985-08-18 02:00:00,6.0164,6.0164,0,0,0,0,0,0
1985-08-18 03:00:00,6.0274,6.0274,0,0,0,0,0,0
1985-08-18 04:00:00,6.0785,6.0785,0,0,0,0,0,0
1985-08-18 05:00:00,5.2056,5.2056,0,0,0,0,0,0
1985-08-18 06:00:00,4.1812,4.1812,0,0,0,0,0,0
1985-08-18 07:00:00,3.565,3.565,0,0,0,0,0,0
1985-08-18 08:00:00,3.4433,3.4433,0,0,0,0,0,0
1985-08-18 09:00:00,3.5174,3.5174,0,0,0,0,0,0
1985-08-18 10:00:00,2.5608,2.5608,0,0,0,0,0,0
1985-08-18 11:00:00,2.4431,2.4431,0,0,0,0,0,0
1985-08-18 12:00:00,2.4066,2.4066,0,0,0,0,0,0
1985-08-18 13:00:00,2.1956,2.1956,0,0,0,0,0,0
1985-08-18 14:00:00,1.9793,1.9793,0,0,0,0,0,0
1985-08-18 15:00:00,2.2449,2.2449,0,0,0,0,0,0
1985-08-18 16:00:00,2.6252,2.6252,0,0,0,0,0,0
1985-08-18 17:00:00,2.3821,2.3821,0,0,0,0,0,0
1985-08-18 18:00:00,1.9583,1.9583,0,0,0,0,0,0
1985-08-18 19:00:00,1.5642,1.5642,0,0,0,0,0,0
1985-08-18 20:00:00,1.314,1.314,0,0,0,0,0,0
1985-08-18 21:00:00,1.6134,1.6134,0,0,0,0,0,0
1985-08-18 22:00:00,2.9623,2.9623,0,0,0,0,0,0
1985-08-18 23:00:00,3.094,3.094,0,0,0,0,0,0
1985-08-19 00:00:00,3.5716,3.5716,0,0,0,0,0,0
1985-08-19 01:00:00,4.2712,4.2712,0,0,0,0,0,0
1985-08-19 02:00:00,4.5908,4.5908,0,0,0,0,0,0
1985-08-19 03:00:00,4.5673,4.5673,0,0,0,0,0,0
1985-08-19 04:00:00,4.247,4.247,0,0,0,0,0,0
1985-08-19 05:00:00,4.3918,4.3918,0,0,0,0,0,0
1985-08-19 06:00:00,5.1439,5.1439,0,0,0,0,0,0
1985-08-19 07:00:00,5.8049,5.8049,0,0,0,0,0,0
1985-08-19 08:00:00,5.9821,5.9821,0,0,0,0,0,0
1985-08-19 09:00:00,5.9044,5.9044,0,0,0,0,0,0
1985-08-19 10:00:00,5.5085,5.5085,0,0,0,0,0,0
1985-08-19 11:00:00,5.5298,5.5298,0,0,0,0,0,0
1985-08-19 12:00:00,5.3293,5.3293,0,0,0,0,0,0
1985-08-19 13:00:00,4.9048,4.9048,0,0,0,0,0,0
1985-08-19 14:00:00,4.2117,4.2117,0,0,0,0,0,0
1985-08-19 15:00:00,3.6218,3.6218,0,0,0,0,0,0
1985-08-19 16:00:00,3.4127,3.4127,0,0,0,0,0,0
1985-08-19 17:00:00,3.2307,3.2307,0,0,0,0,0,0
1985-08-19 18:00:00,3.1701,3.1701,0,0,0,0,0,0
1985-08-19 19:00:00,3.7732,3.7732,0,0,0,0,0,0
1985-08-19 20:00:00,4.2553,4.2553,0,0,0,0,0,0
1985-08-19 21:00:00,4.2338,4.2338,0,0,0,0,0,0
1985-08-19 22:00:00,4.2632,4.2632,0,0,0,0,0,0
1985-08-19 23:00:00,3.6375,3.6375,0,0,0,0,0,0
1985-08-20 00:00:00,3.5226,3.5226,0,0,0,0,0,0
1985-08-20 01:00:00,3.6673,3.6673,0,0,0,0,0,0
1985-08-20 02:00:00,3.9163,3.9163,0,0,0,0,0,0
1985-08-20 03:00:00,4.4915,4.4915,0,0,0,0,0,0
1985-08-20 04:00:00,5.2368,5.2368,0,0,0,0,0,0
1985-08-20 05:00:00,6.0965,6.0965,0,0,0,0,0,0
1985-08-20 06:00:00,7.0961,7.0961,0,0,0,0,0,0
1985-08-20 07:00:00,8.5069,8.5069,0,0,0,0,0,0
1985-08-20 08:00:00,9.8336,9.8336,0,0,0,0,0,0
1985-08-20 09:00:00,10.9598,10.9598,0,0,0,0,0,0
1985-08-20 10:00:00,12.6499,12.6499,0,0,0,0,0,0
1985-08-20 11:00:00,13.0196,13.0196,0,0,0,0,0,0
1985-08-20 12:00:00,12.9484,12.9484,0,0,0,0,0,0
1985-08-20 13:00:00,12.4703,12.4703,0,0,0,0,0,0
1985-08-20 14:00:00,11.4616,11.4616,0,0,0,0,0,0
1985-08-20 15:00:00,10.9867,10.9867,0,0,0,0,0,0
1985-08-20 16:00:00,10.5727,10.5727,0,0,0,0,0,0
1985-08-20 17:00:00,9.4202,9.4202,0,0,0,0,0,0
1985-08-20 18:00:00,9.2556,9.2556,0,0,0,0,0,0
1985-08-20 19:00:00,10.284,10.284,0,0,0,0,0,0
1985-08-20 20:00:00,11.2305,11.2305,0,0,0,0,0,0
1985-08-20 21:00:00,12.7094,12.7094,0,0,0,0,0,0
1985-08-20 22:00:00,13.3504,13.3504,0,0,0,0,0,0
1985-08-20 23:00:00,12.9559,12.9559,0,0,0,0,0,0
1985-08-21 00:00:00,12.0754,12.0754,0,0,0,0,0,0
1985-08-21 01:00:00,11.1264,11.1264,0,0,0,0,0,0
1985-08-21 02:00:00,10.1161,10.1161,0,0,0,0,0,0
1985-08-21 03:00:00,8.9054,8.9054,0,0,0,0,0,0
1985-08-21 04:00:00,7.9646,7.9646,0,0,0,0,0,0
1985-08-21 05:00:00,7.36,7.36,0,0,0,0,0,0
1985-08-21 06:00:00,6.735,6.735,0,0,0,0,0,0
1985-08-21 07:00:00,5.7922,5.7922,0,0,0,0,0,0
1985-08-21 08:00:00,4.1791,4.1791,0,0,0,0,0,0
1985-08-21 09:00:00,2.955,2.955,0,0,0,0,0,0
1985-08-21 10:00:00,3.2154,3.2154,0,0,0,0,0,0
1985-08-21 11:00:00,2.3494,2.3494,0,0,0,0,0,0
1985-08-21 12:00:00,2.8976,2.8976,0,0,0,0,0,0
1985-08-21 13:00:00,4.2425,4.2425,0,0,0,0,0,0
1985-08-21 14:00:00,6.0223,6.0223,0,0,0,0,0,0
1985-08-21 15:00:00,7.3207,7.3207,0,0,0,0,0,0
1985-08-21 16:00:00,7.8145,7.8145,0,0,0,0,0,0
1985-08-21 17:00:00,8.3349,8.3349,0,0,0,0,0,0
1985-08-21 18:00:00,8.7328,8.7328,0,0,0,0,0,0
1985-08-21 19:00:00,8.6196,8.6196,0,0,0,0,0,0
1985-08-21 20:00:00,7.8281,7.8281,0,0,0,0,0,0
1985-08-21 21:00:00,7.4644,7.4644,0,0,0,0,0,0
1985-08-21 22:00:00,7.18,7.18,0,0,0,0,0,0
1985-08-21 23:00:00,6.7053,6.7053,0,0,0,0,0,0
1985-08-22 00:00:00,5.7825,5.7825,0,0,0,0,0,0
1985-08-22 01:00:00,4.6673,4.6673,0,0,0,0,0,0
1985-08-22 02:00:00,4.507,4.507,0,0,0,0,0,0
1985-08-22 03:00:00,4.4196,4.4196,0,0,0,0,0,0
1985-08-22 04:00:00,5.1578,5.1578,0,0,0,0,0,0
1985-08-22 05:00:00,5.6312,5.6312,0,0,0,0,0,0
1985-08-22 06:00:00,5.2875,5.2875,0,0,0,0,0,0
1985-08-22 07:00:00,4.5268,4.5268,0,0,0,0,0,0
1985-08-22 08:00:00,3.6766,3.6766,0,0,0,0,0,0
1985-08-22 09:00:00,3.4222,3.4222,0,0,0,0,0,0
1985-08-22 10:00:00,3.9937,3.9937,0,0,0,0,0,0
1985-08-22 11:00:00,4.5423,4.5423,0,0,0,0,0,0
1985-08-22 12:00:00,4.5075,4.5075,0,0,0,0,0,0
1985-08-22 13:00:00,4.3066,4.3066,0,0,0,0,0,0
1985-08-22 14:00:00,3.6787,3.6787,0,0,0,0,0,0
1985-08-22 15:00:00,3.072,3.072,0,0,0,0,0,0
1985-08-22 16:00:00,3.4921,3.4921,0,0,0,0,0,0
1985-08-22 17:00:00,4.8208,4.8208,0,0,0,0,0,0
1985-08-22 18:00:00,6.0885,6.0885,0,0,0,0,0,0
1985-08-22 19:00:00,6.7491,6.7491,0,0,0,0,0,0
1985-08-22 20:00:00,7.7023,7.7023,0,0,0,0,0,0
1985-08-22 21:00:00,8.3682,8.3682,0,0,0,0,0,0
1985-08-22 22:00:00,8.6214,8.6214,0,0,0,0,0,0
1985-08-22 23:00:00,8.3673,8.3673,0,0,0,0,0,0
1985-08-23 00:00:00,8.5453,8.5453,0,0,0,0,0,0
1985-08-23 01:00:00,9.0316,9.0316,0,0,0,0,0,0
1985-08-23 02:00:00,9.4357,9.4357,0,0,0,0,0,0
1985-08-23 03:00:00,9.4884,9.4884,0,0,0,0,0,0
1985-08-23 04:00:00,9.305,9.305,0,0,0,0,0,0
1985-08-23 05:00:00,9.0158,9.0158,0,0,0,0,0,0
1985-08-23 06:00:00,8.4988,8.4988,0,0,0,0,0,0
1985-08-23 07:00:00,7.9674,7.9674,0,0,0,0,0,0
1985-08-23 08:00:00,7.634,7.634,0,0,0,0,0,0
1985-08-23 09:00:00,7.474,7.474,0,0,0,0,0,0
1985-08-23 10:00:00,7.1161,7.1161,0,0,0,0,0,0
1985-08-23 11:00:00,6.9179,6.9179,0,0,0,0,0,0
1985-08-23 12:00:00,7.1395,7.1395,0,0,0,0,0,0
1985-08-23 13:00:00,7.0417,7.0417,0,0,0,0,0,0
1985-08-23 14:00:00,6.9486,6.9486,0,0,0,0,0,0
1985-08-23 15:00:00,6.8041,6.8041,0,0,0,0,0,0
1985-08-23 16:00:00,7.0659,7.0659,0,0,0,0,0,0
1985-08-23 17:00:00,7.7083,7.7083,0,0,0,0,0,0
1985-08-23 18:00:00,7.7117,7.7117,0,0,0,0,0,0
1985-08-23 19:00:00,7.8399,7.8399,0,0,0,0,0,0
1985-08-23 20:00:00,8.4669,8.4669,0,0,0,0,0,0
1985-08-23 21:00:00,8.9827,8.9827,0,0,0,0,0,0
1985-08-23 22:00:00,9.7471,9.7471,0,0,0,0,0,0
1985-08-23 23:00:00,10.6276,10.6276,0,0,0,0,0,0
1985-08-24 00:00:00,10.8414,10.8414,0,0,0,0,0,0
1985-08-24 01:00:00,11.0931,11.0931,0,0,0,0,0,0
1985-08-24 02:00:00,11.0137,11.0137,0,0,0,0,0,0
1985-08-24 03:00:00,11.1014,11.1014,0,0,0,0,0,0
1985-08-24 04:00:00,11.4209,11.4209,0,0,0,0,0,0
1985-08-24 05:00:00,11.7065,11.7065,0,0,0,0,0,0
1985-08-24 06:00:00,11.9363,11.9363,0,0,0,0,0,0
1985-08-24 07:00:00,12.1385,12.1385,0,0,0,0,0,0
1985-08-24 08:00:00,11.9824,11.9824,0,0,0,0,0,0
1985-08-24 09:00:00,11.6599,11.6599,0,0,0,0,0,0
1985-08-24 10:00:00,11.6664,11.6664,0,0,0,0,0,0
1985-08-24 11:00:00,11.6776,11.6776,0,0,0,0,0,0
1985-08-24 12:00:00,11.4878,11.4878,0,0,0,0,0,0
1985-08-24 13:00:00,11.4395,11.4395,0,0,0,0,0,0
1985-08-24 14:00:00,12.3437,12.3437,0,0,0,0,0,0
1985-08-24 15:00:00,12.9759,12.9759,0,0,0,0,0,0
1985-08-24 16:00:00,13.6396,13.6396,0,0,0,0,0,0
1985-08-24 17:00:00,13.5859,13.5859,0,0,0,0,0,0
1985-08-24 18:00:00,13.0806,13.0806,0,0,0,0,0,0
1985-08-24 19:00:00,12.7825,12.7825,0,0,0,0,0,0
1985-08-24 20:00:00,12.7271,12.7271,0,0,0,0,0,0
1985-08-24 21:00:00,12.2893,12.2893,0,0,0,0,0,0
1985-08-24 22:00:00,11.669,11.669,0,0,0,0,0,0
1985-08-24 23:00:00,12.1652,12.1652,0,0,0,0,0,0
1985-08-25 00:00:00,12.3144,12.3144,0,0,0,0,0,0
1985-08-25 01:00:00,12.0441,12.0441,0,0,0,0,0,0
1985-08-25 02:00:00,11.6949,11.6949,0,0,0,0,0,0
1985-08-25 03:00:00,11.8663,11.8663,0,0,0,0,0,0
1985-08-25 04:00:00,12.1042,12.1042,0,0,0,0,0,0
1985-08-25 05:00:00,12.1927,12.1927,0,0,0,0,0,0
1985-08-25 06:00:00,12.1502,12.1502,0,0,0,0,0,0
1985-08-25 07:00:00,11.8183,11.8183,0,0,0,0,0,0
1985-08-25 08:00:00,11.3027,11.3027,0,0,0,0,0,0
1985-08-25 09:00:00,10.8502,10.8502,0,0,0,0,0,0
1985-08-25 10:00:00,10.5997,10.5997,0,0,0,0,0,0
1985-08-25 11:00:00,11.037,11.037,0,0,0,0,0,0
1985-08-25 12:00:00,10.8657,10.8657,0,0,0,0,0,0
1985-08-25 13:00:00,10.9938,10.9938,0,0,0,0,0,0
1985-08-25 14:00:00,10.8705,10.8705,0,0,0,0,0,0
1985-08-25 15:00:00,10.5175,10.5175,0,0,0,0,0,0
1985-08-25 16:00:00,10.5075,10.5075,0,0,0,0,0,0
1985-08-25 17:00:00,10.2818,10.2818,0,0,0,0,0,0
1985-08-25 18:00:00,9.7038,9.7038,0,0,0,0,0,0
1985-08-25 19:00:00,9.5167,9.5167,0,0,0,0,0,0
1985-08-25 20:00:00,9.2115,9.2115,0,0,0,0,0,0
1985-08-25 21:00:00,9.0253,9.0253,0,0,0,0,0,0
1985-08-25 22:00:00,8.7831,8.7831,0,0,0,0,0,0
1985-08-25 23:00:00,8.5322,8.5322,0,0,0,0,0,0
1985-08-26 00:00:00,7.7739,7.7739,0,0,0,0,0,0
1985-08-26 01:00:00,7.1683,7.1683,0,0,0,0,0,0
1985-08-26 02:00:00,6.2797,6.2797,0,0,0,0,0,0
1985-08-26 03:00:00,5.21,5.21,0,0,0,0,0,0
1985-08-26 04:00:00,3.7627,3.7627,0,0,0,0,0,0
1985-08-26 05:00:00,2.5656,2.5656,0,0,0,0,0,0
1985-08-26 06:00:00,1.669,1.669,0,0,0,0,0,0
1985-08-26 07:00:00,1.6694,1.6694,0,0,0,0,0,0
1985-08-26 08:00:00,2.1878,2.1878,0,0,0,0,0,0
1985-08-26 09:00:00,3.0193,3.0193,0,0,0,0,0,0
1985-08-26 10:00:00,3.9657,3.9657,0,0,0,0,0,0
1985-08-26 11:00:00,4.6222,4.6222,0,0,0,0,0,0
1985-08-26 12:00:00,4.9323,4.9323,0,0,0,0,0,0
1985-08-26 13:00:00,5.3718,5.3718,0,0,0,0,0,0
1985-08-26 14:00:00,5.9393,5.9393,0,0,0,0,0,0
1985-08-26 15:00:00,6.8609,6.8609,0,0,0,0,0,0
1985-08-26 16:00:00,8.2024,8.2024,0,0,0,0,0,0
1985-08-26 17:00:00,9.204,9.204,0,0,0,0,0,0
1985-08-26 18:00:00,9.5727,9.5727,0,0,0,0,0,0
1985-08-26 19:00:00,9.5929,9.5929,0,0,0,0,0,0
1985-08-26 20:00:00,9.4828,9.4828,0,0,0,0,0,0
1985-08-26 21:00:00,9.1185,9.1185,0,0,0,0,0,0
1985-08-26 22:00:00,7.8228,7.8228,0,0,0,0,0,0
1985-08-26 23:00:00,7.1272,7.1272,0,0,0,0,0,0
1985-08-27 00:00:00,6.4901,6.4901,0,0,0,0,0,0
1985-08-27 01:00:00,5.8905,5.8905,0,0,0,0,0,0
1985-08-27 02:00:00,4.6925,4.6925,0,0,0,0,0,0
1985-08-27 03:00:00,3.4201,3.4201,0,0,0,0,0,0
1985-08-27 04:00:00,1.8122,1.8122,0,0,0,0,0,0
1985-08-27 05:00:00,2.2813,2.2813,0,0,0,0,0,0
1985-08-27 06:00:00,3.7946,3.7946,0,0,0,0,0,0
1985-08-27 07:00:00,6.2777,6.2777,0,0,0,0,0,0
1985-08-27 08:00:00,8.0137,8.0137,0,0,0,0,0,0
1985-08-27 09:00:00,8.8002,8.8002,0,0,0,0,0,0
1985-08-27 10:00:00,10.0918,10.0918,0,0,0,0,0,0
1985-08-27 11:00:00,12.0383,12.0383,0,0,0,0,0,0
1985-08-27 12:00:00,13.9474,13.9474,0,0,0,0,0,0
1985-08-27 13:00:00,15.2387,15.2387,0,0,0,0,0,0
1985-08-27 14:00:00,16.0244,16.0244,0,0,0,0,0,0
1985-08-27 15:00:00,16.633,16.633,0,0,0,0,0,0
1985-08-27 16:00:00,15.9881,15.9881,0,0,0,0,0,0
1985-08-27 17:00:00,16.2621,16.2621,0,0,0,0,0,0
1985-08-27 18:00:00,16.7387,16.7387,0,0,0,0,0,0
1985-08-27 19:00:00,16.978,16.978,0,0,0,0,0,0
1985-08-27 20:00:00,16.7856,16.7856,0,0,0,0,0,0
1985-08-27 21:00:00,18.0867,18.0867,0,0,0,0,0,0
1985-08-27 22:00:00,19.8947,19.8947,0,0,0,0,0,0
1985-08-27 23:00:00,20.8212,20.8212,0,0,0,0,0,0
1985-08-28 00:00:00,20.9965,20.9965,0,0,0,0,0,0
1985-08-28 01:00:00,20.8578,20.8578,0,0,0,0,0,0
1985-08-28 02:00:00,19.7737,19.7737,0,0,0,0,0,0
1985-08-28 03:00:00,17.7294,17.7294,0,0,0,0,0,0
1985-08-28 04:00:00,15.7917,15.7917,0,0,0,0,0,0
1985-08-28 05:00:00,13.7222,13.7222,0,0,0,0,0,0
1985-08-28 06:00:00,11.9044,11.9044,0,0,0,0,0,0
1985-08-28 07:00:00,10.9303,10.9303,0,0,0,0,0,0
1985-08-28 08:00:00,10.5482,10.5482,0,0,0,0,0,0
1985-08-28 09:00:00,10.7966,10.7966,0,0,0,0,0,0
1985-08-28 10:00:00,11.9634,11.9634,0,0,0,0,0,0
1985-08-28 11:00:00,12.613,12.613,0,0,0,0,0,0
1985-08-28 12:00:00,12.7014,12.7014,0,0,0,0,0,0
1985-08-28 13:00:00,12.1081,12.1081,0,0,0,0,0,0
1985-08-28 14:00:00,11.2771,11.2771,0,0,0,0,0,0
1985-08-28 15:00:00,10.7671,10.7671,0,0,0,0,0,0
1985-08-28 16:00:00,10.696,10.696,0,0,0,0,0,0
1985-08-28 17:00:00,10.8597,10.8597,0,0,0,0,0,0
1985-08-28 18:00:00,11.3103,11.3103,0,0,0,0,0,0
1985-08-28 19:00:00,11.3197,11.3197,0,0,0,0,0,0
1985-08-28 20:00:00,10.833,10.833,0,0,0,0,0,0
1985-08-28 21:00:00,10.3203,10.3203,0,0,0,0,0,0
1985-08-28 22:00:00,9.5764,9.5764,0,0,0,0,0,0
1985-08-28 23:00:00,10.0776,10.0776,0,0,0,0,0,0
1985-08-29 00:00:00,11.0388,11.0388,0,0,0,0,0,0
1985-08-29 01:00:00,11.9244,11.9244,0,0,0,0,0,0
1985-08-29 02:00:00,12.0355,12.0355,0,0,0,0,0,0
1985-08-29 03:00:00,11.8572,11.8572,0,0,0,0,0,0
1985-08-29 04:00:00,12.0854,12.0854,0,0,0,0,0,0
1985-08-29 05:00:00,12.0204,12.0204,0,0,0,0,0,0
1985-08-29 06:00:00,12.0356,12.0356,0,0,0,0,0,0
1985-08-29 07:00:00,12.1649,12.1649,0,0,0,0,0,0
1985-08-29 08:00:00,11.9396,11.9396,0,0,0,0,0,0
1985-08-29 09:00:00,11.8166,11.8166,0,0,0,0,0,0
1985-08-29 10:00:00,12.0952,12.0952,0,0,0,0,0,0
1985-08-29 11:00:00,11.295,11.295,0,0,0,0,0,0
1985-08-29 12:00:00,10.6589,10.6589,0,0,0,0,0,0
1985-08-29 13:00:00,10.054,10.054,0,0,0,0,0,0
1985-08-29 14:00:00,9.1956,9.1956,0,0,0,0,0,0
1985-08-29 15:00:00,8.4705,8.4705,0,0,0,0,0,0
1985-08-29 16:00:00,7.8695,7.8695,0,0,0,0,0,0
1985-08-29 17:00:00,7.4499,7.4499,0,0,0,0,0,0
1985-08-29 18:00:00,7.0823,7.0823,0,0,0,0,0,0
1985-08-29 19:00:00,6.9731,6.9731,0,0,0,0,0,0
1985-08-29 20:00:00,6.5134,6.5134,0,0,0,0,0,0
1985-08-29 21:00:00,5.8131,5.8131,0,0,0,0,0,0
1985-08-29 22:00:00,5.1687,5.1687,0,0,0,0,0,0
1985-08-29 23:00:00,5.0641,5.0641,0,0,0,0,0,0
1985-08-30 00:00:00,4.968,4.968,0,0,0,0,0,0
1985-08-30 01:00:00,4.4815,4.4815,0,0,0,0,0,0
1985-08-30 02:00:00,3.6042,3.6042,0,0,0,0,0,0
1985-08-30 03:00:00,2.8347,2.8347,0,0,0,0,0,0
1985-08-30 04:00:00,2.6487,2.6487,0,0,0,0,0,0
1985-08-30 05:00:00,2.2893,2.2893,0,0,0,0,0,0
1985-08-30 06:00:00,2.4536,2.4536,0,0,0,0,0,0
1985-08-30 07:00:00,2.923,2.923,0,0,0,0,0,0
1985-08-30 08:00:00,3.5703,3.5703,0,0,0,0,0,0
1985-08-30 09:00:00,4.3413,4.3413,0,0,0,0,0,0
1985-08-30 10:00:00,5.3715,5.3715,0,0,0,0,0,0
1985-08-30 11:00:00,6.5277,6.5277,0,0,0,0,0,0
1985-08-30 12:00:00,6.9224,6.9224,0,0,0,0,0,0
1985-08-30 13:00:00,6.9764,6.9764,0,0,0,0,0,0
1985-08-30 14:00:00,7.3632,7.3632,0,0,0,0,0,0
1985-08-30 15:00:00,7.9789,7.9789,0,0,0,0,0,0
1985-08-30 16:00:00,8.0032,8.0032,0,0,0,0,0,0
1985-08-30 17:00:00,8.1199,8.1199,0,0,0,0,0,0
1985-08-30 18:00:00,9.3946,9.3946,0,0,0,0,0,0
1985-08-30 19:00:00,9.9452,9.9452,0,0,0,0,0,0
1985-08-30 20:00:00,11.1047,11.1047,0,0,0,0,0,0
1985-08-30 21:00:00,11.3833,11.3833,0,0,0,0,0,0
1985-08-30 22:00:00,13.6722,13.6722,0,0,0,0,0,0
1985-08-30 23:00:00,13.8695,13.8695,0,0,0,0,0,0
1985-08-31 00:00:00,13.8954,13.8954,0,0,0,0,0,0
1985-08-31 01:00:00,13.5298,13.5298,0,0,0,0,0,0
1985-08-31 02:00:00,12.4496,12.4496,0,0,0,0,0,0
1985-08-31 03:00:00,10.6924,10.6924,0,0,0,0,0,0
1985-08-31 04:00:00,9.9978,9.9978,0,0,0,0,0,0
1985-08-31 05:00:00,10.2119,10.2119,0,0,0,0,0,0
1985-08-31 06:00:00,10.1832,10.1832,0,0,0,0,0,0
1985-08-31 07:00:00,9.2589,9.2589,0,0,0,0,0,0
1985-08-31 08:00:00,8.3587,8.3587,0,0,0,0,0,0
1985-08-31 09:00:00,7.472,7.472,0,0,0,0,0,0
1985-08-31 10:00:00,7.2779,7.2779,0,0,0,0,0,0
1985-08-31 11:00:00,6.6519,6.6519,0,0,0,0,0,0
1985-08-31 12:00:00,6.0862,6.0862,0,0,0,0,0,0
1985-08-31 13:00:00,5.5958,5.5958,0,0,0,0,0,0
1985-08-31 14:00:00,5.6686,5.6686,0,0,0,0,0,0
1985-08-31 15:00:00,6.2613,6.2613,0,0,0,0,0,0
1985-08-31 16:00:00,6.294,6.294,0,0,0,0,0,0
1985-08-31 17:00:00,6.7098,6.7098,0,0,0,0,0,0
1985-08-31 18:00:00,6.6293,6.6293,0,0,0,0,0,0
1985-08-31 19:00:00,6.1365,6.1365,0,0,0,0,0,0
1985-08-31 20:00:00,5.375,5.375,0,0,0,0,0,0
1985-08-31 21:00:00,4.2207,4.2207,0,0,0,0,0,0
1985-08-31 22:00:00,4.4029,4.4029,0,0,0,0,0,0
1985-08-31 23:00:00,5.694,5.694,0,0,0,0,0,0
1985-09-01 00:00:00,6.6065,6.6065,0,0,0,0,0,0
1985-09-01 01:00:00,6.965,6.965,0,0,0,0,0,0
1985-09-01 02:00:00,6.4074,6.4074,0,0,0,0,0,0
1985-09-01 03:00:00,5.9736,5.9736,0,0,0,0,0,0
1985-09-01 04:00:00,5.7068,5.7068,0,0,0,0,0,0
1985-09-01 05:00:00,5.1118,5.1118,0,0,0,0,0,0
1985-09-01 06:00:00,5.2009,5.2009,0,0,0,0,0,0
1985-09-01 07:00:00,5.8797,5.8797,0,0,0,0,0,0
1985-09-01 08:00:00,7.2717,7.2717,0,0,0,0,0,0
1985-09-01 09:00:00,8.085,8.085,0,0,0,0,0,0
1985-09-01 10:00:00,7.4782,7.4782,0,0,0,0,0,0
1985-09-01 11:00:00,7.2276,7.2276,0,0,0,0,0,0
1985-09-01 12:00:00,5.8495,5.8495,0,0,0,0,0,0
1985-09-01 13:00:00,5.4755,5.4755,0,0,0,0,0,0
1985-09-01 14:00:00,4.8788,4.8788,0,0,0,0,0,0
1985-09-01 15:00:00,4.6233,4.6233,0,0,0,0,0,0
1985-09-01 16:00:00,3.4961,3.4961,0,0,0,0,0,0
1985-09-01 17:00:00,2.294,2.294,0,0,0,0,0,0
1985-09-01 18:00:00,1.8584,1.8584,0,0,0,0,0,0
1985-09-01 19:00:00,1.9321,1.9321,0,0,0,0,0,0
1985-09-01 20:00:00,2.125,2.125,0,0,0,0,0,0
1985-09-01 21:00:00,2.416,2.416,0,0,0,0,0,0
1985-09-01 22:00:00,3.6547,3.6547,0,0,0,0,0,0
1985-09-01 23:00:00,4.8173,4.8173,0,0,0,0,0,0
1985-09-02 00:00:00,6.4819,6.4819,0,0,0,0,0,0
1985-09-02 01:00:00,8.3104,8.3104,0,0,0,0,0,0
1985-09-02 02:00:00,10.9433,10.9433,0,0,0,0,0,0
1985-09-02 03:00:00,12.6895,12.6895,0,0,0,0,0,0
1985-09-02 04:00:00,12.8133,12.8133,0,0,0,0,0,0
1985-09-02 05:00:00,11.9762,11.9762,0,0,0,0,0,0
1985-09-02 06:00:00,11.2155,11.2155,0,0,0,0,0,0
1985-09-02 07:00:00,10.3644,10.3644,0,0,0,0,0,0
1985-09-02 08:00:00,9.1324,9.1324,0,0,0,0,0,0
1985-09-02 09:00:00,7.8876,7.8876,0,0,0,0,0,0
1985-09-02 10:00:00,6.9516,6.9516,0,0,0,0,0,0
1985-09-02 11:00:00,6.4595,6.4595,0,0,0,0,0,0
1985-09-02 12:00:00,5.9019,5.9019,0,0,0,0,0,0
1985-09-02 13:00:00,5.1698,5.1698,0,0,0,0,0,0
1985-09-02 14:00:00,4.3674,4.3674,0,0,0,0,0,0
1985-09-02 15:00:00,4.189,4.189,0,0,0,0,0,0
1985-09-02 16:00:00,3.86,3.86,0,0,0,0,0,0
1985-09-02 17:00:00,3.3642,3.3642,0,0,0,0,0,0
1985-09-02 18:00:00,2.876,2.876,0,0,0,0,0,0
1985-09-02 19:00:00,2.1352,2.1352,0,0,0,0,0,0
1985-09-02 20:00:00,1.8989,1.8989,0,0,0,0,0,0
1985-09-02 21:00:00,1.9265,1.9265,0,0,0,0,0,0
1985-09-02 22:00:00,1.6173,1.6173,0,0,0,0,0,0
1985-09-02 23:00:00,2.2141,2.2141,0,0,0,0,0,0
1985-09-03 00:00:00,2.7938,2.7938,0,0,0,0,0,0
1985-09-03 01:00:00,3.0588,3.0588,0,0,0,0,0,0
1985-09-03 02:00:00,3.325,3.325,0,0,0,0,0,0
1985-09-03 03:00:00,3.6722,3.6722,0,0,0,0,0,0
1985-09-03 04:00:00,3.8241,3.8241,0,0,0,0,0,0
1985-09-03 05:00:00,3.8951,3.8951,0,0,0,0,0,0
1985-09-03 06:00:00,3.9912,3.9912,0,0,0,0,0,0
1985-09-03 07:00:00,4.2425,4.2425,0,0,0,0,0,0
1985-09-03 08:00:00,5.1233,5.1233,0,0,0,0,0,0
1985-09-03 09:00:00,5.6799,5.6799,0,0,0,0,0,0
1985-09-03 10:00:00,6.6858,6.6858,0,0,0,0,0,0
1985-09-03 11:00:00,6.469,6.469,0,0,0,0,0,0
1985-09-03 12:00:00,6.1588,6.1588,0,0,0,0,0,0
1985-09-03 13:00:00,5.8304,5.8304,0,0,0,0,0,0
1985-09-03 14:00:00,6.0004,6.0004,0,0,0,0,0,0
1985-09-03 15:00:00,6.78,6.78,0,0,0,0,0,0
1985-09-03 16:00:00,8.0029,8.0029,0,0,0,0,0,0
1985-09-03 17:00:00,9.1042,9.1042,0,0,0,0,0,0
1985-09-03 18:00:00,10.2379,10.2379,0,0,0,0,0,0
1985-09-03 19:00:00,11.4263,11.4263,0,0,0,0,0,0
1985-09-03 20:00:00,12.8512,12.8512,0,0,0,0,0,0
1985-09-03 21:00:00,14.4965,14.4965,0,0,0,0,0,0
1985-09-03 22:00:00,15.9701,15.9701,0,0,0,0,0,0
1985-09-03 23:00:00,16.6371,16.6371,0,0,0,0,0,0
1985-09-04 00:00:00,16.8407,16.8407,0,0,0,0,0,0
1985-09-04 01:00:00,16.8748,16.8748,0,0,0,0,0,0
1985-09-04 02:00:00,16.8703,16.8703,0,0,0,0,0,0
1985-09-04 03:00:00,16.9694,16.9694,0,0,0,0,0,0
1985-09-04 04:00:00,17.0891,17.0891,0,0,0,0,0,0
1985-09-04 05:00:00,17.1345,17.1345,0,0,0,0,0,0
1985-09-04 06:00:00,16.898,16.898,0,0,0,0,0,0
1985-09-04 07:00:00,16.5402,16.5402,0,0,0,0,0,0
1985-09-04 08:00:00,16.2789,16.2789,0,0,0,0,0,0
1985-09-04 09:00:00,16.188,16.188,0,0,0,0,0,0
1985-09-04 10:00:00,15.5317,15.5317,0,0,0,0,0,0
1985-09-04 11:00:00,15.4808,15.4808,0,0,0,0,0,0
1985-09-04 12:00:00,15.4966,15.4966,0,0,0,0,0,0
1985-09-04 13:00:00,15.2159,15.2159,0,0,0,0,0,0
1985-09-04 14:00:00,14.7782,14.7782,0,0,0,0,0,0
1985-09-04 15:00:00,14.0765,14.0765,0,0,0,0,0,0
1985-09-04 16:00:00,13.232,13.232,0,0,0,0,0,0
1985-09-04 17:00:00,12.2754,12.2754,0,0,0,0,0,0
1985-09-04 18:00:00,11.4678,11.4678,0,0,0,0,0,0
1985-09-04 19:00:00,10.793,10.793,0,0,0,0,0,0
1985-09-04 20:00:00,10.0841,10.0841,0,0,0,0,0,0
1985-09-04 21:00:00,9.2626,9.2626,0,0,0,0,0,0
1985-09-04 22:00:00,7.9702,7.9702,0,0,0,0,0,0
1985-09-04 23:00:00,7.2567,7.2567,0,0,0,0,0,0
1985-09-05 00:00:00,6.6756,6.6756,0,0,0,0,0,0
1985-09-05 01:00:00,6.2674,6.2674,0,0,0,0,0,0
1985-09-05 02:00:00,5.8342,5.8342,0,0,0,0,0,0
1985-09-05 03:00:00,5.6723,5.6723,0,0,0,0,0,0
1985-09-05 04:00:00,5.6494,5.6494,0,0,0,0,0,0
1985-09-05 05:00:00,5.6964,5.6964,0,0,0,0,0,0
1985-09-05 06:00:00,5.3325,5.3325,0,0,0,0,0,0
1985-09-05 07:00:00,4.224,4.224,0,0,0,0,0,0
1985-09-05 08:00:00,4.9181,4.9181,0,0,0,0,0,0
1985-09-05 09:00:00,5.9826,5.9826,0,0,0,0,0,0
1985-09-05 10:00:00,6.2086,6.2086,0,0,0,0,0,0
1985-09-05 11:00:00,6.873,6.873,0,0,0,0,0,0
1985-09-05 12:00:00,8.1012,8.1012,0,0,0,0,0,0
1985-09-05 13:00:00,9.3721,9.3721,0,0,0,0,0,0
1985-09-05 14:00:00,10.2194,10.2194,0,0,0,0,0,0
1985-09-05 15:00:00,11.1955,11.1955,0,0,0,0,0,0
1985-09-05 16:00:00,12.7879,12.7879,0,0,0,0,0,0
1985-09-05 17:00:00,14.3952,14.3952,0,0,0,0,0,0
1985-09-05 18:00:00,15.2356,15.2356,0,0,0,0,0,0
1985-09-05 19:00:00,15.0399,15.0399,0,0,0,0,0,0
1985-09-05 20:00:00,14.3948,14.3948,0,0,0,0,0,0
1985-09-05 21:00:00,14.0597,14.0597,0,0,0,0,0,0
1985-09-05 22:00:00,13.8461,13.8461,0,0,0,0,0,0
1985-09-05 23:00:00,13.7507,13.7507,0,0,0,0,0,0
1985-09-06 00:00:00,13.8103,13.8103,0,0,0,0,0,0
1985-09-06 01:00:00,13.7,13.7,0,0,0,0,0,0
1985-09-06 02:00:00,13.6442,13.6442,0,0,0,0,0,0
1985-09-06 03:00:00,14.2578,14.2578,0,0,0,0,0,0
1985-09-06 04:00:00,15.1526,15.1526,0,0,0,0,0,0
1985-09-06 05:00:00,15.6584,15.6584,0,0,0,0,0,0
1985-09-06 06:00:00,16.061,16.061,0,0,0,0,0,0
1985-09-06 07:00:00,16.8176,16.8176,0,0,0,0,0,0
1985-09-06 08:00:00,17.4715,17.4715,0,0,0,0,0,0
1985-09-06 09:00:00,17.7528,17.7528,0,0,0,0,0,0
1985-09-06 10:00:00,17.1726,17.1726,0,0,0,0,0,0
1985-09-06 11:00:00,16.7611,16.7611,0,0,0,0,0,0
1985-09-06 12:00:00,16.6431,16.6431,0,0,0,0,0,0
1985-09-06 13:00:00,16.7381,16.7381,0,0,0,0,0,0
1985-09-06 14:00:00,17.0812,17.0812,0,0,0,0,0,0
1985-09-06 15:00:00,17.1102,17.1102,0,0,0,0,0,0
1985-09-06 16:00:00,16.8364,16.8364,0,0,0,0,0,0
1985-09-06 17:00:00,16.2741,16.2741,0,0,0,0,0,0
1985-09-06 18:00:00,15.9252,15.9252,0,0,0,0,0,0
1985-09-06 19:00:00,15.6714,15.6714,0,0,0,0,0,0
1985-09-06 20:00:00,15.6258,15.6258,0,0,0,0,0,0
1985-09-06 21:00:00,15.7337,15.7337,0,0,0,0,0,0
1985-09-06 22:00:00,15.3632,15.3632,0,0,0,0,0,0
1985-09-06 23:00:00,14.7822,14.7822,0,0,0,0,0,0
1985-09-07 00:00:00,14.4631,14.4631,0,0,0,0,0,0
1985-09-07 01:00:00,14.3019,14.3019,0,0,0,0,0,0
1985-09-07 02:00:00,14.6157,14.6157,0,0,0,0,0,0
1985-09-07 03:00:00,15.1608,15.1608,0,0,0,0,0,0
1985-09-07 04:00:00,15.4604,15.4604,0,0,0,0,0,0
1985-09-07 05:00:00,16.0325,16.0325,0,0,0,0,0,0
1985-09-07 06:00:00,16.339,16.339,0,0,0,0,0,0
1985-09-07 07:00:00,16.5371,16.5371,0,0,0,0,0,0
1985-09-07 08:00:00,16.362,16.362,0,0,0,0,0,0
1985-09-07 09:00:00,15.8606,15.8606,0,0,0,0,0,0
1985-09-07 10:00:00,15.7809,15.7809,0,0,0,0,0,0
1985-09-07 11:00:00,14.9891,14.9891,0,0,0,0,0,0
1985-09-07 12:00:00,14.3484,14.3484,0,0,0,0,0,0
1985-09-07 13:00:00,13.9598,13.9598,0,0,0,0,0,0
1985-09-07 14:00:00,13.8583,13.8583,0,0,0,0,0,0
1985-09-07 15:00:00,14.0184,14.0184,0,0,0,0,0,0
1985-09-07 16:00:00,13.9448,13.9448,0,0,0,0,0,0
1985-09-07 17:00:00,13.6365,13.6365,0,0,0,0,0,0
1985-09-07 18:00:00,13.3119,13.3119,0,0,0,0,0,0
1985-09-07 19:00:00,13.0515,13.0515,0,0,0,0,0,0
1985-09-07 20:00:00,12.6655,12.6655,0,0,0,0,0,0
1985-09-07 21:00:00,12.2763,12.2763,0,0,0,0,0,0
1985-09-07 22:00:00,12.2246,12.2246,0,0,0,0,0,0
1985-09-07 23:00:00,11.8607,11.8607,0,0,0,0,0,0
1985-09-08 00:00:00,11.303,11.303,0,0,0,0,0,0
1985-09-08 01:00:00,11.0667,11.0667,0,0,0,0,0,0
1985-09-08 02:00:00,11.1627,11.1627,0,0,0,0,0,0
1985-09-08 03:00:00,11.2084,11.2084,0,0,0,0,0,0
1985-09-08 04:00:00,10.9235,10.9235,0,0,0,0,0,0
1985-09-08 05:00:00,10.7294,10.7294,0,0,0,0,0,0
1985-09-08 06:00:00,10.7136,10.7136,0,0,0,0,0,0
1985-09-08 07:00:00,10.7777,10.7777,0,0,0,0,0,0
1985-09-08 08:00:00,10.6841,10.6841,0,0,0,0,0,0
1985-09-08 09:00:00,10.619,10.619,0,0,0,0,0,0
1985-09-08 10:00:00,10.8994,10.8994,0,0,0,0,0,0
1985-09-08 11:00:00,10.6696,10.6696,0,0,0,0,0,0
1985-09-08 12:00:00,10.304,10.304,0,0,0,0,0,0
1985-09-08 13:00:00,10.5466,10.5466,0,0,0,0,0,0
1985-09-08 14:00:00,11.0822,11.0822,0,0,0,0,0,0
1985-09-08 15:00:00,11.6816,11.6816,0,0,0,0,0,0
1985-09-08 16:00:00,12.1694,12.1694,0,0,0,0,0,0
1985-09-08 17:00:00,12.5459,12.5459,0,0,0,0,0,0
1985-09-08 18:00:00,12.8356,12.8356,0,0,0,0,0,0
1985-09-08 19:00:00,12.7921,12.7921,0,0,0,0,0,0
1985-09-08 20:00:00,12.7477,12.7477,0,0,0,0,0,0
1985-09-08 21:00:00,12.8274,12.8274,0,0,0,0,0,0
1985-09-08 22:00:00,12.7755,12.7755,0,0,0,0,0,0
1985-09-08 23:00:00,12.8335,12.8335,0,0,0,0,0,0
1985-09-09 00:00:00,12.5155,12.5155,0,0,0,0,0,0
1985-09-09 01:00:00,12.4175,12.4175,0,0,0,0,0,0
1985-09-09 02:00:00,11.7664,11.7664,0,0,0,0,0,0
1985-09-09 03:00:00,11.3549,11.3549,0,0,0,0,0,0
1985-09-09 04:00:00,11.7712,11.7712,0,0,0,0,0,0
1985-09-09 05:00:00,12.1458,12.1458,0,0,0,0,0,0
1985-09-09 06:00:00,11.6926,11.6926,0,0,0,0,0,0
1985-09-09 07:00:00,11.2265,11.2265,0,0,0,0,0,0
1985-09-09 08:00:00,11.3781,11.3781,0,0,0,0,0,0
1985-09-09 09:00:00,11.4189,11.4189,0,0,0,0,0,0
1985-09-09 10:00:00,11.1033,11.1033,0,0,0,0,0,0
1985-09-09 11:00:00,9.9682,9.9682,0,0,0,0,0,0
1985-09-09 12:00:00,8.9043,8.9043,0,0,0,0,0,0
1985-09-09 13:00:00,9.3205,9.3205,0,0,0,0,0,0
1985-09-09 14:00:00,9.4315,9.4315,0,0,0,0,0,0
1985-09-09 15:00:00,9.2593,9.2593,0,0,0,0,0,0
1985-09-09 16:00:00,9.016,9.016,0,0,0,0,0,0
1985-09-09 17:00:00,8.1844,8.1844,0,0,0,0,0,0
1985-09-09 18:00:00,7.3827,7.3827,0,0,0,0,0,0
1985-09-09 19:00:00,6.5168,6.5168,0,0,0,0,0,0
1985-09-09 20:00:00,5.4068,5.4068,0,0,0,0,0,0
1985-09-09 21:00:00,4.1187,4.1187,0,0,0,0,0,0
1985-09-09 22:00:00,3.6992,3.6992,0,0,0,0,0,0
1985-09-09 23:00:00,2.5576,2.5576,0,0,0,0,0,0
1985-09-10 00:00:00,3.7779,3.7779,0,0,0,0,0,0
1985-09-10 01:00:00,4.4231,4.4231,0,0,0,0,0,0
1985-09-10 02:00:00,4.2029,4.2029,0,0,0,0,0,0
1985-09-10 03:00:00,4.4277,4.4277,0,0,0,0,0,0
1985-09-10 04:00:00,5.2303,5.2303,0,0,0,0,0,0
1985-09-10 05:00:00,6.9219,6.9219,0,0,0,0,0,0
1985-09-10 06:00:00,8.773,8.773,0,0,0,0,0,0
1985-09-10 07:00:00,9.8934,9.8934,0,0,0,0,0,0
1985-09-10 08:00:00,10.3748,10.3748,0,0,0,0,0,0
1985-09-10 09:00:00,9.3371,9.3371,0,0,0,0,0,0
1985-09-10 10:00:00,9.6204,9.6204,0,0,0,0,0,0
1985-09-10 11:00:00,10.3015,10.3015,0,0,0,0,0,0
1985-09-10 12:00:00,10.2017,10.2017,0,0,0,0,0,0
1985-09-10 13:00:00,10.7752,10.7752,0,0,0,0,0,0
1985-09-10 14:00:00,10.9236,10.9236,0,0,0,0,0,0
1985-09-10 15:00:00,10.261,10.261,0,0,0,0,0,0
1985-09-10 16:00:00,9.81,9.81,0,0,0,0,0,0
1985-09-10 17:00:00,9.6029,9.6029,0,0,0,0,0,0
1985-09-10 18:00:00,9.383,9.383,0,0,0,0,0,0
1985-09-10 19:00:00,9.1197,9.1197,0,0,0,0,0,0
1985-09-10 20:00:00,8.9751,8.9751,0,0,0,0,0,0
1985-09-10 21:00:00,8.9157,8.9157,0,0,0,0,0,0
1985-09-10 22:00:00,9.0922,9.0922,0,0,0,0,0,0
1985-09-10 23:00:00,8.733,8.733,0,0,0,0,0,0
1985-09-11 00:00:00,8.4096,8.4096,0,0,0,0,0,0
1985-09-11 01:00:00,8.2304,8.2304,0,0,0,0,0,0
1985-09-11 02:00:00,7.8067,7.8067,0,0,0,0,0,0
1985-09-11 03:00:00,7.1784,7.1784,0,0,0,0,0,0
1985-09-11 04:00:00,6.2545,6.2545,0,0,0,0,0,0
1985-09-11 05:00:00,4.9867,4.9867,0,0,0,0,0,0
1985-09-11 06:00:00,3.9423,3.9423,0,0,0,0,0,0
1985-09-11 07:00:00,3.2843,3.2843,0,0,0,0,0,0
1985-09-11 08:00:00,2.9956,2.9956,0,0,0,0,0,0
1985-09-11 09:00:00,2.5429,2.5429,0,0,0,0,0,0
1985-09-11 10:00:00,1.6819,1.6819,0,0,0,0,0,0
1985-09-11 11:00:00,1.2841,1.2841,0,0,0,0,0,0
1985-09-11 12:00:00,1.1456,1.1456,0,0,0,0,0,0
1985-09-11 13:00:00,1.0903,1.0903,0,0,0,0,0,0
1985-09-11 14:00:00,1.3964,1.3964,0,0,0,0,0,0
1985-09-11 15:00:00,1.9418,1.9418,0,0,0,0,0,0
1985-09-11 16:00:00,2.089,2.089,0,0,0,0,0,0
1985-09-11 17:00:00,1.6453,1.6453,0,0,0,0,0,0
1985-09-11 18:00:00,1.5293,1.5293,0,0,0,0,0,0
1985-09-11 19:00:00,1.4342,1.4342,0,0,0,0,0,0
1985-09-11 20:00:00,1.3981,1.3981,0,0,0,0,0,0
1985-09-11 21:00:00,2.1773,2.1773,0,0,0,0,0,0
1985-09-11 22:00:00,2.9896,2.9896,0,0,0,0,0,0
1985-09-11 23:00:00,4.5755,4.5755,0,0,0,0,0,0
1985-09-12 00:00:00,5.3829,5.3829,0,0,0,0,0,0
1985-09-12 01:00:00,6.5255,6.5255,0,0,0,0,0,0
1985-09-12 02:00:00,7.4811,7.4811,0,0,0,0,0,0
1985-09-12 03:00:00,8.7043,8.7043,0,0,0,0,0,0
1985-09-12 04:00:00,9.8178,9.8178,0,0,0,0,0,0
1985-09-12 05:00:00,10.5682,10.5682,0,0,0,0,0,0
1985-09-12 06:00:00,11.6453,11.6453,0,0,0,0,0,0
1985-09-12 07:00:00,12.8919,12.8919,0,0,0,0,0,0
1985-09-12 08:00:00,14.2602,14.2602,0,0,0,0,0,0
1985-09-12 09:00:00,15.4971,15.4971,0,0,0,0,0,0
1985-09-12 10:00:00,16.3942,16.3942,0,0,0,0,0,0
1985-09-12 11:00:00,17.2429,17.2429,0,0,0,0,0,0
1985-09-12 12:00:00,18.1596,18.1596,0,0,0,0,0,0
1985-09-12 13:00:00,18.3692,18.3692,0,0,0,0,0,0
1985-09-12 14:00:00,18.327,18.327,0,0,0,0,0,0
1985-09-12 15:00:00,18.2843,18.2843,0,0,0,0,0,0
1985-09-12 16:00:00,18.3774,18.3774,0,0,0,0,0,0
1985-09-12 17:00:00,18.3127,18.3127,0,0,0,0,0,0
1985-09-12 18:00:00,18.2643,18.2643,0,0,0,0,0,0
1985-09-12 19:00:00,18.5522,18.5522,0,0,0,0,0,0
1985-09-12 20:00:00,18.9437,18.9437,0,0,0,0,0,0
1985-09-12 21:00:00,19.3398,19.3398,0,0,0,0,0,0
1985-09-12 22:00:00,19.126,19.126,0,0,0,0,0,0
1985-09-12 23:00:00,18.8408,18.8408,0,0,0,0,0,0
1985-09-13 00:00:00,18.4348,18.4348,0,0,0,0,0,0
1985-09-13 01:00:00,18.1966,18.1966,0,0,0,0,0,0
1985-09-13 02:00:00,17.7582,17.7582,0,0,0,0,0,0
1985-09-13 03:00:00,17.3848,17.3848,0,0,0,0,0,0
1985-09-13 04:00:00,17.2249,17.2249,0,0,0,0,0,0
1985-09-13 05:00:00,16.4439,16.4439,0,0,0,0,0,0
1985-09-13 06:00:00,12.8958,12.8958,0,0,0,0,0,0
1985-09-13 07:00:00,9.0669,9.0669,0,0,0,0,0,0
1985-09-13 08:00:00,8.1599,8.1599,0,0,0,0,0,0
1985-09-13 09:00:00,7.9169,7.9169,0,0,0,0,0,0
1985-09-13 10:00:00,8.081,8.081,0,0,0,0,0,0
1985-09-13 11:00:00,7.8805,7.8805,0,0,0,0,0,0
1985-09-13 12:00:00,7.4234,7.4234,0,0,0,0,0,0
1985-09-13 13:00:00,7.4876,7.4876,0,0,0,0,0,0
1985-09-13 14:00:00,8.2983,8.2983,0,0,0,0,0,0
1985-09-13 15:00:00,9.0115,9.0115,0,0,0,0,0,0
1985-09-13 16:00:00,9.3332,9.3332,0,0,0,0,0,0
1985-09-13 17:00:00,9.4793,9.4793,0,0,0,0,0,0
1985-09-13 18:00:00,9.5702,9.5702,0,0,0,0,0,0
1985-09-13 19:00:00,9.9244,9.9244,0,0,0,0,0,0
1985-09-13 20:00:00,10.1687,10.1687,0,0,0,0,0,0
1985-09-13 21:00:00,10.1567,10.1567,0,0,0,0,0,0
1985-09-13 22:00:00,9.2157,9.2157,0,0,0,0,0,0
1985-09-13 23:00:00,9.3817,9.3817,0,0,0,0,0,0
1985-09-14 00:00:00,10.2645,10.2645,0,0,0,0,0,0
1985-09-14 01:00:00,11.4918,11.4918,0,0,0,0,0,0
1985-09-14 02:00:00,12.2104,12.2104,0,0,0,0,0,0
1985-09-14 03:00:00,13.5144,13.5144,0,0,0,0,0,0
1985-09-14 04:00:00,16.0198,16.0198,0,0,0,0,0,0
1985-09-14 05:00:00,17.4448,17.4448,0,0,0,0,0,0
1985-09-14 06:00:00,18.4204,18.4204,0,0,0,0,0,0
1985-09-14 07:00:00,19.081,19.081,0,0,0,0,0,0
1985-09-14 08:00:00,20.3842,20.3842,0,0,0,0,0,0
1985-09-14 09:00:00,21.0275,21.0275,0,0,0,0,0,0
1985-09-14 10:00:00,21.3897,21.3897,0,0,0,0,0,0
1985-09-14 11:00:00,22.6346,22.6346,0,0,0,0,0,0
1985-09-14 12:00:00,21.4463,21.4463,0,0,0,0,0,0
1985-09-14 13:00:00,18.9712,18.9712,0,0,0,0,0,0
1985-09-14 14:00:00,17.6796,17.6796,0,0,0,0,0,0
1985-09-14 15:00:00,16.5316,16.5316,0,0,0,0,0,0
1985-09-14 16:00:00,14.7449,14.7449,0,0,0,0,0,0
1985-09-14 17:00:00,13.8853,13.8853,0,0,0,0,0,0
1985-09-14 18:00:00,14.164,14.164,0,0,0,0,0,0
1985-09-14 19:00:00,14.1807,14.1807,0,0,0,0,0,0
1985-09-14 20:00:00,14.4512,14.4512,0,0,0,0,0,0
1985-09-14 21:00:00,14.8986,14.8986,0,0,0,0,0,0
1985-09-14 22:00:00,14.1843,14.1843,0,0,0,0,0,0
1985-09-14 23:00:00,14.7635,14.7635,0,0,0,0,0,0
1985-09-15 00:00:00,14.542,14.542,0,0,0,0,0,0
1985-09-15 01:00:00,14.5119,14.5119,0,0,0,0,0,0
1985-09-15 02:00:00,13.9994,13.9994,0,0,0,0,0,0
1985-09-15 03:00:00,13.5461,13.5461,0,0,0,0,0,0
1985-09-15 04:00:00,13.2535,13.2535,0,0,0,0,0,0
1985-09-15 05:00:00,13.132,13.132,0,0,0,0,0,0
1985-09-15 06:00:00,13.2842,13.2842,0,0,0,0,0,0
1985-09-15 07:00:00,13.3662,13.3662,0,0,0,0,0,0
1985-09-15 08:00:00,13.5027,13.5027,0,0,0,0,0,0
1985-09-15 09:00:00,12.8932,12.8932,0,0,0,0,0,0
1985-09-15 10:00:00,12.2686,12.2686,0,0,0,0,0,0
1985-09-15 11:00:00,12.0237,12.0237,0,0,0,0,0,0
1985-09-15 12:00:00,12.0791,12.0791,0,0,0,0,0,0
1985-09-15 13:00:00,11.9156,11.9156,0,0,0,0,0,0
1985-09-15 14:00:00,12.5697,12.5697,0,0,0,0,0,0
1985-09-15 15:00:00,13.5805,13.5805,0,0,0,0,0,0
1985-09-15 16:00:00,14.3471,14.3471,0,0,0,0,0,0
1985-09-15 17:00:00,15.088,15.088,0,0,0,0,0,0
1985-09-15 18:00:00,15.1114,15.1114,0,0,0,0,0,0
1985-09-15 19:00:00,14.6039,14.6039,0,0,0,0,0,0
1985-09-15 20:00:00,14.0191,14.0191,0,0,0,0,0,0
1985-09-15 21:00:00,13.4705,13.4705,0,0,0,0,0,0
1985-09-15 22:00:00,12.0458,12.0458,0,0,0,0,0,0
1985-09-15 23:00:00,10.9171,10.9171,0,0,0,0,0,0
1985-09-16 00:00:00,9.6202,9.6202,0,0,0,0,0,0
1985-09-16 01:00:00,9.1372,9.1372,0,0,0,0,0,0
1985-09-16 02:00:00,8.5877,8.5877,0,0,0,0,0,0
1985-09-16 03:00:00,8.3334,8.3334,0,0,0,0,0,0
1985-09-16 04:00:00,8.1161,8.1161,0,0,0,0,0,0
1985-09-16 05:00:00,7.9801,7.9801,0,0,0,0,0,0
1985-09-16 06:00:00,7.8106,7.8106,0,0,0,0,0,0
1985-09-16 07:00:00,7.4975,7.4975,0,0,0,0,0,0
1985-09-16 08:00:00,7.0469,7.0469,0,0,0,0,0,0
1985-09-16 09:00:00,7.0167,7.0167,0,0,0,0,0,0
1985-09-16 10:00:00,7.6263,7.6263,0,0,0,0,0,0
1985-09-16 11:00:00,7.7371,7.7371,0,0,0,0,0,0
1985-09-16 12:00:00,7.7907,7.7907,0,0,0,0,0,0
1985-09-16 13:00:00,7.7508,7.7508,0,0,0,0,0,0
1985-09-16 14:00:00,7.5299,7.5299,0,0,0,0,0,0
1985-09-16 15:00:00,6.9567,6.9567,0,0,0,0,0,0
1985-09-16 16:00:00,6.2114,6.2114,0,0,0,0,0,0
1985-09-16 17:00:00,5.427,5.427,0,0,0,0,0,0
1985-09-16 18:00:00,4.677,4.677,0,0,0,0,0,0
1985-09-16 19:00:00,4.0517,4.0517,0,0,0,0,0,0
1985-09-16 20:00:00,3.4362,3.4362,0,0,0,0,0,0
1985-09-16 21:00:00,2.8555,2.8555,0,0,0,0,0,0
1985-09-16 22:00:00,3.2578,3.2578,0,0,0,0,0,0
1985-09-16 23:00:00,3.0537,3.0537,0,0,0,0,0,0
1985-09-17 00:00:00,3.1822,3.1822,0,0,0,0,0,0
1985-09-17 01:00:00,3.3663,3.3663,0,0,0,0,0,0
1985-09-17 02:00:00,3.5733,3.5733,0,0,0,0,0,0
1985-09-17 03:00:00,3.7839,3.7839,0,0,0,0,0,0
1985-09-17 04:00:00,4.3134,4.3134,0,0,0,0,0,0
1985-09-17 05:00:00,4.5447,4.5447,0,0,0,0,0,0
1985-09-17 06:00:00,4.2461,4.2461,0,0,0,0,0,0
1985-09-17 07:00:00,3.7987,3.7987,0,0,0,0,0,0
1985-09-17 08:00:00,3.1803,3.1803,0,0,0,0,0,0
1985-09-17 09:00:00,2.5782,2.5782,0,0,0,0,0,0
1985-09-17 10:00:00,3.2347,3.2347,0,0,0,0,0,0
1985-09-17 11:00:00,2.4676,2.4676,0,0,0,0,0,0
1985-09-17 12:00:00,2.3016,2.3016,0,0,0,0,0,0
1985-09-17 13:00:00,2.6845,2.6845,0,0,0,0,0,0
1985-09-17 14:00:00,3.7827,3.7827,0,0,0,0,0,0
1985-09-17 15:00:00,4.9409,4.9409,0,0,0,0,0,0
1985-09-17 16:00:00,5.2342,5.2342,0,0,0,0,0,0
1985-09-17 17:00:00,6.0776,6.0776,0,0,0,0,0,0
1985-09-17 18:00:00,6.945,6.945,0,0,0,0,0,0
1985-09-17 19:00:00,6.7315,6.7315,0,0,0,0,0,0
1985-09-17 20:00:00,7.0081,7.0081,0,0,0,0,0,0
1985-09-17 21:00:00,7.9213,7.9213,0,0,0,0,0,0
1985-09-17 22:00:00,8.0906,8.0906,0,0,0,0,0,0
1985-09-17 23:00:00,9.7684,9.7684,0,0,0,0,0,0
1985-09-18 00:00:00,11.5958,11.5958,0,0,0,0,0,0
1985-09-18 01:00:00,12.1826,12.1826,0,0,0,0,0,0
1985-09-18 02:00:00,12.0297,12.0297,0,0,0,0,0,0
1985-09-18 03:00:00,11.3394,11.3394,0,0,0,0,0,0
1985-09-18 04:00:00,10.5414,10.5414,0,0,0,0,0,0
1985-09-18 05:00:00,9.7673,9.7673,0,0,0,0,0,0
1985-09-18 06:00:00,9.2748,9.2748,0,0,0,0,0,0
1985-09-18 07:00:00,8.7189,8.7189,0,0,0,0,0,0
1985-09-18 08:00:00,8.348,8.348,0,0,0,0,0,0
1985-09-18 09:00:00,8.1972,8.1972,0,0,0,0,0,0
1985-09-18 10:00:00,8.6147,8.6147,0,0,0,0,0,0
1985-09-18 11:00:00,8.4299,8.4299,0,0,0,0,0,0
1985-09-18 12:00:00,8.3061,8.3061,0,0,0,0,0,0
1985-09-18 13:00:00,8.3925,8.3925,0,0,0,0,0,0
1985-09-18 14:00:00,8.3895,8.3895,0,0,0,0,0,0
1985-09-18 15:00:00,8.2259,8.2259,0,0,0,0,0,0
1985-09-18 16:00:00,7.9809,7.9809,0,0,0,0,0,0
1985-09-18 17:00:00,7.4698,7.4698,0,0,0,0,0,0
1985-09-18 18:00:00,7.3993,7.3993,0,0,0,0,0,0
1985-09-18 19:00:00,7.4938,7.4938,0,0,0,0,0,0
1985-09-18 20:00:00,7.617,7.617,0,0,0,0,0,0
1985-09-18 21:00:00,7.7106,7.7106,0,0,0,0,0,0
1985-09-18 22:00:00,8.5628,8.5628,0,0,0,0,0,0
1985-09-18 23:00:00,8.6627,8.6627,0,0,0,0,0,0
1985-09-19 00:00:00,9.1347,9.1347,0,0,0,0,0,0
1985-09-19 01:00:00,9.5717,9.5717,0,0,0,0,0,0
1985-09-19 02:00:00,10.7978,10.7978,0,0,0,0,0,0
1985-09-19 03:00:00,11.3555,11.3555,0,0,0,0,0,0
1985-09-19 04:00:00,11.2203,11.2203,0,0,0,0,0,0
1985-09-19 05:00:00,11.1289,11.1289,0,0,0,0,0,0
1985-09-19 06:00:00,11.421,11.421,0,0,0,0,0,0
1985-09-19 07:00:00,11.8381,11.8381,0,0,0,0,0,0
1985-09-19 08:00:00,10.9614,10.9614,0,0,0,0,0,0
1985-09-19 09:00:00,10.3995,10.3995,0,0,0,0,0,0
1985-09-19 10:00:00,9.5398,9.5398,0,0,0,0,0,0
1985-09-19 11:00:00,9.0435,9.0435,0,0,0,0,0,0
1985-09-19 12:00:00,8.8227,8.8227,0,0,0,0,0,0
1985-09-19 13:00:00,8.7376,8.7376,0,0,0,0,0,0
1985-09-19 14:00:00,9.4094,9.4094,0,0,0,0,0,0
1985-09-19 15:00:00,10.2091,10.2091,0,0,0,0,0,0
1985-09-19 16:00:00,11.1409,11.1409,0,0,0,0,0,0
1985-09-19 17:00:00,11.3768,11.3768,0,0,0,0,0,0
1985-09-19 18:00:00,11.1276,11.1276,0,0,0,0,0,0
1985-09-19 19:00:00,11.9654,11.9654,0,0,0,0,0,0
1985-09-19 20:00:00,12.2182,12.2182,0,0,0,0,0,0
1985-09-19 21:00:00,12.9546,12.9546,0,0,0,0,0,0
1985-09-19 22:00:00,12.6795,12.6795,0,0,0,0,0,0
1985-09-19 23:00:00,13.791,13.791,0,0,0,0,0,0
1985-09-20 00:00:00,14.2445,14.2445,0,0,0,0,0,0
1985-09-20 01:00:00,15.4985,15.4985,0,0,0,0,0,0
1985-09-20 02:00:00,15.7181,15.7181,0,0,0,0,0,0
1985-09-20 03:00:00,15.797,15.797,0,0,0,0,0,0
1985-09-20 04:00:00,16.399,16.399,0,0,0,0,0,0
1985-09-20 05:00:00,15.7087,15.7087,0,0,0,0,0,0
1985-09-20 06:00:00,15.2675,15.2675,0,0,0,0,0,0
1985-09-20 07:00:00,15.1292,15.1292,0,0,0,0,0,0
1985-09-20 08:00:00,14.9286,14.9286,0,0,0,0,0,0
1985-09-20 09:00:00,13.9358,13.9358,0,0,0,0,0,0
1985-09-20 10:00:00,14.0108,14.0108,0,0,0,0,0,0
1985-09-20 11:00:00,14.003,14.003,0,0,0,0,0,0
1985-09-20 12:00:00,13.4272,13.4272,0,0,0,0,0,0
1985-09-20 13:00:00,13.5313,13.5313,0,0,0,0,0,0
1985-09-20 14:00:00,13.3635,13.3635,0,0,0,0,0,0
1985-09-20 15:00:00,13.26,13.26,0,0,0,0,0,0
1985-09-20 16:00:00,12.9012,12.9012,0,0,0,0,0,0
1985-09-20 17:00:00,12.6812,12.6812,0,0,0,0,0,0
1985-09-20 18:00:00,12.7766,12.7766,0,0,0,0,0,0
1985-09-20 19:00:00,12.8216,12.8216,0,0,0,0,0,0
1985-09-20 20:00:00,12.7027,12.7027,0,0,0,0,0,0
1985-09-20 21:00:00,12.514,12.514,0,0,0,0,0,0
1985-09-20 22:00:00,11.7016,11.7016,0,0,0,0,0,0
1985-09-20 23:00:00,11.747,11.747,0,0,0,0,0,0
1985-09-21 00:00:00,11.568,11.568,0,0,0,0,0,0
1985-09-21 01:00:00,10.334,10.334,0,0,0,0,0,0
1985-09-21 02:00:00,9.0195,9.0195,0,0,0,0,0,0
1985-09-21 03:00:00,8.1235,8.1235,0,0,0,0,0,0
1985-09-21 04:00:00,7.1817,7.1817,0,0,0,0,0,0
1985-09-21 05:00:00,6.2048,6.2048,0,0,0,0,0,0
1985-09-21 06:00:00,5.2952,5.2952,0,0,0,0,0,0
1985-09-21 07:00:00,4.4343,4.4343,0,0,0,0,0,0
1985-09-21 08:00:00,3.7761,3.7761,0,0,0,0,0,0
1985-09-21 09:00:00,3.3721,3.3721,0,0,0,0,0,0
1985-09-21 10:00:00,3.5031,3.5031,0,0,0,0,0,0
1985-09-21 11:00:00,3.0479,3.0479,0,0,0,0,0,0
1985-09-21 12:00:00,3.7372,3.7372,0,0,0,0,0,0
1985-09-21 13:00:00,5.0305,5.0305,0,0,0,0,0,0
1985-09-21 14:00:00,6.006,6.006,0,0,0,0,0,0
1985-09-21 15:00:00,6.9057,6.9057,0,0,0,0,0,0
1985-09-21 16:00:00,7.5787,7.5787,0,0,0,0,0,0
1985-09-21 17:00:00,8.3032,8.3032,0,0,0,0,0,0
1985-09-21 18:00:00,8.8908,8.8908,0,0,0,0,0,0
1985-09-21 19:00:00,9.3749,9.3749,0,0,0,0,0,0
1985-09-21 20:00:00,9.6009,9.6009,0,0,0,0,0,0
1985-09-21 21:00:00,9.5637,9.5637,0,0,0,0,0,0
1985-09-21 22:00:00,9.8878,9.8878,0,0,0,0,0,0
1985-09-21 23:00:00,10.0332,10.0332,0,0,0,0,0,0
1985-09-22 00:00:00,9.9342,9.9342,0,0,0,0,0,0
1985-09-22 01:00:00,9.8379,9.8379,0,0,0,0,0,0
1985-09-22 02:00:00,9.3886,9.3886,0,0,0,0,0,0
1985-09-22 03:00:00,8.793,8.793,0,0,0,0,0,0
1985-09-22 04:00:00,8.4289,8.4289,0,0,0,0,0,0
1985-09-22 05:00:00,8.1163,8.1163,0,0,0,0,0,0
1985-09-22 06:00:00,7.9153,7.9153,0,0,0,0,0,0
1985-09-22 07:00:00,7.4089,7.4089,0,0,0,0,0,0
1985-09-22 08:00:00,6.5988,6.5988,0,0,0,0,0,0
1985-09-22 09:00:00,5.9944,5.9944,0,0,0,0,0,0
1985-09-22 10:00:00,6.376,6.376,0,0,0,0,0,0
1985-09-22 11:00:00,6.2032,6.2032,0,0,0,0,0,0
1985-09-22 12:00:00,5.9949,5.9949,0,0,0,0,0,0
1985-09-22 13:00:00,5.7008,5.7008,0,0,0,0,0,0
1985-09-22 14:00:00,6.0176,6.0176,0,0,0,0,0,0
1985-09-22 15:00:00,7.1905,7.1905,0,0,0,0,0,0
1985-09-22 16:00:00,8.0821,8.0821,0,0,0,0,0,0
1985-09-22 17:00:00,8.2962,8.2962,0,0,0,0,0,0
1985-09-22 18:00:00,8.2682,8.2682,0,0,0,0,0,0
1985-09-22 19:00:00,8.0146,8.0146,0,0,0,0,0,0
1985-09-22 20:00:00,7.8968,7.8968,0,0,0,0,0,0
1985-09-22 21:00:00,7.9075,7.9075,0,0,0,0,0,0
1985-09-22 22:00:00,7.266,7.266,0,0,0,0,0,0
1985-09-22 23:00:00,6.895,6.895,0,0,0,0,0,0
1985-09-23 00:00:00,6.5825,6.5825,0,0,0,0,0,0
1985-09-23 01:00:00,6.1517,6.1517,0,0,0,0,0,0
1985-09-23 02:00:00,5.9079,5.9079,0,0,0,0,0,0
1985-09-23 03:00:00,5.7016,5.7016,0,0,0,0,0,0
1985-09-23 04:00:00,5.6577,5.6577,0,0,0,0,0,0
1985-09-23 05:00:00,5.5994,5.5994,0,0,0,0,0,0
1985-09-23 06:00:00,5.585,5.585,0,0,0,0,0,0
1985-09-23 07:00:00,4.8003,4.8003,0,0,0,0,0,0
1985-09-23 08:00:00,3.3761,3.3761,0,0,0,0,0,0
1985-09-23 09:00:00,2.6638,2.6638,0,0,0,0,0,0
1985-09-23 10:00:00,2.8168,2.8168,0,0,0,0,0,0
1985-09-23 11:00:00,3.686,3.686,0,0,0,0,0,0
1985-09-23 12:00:00,3.3974,3.3974,0,0,0,0,0,0
1985-09-23 13:00:00,3.154,3.154,0,0,0,0,0,0
1985-09-23 14:00:00,3.4197,3.4197,0,0,0,0,0,0
1985-09-23 15:00:00,3.7884,3.7884,0,0,0,0,0,0
1985-09-23 16:00:00,4.0718,4.0718,0,0,0,0,0,0
1985-09-23 17:00:00,3.9939,3.9939,0,0,0,0,0,0
1985-09-23 18:00:00,3.4736,3.4736,0,0,0,0,0,0
1985-09-23 19:00:00,2.9433,2.9433,0,0,0,0,0,0
1985-09-23 20:00:00,2.523,2.523,0,0,0,0,0,0
1985-09-23 21:00:00,2.1937,2.1937,0,0,0,0,0,0
1985-09-23 22:00:00,1.6845,1.6845,0,0,0,0,0,0
1985-09-23 23:00:00,1.6816,1.6816,0,0,0,0,0,0
1985-09-24 00:00:00,1.6054,1.6054,0,0,0,0,0,0
1985-09-24 01:00:00,1.3809,1.3809,0,0,0,0,0,0
1985-09-24 02:00:00,0.9477,0.9477,0,0,0,0,0,0
1985-09-24 03:00:00,1.8279,1.8279,0,0,0,0,0,0
1985-09-24 04:00:00,2.6304,2.6304,0,0,0,0,0,0
1985-09-24 05:00:00,2.8536,2.8536,0,0,0,0,0,0
1985-09-24 06:00:00,2.6819,2.6819,0,0,0,0,0,0
1985-09-24 07:00:00,2.4916,2.4916,0,0,0,0,0,0
1985-09-24 08:00:00,2.8878,2.8878,0,0,0,0,0,0
1985-09-24 09:00:00,3.8976,3.8976,0,0,0,0,0,0
1985-09-24 10:00:00,4.1023,4.1023,0,0,0,0,0,0
1985-09-24 11:00:00,4.7697,4.7697,0,0,0,0,0,0
1985-09-24 12:00:00,5.5785,5.5785,0,0,0,0,0,0
1985-09-24 13:00:00,6.6377,6.6377,0,0,0,0,0,0
1985-09-24 14:00:00,7.4676,7.4676,0,0,0,0,0,0
1985-09-24 15:00:00,8.1481,8.1481,0,0,0,0,0,0
1985-09-24 16:00:00,8.7895,8.7895,0,0,0,0,0,0
1985-09-24 17:00:00,9.0663,9.0663,0,0,0,0,0,0
1985-09-24 18:00:00,8.9181,8.9181,0,0,0,0,0,0
1985-09-24 19:00:00,8.3944,8.3944,0,0,0,0,0,0
1985-09-24 20:00:00,8.1327,8.1327,0,0,0,0,0,0
1985-09-24 21:00:00,8.0331,8.0331,0,0,0,0,0,0
1985-09-24 22:00:00,8.1456,8.1456,0,0,0,0,0,0
1985-09-24 23:00:00,8.0397,8.0397,0,0,0,0,0,0
1985-09-25 00:00:00,8.1652,8.1652,0,0,0,0,0,0
1985-09-25 01:00:00,8.3314,8.3314,0,0,0,0,0,0
1985-09-25 02:00:00,8.3998,8.3998,0,0,0,0,0,0
1985-09-25 03:00:00,8.4713,8.4713,0,0,0,0,0,0
1985-09-25 04:00:00,8.6812,8.6812,0,0,0,0,0,0
1985-09-25 05:00:00,8.6739,8.6739,0,0,0,0,0,0
1985-09-25 06:00:00,8.4563,8.4563,0,0,0,0,0,0
1985-09-25 07:00:00,8.1128,8.1128,0,0,0,0,0,0
1985-09-25 08:00:00,7.5569,7.5569,0,0,0,0,0,0
1985-09-25 09:00:00,6.9611,6.9611,0,0,0,0,0,0
1985-09-25 10:00:00,6.1901,6.1901,0,0,0,0,0,0
1985-09-25 11:00:00,5.8319,5.8319,0,0,0,0,0,0
1985-09-25 12:00:00,5.6924,5.6924,0,0,0,0,0,0
1985-09-25 13:00:00,5.9181,5.9181,0,0,0,0,0,0
1985-09-25 14:00:00,6.2068,6.2068,0,0,0,0,0,0
1985-09-25 15:00:00,6.2654,6.2654,0,0,0,0,0,0
1985-09-25 16:00:00,6.2306,6.2306,0,0,0,0,0,0
1985-09-25 17:00:00,5.8783,5.8783,0,0,0,0,0,0
1985-09-25 18:00:00,5.0408,5.0408,0,0,0,0,0,0
1985-09-25 19:00:00,4.148,4.148,0,0,0,0,0,0
1985-09-25 20:00:00,3.5938,3.5938,0,0,0,0,0,0
1985-09-25 21:00:00,2.8359,2.8359,0,0,0,0,0,0
1985-09-25 22:00:00,2.0758,2.0758,0,0,0,0,0,0
1985-09-25 23:00:00,2.3041,2.3041,0,0,0,0,0,0
1985-09-26 00:00:00,1.6303,1.6303,0,0,0,0,0,0
1985-09-26 01:00:00,1.5049,1.5049,0,0,0,0,0,0
1985-09-26 02:00:00,1.368,1.368,0,0,0,0,0,0
1985-09-26 03:00:00,1.9318,1.9318,0,0,0,0,0,0
1985-09-26 04:00:00,3.5684,3.5684,0,0,0,0,0,0
1985-09-26 05:00:00,4.8899,4.8899,0,0,0,0,0,0
1985-09-26 06:00:00,6.3084,6.3084,0,0,0,0,0,0
1985-09-26 07:00:00,7.3615,7.3615,0,0,0,0,0,0
1985-09-26 08:00:00,8.5593,8.5593,0,0,0,0,0,0
1985-09-26 09:00:00,9.3616,9.3616,0,0,0,0,0,0
1985-09-26 10:00:00,8.9631,8.9631,0,0,0,0,0,0
1985-09-26 11:00:00,9.9659,9.9659,0,0,0,0,0,0
1985-09-26 12:00:00,10.2403,10.2403,0,0,0,0,0,0
1985-09-26 13:00:00,9.9315,9.9315,0,0,0,0,0,0
1985-09-26 14:00:00,9.8749,9.8749,0,0,0,0,0,0
1985-09-26 15:00:00,10.1456,10.1456,0,0,0,0,0,0
1985-09-26 16:00:00,10.6671,10.6671,0,0,0,0,0,0
1985-09-26 17:00:00,10.2126,10.2126,0,0,0,0,0,0
1985-09-26 18:00:00,9.6933,9.6933,0,0,0,0,0,0
1985-09-26 19:00:00,7.4683,7.4683,0,0,0,0,0,0
1985-09-26 20:00:00,5.4819,5.4819,0,0,0,0,0,0
1985-09-26 21:00:00,5.9242,5.9242,0,0,0,0,0,0
1985-09-26 22:00:00,9.1955,9.1955,0,0,0,0,0,0
1985-09-26 23:00:00,8.8261,8.8261,0,0,0,0,0,0
1985-09-27 00:00:00,8.1721,8.1721,0,0,0,0,0,0
1985-09-27 01:00:00,6.9896,6.9896,0,0,0,0,0,0
1985-09-27 02:00:00,5.8019,5.8019,0,0,0,0,0,0
1985-09-27 03:00:00,5.0178,5.0178,0,0,0,0,0,0
1985-09-27 04:00:00,5.4299,5.4299,0,0,0,0,0,0
1985-09-27 05:00:00,6.8574,6.8574,0,0,0,0,0,0
1985-09-27 06:00:00,7.8985,7.8985,0,0,0,0,0,0
1985-09-27 07:00:00,8.3882,8.3882,0,0,0,0,0,0
1985-09-27 08:00:00,8.964,8.964,0,0,0,0,0,0
1985-09-27 09:00:00,9.2415,9.2415,0,0,0,0,0,0
1985-09-27 10:00:00,9.8748,9.8748,0,0,0,0,0,0
1985-09-27 11:00:00,9.7644,9.7644,0,0,0,0,0,0
1985-09-27 12:00:00,9.7605,9.7605,0,0,0,0,0,0
1985-09-27 13:00:00,10.5575,10.5575,0,0,0,0,0,0
1985-09-27 14:00:00,11.4269,11.4269,0,0,0,0,0,0
1985-09-27 15:00:00,11.6261,11.6261,0,0,0,0,0,0
1985-09-27 16:00:00,11.1826,11.1826,0,0,0,0,0,0
1985-09-27 17:00:00,10.837,10.837,0,0,0,0,0,0
1985-09-27 18:00:00,10.6149,10.6149,0,0,0,0,0,0
1985-09-27 19:00:00,10.9328,10.9328,0,0,0,0,0,0
1985-09-27 20:00:00,11.6873,11.6873,0,0,0,0,0,0
1985-09-27 21:00:00,11.783,11.783,0,0,0,0,0,0
1985-09-27 22:00:00,12.6568,12.6568,0,0,0,0,0,0
1985-09-27 23:00:00,12.594,12.594,0,0,0,0,0,0
1985-09-28 00:00:00,12.4417,12.4417,0,0,0,0,0,0
1985-09-28 01:00:00,12.0124,12.0124,0,0,0,0,0,0
1985-09-28 02:00:00,11.5919,11.5919,0,0,0,0,0,0
1985-09-28 03:00:00,11.4012,11.4012,0,0,0,0,0,0
1985-09-28 04:00:00,11.2328,11.2328,0,0,0,0,0,0
1985-09-28 05:00:00,10.951,10.951,0,0,0,0,0,0
1985-09-28 06:00:00,10.3935,10.3935,0,0,0,0,0,0
1985-09-28 07:00:00,9.9051,9.9051,0,0,0,0,0,0
1985-09-28 08:00:00,9.1673,9.1673,0,0,0,0,0,0
1985-09-28 09:00:00,8.5968,8.5968,0,0,0,0,0,0
1985-09-28 10:00:00,7.7251,7.7251,0,0,0,0,0,0
1985-09-28 11:00:00,7.2794,7.2794,0,0,0,0,0,0
1985-09-28 12:00:00,7.1104,7.1104,0,0,0,0,0,0
1985-09-28 13:00:00,6.7226,6.7226,0,0,0,0,0,0
1985-09-28 14:00:00,6.1545,6.1545,0,0,0,0,0,0
1985-09-28 15:00:00,6.2956,6.2956,0,0,0,0,0,0
1985-09-28 16:00:00,6.349,6.349,0,0,0,0,0,0
1985-09-28 17:00:00,6.1443,6.1443,0,0,0,0,0,0
1985-09-28 18:00:00,5.9115,5.9115,0,0,0,0,0,0
1985-09-28 19:00:00,5.4605,5.4605,0,0,0,0,0,0
1985-09-28 20:00:00,4.7755,4.7755,0,0,0,0,0,0
1985-09-28 21:00:00,4.0179,4.0179,0,0,0,0,0,0
1985-09-28 22:00:00,2.6063,2.6063,0,0,0,0,0,0
1985-09-28 23:00:00,2.0323,2.0323,0,0,0,0,0,0
1985-09-29 00:00:00,1.258,1.258,0,0,0,0,0,0
1985-09-29 01:00:00,0.9631,0.9631,0,0,0,0,0,0
1985-09-29 02:00:00,2.327,2.327,0,0,0,0,0,0
1985-09-29 03:00:00,3.6948,3.6948,0,0,0,0,0,0
1985-09-29 04:00:00,4.3705,4.3705,0,0,0,0,0,0
1985-09-29 05:00:00,5.6676,5.6676,0,0,0,0,0,0
1985-09-29 06:00:00,6.5238,6.5238,0,0,0,0,0,0
1985-09-29 07:00:00,8.1003,8.1003,0,0,0,0,0,0
1985-09-29 08:00:00,9.1352,9.1352,0,0,0,0,0,0
1985-09-29 09:00:00,9.7105,9.7105,0,0,0,0,0,0
1985-09-29 10:00:00,10.7429,10.7429,0,0,0,0,0,0
1985-09-29 11:00:00,11.5236,11.5236,0,0,0,0,0,0
1985-09-29 12:00:00,12.3371,12.3371,0,0,0,0,0,0
1985-09-29 13:00:00,12.4845,12.4845,0,0,0,0,0,0
1985-09-29 14:00:00,12.5394,12.5394,0,0,0,0,0,0
1985-09-29 15:00:00,12.6573,12.6573,0,0,0,0,0,0
1985-09-29 16:00:00,12.0849,12.0849,0,0,0,0,0,0
1985-09-29 17:00:00,11.7261,11.7261,0,0,0,0,0,0
1985-09-29 18:00:00,11.653,11.653,0,0,0,0,0,0
1985-09-29 19:00:00,11.7771,11.7771,0,0,0,0,0,0
1985-09-29 20:00:00,11.5163,11.5163,0,0,0,0,0,0
1985-09-29 21:00:00,11.2134,11.2134,0,0,0,0,0,0
1985-09-29 22:00:00,12.2713,12.2713,0,0,0,0,0,0
1985-09-29 23:00:00,12.8879,12.8879,0,0,0,0,0,0
1985-09-30 00:00:00,13.5803,13.5803,0,0,0,0,0,0
1985-09-30 01:00:00,13.9635,13.9635,0,0,0,0,0,0
1985-09-30 02:00:00,14.1884,14.1884,0,0,0,0,0,0
1985-09-30 03:00:00,14.1368,14.1368,0,0,0,0,0,0
1985-09-30 04:00:00,14.2536,14.2536,0,0,0,0,0,0
1985-09-30 05:00:00,14.2848,14.2848,0,0,0,0,0,0
1985-09-30 06:00:00,14.5171,14.5171,0,0,0,0,0,0
1985-09-30 07:00:00,14.6771,14.6771,0,0,0,0,0,0
1985-09-30 08:00:00,15.048,15.048,0,0,0,0,0,0
1985-09-30 09:00:00,15.3335,15.3335,0,0,0,0,0,0
1985-09-30 10:00:00,15.5297,15.5297,0,0,0,0,0,0
1985-09-30 11:00:00,15.9613,15.9613,0,0,0,0,0,0
1985-09-30 12:00:00,16.1289,16.1289,0,0,0,0,0,0
1985-09-30 13:00:00,16.1612,16.1612,0,0,0,0,0,0
1985-09-30 14:00:00,16.287,16.287,0,0,0,0,0,0
1985-09-30 15:00:00,15.473,15.473,0,0,0,0,0,0
1985-09-30 16:00:00,15.9813,15.9813,0,0,0,0,0,0
1985-09-30 17:00:00,16.9518,16.9518,0,0,0,0,0,0
1985-09-30 18:00:00,17.3761,17.3761,0,0,0,0,0,0
1985-09-30 19:00:00,17.633,17.633,0,0,0,0,0,0
1985-09-30 20:00:00,18.064,18.064,0,0,0,0,0,0
1985-09-30 21:00:00,17.5039,17.5039,0,0,0,0,0,0
1985-09-30 22:00:00,15.7883,15.7883,0,0,0,0,0,0
1985-09-30 23:00:00,16.1974,16.1974,0,0,0,0,0,0
1985-10-01 00:00:00,17.1341,17.1341,0,0,0,0,0,0
1985-10-01 01:00:00,17.9201,17.9201,0,0,0,0,0,0
1985-10-01 02:00:00,16.768,16.768,0,0,0,0,0,0
1985-10-01 03:00:00,16.9499,16.9499,0,0,0,0,0,0
1985-10-01 04:00:00,18.5738,18.5738,0,0,0,0,0,0
1985-10-01 05:00:00,18.008,18.008,0,0,0,0,0,0
1985-10-01 06:00:00,15.4734,15.4734,0,0,0,0,0,0
1985-10-01 07:00:00,13.3774,13.3774,0,0,0,0,0,0
1985-10-01 08:00:00,11.2088,11.2088,0,0,0,0,0,0
1985-10-01 09:00:00,9.5657,9.5657,0,0,0,0,0,0
1985-10-01 10:00:00,9.1242,9.1242,0,0,0,0,0,0
1985-10-01 11:00:00,9.303,9.303,0,0,0,0,0,0
1985-10-01 12:00:00,9.6986,9.6986,0,0,0,0,0,0
1985-10-01 13:00:00,9.4324,9.4324,0,0,0,0,0,0
1985-10-01 14:00:00,8.2272,8.2272,0,0,0,0,0,0
1985-10-01 15:00:00,7.0275,7.0275,0,0,0,0,0,0
1985-10-01 16:00:00,5.9044,5.9044,0,0,0,0,0,0
1985-10-01 17:00:00,5.57,5.57,0,0,0,0,0,0
1985-10-01 18:00:00,5.6638,5.6638,0,0,0,0,0,0
1985-10-01 19:00:00,6.4143,6.4143,0,0,0,0,0,0
1985-10-01 20:00:00,6.8693,6.8693,0,0,0,0,0,0
1985-10-01 21:00:00,6.3132,6.3132,0,0,0,0,0,0
1985-10-01 22:00:00,6.5428,6.5428,0,0,0,0,0,0
1985-10-01 23:00:00,8.8633,8.8633,0,0,0,0,0,0
1985-10-02 00:00:00,11.0947,11.0947,0,0,0,0,0,0
1985-10-02 01:00:00,12.6104,12.6104,0,0,0,0,0,0
1985-10-02 02:00:00,13.4257,13.4257,0,0,0,0,0,0
1985-10-02 03:00:00,13.9074,13.9074,0,0,0,0,0,0
1985-10-02 04:00:00,14.9024,14.9024,0,0,0,0,0,0
1985-10-02 05:00:00,15.6273,15.6273,0,0,0,0,0,0
1985-10-02 06:00:00,16.0241,16.0241,0,0,0,0,0,0
1985-10-02 07:00:00,15.8496,15.8496,0,0,0,0,0,0
1985-10-02 08:00:00,15.2405,15.2405,0,0,0,0,0,0
1985-10-02 09:00:00,14.6445,14.6445,0,0,0,0,0,0
1985-10-02 10:00:00,13.7475,13.7475,0,0,0,0,0,0
1985-10-02 11:00:00,13.2279,13.2279,0,0,0,0,0,0
1985-10-02 12:00:00,12.9329,12.9329,0,0,0,0,0,0
1985-10-02 13:00:00,13.0681,13.0681,0,0,0,0,0,0
1985-10-02 14:00:00,13.3318,13.3318,0,0,0,0,0,0
1985-10-02 15:00:00,13.0247,13.0247,0,0,0,0,0,0
1985-10-02 16:00:00,12.874,12.874,0,0,0,0,0,0
1985-10-02 17:00:00,12.8617,12.8617,0,0,0,0,0,0
1985-10-02 18:00:00,13.1128,13.1128,0,0,0,0,0,0
1985-10-02 19:00:00,13.4474,13.4474,0,0,0,0,0,0
1985-10-02 20:00:00,13.6565,13.6565,0,0,0,0,0,0
1985-10-02 21:00:00,13.7043,13.7043,0,0,0,0,0,0
1985-10-02 22:00:00,13.2775,13.2775,0,0,0,0,0,0
1985-10-02 23:00:00,13.3694,13.3694,0,0,0,0,0,0
1985-10-03 00:00:00,14.0414,14.0414,0,0,0,0,0,0
1985-10-03 01:00:00,14.4342,14.4342,0,0,0,0,0,0
1985-10-03 02:00:00,14.8512,14.8512,0,0,0,0,0,0
1985-10-03 03:00:00,15.2281,15.2281,0,0,0,0,0,0
1985-10-03 04:00:00,15.7521,15.7521,0,0,0,0,0,0
1985-10-03 05:00:00,16.9109,16.9109,0,0,0,0,0,0
1985-10-03 06:00:00,17.5331,17.5331,0,0,0,0,0,0
1985-10-03 07:00:00,17.55,17.55,0,0,0,0,0,0
1985-10-03 08:00:00,17.4952,17.4952,0,0,0,0,0,0
1985-10-03 09:00:00,18.0459,18.0459,0,0,0,0,0,0
1985-10-03 10:00:00,18.8039,18.8039,0,0,0,0,0,0
1985-10-03 11:00:00,17.8994,17.8994,0,0,0,0,0,0
1985-10-03 12:00:00,17.737,17.737,0,0,0,0,0,0
1985-10-03 13:00:00,18.706,18.706,0,0,0,0,0,0
1985-10-03 14:00:00,19.7301,19.7301,0,0,0,0,0,0
1985-10-03 15:00:00,19.8207,19.8207,0,0,0,0,0,0
1985-10-03 16:00:00,19.6238,19.6238,0,0,0,0,0,0
1985-10-03 17:00:00,19.3646,19.3646,0,0,0,0,0,0
1985-10-03 18:00:00,20.0781,20.0781,0,0,0,0,0,0
1985-10-03 19:00:00,21.3967,21.3967,0,0,0,0,0,0
1985-10-03 20:00:00,19.407,19.407,0,0,0,0,0,0
1985-10-03 21:00:00,17.4972,17.4972,0,0,0,0,0,0
1985-10-03 22:00:00,15.3012,15.3012,0,0,0,0,0,0
1985-10-03 23:00:00,13.6238,13.6238,0,0,0,0,0,0
1985-10-04 00:00:00,12.7915,12.7915,0,0,0,0,0,0
1985-10-04 01:00:00,13.2177,13.2177,0,0,0,0,0,0
1985-10-04 02:00:00,14.3076,14.3076,0,0,0,0,0,0
1985-10-04 03:00:00,14.816,14.816,0,0,0,0,0,0
1985-10-04 04:00:00,14.7827,14.7827,0,0,0,0,0,0
1985-10-04 05:00:00,15.136,15.136,0,0,0,0,0,0
1985-10-04 06:00:00,15.9999,15.9999,0,0,0,0,0,0
1985-10-04 07:00:00,16.9624,16.9624,0,0,0,0,0,0
1985-10-04 08:00:00,17.4424,17.4424,0,0,0,0,0,0
1985-10-04 09:00:00,17.9148,17.9148,0,0,0,0,0,0
1985-10-04 10:00:00,18.5134,18.5134,0,0,0,0,0,0
1985-10-04 11:00:00,18.2445,18.2445,0,0,0,0,0,0
1985-10-04 12:00:00,18.2367,18.2367,0,0,0,0,0,0
1985-10-04 13:00:00,18.1112,18.1112,0,0,0,0,0,0
1985-10-04 14:00:00,18.314,18.314,0,0,0,0,0,0
1985-10-04 15:00:00,18.5271,18.5271,0,0,0,0,0,0
1985-10-04 16:00:00,18.5125,18.5125,0,0,0,0,0,0
1985-10-04 17:00:00,19.678,19.678,0,0,0,0,0,0
1985-10-04 18:00:00,19.5953,19.5953,0,0,0,0,0,0
1985-10-04 19:00:00,19.2658,19.2658,0,0,0,0,0,0
1985-10-04 20:00:00,19.1055,19.1055,0,0,0,0,0,0
1985-10-04 21:00:00,18.8177,18.8177,0,0,0,0,0,0
1985-10-04 22:00:00,19.4179,19.4179,0,0,0,0,0,0
1985-10-04 23:00:00,19.2152,19.2152,0,0,0,0,0,0
1985-10-05 00:00:00,19.4812,19.4812,0,0,0,0,0,0
1985-10-05 01:00:00,19.5206,19.5206,0,0,0,0,0,0
1985-10-05 02:00:00,19.5807,19.5807,0,0,0,0,0,0
1985-10-05 03:00:00,19.8961,19.8961,0,0,0,0,0,0
1985-10-05 04:00:00,20.4026,20.4026,0,0,0,0,0,0
1985-10-05 05:00:00,21.1266,21.1266,0,0,0,0,0,0
1985-10-05 06:00:00,22.0151,22.0151,0,0,0,0,0,0
1985-10-05 07:00:00,21.8367,21.8367,0,0,0,0,0,0
1985-10-05 08:00:00,21.0414,21.0414,0,0,0,0,0,0
1985-10-05 09:00:00,19.718,19.718,0,0,0,0,0,0
1985-10-05 10:00:00,19.0779,19.0779,0,0,0,0,0,0
1985-10-05 11:00:00,18.8266,18.8266,0,0,0,0,0,0
1985-10-05 12:00:00,18.2762,18.2762,0,0,0,0,0,0
1985-10-05 13:00:00,17.14,17.14,0,0,0,0,0,0
1985-10-05 14:00:00,15.75,15.75,0,0,0,0,0,0
1985-10-05 15:00:00,13.8887,13.8887,0,0,0,0,0,0
1985-10-05 16:00:00,12.5765,12.5765,0,0,0,0,0,0
1985-10-05 17:00:00,12.8609,12.8609,0,0,0,0,0,0
1985-10-05 18:00:00,12.3267,12.3267,0,0,0,0,0,0
1985-10-05 19:00:00,11.4826,11.4826,0,0,0,0,0,0
1985-10-05 20:00:00,10.988,10.988,0,0,0,0,0,0
1985-10-05 21:00:00,11.0016,11.0016,0,0,0,0,0,0
1985-10-05 22:00:00,11.4575,11.4575,0,0,0,0,0,0
1985-10-05 23:00:00,11.4426,11.4426,0,0,0,0,0,0
1985-10-06 00:00:00,11.8448,11.8448,0,0,0,0,0,0
1985-10-06 01:00:00,12.7409,12.7409,0,0,0,0,0,0
1985-10-06 02:00:00,13.7112,13.7112,0,0,0,0,0,0
1985-10-06 03:00:00,14.6889,14.6889,0,0,0,0,0,0
1985-10-06 04:00:00,15.8185,15.8185,0,0,0,0,0,0
1985-10-06 05:00:00,16.6102,16.6102,0,0,0,0,0,0
1985-10-06 06:00:00,16.8708,16.8708,0,0,0,0,0,0
1985-10-06 07:00:00,17.2715,17.2715,0,0,0,0,0,0
1985-10-06 08:00:00,17.3432,17.3432,0,0,0,0,0,0
1985-10-06 09:00:00,17.0839,17.0839,0,0,0,0,0,0
1985-10-06 10:00:00,18.1481,18.1481,0,0,0,0,0,0
1985-10-06 11:00:00,18.4104,18.4104,0,0,0,0,0,0
1985-10-06 12:00:00,18.365,18.365,0,0,0,0,0,0
1985-10-06 13:00:00,18.7082,18.7082,0,0,0,0,0,0
1985-10-06 14:00:00,19.1499,19.1499,0,0,0,0,0,0
1985-10-06 15:00:00,19.7493,19.7493,0,0,0,0,0,0
1985-10-06 16:00:00,20.0003,20.0003,0,0,0,0,0,0
1985-10-06 17:00:00,20.4333,20.4333,0,0,0,0,0,0
1985-10-06 18:00:00,21.2391,21.2391,0,0,0,0,0,0
1985-10-06 19:00:00,21.8956,21.8956,0,0,0,0,0,0
1985-10-06 20:00:00,22.0133,22.0133,0,0,0,0,0,0
1985-10-06 21:00:00,22.588,22.588,0,0,0,0,0,0
1985-10-06 22:00:00,23.3187,23.3187,0,0,0,0,0,0
1985-10-06 23:00:00,21.9991,21.9991,0,0,0,0,0,0
1985-10-07 00:00:00,19.6818,19.6818,0,0,0,0,0,0
1985-10-07 01:00:00,16.8651,16.8651,0,0,0,0,0,0
1985-10-07 02:00:00,13.7338,13.7338,0,0,0,0,0,0
1985-10-07 03:00:00,11.8273,11.8273,0,0,0,0,0,0
1985-10-07 04:00:00,9.0777,9.0777,0,0,0,0,0,0
1985-10-07 05:00:00,7.0651,7.0651,0,0,0,0,0,0
1985-10-07 06:00:00,5.9827,5.9827,0,0,0,0,0,0
1985-10-07 07:00:00,6.7882,6.7882,0,0,0,0,0,0
1985-10-07 08:00:00,8.0955,8.0955,0,0,0,0,0,0
1985-10-07 09:00:00,9.0092,9.0092,0,0,0,0,0,0
1985-10-07 10:00:00,9.1361,9.1361,0,0,0,0,0,0
1985-10-07 11:00:00,9.7395,9.7395,0,0,0,0,0,0
1985-10-07 12:00:00,10.4212,10.4212,0,0,0,0,0,0
1985-10-07 13:00:00,11.4933,11.4933,0,0,0,0,0,0
1985-10-07 14:00:00,12.1163,12.1163,0,0,0,0,0,0
1985-10-07 15:00:00,12.4488,12.4488,0,0,0,0,0,0
1985-10-07 16:00:00,12.8982,12.8982,0,0,0,0,0,0
1985-10-07 17:00:00,12.9442,12.9442,0,0,0,0,0,0
1985-10-07 18:00:00,13.2639,13.2639,0,0,0,0,0,0
1985-10-07 19:00:00,12.7564,12.7564,0,0,0,0,0,0
1985-10-07 20:00:00,12.329,12.329,0,0,0,0,0,0
1985-10-07 21:00:00,12.1017,12.1017,0,0,0,0,0,0
1985-10-07 22:00:00,11.0526,11.0526,0,0,0,0,0,0
1985-10-07 23:00:00,11.0319,11.0319,0,0,0,0,0,0
1985-10-08 00:00:00,10.5052,10.5052,0,0,0,0,0,0
1985-10-08 01:00:00,10.1753,10.1753,0,0,0,0,0,0
1985-10-08 02:00:00,10.284,10.284,0,0,0,0,0,0
1985-10-08 03:00:00,10.4194,10.4194,0,0,0,0,0,0
1985-10-08 04:00:00,11.1003,11.1003,0,0,0,0,0,0
1985-10-08 05:00:00,11.7921,11.7921,0,0,0,0,0,0
1985-10-08 06:00:00,12.3873,12.3873,0,0,0,0,0,0
1985-10-08 07:00:00,12.7089,12.7089,0,0,0,0,0,0
1985-10-08 08:00:00,12.7021,12.7021,0,0,0,0,0,0
1985-10-08 09:00:00,11.616,11.616,0,0,0,0,0,0
1985-10-08 10:00:00,10.6516,10.6516,0,0,0,0,0,0
1985-10-08 11:00:00,9.5298,9.5298,0,0,0,0,0,0
1985-10-08 12:00:00,8.7062,8.7062,0,0,0,0,0,0
1985-10-08 13:00:00,8.5222,8.5222,0,0,0,0,0,0
1985-10-08 14:00:00,8.7207,8.7207,0,0,0,0,0,0
1985-10-08 15:00:00,8.9528,8.9528,0,0,0,0,0,0
1985-10-08 16:00:00,8.9286,8.9286,0,0,0,0,0,0
1985-10-08 17:00:00,8.6017,8.6017,0,0,0,0,0,0
1985-10-08 18:00:00,8.168,8.168,0,0,0,0,0,0
1985-10-08 19:00:00,7.5831,7.5831,0,0,0,0,0,0
1985-10-08 20:00:00,7.418,7.418,0,0,0,0,0,0
1985-10-08 21:00:00,8.0288,8.0288,0,0,0,0,0,0
1985-10-08 22:00:00,8.205,8.205,0,0,0,0,0,0
1985-10-08 23:00:00,8.3256,8.3256,0,0,0,0,0,0
1985-10-09 00:00:00,8.096,8.096,0,0,0,0,0,0
1985-10-09 01:00:00,8.0884,8.0884,0,0,0,0,0,0
1985-10-09 02:00:00,7.8176,7.8176,0,0,0,0,0,0
1985-10-09 03:00:00,7.5094,7.5094,0,0,0,0,0,0
1985-10-09 04:00:00,7.8263,7.8263,0,0,0,0,0,0
1985-10-09 05:00:00,8.3607,8.3607,0,0,0,0,0,0
1985-10-09 06:00:00,8.8227,8.8227,0,0,0,0,0,0
1985-10-09 07:00:00,9.093,9.093,0,0,0,0,0,0
1985-10-09 08:00:00,9.0081,9.0081,0,0,0,0,0,0
1985-10-09 09:00:00,8.616,8.616,0,0,0,0,0,0
1985-10-09 10:00:00,8.9246,8.9246,0,0,0,0,0,0
1985-10-09 11:00:00,9.1164,9.1164,0,0,0,0,0,0
1985-10-09 12:00:00,8.7314,8.7314,0,0,0,0,0,0
1985-10-09 13:00:00,8.94,8.94,0,0,0,0,0,0
1985-10-09 14:00:00,9.063,9.063,0,0,0,0,0,0
1985-10-09 15:00:00,9.2645,9.2645,0,0,0,0,0,0
1985-10-09 16:00:00,9.1272,9.1272,0,0,0,0,0,0
1985-10-09 17:00:00,9.2685,9.2685,0,0,0,0,0,0
1985-10-09 18:00:00,9.6153,9.6153,0,0,0,0,0,0
1985-10-09 19:00:00,9.2269,9.2269,0,0,0,0,0,0
1985-10-09 20:00:00,7.7728,7.7728,0,0,0,0,0,0
1985-10-09 21:00:00,6.1709,6.1709,0,0,0,0,0,0
1985-10-09 22:00:00,5.3149,5.3149,0,0,0,0,0,0
1985-10-09 23:00:00,5.3193,5.3193,0,0,0,0,0,0
1985-10-10 00:00:00,5.0614,5.0614,0,0,0,0,0,0
1985-10-10 01:00:00,4.8547,4.8547,0,0,0,0,0,0
1985-10-10 02:00:00,5.1407,5.1407,0,0,0,0,0,0
1985-10-10 03:00:00,5.8686,5.8686,0,0,0,0,0,0
1985-10-10 04:00:00,5.9561,5.9561,0,0,0,0,0,0
1985-10-10 05:00:00,5.1448,5.1448,0,0,0,0,0,0
1985-10-10 06:00:00,3.9815,3.9815,0,0,0,0,0,0
1985-10-10 07:00:00,3.3004,3.3004,0,0,0,0,0,0
1985-10-10 08:00:00,3.4193,3.4193,0,0,0,0,0,0
1985-10-10 09:00:00,4.0348,4.0348,0,0,0,0,0,0
1985-10-10 10:00:00,4.6295,4.6295,0,0,0,0,0,0
1985-10-10 11:00:00,5.0855,5.0855,0,0,0,0,0,0
1985-10-10 12:00:00,5.8164,5.8164,0,0,0,0,0,0
1985-10-10 13:00:00,6.0539,6.0539,0,0,0,0,0,0
1985-10-10 14:00:00,5.3487,5.3487,0,0,0,0,0,0
1985-10-10 15:00:00,4.7793,4.7793,0,0,0,0,0,0
1985-10-10 16:00:00,3.713,3.713,0,0,0,0,0,0
1985-10-10 17:00:00,3.7799,3.7799,0,0,0,0,0,0
1985-10-10 18:00:00,3.4038,3.4038,0,0,0,0,0,0
1985-10-10 19:00:00,4.1285,4.1285,0,0,0,0,0,0
1985-10-10 20:00:00,6.3835,6.3835,0,0,0,0,0,0
1985-10-10 21:00:00,8.6356,8.6356,0,0,0,0,0,0
1985-10-10 22:00:00,11.6372,11.6372,0,0,0,0,0,0
1985-10-10 23:00:00,13.358,13.358,0,0,0,0,0,0
1985-10-11 00:00:00,16.051,16.051,0,0,0,0,0,0
1985-10-11 01:00:00,19.612,19.612,0,0,0,0,0,0
1985-10-11 02:00:00,22.1282,22.1282,0,0,0,0,0,0
1985-10-11 03:00:00,21.1929,21.1929,0,0,0,0,0,0
1985-10-11 04:00:00,19.3903,19.3903,0,0,0,0,0,0
1985-10-11 05:00:00,18.442,18.442,0,0,0,0,0,0
1985-10-11 06:00:00,19.5868,19.5868,0,0,0,0,0,0
1985-10-11 07:00:00,21.7701,21.7701,0,0,0,0,0,0
1985-10-11 08:00:00,22.178,22.178,0,0,0,0,0,0
1985-10-11 09:00:00,20.9591,20.9591,0,0,0,0,0,0
1985-10-11 10:00:00,19.4916,19.4916,0,0,0,0,0,0
1985-10-11 11:00:00,17.9394,17.9394,0,0,0,0,0,0
1985-10-11 12:00:00,16.0395,16.0395,0,0,0,0,0,0
1985-10-11 13:00:00,15.9002,15.9002,0,0,0,0,0,0
1985-10-11 14:00:00,20.4021,20.4021,0,0,0,0,0,0
1985-10-11 15:00:00,27.4033,27.4033,0,0,0,0,0,0
1985-10-11 16:00:00,26.6498,26.6498,0,0,0,0,0,0
1985-10-11 17:00:00,24.4758,24.4758,0,0,0,0,0,0
1985-10-11 18:00:00,23.457,23.457,0,0,0,0,0,0
1985-10-11 19:00:00,22.5092,22.5092,0,0,0,0,0,0
1985-10-11 20:00:00,21.2796,21.2796,0,0,0,0,0,0
1985-10-11 21:00:00,19.8067,19.8067,0,0,0,0,0,0
1985-10-11 22:00:00,18.0148,18.0148,0,0,0,0,0,0
1985-10-11 23:00:00,17.2759,17.2759,0,0,0,0,0,0
1985-10-12 00:00:00,16.6147,16.6147,0,0,0,0,0,0
1985-10-12 01:00:00,15.9897,15.9897,0,0,0,0,0,0
1985-10-12 02:00:00,15.6033,15.6033,0,0,0,0,0,0
1985-10-12 03:00:00,15.1926,15.1926,0,0,0,0,0,0
1985-10-12 04:00:00,14.5218,14.5218,0,0,0,0,0,0
1985-10-12 05:00:00,13.681,13.681,0,0,0,0,0,0
1985-10-12 06:00:00,12.8843,12.8843,0,0,0,0,0,0
1985-10-12 07:00:00,12.0175,12.0175,0,0,0,0,0,0
1985-10-12 08:00:00,11.0599,11.0599,0,0,0,0,0,0
1985-10-12 09:00:00,10.0559,10.0559,0,0,0,0,0,0
1985-10-12 10:00:00,9.6355,9.6355,0,0,0,0,0,0
1985-10-12 11:00:00,8.99,8.99,0,0,0,0,0,0
1985-10-12 12:00:00,8.0727,8.0727,0,0,0,0,0,0
1985-10-12 13:00:00,7.2042,7.2042,0,0,0,0,0,0
1985-10-12 14:00:00,6.093,6.093,0,0,0,0,0,0
1985-10-12 15:00:00,5.4914,5.4914,0,0,0,0,0,0
1985-10-12 16:00:00,4.4711,4.4711,0,0,0,0,0,0
1985-10-12 17:00:00,3.3316,3.3316,0,0,0,0,0,0
1985-10-12 18:00:00,3.1174,3.1174,0,0,0,0,0,0
1985-10-12 19:00:00,2.3539,2.3539,0,0,0,0,0,0
1985-10-12 20:00:00,1.5445,1.5445,0,0,0,0,0,0
1985-10-12 21:00:00,1.5131,1.5131,0,0,0,0,0,0
1985-10-12 22:00:00,1.9354,1.9354,0,0,0,0,0,0
1985-10-12 23:00:00,3.3271,3.3271,0,0,0,0,0,0
1985-10-13 00:00:00,4.8134,4.8134,0,0,0,0,0,0
1985-10-13 01:00:00,6.3218,6.3218,0,0,0,0,0,0
1985-10-13 02:00:00,7.7231,7.7231,0,0,0,0,0,0
1985-10-13 03:00:00,9.2758,9.2758,0,0,0,0,0,0
1985-10-13 04:00:00,10.3211,10.3211,0,0,0,0,0,0
1985-10-13 05:00:00,11.6103,11.6103,0,0,0,0,0,0
1985-10-13 06:00:00,12.588,12.588,0,0,0,0,0,0
1985-10-13 07:00:00,12.5104,12.5104,0,0,0,0,0,0
1985-10-13 08:00:00,12.1075,12.1075,0,0,0,0,0,0
1985-10-13 09:00:00,10.6278,10.6278,0,0,0,0,0,0
1985-10-13 10:00:00,10.8113,10.8113,0,0,0,0,0,0
1985-10-13 11:00:00,10.6916,10.6916,0,0,0,0,0,0
1985-10-13 12:00:00,11.0786,11.0786,0,0,0,0,0,0
1985-10-13 13:00:00,11.2342,11.2342,0,0,0,0,0,0
1985-10-13 14:00:00,10.9987,10.9987,0,0,0,0,0,0
1985-10-13 15:00:00,10.6226,10.6226,0,0,0,0,0,0
1985-10-13 16:00:00,10.625,10.625,0,0,0,0,0,0
1985-10-13 17:00:00,11.471,11.471,0,0,0,0,0,0
1985-10-13 18:00:00,11.3613,11.3613,0,0,0,0,0,0
1985-10-13 19:00:00,10.6926,10.6926,0,0,0,0,0,0
1985-10-13 20:00:00,10.4913,10.4913,0,0,0,0,0,0
1985-10-13 21:00:00,9.8872,9.8872,0,0,0,0,0,0
1985-10-13 22:00:00,9.0722,9.0722,0,0,0,0,0,0
1985-10-13 23:00:00,9.5675,9.5675,0,0,0,0,0,0
1985-10-14 00:00:00,10.5144,10.5144,0,0,0,0,0,0
1985-10-14 01:00:00,11.2841,11.2841,0,0,0,0,0,0
1985-10-14 02:00:00,11.4753,11.4753,0,0,0,0,0,0
1985-10-14 03:00:00,10.8607,10.8607,0,0,0,0,0,0
1985-10-14 04:00:00,10.6099,10.6099,0,0,0,0,0,0
1985-10-14 05:00:00,10.4796,10.4796,0,0,0,0,0,0
1985-10-14 06:00:00,9.9807,9.9807,0,0,0,0,0,0
1985-10-14 07:00:00,9.6009,9.6009,0,0,0,0,0,0
1985-10-14 08:00:00,9.412,9.412,0,0,0,0,0,0
1985-10-14 09:00:00,8.9757,8.9757,0,0,0,0,0,0
1985-10-14 10:00:00,9.2913,9.2913,0,0,0,0,0,0
1985-10-14 11:00:00,8.896,8.896,0,0,0,0,0,0
1985-10-14 12:00:00,8.5191,8.5191,0,0,0,0,0,0
1985-10-14 13:00:00,8.152,8.152,0,0,0,0,0,0
1985-10-14 14:00:00,7.6895,7.6895,0,0,0,0,0,0
1985-10-14 15:00:00,6.8632,6.8632,0,0,0,0,0,0
1985-10-14 16:00:00,5.8803,5.8803,0,0,0,0,0,0
1985-10-14 17:00:00,5.1667,5.1667,0,0,0,0,0,0
1985-10-14 18:00:00,4.8539,4.8539,0,0,0,0,0,0
1985-10-14 19:00:00,4.6728,4.6728,0,0,0,0,0,0
1985-10-14 20:00:00,4.8968,4.8968,0,0,0,0,0,0
1985-10-14 21:00:00,5.6243,5.6243,0,0,0,0,0,0
1985-10-14 22:00:00,6.0616,6.0616,0,0,0,0,0,0
1985-10-14 23:00:00,5.8606,5.8606,0,0,0,0,0,0
1985-10-15 00:00:00,6.0475,6.0475,0,0,0,0,0,0
1985-10-15 01:00:00,6.1237,6.1237,0,0,0,0,0,0
1985-10-15 02:00:00,5.263,5.263,0,0,0,0,0,0
1985-10-15 03:00:00,3.5295,3.5295,0,0,0,0,0,0
1985-10-15 04:00:00,3.0862,3.0862,0,0,0,0,0,0
1985-10-15 05:00:00,3.8027,3.8027,0,0,0,0,0,0
1985-10-15 06:00:00,4.1166,4.1166,0,0,0,0,0,0
1985-10-15 07:00:00,4.4289,4.4289,0,0,0,0,0,0
1985-10-15 08:00:00,4.6919,4.6919,0,0,0,0,0,0
1985-10-15 09:00:00,4.3558,4.3558,0,0,0,0,0,0
1985-10-15 10:00:00,4.0451,4.0451,0,0,0,0,0,0
1985-10-15 11:00:00,4.8888,4.8888,0,0,0,0,0,0
1985-10-15 12:00:00,5.8322,5.8322,0,0,0,0,0,0
1985-10-15 13:00:00,5.6811,5.6811,0,0,0,0,0,0
1985-10-15 14:00:00,5.2867,5.2867,0,0,0,0,0,0
1985-10-15 15:00:00,4.9713,4.9713,0,0,0,0,0,0
1985-10-15 16:00:00,5.0027,5.0027,0,0,0,0,0,0
1985-10-15 17:00:00,5.2972,5.2972,0,0,0,0,0,0
1985-10-15 18:00:00,5.6169,5.6169,0,0,0,0,0,0
1985-10-15 19:00:00,5.7817,5.7817,0,0,0,0,0,0
1985-10-15 20:00:00,5.6085,5.6085,0,0,0,0,0,0
1985-10-15 21:00:00,5.1796,5.1796,0,0,0,0,0,0
1985-10-15 22:00:00,4.6598,4.6598,0,0,0,0,0,0
1985-10-15 23:00:00,4.6217,4.6217,0,0,0,0,0,0
1985-10-16 00:00:00,4.8319,4.8319,0,0,0,0,0,0
1985-10-16 01:00:00,5.033,5.033,0,0,0,0,0,0
1985-10-16 02:00:00,5.2946,5.2946,0,0,0,0,0,0
1985-10-16 03:00:00,5.6739,5.6739,0,0,0,0,0,0
1985-10-16 04:00:00,5.9693,5.9693,0,0,0,0,0,0
1985-10-16 05:00:00,6.0697,6.0697,0,0,0,0,0,0
1985-10-16 06:00:00,5.9068,5.9068,0,0,0,0,0,0
1985-10-16 07:00:00,5.9541,5.9541,0,0,0,0,0,0
1985-10-16 08:00:00,6.3001,6.3001,0,0,0,0,0,0
1985-10-16 09:00:00,6.3759,6.3759,0,0,0,0,0,0
1985-10-16 10:00:00,6.0823,6.0823,0,0,0,0,0,0
1985-10-16 11:00:00,5.0357,5.0357,0,0,0,0,0,0
1985-10-16 12:00:00,4.3941,4.3941,0,0,0,0,0,0
1985-10-16 13:00:00,4.3675,4.3675,0,0,0,0,0,0
1985-10-16 14:00:00,4.5846,4.5846,0,0,0,0,0,0
1985-10-16 15:00:00,4.4394,4.4394,0,0,0,0,0,0
1985-10-16 16:00:00,4.1132,4.1132,0,0,0,0,0,0
1985-10-16 17:00:00,3.3577,3.3577,0,0,0,0,0,0
1985-10-16 18:00:00,2.5761,2.5761,0,0,0,0,0,0
1985-10-16 19:00:00,2.1907,2.1907,0,0,0,0,0,0
1985-10-16 20:00:00,2.1271,2.1271,0,0,0,0,0,0
1985-10-16 21:00:00,2.1867,2.1867,0,0,0,0,0,0
1985-10-16 22:00:00,2.7622,2.7622,0,0,0,0,0,0
1985-10-16 23:00:00,3.6452,3.6452,0,0,0,0,0,0
1985-10-17 00:00:00,4.0683,4.0683,0,0,0,0,0,0
1985-10-17 01:00:00,4.1658,4.1658,0,0,0,0,0,0
1985-10-17 02:00:00,4.0601,4.0601,0,0,0,0,0,0
1985-10-17 03:00:00,4.0214,4.0214,0,0,0,0,0,0
1985-10-17 04:00:00,4.2205,4.2205,0,0,0,0,0,0
1985-10-17 05:00:00,4.6179,4.6179,0,0,0,0,0,0
1985-10-17 06:00:00,5.0,5.0,0,0,0,0,0,0
1985-10-17 07:00:00,4.9709,4.9709,0,0,0,0,0,0
1985-10-17 08:00:00,4.831,4.831,0,0,0,0,0,0
1985-10-17 09:00:00,5.221,5.221,0,0,0,0,0,0
1985-10-17 10:00:00,5.8352,5.8352,0,0,0,0,0,0
1985-10-17 11:00:00,5.7767,5.7767,0,0,0,0,0,0
1985-10-17 12:00:00,5.1827,5.1827,0,0,0,0,0,0
1985-10-17 13:00:00,4.8803,4.8803,0,0,0,0,0,0
1985-10-17 14:00:00,5.1959,5.1959,0,0,0,0,0,0
1985-10-17 15:00:00,6.1499,6.1499,0,0,0,0,0,0
1985-10-17 16:00:00,6.2444,6.2444,0,0,0,0,0,0
1985-10-17 17:00:00,5.9481,5.9481,0,0,0,0,0,0
1985-10-17 18:00:00,5.6824,5.6824,0,0,0,0,0,0
1985-10-17 19:00:00,5.4447,5.4447,0,0,0,0,0,0
1985-10-17 20:00:00,4.7707,4.7707,0,0,0,0,0,0
1985-10-17 21:00:00,4.5803,4.5803,0,0,0,0,0,0
1985-10-17 22:00:00,4.7501,4.7501,0,0,0,0,0,0
1985-10-17 23:00:00,6.0054,6.0054,0,0,0,0,0,0
1985-10-18 00:00:00,7.7699,7.7699,0,0,0,0,0,0
1985-10-18 01:00:00,9.141,9.141,0,0,0,0,0,0
1985-10-18 02:00:00,9.6707,9.6707,0,0,0,0,0,0
1985-10-18 03:00:00,9.9401,9.9401,0,0,0,0,0,0
1985-10-18 04:00:00,9.475,9.475,0,0,0,0,0,0
1985-10-18 05:00:00,9.4408,9.4408,0,0,0,0,0,0
1985-10-18 06:00:00,10.0063,10.0063,0,0,0,0,0,0
1985-10-18 07:00:00,9.8553,9.8553,0,0,0,0,0,0
1985-10-18 08:00:00,10.1839,10.1839,0,0,0,0,0,0
1985-10-18 09:00:00,11.3462,11.3462,0,0,0,0,0,0
1985-10-18 10:00:00,11.5737,11.5737,0,0,0,0,0,0
1985-10-18 11:00:00,10.87,10.87,0,0,0,0,0,0
1985-10-18 12:00:00,10.2689,10.2689,0,0,0,0,0,0
1985-10-18 13:00:00,10.1788,10.1788,0,0,0,0,0,0
1985-10-18 14:00:00,10.2537,10.2537,0,0,0,0,0,0
1985-10-18 15:00:00,10.8401,10.8401,0,0,0,0,0,0
1985-10-18 16:00:00,11.1547,11.1547,0,0,0,0,0,0
1985-10-18 17:00:00,10.2773,10.2773,0,0,0,0,0,0
1985-10-18 18:00:00,9.3644,9.3644,0,0,0,0,0,0
1985-10-18 19:00:00,8.6097,8.6097,0,0,0,0,0,0
1985-10-18 20:00:00,7.0282,7.0282,0,0,0,0,0,0
1985-10-18 21:00:00,5.6079,5.6079,0,0,0,0,0,0
1985-10-18 22:00:00,5.9266,5.9266,0,0,0,0,0,0
1985-10-18 23:00:00,5.675,5.675,0,0,0,0,0,0
1985-10-19 00:00:00,5.5596,5.5596,0,0,0,0,0,0
1985-10-19 01:00:00,4.8966,4.8966,0,0,0,0,0,0
1985-10-19 02:00:00,4.8911,4.8911,0,0,0,0,0,0
1985-10-19 03:00:00,4.9652,4.9652,0,0,0,0,0,0
1985-10-19 04:00:00,4.6776,4.6776,0,0,0,0,0,0
1985-10-19 05:00:00,4.487,4.487,0,0,0,0,0,0
1985-10-19 06:00:00,4.7687,4.7687,0,0,0,0,0,0
1985-10-19 07:00:00,5.3852,5.3852,0,0,0,0,0,0
1985-10-19 08:00:00,6.0453,6.0453,0,0,0,0,0,0
1985-10-19 09:00:00,6.4232,6.4232,0,0,0,0,0,0
1985-10-19 10:00:00,6.6473,6.6473,0,0,0,0,0,0
1985-10-19 11:00:00,6.3972,6.3972,0,0,0,0,0,0
1985-10-19 12:00:00,6.8868,6.8868,0,0,0,0,0,0
1985-10-19 13:00:00,7.408,7.408,0,0,0,0,0,0
1985-10-19 14:00:00,7.9798,7.9798,0,0,0,0,0,0
1985-10-19 15:00:00,8.341,8.341,0,0,0,0,0,0
1985-10-19 16:00:00,8.7706,8.7706,0,0,0,0,0,0
1985-10-19 17:00:00,8.9991,8.9991,0,0,0,0,0,0
1985-10-19 18:00:00,9.2944,9.2944,0,0,0,0,0,0
1985-10-19 19:00:00,9.2648,9.2648,0,0,0,0,0,0
1985-10-19 20:00:00,8.9968,8.9968,0,0,0,0,0,0
1985-10-19 21:00:00,9.0559,9.0559,0,0,0,0,0,0
1985-10-19 22:00:00,9.5545,9.5545,0,0,0,0,0,0
1985-10-19 23:00:00,9.7585,9.7585,0,0,0,0,0,0
1985-10-20 00:00:00,9.9236,9.9236,0,0,0,0,0,0
1985-10-20 01:00:00,9.9807,9.9807,0,0,0,0,0,0
1985-10-20 02:00:00,9.8586,9.8586,0,0,0,0,0,0
1985-10-20 03:00:00,9.5884,9.5884,0,0,0,0,0,0
1985-10-20 04:00:00,9.3217,9.3217,0,0,0,0,0,0
1985-10-20 05:00:00,9.1325,9.1325,0,0,0,0,0,0
1985-10-20 06:00:00,9.3228,9.3228,0,0,0,0,0,0
1985-10-20 07:00:00,9.4128,9.4128,0,0,0,0,0,0
1985-10-20 08:00:00,9.6006,9.6006,0,0,0,0,0,0
1985-10-20 09:00:00,9.7354,9.7354,0,0,0,0,0,0
1985-10-20 10:00:00,10.0594,10.0594,0,0,0,0,0,0
1985-10-20 11:00:00,9.7966,9.7966,0,0,0,0,0,0
1985-10-20 12:00:00,9.4446,9.4446,0,0,0,0,0,0
1985-10-20 13:00:00,9.5573,9.5573,0,0,0,0,0,0
1985-10-20 14:00:00,9.9539,9.9539,0,0,0,0,0,0
1985-10-20 15:00:00,10.1066,10.1066,0,0,0,0,0,0
1985-10-20 16:00:00,10.3778,10.3778,0,0,0,0,0,0
1985-10-20 17:00:00,10.8678,10.8678,0,0,0,0,0,0
1985-10-20 18:00:00,11.005,11.005,0,0,0,0,0,0
1985-10-20 19:00:00,11.2076,11.2076,0,0,0,0,0,0
1985-10-20 20:00:00,11.1591,11.1591,0,0,0,0,0,0
1985-10-20 21:00:00,11.1122,11.1122,0,0,0,0,0,0
1985-10-20 22:00:00,10.9811,10.9811,0,0,0,0,0,0
1985-10-20 23:00:00,10.4218,10.4218,0,0,0,0,0,0
1985-10-21 00:00:00,10.1564,10.1564,0,0,0,0,0,0
1985-10-21 01:00:00,9.8415,9.8415,0,0,0,0,0,0
1985-10-21 02:00:00,9.4971,9.4971,0,0,0,0,0,0
1985-10-21 03:00:00,8.9439,8.9439,0,0,0,0,0,0
1985-10-21 04:00:00,8.2348,8.2348,0,0,0,0,0,0
1985-10-21 05:00:00,7.5416,7.5416,0,0,0,0,0,0
1985-10-21 06:00:00,6.661,6.661,0,0,0,0,0,0
1985-10-21 07:00:00,5.489,5.489,0,0,0,0,0,0
1985-10-21 08:00:00,4.761,4.761,0,0,0,0,0,0
1985-10-21 09:00:00,4.2244,4.2244,0,0,0,0,0,0
1985-10-21 10:00:00,3.3527,3.3527,0,0,0,0,0,0
1985-10-21 11:00:00,2.5179,2.5179,0,0,0,0,0,0
1985-10-21 12:00:00,2.9023,2.9023,0,0,0,0,0,0
1985-10-21 13:00:00,3.266,3.266,0,0,0,0,0,0
1985-10-21 14:00:00,3.4108,3.4108,0,0,0,0,0,0
1985-10-21 15:00:00,3.1635,3.1635,0,0,0,0,0,0
1985-10-21 16:00:00,2.5965,2.5965,0,0,0,0,0,0
1985-10-21 17:00:00,2.4106,2.4106,0,0,0,0,0,0
1985-10-21 18:00:00,2.2445,2.2445,0,0,0,0,0,0
1985-10-21 19:00:00,2.1132,2.1132,0,0,0,0,0,0
1985-10-21 20:00:00,2.2124,2.2124,0,0,0,0,0,0
1985-10-21 21:00:00,2.2294,2.2294,0,0,0,0,0,0
1985-10-21 22:00:00,2.9644,2.9644,0,0,0,0,0,0
1985-10-21 23:00:00,2.5849,2.5849,0,0,0,0,0,0
1985-10-22 00:00:00,1.578,1.578,0,0,0,0,0,0
1985-10-22 01:00:00,0.7127,0.7127,0,0,0,0,0,0
1985-10-22 02:00:00,0.3976,0.3976,0,0,0,0,0,0
1985-10-22 03:00:00,0.716,0.716,0,0,0,0,0,0
1985-10-22 04:00:00,1.3219,1.3219,0,0,0,0,0,0
1985-10-22 05:00:00,2.2667,2.2667,0,0,0,0,0,0
1985-10-22 06:00:00,3.1302,3.1302,0,0,0,0,0,0
1985-10-22 07:00:00,3.8763,3.8763,0,0,0,0,0,0
1985-10-22 08:00:00,4.2125,4.2125,0,0,0,0,0,0
1985-10-22 09:00:00,4.0116,4.0116,0,0,0,0,0,0
1985-10-22 10:00:00,3.9503,3.9503,0,0,0,0,0,0
1985-10-22 11:00:00,3.0226,3.0226,0,0,0,0,0,0
1985-10-22 12:00:00,2.8883,2.8883,0,0,0,0,0,0
1985-10-22 13:00:00,3.2264,3.2264,0,0,0,0,0,0
1985-10-22 14:00:00,3.348,3.348,0,0,0,0,0,0
1985-10-22 15:00:00,3.4823,3.4823,0,0,0,0,0,0
1985-10-22 16:00:00,3.6829,3.6829,0,0,0,0,0,0
1985-10-22 17:00:00,3.8467,3.8467,0,0,0,0,0,0
1985-10-22 18:00:00,4.1025,4.1025,0,0,0,0,0,0
1985-10-22 19:00:00,4.7554,4.7554,0,0,0,0,0,0
1985-10-22 20:00:00,5.1941,5.1941,0,0,0,0,0,0
1985-10-22 21:00:00,5.2723,5.2723,0,0,0,0,0,0
1985-10-22 22:00:00,5.6954,5.6954,0,0,0,0,0,0
1985-10-22 23:00:00,5.6873,5.6873,0,0,0,0,0,0
1985-10-23 00:00:00,5.9555,5.9555,0,0,0,0,0,0
1985-10-23 01:00:00,6.4219,6.4219,0,0,0,0,0,0
1985-10-23 02:00:00,6.684,6.684,0,0,0,0,0,0
1985-10-23 03:00:00,7.0115,7.0115,0,0,0,0,0,0
1985-10-23 04:00:00,7.8572,7.8572,0,0,0,0,0,0
1985-10-23 05:00:00,8.7523,8.7523,0,0,0,0,0,0
1985-10-23 06:00:00,9.1883,9.1883,0,0,0,0,0,0
1985-10-23 07:00:00,9.3603,9.3603,0,0,0,0,0,0
1985-10-23 08:00:00,9.3921,9.3921,0,0,0,0,0,0
1985-10-23 09:00:00,9.0205,9.0205,0,0,0,0,0,0
1985-10-23 10:00:00,8.8173,8.8173,0,0,0,0,0,0
1985-10-23 11:00:00,9.3136,9.3136,0,0,0,0,0,0
1985-10-23 12:00:00,9.6655,9.6655,0,0,0,0,0,0
1985-10-23 13:00:00,9.7702,9.7702,0,0,0,0,0,0
1985-10-23 14:00:00,9.6887,9.6887,0,0,0,0,0,0
1985-10-23 15:00:00,9.6728,9.6728,0,0,0,0,0,0
1985-10-23 16:00:00,9.5669,9.5669,0,0,0,0,0,0
1985-10-23 17:00:00,9.7908,9.7908,0,0,0,0,0,0
1985-10-23 18:00:00,10.2107,10.2107,0,0,0,0,0,0
1985-10-23 19:00:00,10.697,10.697,0,0,0,0,0,0
1985-10-23 20:00:00,11.0968,11.0968,0,0,0,0,0,0
1985-10-23 21:00:00,11.821,11.821,0,0,0,0,0,0
1985-10-23 22:00:00,12.3623,12.3623,0,0,0,0,0,0
1985-10-23 23:00:00,12.2283,12.2283,0,0,0,0,0,0
1985-10-24 00:00:00,11.6821,11.6821,0,0,0,0,0,0
1985-10-24 01:00:00,11.8661,11.8661,0,0,0,0,0,0
1985-10-24 02:00:00,12.3027,12.3027,0,0,0,0,0,0
1985-10-24 03:00:00,12.8538,12.8538,0,0,0,0,0,0
1985-10-24 04:00:00,13.2909,13.2909,0,0,0,0,0,0
1985-10-24 05:00:00,13.8654,13.8654,0,0,0,0,0,0
1985-10-24 06:00:00,14.1841,14.1841,0,0,0,0,0,0
1985-10-24 07:00:00,13.872,13.872,0,0,0,0,0,0
1985-10-24 08:00:00,14.4449,14.4449,0,0,0,0,0,0
1985-10-24 09:00:00,14.6767,14.6767,0,0,0,0,0,0
1985-10-24 10:00:00,15.1772,15.1772,0,0,0,0,0,0
1985-10-24 11:00:00,15.184,15.184,0,0,0,0,0,0
1985-10-24 12:00:00,15.3299,15.3299,0,0,0,0,0,0
1985-10-24 13:00:00,15.088,15.088,0,0,0,0,0,0
1985-10-24 14:00:00,14.6461,14.6461,0,0,0,0,0,0
1985-10-24 15:00:00,14.7917,14.7917,0,0,0,0,0,0
1985-10-24 16:00:00,14.7128,14.7128,0,0,0,0,0,0
1985-10-24 17:00:00,14.7178,14.7178,0,0,0,0,0,0
1985-10-24 18:00:00,14.207,14.207,0,0,0,0,0,0
1985-10-24 19:00:00,13.8668,13.8668,0,0,0,0,0,0
1985-10-24 20:00:00,13.1358,13.1358,0,0,0,0,0,0
1985-10-24 21:00:00,11.9167,11.9167,0,0,0,0,0,0
1985-10-24 22:00:00,10.5159,10.5159,0,0,0,0,0,0
1985-10-24 23:00:00,7.8549,7.8549,0,0,0,0,0,0
1985-10-25 00:00:00,5.9921,5.9921,0,0,0,0,0,0
1985-10-25 01:00:00,4.8093,4.8093,0,0,0,0,0,0
1985-10-25 02:00:00,4.5964,4.5964,0,0,0,0,0,0
1985-10-25 03:00:00,4.6343,4.6343,0,0,0,0,0,0
1985-10-25 04:00:00,5.5038,5.5038,0,0,0,0,0,0
1985-10-25 05:00:00,7.6524,7.6524,0,0,0,0,0,0
1985-10-25 06:00:00,8.6142,8.6142,0,0,0,0,0,0
1985-10-25 07:00:00,7.7682,7.7682,0,0,0,0,0,0
1985-10-25 08:00:00,7.8755,7.8755,0,0,0,0,0,0
1985-10-25 09:00:00,8.1125,8.1125,0,0,0,0,0,0
1985-10-25 10:00:00,7.7099,7.7099,0,0,0,0,0,0
1985-10-25 11:00:00,6.8387,6.8387,0,0,0,0,0,0
1985-10-25 12:00:00,6.6019,6.6019,0,0,0,0,0,0
1985-10-25 13:00:00,6.9963,6.9963,0,0,0,0,0,0
1985-10-25 14:00:00,7.7089,7.7089,0,0,0,0,0,0
1985-10-25 15:00:00,8.0556,8.0556,0,0,0,0,0,0
1985-10-25 16:00:00,7.3355,7.3355,0,0,0,0,0,0
1985-10-25 17:00:00,5.981,5.981,0,0,0,0,0,0
1985-10-25 18:00:00,5.2108,5.2108,0,0,0,0,0,0
1985-10-25 19:00:00,5.5229,5.5229,0,0,0,0,0,0
1985-10-25 20:00:00,5.231,5.231,0,0,0,0,0,0
1985-10-25 21:00:00,3.689,3.689,0,0,0,0,0,0
1985-10-25 22:00:00,2.2004,2.2004,0,0,0,0,0,0
1985-10-25 23:00:00,2.4421,2.4421,0,0,0,0,0,0
1985-10-26 00:00:00,3.0949,3.0949,0,0,0,0,0,0
1985-10-26 01:00:00,3.2972,3.2972,0,0,0,0,0,0
1985-10-26 02:00:00,3.4627,3.4627,0,0,0,0,0,0
1985-10-26 03:00:00,3.2975,3.2975,0,0,0,0,0,0
1985-10-26 04:00:00,2.8263,2.8263,0,0,0,0,0,0
1985-10-26 05:00:00,2.9418,2.9418,0,0,0,0,0,0
1985-10-26 06:00:00,3.4662,3.4662,0,0,0,0,0,0
1985-10-26 07:00:00,2.8481,2.8481,0,0,0,0,0,0
1985-10-26 08:00:00,1.9003,1.9003,0,0,0,0,0,0
1985-10-26 09:00:00,2.0078,2.0078,0,0,0,0,0,0
1985-10-26 10:00:00,2.3047,2.3047,0,0,0,0,0,0
1985-10-26 11:00:00,2.4674,2.4674,0,0,0,0,0,0
1985-10-26 12:00:00,3.3866,3.3866,0,0,0,0,0,0
1985-10-26 13:00:00,4.7226,4.7226,0,0,0,0,0,0
1985-10-26 14:00:00,5.2666,5.2666,0,0,0,0,0,0
1985-10-26 15:00:00,5.3641,5.3641,0,0,0,0,0,0
1985-10-26 16:00:00,5.7166,5.7166,0,0,0,0,0,0
1985-10-26 17:00:00,5.8959,5.8959,0,0,0,0,0,0
1985-10-26 18:00:00,5.7511,5.7511,0,0,0,0,0,0
1985-10-26 19:00:00,5.6438,5.6438,0,0,0,0,0,0
1985-10-26 20:00:00,5.7557,5.7557,0,0,0,0,0,0
1985-10-26 21:00:00,6.5502,6.5502,0,0,0,0,0,0
1985-10-26 22:00:00,6.3541,6.3541,0,0,0,0,0,0
1985-10-26 23:00:00,5.5713,5.5713,0,0,0,0,0,0
1985-10-27 00:00:00,5.0636,5.0636,0,0,0,0,0,0
1985-10-27 01:00:00,5.4042,5.4042,0,0,0,0,0,0
1985-10-27 02:00:00,6.0855,6.0855,0,0,0,0,0,0
1985-10-27 03:00:00,6.2989,6.2989,0,0,0,0,0,0
1985-10-27 04:00:00,6.4305,6.4305,0,0,0,0,0,0
1985-10-27 05:00:00,6.5949,6.5949,0,0,0,0,0,0
1985-10-27 06:00:00,6.5903,6.5903,0,0,0,0,0,0
1985-10-27 07:00:00,6.475,6.475,0,0,0,0,0,0
1985-10-27 08:00:00,5.984,5.984,0,0,0,0,0,0
1985-10-27 09:00:00,5.3174,5.3174,0,0,0,0,0,0
1985-10-27 10:00:00,5.0458,5.0458,0,0,0,0,0,0
1985-10-27 11:00:00,4.7338,4.7338,0,0,0,0,0,0
1985-10-27 12:00:00,4.4766,4.4766,0,0,0,0,0,0
1985-10-27 13:00:00,4.0,4.0,0,0,0,0,0,0
1985-10-27 14:00:00,3.9048,3.9048,0,0,0,0,0,0
1985-10-27 15:00:00,3.8204,3.8204,0,0,0,0,0,0
1985-10-27 16:00:00,4.0886,4.0886,0,0,0,0,0,0
1985-10-27 17:00:00,4.1117,4.1117,0,0,0,0,0,0
1985-10-27 18:00:00,4.1779,4.1779,0,0,0,0,0,0
1985-10-27 19:00:00,3.5505,3.5505,0,0,0,0,0,0
1985-10-27 20:00:00,3.2282,3.2282,0,0,0,0,0,0
1985-10-27 21:00:00,3.2678,3.2678,0,0,0,0,0,0
1985-10-27 22:00:00,2.8399,2.8399,0,0,0,0,0,0
1985-10-27 23:00:00,2.2081,2.2081,0,0,0,0,0,0
1985-10-28 00:00:00,2.464,2.464,0,0,0,0,0,0
1985-10-28 01:00:00,3.3094,3.3094,0,0,0,0,0,0
1985-10-28 02:00:00,4.1906,4.1906,0,0,0,0,0,0
1985-10-28 03:00:00,5.2322,5.2322,0,0,0,0,0,0
1985-10-28 04:00:00,5.6586,5.6586,0,0,0,0,0,0
1985-10-28 05:00:00,5.6791,5.6791,0,0,0,0,0,0
1985-10-28 06:00:00,4.8836,4.8836,0,0,0,0,0,0
1985-10-28 07:00:00,3.8219,3.8219,0,0,0,0,0,0
1985-10-28 08:00:00,2.8753,2.8753,0,0,0,0,0,0
1985-10-28 09:00:00,2.4141,2.4141,0,0,0,0,0,0
1985-10-28 10:00:00,1.7962,1.7962,0,0,0,0,0,0
1985-10-28 11:00:00,1.4619,1.4619,0,0,0,0,0,0
1985-10-28 12:00:00,0.927,0.927,0,0,0,0,0,0
1985-10-28 13:00:00,1.7987,1.7987,0,0,0,0,0,0
1985-10-28 14:00:00,0.9578,0.9578,0,0,0,0,0,0
1985-10-28 15:00:00,1.0745,1.0745,0,0,0,0,0,0
1985-10-28 16:00:00,1.1956,1.1956,0,0,0,0,0,0
1985-10-28 17:00:00,1.127,1.127,0,0,0,0,0,0
1985-10-28 18:00:00,0.8606,0.8606,0,0,0,0,0,0
1985-10-28 19:00:00,0.8551,0.8551,0,0,0,0,0,0
1985-10-28 20:00:00,2.5072,2.5072,0,0,0,0,0,0
1985-10-28 21:00:00,3.449,3.449,0,0,0,0,0,0
1985-10-28 22:00:00,3.0936,3.0936,0,0,0,0,0,0
1985-10-28 23:00:00,3.0741,3.0741,0,0,0,0,0,0
1985-10-29 00:00:00,2.6109,2.6109,0,0,0,0,0,0
1985-10-29 01:00:00,1.642,1.642,0,0,0,0,0,0
1985-10-29 02:00:00,1.9559,1.9559,0,0,0,0,0,0
1985-10-29 03:00:00,2.6531,2.6531,0,0,0,0,0,0
1985-10-29 04:00:00,2.8361,2.8361,0,0,0,0,0,0
1985-10-29 05:00:00,2.4818,2.4818,0,0,0,0,0,0
1985-10-29 06:00:00,3.1188,3.1188,0,0,0,0,0,0
1985-10-29 07:00:00,4.068,4.068,0,0,0,0,0,0
1985-10-29 08:00:00,4.7713,4.7713,0,0,0,0,0,0
1985-10-29 09:00:00,5.1843,5.1843,0,0,0,0,0,0
1985-10-29 10:00:00,5.33,5.33,0,0,0,0,0,0
1985-10-29 11:00:00,4.9837,4.9837,0,0,0,0,0,0
1985-10-29 12:00:00,5.4938,5.4938,0,0,0,0,0,0
1985-10-29 13:00:00,5.7538,5.7538,0,0,0,0,0,0
1985-10-29 14:00:00,5.9228,5.9228,0,0,0,0,0,0
1985-10-29 15:00:00,6.2249,6.2249,0,0,0,0,0,0
1985-10-29 16:00:00,6.2077,6.2077,0,0,0,0,0,0
1985-10-29 17:00:00,6.594,6.594,0,0,0,0,0,0
1985-10-29 18:00:00,7.2163,7.2163,0,0,0,0,0,0
1985-10-29 19:00:00,7.2434,7.2434,0,0,0,0,0,0
1985-10-29 20:00:00,7.6503,7.6503,0,0,0,0,0,0
1985-10-29 21:00:00,8.0546,8.0546,0,0,0,0,0,0
1985-10-29 22:00:00,7.957,7.957,0,0,0,0,0,0
1985-10-29 23:00:00,7.8828,7.8828,0,0,0,0,0,0
1985-10-30 00:00:00,9.1195,9.1195,0,0,0,0,0,0
1985-10-30 01:00:00,11.0386,11.0386,0,0,0,0,0,0
1985-10-30 02:00:00,12.0588,12.0588,0,0,0,0,0,0
1985-10-30 03:00:00,12.2864,12.2864,0,0,0,0,0,0
1985-10-30 04:00:00,12.8982,12.8982,0,0,0,0,0,0
1985-10-30 05:00:00,12.7707,12.7707,0,0,0,0,0,0
1985-10-30 06:00:00,13.4464,13.4464,0,0,0,0,0,0
1985-10-30 07:00:00,13.5577,13.5577,0,0,0,0,0,0
1985-10-30 08:00:00,14.1092,14.1092,0,0,0,0,0,0
1985-10-30 09:00:00,14.2032,14.2032,0,0,0,0,0,0
1985-10-30 10:00:00,14.0446,14.0446,0,0,0,0,0,0
1985-10-30 11:00:00,14.767,14.767,0,0,0,0,0,0
1985-10-30 12:00:00,13.9072,13.9072,0,0,0,0,0,0
1985-10-30 13:00:00,9.3886,9.3886,0,0,0,0,0,0
1985-10-30 14:00:00,6.8341,6.8341,0,0,0,0,0,0
1985-10-30 15:00:00,5.7577,5.7577,0,0,0,0,0,0
1985-10-30 16:00:00,5.6131,5.6131,0,0,0,0,0,0
1985-10-30 17:00:00,6.5554,6.5554,0,0,0,0,0,0
1985-10-30 18:00:00,7.4442,7.4442,0,0,0,0,0,0
1985-10-30 19:00:00,7.2292,7.2292,0,0,0,0,0,0
1985-10-30 20:00:00,6.4221,6.4221,0,0,0,0,0,0
1985-10-30 21:00:00,6.448,6.448,0,0,0,0,0,0
1985-10-30 22:00:00,8.6619,8.6619,0,0,0,0,0,0
1985-10-30 23:00:00,9.454,9.454,0,0,0,0,0,0
1985-10-31 00:00:00,9.6111,9.6111,0,0,0,0,0,0
1985-10-31 01:00:00,9.4151,9.4151,0,0,0,0,0,0
1985-10-31 02:00:00,9.2124,9.2124,0,0,0,0,0,0
1985-10-31 03:00:00,9.1806,9.1806,0,0,0,0,0,0
1985-10-31 04:00:00,9.2857,9.2857,0,0,0,0,0,0
1985-10-31 05:00:00,9.9213,9.9213,0,0,0,0,0,0
1985-10-31 06:00:00,10.7096,10.7096,0,0,0,0,0,0
1985-10-31 07:00:00,11.2402,11.2402,0,0,0,0,0,0
1985-10-31 08:00:00,11.3403,11.3403,0,0,0,0,0,0
1985-10-31 09:00:00,11.2183,11.2183,0,0,0,0,0,0
1985-10-31 10:00:00,11.2522,11.2522,0,0,0,0,0,0
1985-10-31 11:00:00,11.6579,11.6579,0,0,0,0,0,0
1985-10-31 12:00:00,12.5271,12.5271,0,0,0,0,0,0
1985-10-31 13:00:00,12.91,12.91,0,0,0,0,0,0
1985-10-31 14:00:00,12.7996,12.7996,0,0,0,0,0,0
1985-10-31 15:00:00,12.3373,12.3373,0,0,0,0,0,0
1985-10-31 16:00:00,12.3263,12.3263,0,0,0,0,0,0
1985-10-31 17:00:00,12.3184,12.3184,0,0,0,0,0,0
1985-10-31 18:00:00,11.0326,11.0326,0,0,0,0,0,0
1985-10-31 19:00:00,10.021,10.021,0,0,0,0,0,0
1985-10-31 20:00:00,8.9777,8.9777,0,0,0,0,0,0
1985-10-31 21:00:00,7.8892,7.8892,0,0,0,0,0,0
1985-10-31 22:00:00,5.2813,5.2813,0,0,0,0,0,0
1985-10-31 23:00:00,4.1428,4.1428,0,0,0,0,0,0
1985-11-01 00:00:00,3.8095,3.8095,0,0,0,0,0,0
1985-11-01 01:00:00,3.9563,3.9563,0,0,0,0,0,0
1985-11-01 02:00:00,4.9285,4.9285,0,0,0,0,0,0
1985-11-01 03:00:00,7.1526,7.1526,0,0,0,0,0,0
1985-11-01 04:00:00,9.4523,9.4523,0,0,0,0,0,0
1985-11-01 05:00:00,11.2968,11.2968,0,0,0,0,0,0
1985-11-01 06:00:00,12.4097,12.4097,0,0,0,0,0,0
1985-11-01 07:00:00,13.8223,13.8223,0,0,0,0,0,0
1985-11-01 08:00:00,14.3543,14.3543,0,0,0,0,0,0
1985-11-01 09:00:00,15.3094,15.3094,0,0,0,0,0,0
1985-11-01 10:00:00,12.1444,12.1444,0,0,0,0,0,0
1985-11-01 11:00:00,10.0594,10.0594,0,0,0,0,0,0
1985-11-01 12:00:00,10.0844,10.0844,0,0,0,0,0,0
1985-11-01 13:00:00,11.3115,11.3115,0,0,0,0,0,0
1985-11-01 14:00:00,12.268,12.268,0,0,0,0,0,0
1985-11-01 15:00:00,11.9764,11.9764,0,0,0,0,0,0
1985-11-01 16:00:00,11.4173,11.4173,0,0,0,0,0,0
1985-11-01 17:00:00,11.5696,11.5696,0,0,0,0,0,0
1985-11-01 18:00:00,12.1292,12.1292,0,0,0,0,0,0
1985-11-01 19:00:00,12.6845,12.6845,0,0,0,0,0,0
1985-11-01 20:00:00,13.275,13.275,0,0,0,0,0,0
1985-11-01 21:00:00,13.4872,13.4872,0,0,0,0,0,0
1985-11-01 22:00:00,12.9307,12.9307,0,0,0,0,0,0
1985-11-01 23:00:00,11.6169,11.6169,0,0,0,0,0,0
1985-11-02 00:00:00,10.3522,10.3522,0,0,0,0,0,0
1985-11-02 01:00:00,9.6608,9.6608,0,0,0,0,0,0
1985-11-02 02:00:00,9.4118,9.4118,0,0,0,0,0,0
1985-11-02 03:00:00,8.9792,8.9792,0,0,0,0,0,0
1985-11-02 04:00:00,7.7797,7.7797,0,0,0,0,0,0
1985-11-02 05:00:00,6.2824,6.2824,0,0,0,0,0,0
1985-11-02 06:00:00,4.6771,4.6771,0,0,0,0,0,0
1985-11-02 07:00:00,3.6952,3.6952,0,0,0,0,0,0
1985-11-02 08:00:00,2.7206,2.7206,0,0,0,0,0,0
1985-11-02 09:00:00,1.5882,1.5882,0,0,0,0,0,0
1985-11-02 10:00:00,4.2482,4.2482,0,0,0,0,0,0
1985-11-02 11:00:00,2.7306,2.7306,0,0,0,0,0,0
1985-11-02 12:00:00,1.7568,1.7568,0,0,0,0,0,0
1985-11-02 13:00:00,8.8813,8.8813,0,0,0,0,0,0
1985-11-02 14:00:00,16.1079,16.1079,0,0,0,0,0,0
1985-11-02 15:00:00,17.9665,17.9665,0,0,0,0,0,0
1985-11-02 16:00:00,16.5754,16.5754,0,0,0,0,0,0
1985-11-02 17:00:00,15.2612,15.2612,0,0,0,0,0,0
1985-11-02 18:00:00,14.6116,14.6116,0,0,0,0,0,0
1985-11-02 19:00:00,14.3476,14.3476,0,0,0,0,0,0
1985-11-02 20:00:00,14.3328,14.3328,0,0,0,0,0,0
1985-11-02 21:00:00,14.6358,14.6358,0,0,0,0,0,0
1985-11-02 22:00:00,13.1904,13.1904,0,0,0,0,0,0
1985-11-02 23:00:00,12.6539,12.6539,0,0,0,0,0,0
1985-11-03 00:00:00,12.9677,12.9677,0,0,0,0,0,0
1985-11-03 01:00:00,12.507,12.507,0,0,0,0,0,0
1985-11-03 02:00:00,11.8841,11.8841,0,0,0,0,0,0
1985-11-03 03:00:00,11.8614,11.8614,0,0,0,0,0,0
1985-11-03 04:00:00,12.3628,12.3628,0,0,0,0,0,0
1985-11-03 05:00:00,12.1188,12.1188,0,0,0,0,0,0
1985-11-03 06:00:00,11.3907,11.3907,0,0,0,0,0,0
1985-11-03 07:00:00,10.4265,10.4265,0,0,0,0,0,0
1985-11-03 08:00:00,9.5565,9.5565,0,0,0,0,0,0
1985-11-03 09:00:00,9.4223,9.4223,0,0,0,0,0,0
1985-11-03 10:00:00,8.8521,8.8521,0,0,0,0,0,0
1985-11-03 11:00:00,8.7223,8.7223,0,0,0,0,0,0
1985-11-03 12:00:00,8.3568,8.3568,0,0,0,0,0,0
1985-11-03 13:00:00,7.7434,7.7434,0,0,0,0,0,0
1985-11-03 14:00:00,7.2312,7.2312,0,0,0,0,0,0
1985-11-03 15:00:00,6.7455,6.7455,0,0,0,0,0,0
1985-11-03 16:00:00,5.5313,5.5313,0,0,0,0,0,0
1985-11-03 17:00:00,4.0128,4.0128,0,0,0,0,0,0
1985-11-03 18:00:00,3.7497,3.7497,0,0,0,0,0,0
1985-11-03 19:00:00,3.2246,3.2246,0,0,0,0,0,0
1985-11-03 20:00:00,3.0416,3.0416,0,0,0,0,0,0
1985-11-03 21:00:00,3.6304,3.6304,0,0,0,0,0,0
1985-11-03 22:00:00,5.3485,5.3485,0,0,0,0,0,0
1985-11-03 23:00:00,5.7488,5.7488,0,0,0,0,0,0
1985-11-04 00:00:00,5.7245,5.7245,0,0,0,0,0,0
1985-11-04 01:00:00,6.5118,6.5118,0,0,0,0,0,0
1985-11-04 02:00:00,8.6858,8.6858,0,0,0,0,0,0
1985-11-04 03:00:00,11.3521,11.3521,0,0,0,0,0,0
1985-11-04 04:00:00,13.6356,13.6356,0,0,0,0,0,0
1985-11-04 05:00:00,15.3159,15.3159,0,0,0,0,0,0
1985-11-04 06:00:00,16.0451,16.0451,0,0,0,0,0,0
1985-11-04 07:00:00,16.593,16.593,0,0,0,0,0,0
1985-11-04 08:00:00,17.3872,17.3872,0,0,0,0,0,0
1985-11-04 09:00:00,18.1614,18.1614,0,0,0,0,0,0
1985-11-04 10:00:00,19.2361,19.2361,0,0,0,0,0,0
1985-11-04 11:00:00,19.9386,19.9386,0,0,0,0,0,0
1985-11-04 12:00:00,20.7565,20.7565,0,0,0,0,0,0
1985-11-04 13:00:00,22.0065,22.0065,0,0,0,0,0,0
1985-11-04 14:00:00,22.5887,22.5887,0,0,0,0,0,0
1985-11-04 15:00:00,22.38,22.38,0,0,0,0,0,0
1985-11-04 16:00:00,21.554,21.554,0,0,0,0,0,0
1985-11-04 17:00:00,21.6405,21.6405,0,0,0,0,0,0
1985-11-04 18:00:00,21.9511,21.9511,0,0,0,0,0,0
1985-11-04 19:00:00,21.8096,21.8096,0,0,0,0,0,0
1985-11-04 20:00:00,21.6137,21.6137,0,0,0,0,0,0
1985-11-04 21:00:00,21.2606,21.2606,0,0,0,0,0,0
1985-11-04 22:00:00,20.9828,20.9828,0,0,0,0,0,0
1985-11-04 23:00:00,21.6922,21.6922,0,0,0,0,0,0
1985-11-05 00:00:00,21.6994,21.6994,0,0,0,0,0,0
1985-11-05 01:00:00,21.9847,21.9847,0,0,0,0,0,0
1985-11-05 02:00:00,21.6528,21.6528,0,0,0,0,0,0
1985-11-05 03:00:00,21.3559,21.3559,0,0,0,0,0,0
1985-11-05 04:00:00,21.5131,21.5131,0,0,0,0,0,0
1985-11-05 05:00:00,21.7798,21.7798,0,0,0,0,0,0
1985-11-05 06:00:00,21.2657,21.2657,0,0,0,0,0,0
1985-11-05 07:00:00,21.6332,21.6332,0,0,0,0,0,0
1985-11-05 08:00:00,20.9611,20.9611,0,0,0,0,0,0
1985-11-05 09:00:00,20.5832,20.5832,0,0,0,0,0,0
1985-11-05 10:00:00,19.4616,19.4616,0,0,0,0,0,0
1985-11-05 11:00:00,18.9366,18.9366,0,0,0,0,0,0
1985-11-05 12:00:00,17.8947,17.8947,0,0,0,0,0,0
1985-11-05 13:00:00,16.5411,16.5411,0,0,0,0,0,0
1985-11-05 14:00:00,14.6846,14.6846,0,0,0,0,0,0
1985-11-05 15:00:00,12.5721,12.5721,0,0,0,0,0,0
1985-11-05 16:00:00,10.9301,10.9301,0,0,0,0,0,0
1985-11-05 17:00:00,9.1573,9.1573,0,0,0,0,0,0
1985-11-05 18:00:00,7.7916,7.7916,0,0,0,0,0,0
1985-11-05 19:00:00,8.0214,8.0214,0,0,0,0,0,0
1985-11-05 20:00:00,11.5754,11.5754,0,0,0,0,0,0
1985-11-05 21:00:00,13.3031,13.3031,0,0,0,0,0,0
1985-11-05 22:00:00,15.0449,15.0449,0,0,0,0,0,0
1985-11-05 23:00:00,17.4897,17.4897,0,0,0,0,0,0
1985-11-06 00:00:00,19.77,19.77,0,0,0,0,0,0
1985-11-06 01:00:00,22.4291,22.4291,0,0,0,0,0,0
1985-11-06 02:00:00,26.1067,26.1067,0,0,0,0,0,0
1985-11-06 03:00:00,28.6195,28.6195,0,0,0,0,0,0
1985-11-06 04:00:00,30.1889,30.1889,0,0,0,0,0,0
1985-11-06 05:00:00,29.7465,29.7465,0,0,0,0,0,0
1985-11-06 06:00:00,28.3929,28.3929,0,0,0,0,0,0
1985-11-06 07:00:00,26.5219,26.5219,0,0,0,0,0,0
1985-11-06 08:00:00,24.7592,24.7592,0,0,0,0,0,0
1985-11-06 09:00:00,23.2127,23.2127,0,0,0,0,0,0
1985-11-06 10:00:00,21.2066,21.2066,0,0,0,0,0,0
1985-11-06 11:00:00,20.3999,20.3999,0,0,0,0,0,0
1985-11-06 12:00:00,20.4168,20.4168,0,0,0,0,0,0
1985-11-06 13:00:00,20.009,20.009,0,0,0,0,0,0
1985-11-06 14:00:00,18.6458,18.6458,0,0,0,0,0,0
1985-11-06 15:00:00,17.1184,17.1184,0,0,0,0,0,0
1985-11-06 16:00:00,15.7351,15.7351,0,0,0,0,0,0
1985-11-06 17:00:00,14.4211,14.4211,0,0,0,0,0,0
1985-11-06 18:00:00,12.6826,12.6826,0,0,0,0,0,0
1985-11-06 19:00:00,10.726,10.726,0,0,0,0,0,0
1985-11-06 20:00:00,8.9735,8.9735,0,0,0,0,0,0
1985-11-06 21:00:00,7.5677,7.5677,0,0,0,0,0,0
1985-11-06 22:00:00,5.8219,5.8219,0,0,0,0,0,0
1985-11-06 23:00:00,4.5597,4.5597,0,0,0,0,0,0
1985-11-07 00:00:00,4.1185,4.1185,0,0,0,0,0,0
1985-11-07 01:00:00,4.4793,4.4793,0,0,0,0,0,0
1985-11-07 02:00:00,5.3804,5.3804,0,0,0,0,0,0
1985-11-07 03:00:00,6.2065,6.2065,0,0,0,0,0,0
1985-11-07 04:00:00,7.2982,7.2982,0,0,0,0,0,0
1985-11-07 05:00:00,8.5674,8.5674,0,0,0,0,0,0
1985-11-07 06:00:00,9.9047,9.9047,0,0,0,0,0,0
1985-11-07 07:00:00,10.8583,10.8583,0,0,0,0,0,0
1985-11-07 08:00:00,11.1459,11.1459,0,0,0,0,0,0
1985-11-07 09:00:00,11.3666,11.3666,0,0,0,0,0,0
1985-11-07 10:00:00,12.2161,12.2161,0,0,0,0,0,0
1985-11-07 11:00:00,12.3137,12.3137,0,0,0,0,0,0
1985-11-07 12:00:00,12.7485,12.7485,0,0,0,0,0,0
1985-11-07 13:00:00,13.3847,13.3847,0,0,0,0,0,0
1985-11-07 14:00:00,13.8828,13.8828,0,0,0,0,0,0
1985-11-07 15:00:00,14.1134,14.1134,0,0,0,0,0,0
1985-11-07 16:00:00,13.409,13.409,0,0,0,0,0,0
1985-11-07 17:00:00,12.1924,12.1924,0,0,0,0,0,0
1985-11-07 18:00:00,10.7947,10.7947,0,0,0,0,0,0
1985-11-07 19:00:00,9.3863,9.3863,0,0,0,0,0,0
1985-11-07 20:00:00,8.116,8.116,0,0,0,0,0,0
1985-11-07 21:00:00,6.8603,6.8603,0,0,0,0,0,0
1985-11-07 22:00:00,5.0561,5.0561,0,0,0,0,0,0
1985-11-07 23:00:00,3.6704,3.6704,0,0,0,0,0,0
1985-11-08 00:00:00,2.6254,2.6254,0,0,0,0,0,0
1985-11-08 01:00:00,1.8152,1.8152,0,0,0,0,0,0
1985-11-08 02:00:00,1.844,1.844,0,0,0,0,0,0
1985-11-08 03:00:00,2.3179,2.3179,0,0,0,0,0,0
1985-11-08 04:00:00,3.1416,3.1416,0,0,0,0,0,0
1985-11-08 05:00:00,4.2129,4.2129,0,0,0,0,0,0
1985-11-08 06:00:00,5.1526,5.1526,0,0,0,0,0,0
1985-11-08 07:00:00,5.8769,5.8769,0,0,0,0,0,0
1985-11-08 08:00:00,6.0604,6.0604,0,0,0,0,0,0
1985-11-08 09:00:00,6.108,6.108,0,0,0,0,0,0
1985-11-08 10:00:00,6.3467,6.3467,0,0,0,0,0,0
1985-11-08 11:00:00,5.7667,5.7667,0,0,0,0,0,0
1985-11-08 12:00:00,5.1279,5.1279,0,0,0,0,0,0
1985-11-08 13:00:00,4.3234,4.3234,0,0,0,0,0,0
1985-11-08 14:00:00,3.6549,3.6549,0,0,0,0,0,0
1985-11-08 15:00:00,4.1031,4.1031,0,0,0,0,0,0
1985-11-08 16:00:00,5.2738,5.2738,0,0,0,0,0,0
1985-11-08 17:00:00,6.232,6.232,0,0,0,0,0,0
1985-11-08 18:00:00,7.2349,7.2349,0,0,0,0,0,0
1985-11-08 19:00:00,7.7098,7.7098,0,0,0,0,0,0
1985-11-08 20:00:00,7.8625,7.8625,0,0,0,0,0,0
1985-11-08 21:00:00,8.2878,8.2878,0,0,0,0,0,0
1985-11-08 22:00:00,8.9248,8.9248,0,0,0,0,0,0
1985-11-08 23:00:00,9.5471,9.5471,0,0,0,0,0,0
1985-11-09 00:00:00,9.8779,9.8779,0,0,0,0,0,0
1985-11-09 01:00:00,11.3059,11.3059,0,0,0,0,0,0
1985-11-09 02:00:00,13.2824,13.2824,0,0,0,0,0,0
1985-11-09 03:00:00,13.7843,13.7843,0,0,0,0,0,0
1985-11-09 04:00:00,13.2026,13.2026,0,0,0,0,0,0
1985-11-09 05:00:00,11.7278,11.7278,0,0,0,0,0,0
1985-11-09 06:00:00,10.967,10.967,0,0,0,0,0,0
1985-11-09 07:00:00,10.9411,10.9411,0,0,0,0,0,0
1985-11-09 08:00:00,10.4251,10.4251,0,0,0,0,0,0
1985-11-09 09:00:00,9.7912,9.7912,0,0,0,0,0,0
1985-11-09 10:00:00,12.3599,12.3599,0,0,0,0,0,0
1985-11-09 11:00:00,15.6044,15.6044,0,0,0,0,0,0
1985-11-09 12:00:00,16.8546,16.8546,0,0,0,0,0,0
1985-11-09 13:00:00,15.4946,15.4946,0,0,0,0,0,0
1985-11-09 14:00:00,12.6511,12.6511,0,0,0,0,0,0
1985-11-09 15:00:00,11.8155,11.8155,0,0,0,0,0,0
1985-11-09 16:00:00,16.2711,16.2711,0,0,0,0,0,0
1985-11-09 17:00:00,20.6505,20.6505,0,0,0,0,0,0
1985-11-09 18:00:00,22.6214,22.6214,0,0,0,0,0,0
1985-11-09 19:00:00,24.6365,24.6365,0,0,0,0,0,0
1985-11-09 20:00:00,25.4403,25.4403,0,0,0,0,0,0
1985-11-09 21:00:00,23.9105,23.9105,0,0,0,0,0,0
1985-11-09 22:00:00,23.3413,23.3413,0,0,0,0,0,0
1985-11-09 23:00:00,22.3509,22.3509,0,0,0,0,0,0
1985-11-10 00:00:00,21.4016,21.4016,0,0,0,0,0,0
1985-11-10 01:00:00,21.305,21.305,0,0,0,0,0,0
1985-11-10 02:00:00,21.99,21.99,0,0,0,0,0,0
1985-11-10 03:00:00,24.0077,24.0077,0,0,0,0,0,0
1985-11-10 04:00:00,25.1479,25.1479,0,0,0,0,0,0
1985-11-10 05:00:00,25.6424,25.6424,0,0,0,0,0,0
1985-11-10 06:00:00,25.216,25.216,0,0,0,0,0,0
1985-11-10 07:00:00,23.0146,23.0146,0,0,0,0,0,0
1985-11-10 08:00:00,20.7246,20.7246,0,0,0,0,0,0
1985-11-10 09:00:00,19.3332,19.3332,0,0,0,0,0,0
1985-11-10 10:00:00,16.6798,16.6798,0,0,0,0,0,0
1985-11-10 11:00:00,16.1905,16.1905,0,0,0,0,0,0
1985-11-10 12:00:00,16.6042,16.6042,0,0,0,0,0,0
1985-11-10 13:00:00,17.6269,17.6269,0,0,0,0,0,0
1985-11-10 14:00:00,18.2776,18.2776,0,0,0,0,0,0
1985-11-10 15:00:00,17.562,17.562,0,0,0,0,0,0
1985-11-10 16:00:00,16.4743,16.4743,0,0,0,0,0,0
1985-11-10 17:00:00,14.4411,14.4411,0,0,0,0,0,0
1985-11-10 18:00:00,12.8026,12.8026,0,0,0,0,0,0
1985-11-10 19:00:00,12.9588,12.9588,0,0,0,0,0,0
1985-11-10 20:00:00,15.6123,15.6123,0,0,0,0,0,0
1985-11-10 21:00:00,21.8783,21.8783,0,0,0,0,0,0
1985-11-10 22:00:00,23.8365,23.8365,0,0,0,0,0,0
1985-11-10 23:00:00,25.7987,25.7987,0,0,0,0,0,0
1985-11-11 00:00:00,26.323,26.323,0,0,0,0,0,0
1985-11-11 01:00:00,26.2652,26.2652,0,0,0,0,0,0
1985-11-11 02:00:00,25.5326,25.5326,0,0,0,0,0,0
1985-11-11 03:00:00,24.2845,24.2845,0,0,0,0,0,0
1985-11-11 04:00:00,23.0733,23.0733,0,0,0,0,0,0
1985-11-11 05:00:00,22.1879,22.1879,0,0,0,0,0,0
1985-11-11 06:00:00,22.2339,22.2339,0,0,0,0,0,0
1985-11-11 07:00:00,22.1524,22.1524,0,0,0,0,0,0
1985-11-11 08:00:00,21.6022,21.6022,0,0,0,0,0,0
1985-11-11 09:00:00,21.0362,21.0362,0,0,0,0,0,0
1985-11-11 10:00:00,21.0473,21.0473,0,0,0,0,0,0
1985-11-11 11:00:00,20.9549,20.9549,0,0,0,0,0,0
1985-11-11 12:00:00,20.2797,20.2797,0,0,0,0,0,0
1985-11-11 13:00:00,20.4733,20.4733,0,0,0,0,0,0
1985-11-11 14:00:00,20.9582,20.9582,0,0,0,0,0,0
1985-11-11 15:00:00,21.695,21.695,0,0,0,0,0,0
1985-11-11 16:00:00,21.9599,21.9599,0,0,0,0,0,0
1985-11-11 17:00:00,21.9725,21.9725,0,0,0,0,0,0
1985-11-11 18:00:00,21.8178,21.8178,0,0,0,0,0,0
1985-11-11 19:00:00,21.4999,21.4999,0,0,0,0,0,0
1985-11-11 20:00:00,21.0763,21.0763,0,0,0,0,0,0
1985-11-11 21:00:00,20.4461,20.4461,0,0,0,0,0,0
1985-11-11 22:00:00,19.3258,19.3258,0,0,0,0,0,0
1985-11-11 23:00:00,18.6222,18.6222,0,0,0,0,0,0
1985-11-12 00:00:00,18.2444,18.2444,0,0,0,0,0,0
1985-11-12 01:00:00,18.6552,18.6552,0,0,0,0,0,0
1985-11-12 02:00:00,19.0354,19.0354,0,0,0,0,0,0
1985-11-12 03:00:00,18.9997,18.9997,0,0,0,0,0,0
1985-11-12 04:00:00,18.8377,18.8377,0,0,0,0,0,0
1985-11-12 05:00:00,18.5634,18.5634,0,0,0,0,0,0
1985-11-12 06:00:00,18.1731,18.1731,0,0,0,0,0,0
1985-11-12 07:00:00,17.7843,17.7843,0,0,0,0,0,0
1985-11-12 08:00:00,17.2838,17.2838,0,0,0,0,0,0
1985-11-12 09:00:00,16.706,16.706,0,0,0,0,0,0
1985-11-12 10:00:00,15.2732,15.2732,0,0,0,0,0,0
1985-11-12 11:00:00,14.8686,14.8686,0,0,0,0,0,0
1985-11-12 12:00:00,14.8787,14.8787,0,0,0,0,0,0
1985-11-12 13:00:00,14.7672,14.7672,0,0,0,0,0,0
1985-11-12 14:00:00,14.5383,14.5383,0,0,0,0,0,0
1985-11-12 15:00:00,14.0017,14.0017,0,0,0,0,0,0
1985-11-12 16:00:00,13.3506,13.3506,0,0,0,0,0,0
1985-11-12 17:00:00,12.4568,12.4568,0,0,0,0,0,0
1985-11-12 18:00:00,11.4258,11.4258,0,0,0,0,0,0
1985-11-12 19:00:00,10.2721,10.2721,0,0,0,0,0,0
1985-11-12 20:00:00,9.1314,9.1314,0,0,0,0,0,0
1985-11-12 21:00:00,7.8868,7.8868,0,0,0,0,0,0
1985-11-12 22:00:00,6.6461,6.6461,0,0,0,0,0,0
1985-11-12 23:00:00,5.2816,5.2816,0,0,0,0,0,0
1985-11-13 00:00:00,4.0769,4.0769,0,0,0,0,0,0
1985-11-13 01:00:00,3.3573,3.3573,0,0,0,0,0,0
1985-11-13 02:00:00,2.8209,2.8209,0,0,0,0,0,0
1985-11-13 03:00:00,2.2555,2.2555,0,0,0,0,0,0
1985-11-13 04:00:00,1.8301,1.8301,0,0,0,0,0,0
1985-11-13 05:00:00,1.7053,1.7053,0,0,0,0,0,0
1985-11-13 06:00:00,1.8237,1.8237,0,0,0,0,0,0
1985-11-13 07:00:00,2.0802,2.0802,0,0,0,0,0,0
1985-11-13 08:00:00,2.2884,2.2884,0,0,0,0,0,0
1985-11-13 09:00:00,2.2376,2.2376,0,0,0,0,0,0
1985-11-13 10:00:00,2.1907,2.1907,0,0,0,0,0,0
1985-11-13 11:00:00,2.2003,2.2003,0,0,0,0,0,0
1985-11-13 12:00:00,1.9923,1.9923,0,0,0,0,0,0
1985-11-13 13:00:00,2.056,2.056,0,0,0,0,0,0
1985-11-13 14:00:00,2.8535,2.8535,0,0,0,0,0,0
1985-11-13 15:00:00,4.27,4.27,0,0,0,0,0,0
1985-11-13 16:00:00,5.5729,5.5729,0,0,0,0,0,0
1985-11-13 17:00:00,6.4404,6.4404,0,0,0,0,0,0
1985-11-13 18:00:00,6.8687,6.8687,0,0,0,0,0,0
1985-11-13 19:00:00,6.9118,6.9118,0,0,0,0,0,0
1985-11-13 20:00:00,6.7078,6.7078,0,0,0,0,0,0
1985-11-13 21:00:00,6.8626,6.8626,0,0,0,0,0,0
1985-11-13 22:00:00,7.8588,7.8588,0,0,0,0,0,0
1985-11-13 23:00:00,8.3186,8.3186,0,0,0,0,0,0
1985-11-14 00:00:00,8.7321,8.7321,0,0,0,0,0,0
1985-11-14 01:00:00,8.8729,8.8729,0,0,0,0,0,0
1985-11-14 02:00:00,9.338,9.338,0,0,0,0,0,0
1985-11-14 03:00:00,9.8152,9.8152,0,0,0,0,0,0
1985-11-14 04:00:00,10.2184,10.2184,0,0,0,0,0,0
1985-11-14 05:00:00,10.7192,10.7192,0,0,0,0,0,0
1985-11-14 06:00:00,11.1473,11.1473,0,0,0,0,0,0
1985-11-14 07:00:00,11.5009,11.5009,0,0,0,0,0,0
1985-11-14 08:00:00,11.6575,11.6575,0,0,0,0,0,0
1985-11-14 09:00:00,12.0029,12.0029,0,0,0,0,0,0
1985-11-14 10:00:00,12.3525,12.3525,0,0,0,0,0,0
1985-11-14 11:00:00,12.3567,12.3567,0,0,0,0,0,0
1985-11-14 12:00:00,12.388,12.388,0,0,0,0,0,0
1985-11-14 13:00:00,12.4928,12.4928,0,0,0,0,0,0
1985-11-14 14:00:00,12.6927,12.6927,0,0,0,0,0,0
1985-11-14 15:00:00,12.7232,12.7232,0,0,0,0,0,0
1985-11-14 16:00:00,12.8317,12.8317,0,0,0,0,0,0
1985-11-14 17:00:00,13.0312,13.0312,0,0,0,0,0,0
1985-11-14 18:00:00,13.3248,13.3248,0,0,0,0,0,0
1985-11-14 19:00:00,13.6068,13.6068,0,0,0,0,0,0
1985-11-14 20:00:00,13.7194,13.7194,0,0,0,0,0,0
1985-11-14 21:00:00,13.69,13.69,0,0,0,0,0,0
1985-11-14 22:00:00,13.3412,13.3412,0,0,0,0,0,0
1985-11-14 23:00:00,12.8977,12.8977,0,0,0,0,0,0
1985-11-15 00:00:00,12.5923,12.5923,0,0,0,0,0,0
1985-11-15 01:00:00,12.5159,12.5159,0,0,0,0,0,0
1985-11-15 02:00:00,12.532,12.532,0,0,0,0,0,0
1985-11-15 03:00:00,12.5205,12.5205,0,0,0,0,0,0
1985-11-15 04:00:00,12.0959,12.0959,0,0,0,0,0,0
1985-11-15 05:00:00,11.6901,11.6901,0,0,0,0,0,0
1985-11-15 06:00:00,11.3833,11.3833,0,0,0,0,0,0
1985-11-15 07:00:00,11.1087,11.1087,0,0,0,0,0,0
1985-11-15 08:00:00,10.9176,10.9176,0,0,0,0,0,0
1985-11-15 09:00:00,10.6624,10.6624,0,0,0,0,0,0
1985-11-15 10:00:00,10.5791,10.5791,0,0,0,0,0,0
1985-11-15 11:00:00,10.1535,10.1535,0,0,0,0,0,0
1985-11-15 12:00:00,9.9734,9.9734,0,0,0,0,0,0
1985-11-15 13:00:00,10.0649,10.0649,0,0,0,0,0,0
1985-11-15 14:00:00,10.2729,10.2729,0,0,0,0,0,0
1985-11-15 15:00:00,10.4547,10.4547,0,0,0,0,0,0
1985-11-15 16:00:00,10.6237,10.6237,0,0,0,0,0,0
1985-11-15 17:00:00,10.8746,10.8746,0,0,0,0,0,0
1985-11-15 18:00:00,11.0402,11.0402,0,0,0,0,0,0
1985-11-15 19:00:00,11.093,11.093,0,0,0,0,0,0
1985-11-15 20:00:00,11.0052,11.0052,0,0,0,0,0,0
1985-11-15 21:00:00,10.8301,10.8301,0,0,0,0,0,0
1985-11-15 22:00:00,10.8663,10.8663,0,0,0,0,0,0
1985-11-15 23:00:00,10.8271,10.8271,0,0,0,0,0,0
1985-11-16 00:00:00,11.0225,11.0225,0,0,0,0,0,0
1985-11-16 01:00:00,11.1923,11.1923,0,0,0,0,0,0
1985-11-16 02:00:00,11.5743,11.5743,0,0,0,0,0,0
1985-11-16 03:00:00,11.8651,11.8651,0,0,0,0,0,0
1985-11-16 04:00:00,12.4118,12.4118,0,0,0,0,0,0
1985-11-16 05:00:00,12.9834,12.9834,0,0,0,0,0,0
1985-11-16 06:00:00,13.4329,13.4329,0,0,0,0,0,0
1985-11-16 07:00:00,13.8077,13.8077,0,0,0,0,0,0
1985-11-16 08:00:00,14.064,14.064,0,0,0,0,0,0
1985-11-16 09:00:00,14.2081,14.2081,0,0,0,0,0,0
1985-11-16 10:00:00,14.104,14.104,0,0,0,0,0,0
1985-11-16 11:00:00,14.3292,14.3292,0,0,0,0,0,0
1985-11-16 12:00:00,14.7765,14.7765,0,0,0,0,0,0
1985-11-16 13:00:00,15.6229,15.6229,0,0,0,0,0,0
1985-11-16 14:00:00,15.6316,15.6316,0,0,0,0,0,0
1985-11-16 15:00:00,15.4074,15.4074,0,0,0,0,0,0
1985-11-16 16:00:00,15.5196,15.5196,0,0,0,0,0,0
1985-11-16 17:00:00,15.485,15.485,0,0,0,0,0,0
1985-11-16 18:00:00,15.2502,15.2502,0,0,0,0,0,0
1985-11-16 19:00:00,15.1606,15.1606,0,0,0,0,0,0
1985-11-16 20:00:00,15.3485,15.3485,0,0,0,0,0,0
1985-11-16 21:00:00,15.3922,15.3922,0,0,0,0,0,0
1985-11-16 22:00:00,14.5393,14.5393,0,0,0,0,0,0
1985-11-16 23:00:00,14.5421,14.5421,0,0,0,0,0,0
1985-11-17 00:00:00,14.2659,14.2659,0,0,0,0,0,0
1985-11-17 01:00:00,14.0504,14.0504,0,0,0,0,0,0
1985-11-17 02:00:00,13.8011,13.8011,0,0,0,0,0,0
1985-11-17 03:00:00,13.5588,13.5588,0,0,0,0,0,0
1985-11-17 04:00:00,13.1315,13.1315,0,0,0,0,0,0
1985-11-17 05:00:00,12.8546,12.8546,0,0,0,0,0,0
1985-11-17 06:00:00,12.6917,12.6917,0,0,0,0,0,0
1985-11-17 07:00:00,12.7251,12.7251,0,0,0,0,0,0
1985-11-17 08:00:00,12.8258,12.8258,0,0,0,0,0,0
1985-11-17 09:00:00,12.9187,12.9187,0,0,0,0,0,0
1985-11-17 10:00:00,11.8968,11.8968,0,0,0,0,0,0
1985-11-17 11:00:00,12.4017,12.4017,0,0,0,0,0,0
1985-11-17 12:00:00,13.0401,13.0401,0,0,0,0,0,0
1985-11-17 13:00:00,13.5293,13.5293,0,0,0,0,0,0
1985-11-17 14:00:00,14.5188,14.5188,0,0,0,0,0,0
1985-11-17 15:00:00,15.4476,15.4476,0,0,0,0,0,0
1985-11-17 16:00:00,16.1548,16.1548,0,0,0,0,0,0
1985-11-17 17:00:00,16.9579,16.9579,0,0,0,0,0,0
1985-11-17 18:00:00,17.3656,17.3656,0,0,0,0,0,0
1985-11-17 19:00:00,17.9692,17.9692,0,0,0,0,0,0
1985-11-17 20:00:00,19.2999,19.2999,0,0,0,0,0,0
1985-11-17 21:00:00,19.5523,19.5523,0,0,0,0,0,0
1985-11-17 22:00:00,20.8381,20.8381,0,0,0,0,0,0
1985-11-17 23:00:00,21.0679,21.0679,0,0,0,0,0,0
1985-11-18 00:00:00,21.1896,21.1896,0,0,0,0,0,0
1985-11-18 01:00:00,21.6721,21.6721,0,0,0,0,0,0
1985-11-18 02:00:00,21.5248,21.5248,0,0,0,0,0,0
1985-11-18 03:00:00,21.0677,21.0677,0,0,0,0,0,0
1985-11-18 04:00:00,20.5522,20.5522,0,0,0,0,0,0
1985-11-18 05:00:00,20.7338,20.7338,0,0,0,0,0,0
1985-11-18 06:00:00,20.5504,20.5504,0,0,0,0,0,0
1985-11-18 07:00:00,20.0514,20.0514,0,0,0,0,0,0
1985-11-18 08:00:00,19.9592,19.9592,0,0,0,0,0,0
1985-11-18 09:00:00,19.8911,19.8911,0,0,0,0,0,0
1985-11-18 10:00:00,20.0585,20.0585,0,0,0,0,0,0
1985-11-18 11:00:00,19.6649,19.6649,0,0,0,0,0,0
1985-11-18 12:00:00,19.2634,19.2634,0,0,0,0,0,0
1985-11-18 13:00:00,18.7802,18.7802,0,0,0,0,0,0
1985-11-18 14:00:00,18.3381,18.3381,0,0,0,0,0,0
1985-11-18 15:00:00,17.6009,17.6009,0,0,0,0,0,0
1985-11-18 16:00:00,17.0409,17.0409,0,0,0,0,0,0
1985-11-18 17:00:00,16.4332,16.4332,0,0,0,0,0,0
1985-11-18 18:00:00,16.2467,16.2467,0,0,0,0,0,0
1985-11-18 19:00:00,16.1444,16.1444,0,0,0,0,0,0
1985-11-18 20:00:00,15.9163,15.9163,0,0,0,0,0,0
1985-11-18 21:00:00,15.9353,15.9353,0,0,0,0,0,0
1985-11-18 22:00:00,16.4329,16.4329,0,0,0,0,0,0
1985-11-18 23:00:00,15.818,15.818,0,0,0,0,0,0
1985-11-19 00:00:00,15.3107,15.3107,0,0,0,0,0,0
1985-11-19 01:00:00,15.1035,15.1035,0,0,0,0,0,0
1985-11-19 02:00:00,14.8965,14.8965,0,0,0,0,0,0
1985-11-19 03:00:00,14.5358,14.5358,0,0,0,0,0,0
1985-11-19 04:00:00,13.8384,13.8384,0,0,0,0,0,0
1985-11-19 05:00:00,12.7815,12.7815,0,0,0,0,0,0
1985-11-19 06:00:00,11.7394,11.7394,0,0,0,0,0,0
1985-11-19 07:00:00,10.9909,10.9909,0,0,0,0,0,0
1985-11-19 08:00:00,10.2606,10.2606,0,0,0,0,0,0
1985-11-19 09:00:00,9.5501,9.5501,0,0,0,0,0,0
1985-11-19 10:00:00,9.4437,9.4437,0,0,0,0,0,0
1985-11-19 11:00:00,8.7925,8.7925,0,0,0,0,0,0
1985-11-19 12:00:00,8.2223,8.2223,0,0,0,0,0,0
1985-11-19 13:00:00,7.0227,7.0227,0,0,0,0,0,0
1985-11-19 14:00:00,6.068,6.068,0,0,0,0,0,0
1985-11-19 15:00:00,5.2715,5.2715,0,0,0,0,0,0
1985-11-19 16:00:00,4.451,4.451,0,0,0,0,0,0
1985-11-19 17:00:00,3.7286,3.7286,0,0,0,0,0,0
1985-11-19 18:00:00,3.1228,3.1228,0,0,0,0,0,0
1985-11-19 19:00:00,3.0337,3.0337,0,0,0,0,0,0
1985-11-19 20:00:00,3.0912,3.0912,0,0,0,0,0,0
1985-11-19 21:00:00,2.9283,2.9283,0,0,0,0,0,0
1985-11-19 22:00:00,2.3786,2.3786,0,0,0,0,0,0
1985-11-19 23:00:00,1.6291,1.6291,0,0,0,0,0,0
1985-11-20 00:00:00,1.6455,1.6455,0,0,0,0,0,0
1985-11-20 01:00:00,1.7588,1.7588,0,0,0,0,0,0
1985-11-20 02:00:00,1.506,1.506,0,0,0,0,0,0
1985-11-20 03:00:00,1.3303,1.3303,0,0,0,0,0,0
1985-11-20 04:00:00,1.6383,1.6383,0,0,0,0,0,0
1985-11-20 05:00:00,2.6868,2.6868,0,0,0,0,0,0
1985-11-20 06:00:00,3.9972,3.9972,0,0,0,0,0,0
1985-11-20 07:00:00,4.9103,4.9103,0,0,0,0,0,0
1985-11-20 08:00:00,5.2615,5.2615,0,0,0,0,0,0
1985-11-20 09:00:00,5.235,5.235,0,0,0,0,0,0
1985-11-20 10:00:00,4.9923,4.9923,0,0,0,0,0,0
1985-11-20 11:00:00,5.1119,5.1119,0,0,0,0,0,0
1985-11-20 12:00:00,5.5666,5.5666,0,0,0,0,0,0
1985-11-20 13:00:00,6.3501,6.3501,0,0,0,0,0,0
1985-11-20 14:00:00,7.1925,7.1925,0,0,0,0,0,0
1985-11-20 15:00:00,7.7821,7.7821,0,0,0,0,0,0
1985-11-20 16:00:00,8.0509,8.0509,0,0,0,0,0,0
1985-11-20 17:00:00,8.0333,8.0333,0,0,0,0,0,0
1985-11-20 18:00:00,8.1326,8.1326,0,0,0,0,0,0
1985-11-20 19:00:00,8.6207,8.6207,0,0,0,0,0,0
1985-11-20 20:00:00,8.4278,8.4278,0,0,0,0,0,0
1985-11-20 21:00:00,7.8326,7.8326,0,0,0,0,0,0
1985-11-20 22:00:00,6.8301,6.8301,0,0,0,0,0,0
1985-11-20 23:00:00,5.6278,5.6278,0,0,0,0,0,0
1985-11-21 00:00:00,4.7919,4.7919,0,0,0,0,0,0
1985-11-21 01:00:00,4.3187,4.3187,0,0,0,0,0,0
1985-11-21 02:00:00,4.0959,4.0959,0,0,0,0,0,0
1985-11-21 03:00:00,3.5589,3.5589,0,0,0,0,0,0
1985-11-21 04:00:00,2.6763,2.6763,0,0,0,0,0,0
1985-11-21 05:00:00,2.1758,2.1758,0,0,0,0,0,0
1985-11-21 06:00:00,1.8858,1.8858,0,0,0,0,0,0
1985-11-21 07:00:00,1.7024,1.7024,0,0,0,0,0,0
1985-11-21 08:00:00,1.6132,1.6132,0,0,0,0,0,0
1985-11-21 09:00:00,1.6913,1.6913,0,0,0,0,0,0
1985-11-21 10:00:00,2.1195,2.1195,0,0,0,0,0,0
1985-11-21 11:00:00,1.1988,1.1988,0,0,0,0,0,0
1985-11-21 12:00:00,0.7468,0.7468,0,0,0,0,0,0
1985-11-21 13:00:00,0.9063,0.9063,0,0,0,0,0,0
1985-11-21 14:00:00,0.9118,0.9118,0,0,0,0,0,0
1985-11-21 15:00:00,0.7678,0.7678,0,0,0,0,0,0
1985-11-21 16:00:00,0.7993,0.7993,0,0,0,0,0,0
1985-11-21 17:00:00,0.9528,0.9528,0,0,0,0,0,0
1985-11-21 18:00:00,1.0954,1.0954,0,0,0,0,0,0
1985-11-21 19:00:00,1.0539,1.0539,0,0,0,0,0,0
1985-11-21 20:00:00,1.1134,1.1134,0,0,0,0,0,0
1985-11-21 21:00:00,1.1209,1.1209,0,0,0,0,0,0
1985-11-21 22:00:00,2.0138,2.0138,0,0,0,0,0,0
1985-11-21 23:00:00,1.5395,1.5395,0,0,0,0,0,0
1985-11-22 00:00:00,2.2478,2.2478,0,0,0,0,0,0
1985-11-22 01:00:00,2.7118,2.7118,0,0,0,0,0,0
1985-11-22 02:00:00,2.5545,2.5545,0,0,0,0,0,0
1985-11-22 03:00:00,2.5886,2.5886,0,0,0,0,0,0
1985-11-22 04:00:00,2.7918,2.7918,0,0,0,0,0,0
1985-11-22 05:00:00,3.1103,3.1103,0,0,0,0,0,0
1985-11-22 06:00:00,3.5804,3.5804,0,0,0,0,0,0
1985-11-22 07:00:00,4.2663,4.2663,0,0,0,0,0,0
1985-11-22 08:00:00,4.8049,4.8049,0,0,0,0,0,0
1985-11-22 09:00:00,5.1421,5.1421,0,0,0,0,0,0
1985-11-22 10:00:00,5.2362,5.2362,0,0,0,0,0,0
1985-11-22 11:00:00,4.785,4.785,0,0,0,0,0,0
1985-11-22 12:00:00,5.0171,5.0171,0,0,0,0,0,0
1985-11-22 13:00:00,5.3521,5.3521,0,0,0,0,0,0
1985-11-22 14:00:00,5.4074,5.4074,0,0,0,0,0,0
1985-11-22 15:00:00,5.1468,5.1468,0,0,0,0,0,0
1985-11-22 16:00:00,4.7653,4.7653,0,0,0,0,0,0
1985-11-22 17:00:00,4.7027,4.7027,0,0,0,0,0,0
1985-11-22 18:00:00,4.5095,4.5095,0,0,0,0,0,0
1985-11-22 19:00:00,4.37,4.37,0,0,0,0,0,0
1985-11-22 20:00:00,4.1277,4.1277,0,0,0,0,0,0
1985-11-22 21:00:00,3.7759,3.7759,0,0,0,0,0,0
1985-11-22 22:00:00,3.9249,3.9249,0,0,0,0,0,0
1985-11-22 23:00:00,3.1997,3.1997,0,0,0,0,0,0
1985-11-23 00:00:00,3.038,3.038,0,0,0,0,0,0
1985-11-23 01:00:00,3.8543,3.8543,0,0,0,0,0,0
1985-11-23 02:00:00,4.7028,4.7028,0,0,0,0,0,0
1985-11-23 03:00:00,5.143,5.143,0,0,0,0,0,0
1985-11-23 04:00:00,5.2822,5.2822,0,0,0,0,0,0
1985-11-23 05:00:00,5.3493,5.3493,0,0,0,0,0,0
1985-11-23 06:00:00,6.0405,6.0405,0,0,0,0,0,0
1985-11-23 07:00:00,7.2296,7.2296,0,0,0,0,0,0
1985-11-23 08:00:00,8.469,8.469,0,0,0,0,0,0
1985-11-23 09:00:00,9.1341,9.1341,0,0,0,0,0,0
1985-11-23 10:00:00,8.2978,8.2978,0,0,0,0,0,0
1985-11-23 11:00:00,7.3651,7.3651,0,0,0,0,0,0
1985-11-23 12:00:00,7.3214,7.3214,0,0,0,0,0,0
1985-11-23 13:00:00,7.6367,7.6367,0,0,0,0,0,0
1985-11-23 14:00:00,8.7246,8.7246,0,0,0,0,0,0
1985-11-23 15:00:00,9.3346,9.3346,0,0,0,0,0,0
1985-11-23 16:00:00,9.5803,9.5803,0,0,0,0,0,0
1985-11-23 17:00:00,9.9007,9.9007,0,0,0,0,0,0
1985-11-23 18:00:00,10.3535,10.3535,0,0,0,0,0,0
1985-11-23 19:00:00,11.0968,11.0968,0,0,0,0,0,0
1985-11-23 20:00:00,11.3918,11.3918,0,0,0,0,0,0
1985-11-23 21:00:00,11.3305,11.3305,0,0,0,0,0,0
1985-11-23 22:00:00,11.0425,11.0425,0,0,0,0,0,0
1985-11-23 23:00:00,11.261,11.261,0,0,0,0,0,0
1985-11-24 00:00:00,12.0008,12.0008,0,0,0,0,0,0
1985-11-24 01:00:00,13.387,13.387,0,0,0,0,0,0
1985-11-24 02:00:00,14.5594,14.5594,0,0,0,0,0,0
1985-11-24 03:00:00,15.6106,15.6106,0,0,0,0,0,0
1985-11-24 04:00:00,16.0264,16.0264,0,0,0,0,0,0
1985-11-24 05:00:00,16.1736,16.1736,0,0,0,0,0,0
1985-11-24 06:00:00,15.9705,15.9705,0,0,0,0,0,0
1985-11-24 07:00:00,15.6027,15.6027,0,0,0,0,0,0
1985-11-24 08:00:00,15.1749,15.1749,0,0,0,0,0,0
1985-11-24 09:00:00,14.8406,14.8406,0,0,0,0,0,0
1985-11-24 10:00:00,14.7191,14.7191,0,0,0,0,0,0
1985-11-24 11:00:00,14.3581,14.3581,0,0,0,0,0,0
1985-11-24 12:00:00,13.9811,13.9811,0,0,0,0,0,0
1985-11-24 13:00:00,13.7383,13.7383,0,0,0,0,0,0
1985-11-24 14:00:00,13.6573,13.6573,0,0,0,0,0,0
1985-11-24 15:00:00,14.1529,14.1529,0,0,0,0,0,0
1985-11-24 16:00:00,14.5355,14.5355,0,0,0,0,0,0
1985-11-24 17:00:00,14.5871,14.5871,0,0,0,0,0,0
1985-11-24 18:00:00,14.2668,14.2668,0,0,0,0,0,0
1985-11-24 19:00:00,14.1308,14.1308,0,0,0,0,0,0
1985-11-24 20:00:00,14.094,14.094,0,0,0,0,0,0
1985-11-24 21:00:00,14.0249,14.0249,0,0,0,0,0,0
1985-11-24 22:00:00,13.0181,13.0181,0,0,0,0,0,0
1985-11-24 23:00:00,11.6761,11.6761,0,0,0,0,0,0
1985-11-25 00:00:00,11.5673,11.5673,0,0,0,0,0,0
1985-11-25 01:00:00,12.8062,12.8062,0,0,0,0,0,0
1985-11-25 02:00:00,13.0797,13.0797,0,0,0,0,0,0
1985-11-25 03:00:00,12.6654,12.6654,0,0,0,0,0,0
1985-11-25 04:00:00,12.3683,12.3683,0,0,0,0,0,0
1985-11-25 05:00:00,11.8928,11.8928,0,0,0,0,0,0
1985-11-25 06:00:00,11.7847,11.7847,0,0,0,0,0,0
1985-11-25 07:00:00,11.5106,11.5106,0,0,0,0,0,0
1985-11-25 08:00:00,11.5097,11.5097,0,0,0,0,0,0
1985-11-25 09:00:00,12.1449,12.1449,0,0,0,0,0,0
1985-11-25 10:00:00,11.8173,11.8173,0,0,0,0,0,0
1985-11-25 11:00:00,11.7718,11.7718,0,0,0,0,0,0
1985-11-25 12:00:00,11.6026,11.6026,0,0,0,0,0,0
1985-11-25 13:00:00,12.054,12.054,0,0,0,0,0,0
1985-11-25 14:00:00,12.2677,12.2677,0,0,0,0,0,0
1985-11-25 15:00:00,12.2725,12.2725,0,0,0,0,0,0
1985-11-25 16:00:00,11.8534,11.8534,0,0,0,0,0,0
1985-11-25 17:00:00,12.0359,12.0359,0,0,0,0,0,0
1985-11-25 18:00:00,12.1709,12.1709,0,0,0,0,0,0
1985-11-25 19:00:00,12.03,12.03,0,0,0,0,0,0
1985-11-25 20:00:00,11.7288,11.7288,0,0,0,0,0,0
1985-11-25 21:00:00,11.3911,11.3911,0,0,0,0,0,0
1985-11-25 22:00:00,9.8909,9.8909,0,0,0,0,0,0
1985-11-25 23:00:00,9.2901,9.2901,0,0,0,0,0,0
1985-11-26 00:00:00,9.0652,9.0652,0,0,0,0,0,0
1985-11-26 01:00:00,8.8615,8.8615,0,0,0,0,0,0
1985-11-26 02:00:00,8.8108,8.8108,0,0,0,0,0,0
1985-11-26 03:00:00,8.7889,8.7889,0,0,0,0,0,0
1985-11-26 04:00:00,8.765,8.765,0,0,0,0,0,0
1985-11-26 05:00:00,8.531,8.531,0,0,0,0,0,0
1985-11-26 06:00:00,7.964,7.964,0,0,0,0,0,0
1985-11-26 07:00:00,7.1477,7.1477,0,0,0,0,0,0
1985-11-26 08:00:00,6.1562,6.1562,0,0,0,0,0,0
1985-11-26 09:00:00,4.6588,4.6588,0,0,0,0,0,0
1985-11-26 10:00:00,2.6912,2.6912,0,0,0,0,0,0
1985-11-26 11:00:00,1.5402,1.5402,0,0,0,0,0,0
1985-11-26 12:00:00,1.1392,1.1392,0,0,0,0,0,0
1985-11-26 13:00:00,1.3288,1.3288,0,0,0,0,0,0
1985-11-26 14:00:00,2.1419,2.1419,0,0,0,0,0,0
1985-11-26 15:00:00,3.0066,3.0066,0,0,0,0,0,0
1985-11-26 16:00:00,4.1486,4.1486,0,0,0,0,0,0
1985-11-26 17:00:00,6.0531,6.0531,0,0,0,0,0,0
1985-11-26 18:00:00,8.9388,8.9388,0,0,0,0,0,0
1985-11-26 19:00:00,11.8326,11.8326,0,0,0,0,0,0
1985-11-26 20:00:00,13.495,13.495,0,0,0,0,0,0
1985-11-26 21:00:00,13.8242,13.8242,0,0,0,0,0,0
1985-11-26 22:00:00,13.0225,13.0225,0,0,0,0,0,0
1985-11-26 23:00:00,12.0161,12.0161,0,0,0,0,0,0
1985-11-27 00:00:00,10.662,10.662,0,0,0,0,0,0
1985-11-27 01:00:00,9.8347,9.8347,0,0,0,0,0,0
1985-11-27 02:00:00,9.0587,9.0587,0,0,0,0,0,0
1985-11-27 03:00:00,8.5319,8.5319,0,0,0,0,0,0
1985-11-27 04:00:00,7.9022,7.9022,0,0,0,0,0,0
1985-11-27 05:00:00,7.368,7.368,0,0,0,0,0,0
1985-11-27 06:00:00,6.8204,6.8204,0,0,0,0,0,0
1985-11-27 07:00:00,6.237,6.237,0,0,0,0,0,0
1985-11-27 08:00:00,5.7516,5.7516,0,0,0,0,0,0
1985-11-27 09:00:00,5.3089,5.3089,0,0,0,0,0,0
1985-11-27 10:00:00,5.5208,5.5208,0,0,0,0,0,0
1985-11-27 11:00:00,4.1964,4.1964,0,0,0,0,0,0
1985-11-27 12:00:00,3.6282,3.6282,0,0,0,0,0,0
1985-11-27 13:00:00,3.6003,3.6003,0,0,0,0,0,0
1985-11-27 14:00:00,3.8068,3.8068,0,0,0,0,0,0
1985-11-27 15:00:00,4.0112,4.0112,0,0,0,0,0,0
1985-11-27 16:00:00,4.2223,4.2223,0,0,0,0,0,0
1985-11-27 17:00:00,4.098,4.098,0,0,0,0,0,0
1985-11-27 18:00:00,3.5461,3.5461,0,0,0,0,0,0
1985-11-27 19:00:00,2.7922,2.7922,0,0,0,0,0,0
1985-11-27 20:00:00,2.562,2.562,0,0,0,0,0,0
1985-11-27 21:00:00,2.8189,2.8189,0,0,0,0,0,0
1985-11-27 22:00:00,4.1048,4.1048,0,0,0,0,0,0
1985-11-27 23:00:00,3.9309,3.9309,0,0,0,0,0,0
1985-11-28 00:00:00,3.7231,3.7231,0,0,0,0,0,0
1985-11-28 01:00:00,3.7057,3.7057,0,0,0,0,0,0
1985-11-28 02:00:00,3.9819,3.9819,0,0,0,0,0,0
1985-11-28 03:00:00,3.9303,3.9303,0,0,0,0,0,0
1985-11-28 04:00:00,3.9151,3.9151,0,0,0,0,0,0
1985-11-28 05:00:00,4.1689,4.1689,0,0,0,0,0,0
1985-11-28 06:00:00,4.5989,4.5989,0,0,0,0,0,0
1985-11-28 07:00:00,4.6691,4.6691,0,0,0,0,0,0
1985-11-28 08:00:00,4.5467,4.5467,0,0,0,0,0,0
1985-11-28 09:00:00,4.2629,4.2629,0,0,0,0,0,0
1985-11-28 10:00:00,3.7389,3.7389,0,0,0,0,0,0
1985-11-28 11:00:00,3.1641,3.1641,0,0,0,0,0,0
1985-11-28 12:00:00,2.9917,2.9917,0,0,0,0,0,0
1985-11-28 13:00:00,2.896,2.896,0,0,0,0,0,0
1985-11-28 14:00:00,2.6095,2.6095,0,0,0,0,0,0
1985-11-28 15:00:00,2.4085,2.4085,0,0,0,0,0,0
1985-11-28 16:00:00,2.5567,2.5567,0,0,0,0,0,0
1985-11-28 17:00:00,2.6443,2.6443,0,0,0,0,0,0
1985-11-28 18:00:00,2.6054,2.6054,0,0,0,0,0,0
1985-11-28 19:00:00,2.5041,2.5041,0,0,0,0,0,0
1985-11-28 20:00:00,2.4261,2.4261,0,0,0,0,0,0
1985-11-28 21:00:00,2.3409,2.3409,0,0,0,0,0,0
1985-11-28 22:00:00,2.7742,2.7742,0,0,0,0,0,0
1985-11-28 23:00:00,2.258,2.258,0,0,0,0,0,0
1985-11-29 00:00:00,2.2885,2.2885,0,0,0,0,0,0
1985-11-29 01:00:00,2.5449,2.5449,0,0,0,0,0,0
1985-11-29 02:00:00,2.4791,2.4791,0,0,0,0,0,0
1985-11-29 03:00:00,2.2588,2.2588,0,0,0,0,0,0
1985-11-29 04:00:00,2.1506,2.1506,0,0,0,0,0,0
1985-11-29 05:00:00,2.0322,2.0322,0,0,0,0,0,0
1985-11-29 06:00:00,1.8386,1.8386,0,0,0,0,0,0
1985-11-29 07:00:00,1.5367,1.5367,0,0,0,0,0,0
1985-11-29 08:00:00,1.6201,1.6201,0,0,0,0,0,0
1985-11-29 09:00:00,2.0926,2.0926,0,0,0,0,0,0
1985-11-29 10:00:00,3.8155,3.8155,0,0,0,0,0,0
1985-11-29 11:00:00,4.0044,4.0044,0,0,0,0,0,0
1985-11-29 12:00:00,4.0826,4.0826,0,0,0,0,0,0
1985-11-29 13:00:00,3.6559,3.6559,0,0,0,0,0,0
1985-11-29 14:00:00,3.7851,3.7851,0,0,0,0,0,0
1985-11-29 15:00:00,3.2935,3.2935,0,0,0,0,0,0
1985-11-29 16:00:00,3.6894,3.6894,0,0,0,0,0,0
1985-11-29 17:00:00,3.8882,3.8882,0,0,0,0,0,0
1985-11-29 18:00:00,4.522,4.522,0,0,0,0,0,0
1985-11-29 19:00:00,4.7816,4.7816,0,0,0,0,0,0
1985-11-29 20:00:00,4.8835,4.8835,0,0,0,0,0,0
1985-11-29 21:00:00,5.0912,5.0912,0,0,0,0,0,0
1985-11-29 22:00:00,5.959,5.959,0,0,0,0,0,0
1985-11-29 23:00:00,6.6714,6.6714,0,0,0,0,0,0
1985-11-30 00:00:00,7.2306,7.2306,0,0,0,0,0,0
1985-11-30 01:00:00,7.7121,7.7121,0,0,0,0,0,0
1985-11-30 02:00:00,8.4838,8.4838,0,0,0,0,0,0
1985-11-30 03:00:00,9.0154,9.0154,0,0,0,0,0,0
1985-11-30 04:00:00,9.1412,9.1412,0,0,0,0,0,0
1985-11-30 05:00:00,9.2269,9.2269,0,0,0,0,0,0
1985-11-30 06:00:00,9.8832,9.8832,0,0,0,0,0,0
1985-11-30 07:00:00,10.2431,10.2431,0,0,0,0,0,0
1985-11-30 08:00:00,10.2032,10.2032,0,0,0,0,0,0
1985-11-30 09:00:00,10.2638,10.2638,0,0,0,0,0,0
1985-11-30 10:00:00,10.9115,10.9115,0,0,0,0,0,0
1985-11-30 11:00:00,10.8041,10.8041,0,0,0,0,0,0
1985-11-30 12:00:00,10.6655,10.6655,0,0,0,0,0,0
1985-11-30 13:00:00,10.6865,10.6865,0,0,0,0,0,0
1985-11-30 14:00:00,10.3587,10.3587,0,0,0,0,0,0
1985-11-30 15:00:00,9.6766,9.6766,0,0,0,0,0,0
1985-11-30 16:00:00,8.7171,8.7171,0,0,0,0,0,0
1985-11-30 17:00:00,7.9436,7.9436,0,0,0,0,0,0
1985-11-30 18:00:00,7.7025,7.7025,0,0,0,0,0,0
1985-11-30 19:00:00,7.174,7.174,0,0,0,0,0,0
1985-11-30 20:00:00,6.6073,6.6073,0,0,0,0,0,0
1985-11-30 21:00:00,6.8916,6.8916,0,0,0,0,0,0
1985-11-30 22:00:00,7.4881,7.4881,0,0,0,0,0,0
1985-11-30 23:00:00,7.867,7.867,0,0,0,0,0,0
1985-12-01 00:00:00,8.5438,8.5438,0,0,0,0,0,0
1985-12-01 01:00:00,9.4641,9.4641,0,0,0,0,0,0
1985-12-01 02:00:00,11.3996,11.3996,0,0,0,0,0,0
1985-12-01 03:00:00,13.0369,13.0369,0,0,0,0,0,0
1985-12-01 04:00:00,13.9514,13.9514,0,0,0,0,0,0
1985-12-01 05:00:00,14.4075,14.4075,0,0,0,0,0,0
1985-12-01 06:00:00,14.4498,14.4498,0,0,0,0,0,0
1985-12-01 07:00:00,14.5729,14.5729,0,0,0,0,0,0
1985-12-01 08:00:00,13.9265,13.9265,0,0,0,0,0,0
1985-12-01 09:00:00,13.6265,13.6265,0,0,0,0,0,0
1985-12-01 10:00:00,13.7718,13.7718,0,0,0,0,0,0
1985-12-01 11:00:00,13.8864,13.8864,0,0,0,0,0,0
1985-12-01 12:00:00,13.832,13.832,0,0,0,0,0,0
1985-12-01 13:00:00,13.2057,13.2057,0,0,0,0,0,0
1985-12-01 14:00:00,12.3518,12.3518,0,0,0,0,0,0
1985-12-01 15:00:00,11.9477,11.9477,0,0,0,0,0,0
1985-12-01 16:00:00,11.491,11.491,0,0,0,0,0,0
1985-12-01 17:00:00,10.8977,10.8977,0,0,0,0,0,0
1985-12-01 18:00:00,10.7094,10.7094,0,0,0,0,0,0
1985-12-01 19:00:00,10.7662,10.7662,0,0,0,0,0,0
1985-12-01 20:00:00,10.8506,10.8506,0,0,0,0,0,0
1985-12-01 21:00:00,10.4272,10.4272,0,0,0,0,0,0
1985-12-01 22:00:00,9.8205,9.8205,0,0,0,0,0,0
1985-12-01 23:00:00,10.7047,10.7047,0,0,0,0,0,0
1985-12-02 00:00:00,11.5156,11.5156,0,0,0,0,0,0
1985-12-02 01:00:00,12.026,12.026,0,0,0,0,0,0
1985-12-02 02:00:00,12.3897,12.3897,0,0,0,0,0,0
1985-12-02 03:00:00,12.7556,12.7556,0,0,0,0,0,0
1985-12-02 04:00:00,15.9513,15.9513,0,0,0,0,0,0
1985-12-02 05:00:00,18.9876,18.9876,0,0,0,0,0,0
1985-12-02 06:00:00,19.0473,19.0473,0,0,0,0,0,0
1985-12-02 07:00:00,15.6749,15.6749,0,0,0,0,0,0
1985-12-02 08:00:00,13.3823,13.3823,0,0,0,0,0,0
1985-12-02 09:00:00,12.6075,12.6075,0,0,0,0,0,0
1985-12-02 10:00:00,13.1695,13.1695,0,0,0,0,0,0
1985-12-02 11:00:00,12.2859,12.2859,0,0,0,0,0,0
1985-12-02 12:00:00,11.7707,11.7707,0,0,0,0,0,0
1985-12-02 13:00:00,11.6111,11.6111,0,0,0,0,0,0
1985-12-02 14:00:00,11.287,11.287,0,0,0,0,0,0
1985-12-02 15:00:00,10.7976,10.7976,0,0,0,0,0,0
1985-12-02 16:00:00,10.2844,10.2844,0,0,0,0,0,0
1985-12-02 17:00:00,11.1031,11.1031,0,0,0,0,0,0
1985-12-02 18:00:00,11.836,11.836,0,0,0,0,0,0
1985-12-02 19:00:00,11.9141,11.9141,0,0,0,0,0,0
1985-12-02 20:00:00,13.0148,13.0148,0,0,0,0,0,0
1985-12-02 21:00:00,13.4252,13.4252,0,0,0,0,0,0
1985-12-02 22:00:00,13.732,13.732,0,0,0,0,0,0
1985-12-02 23:00:00,14.1164,14.1164,0,0,0,0,0,0
1985-12-03 00:00:00,14.8723,14.8723,0,0,0,0,0,0
1985-12-03 01:00:00,13.5718,13.5718,0,0,0,0,0,0
1985-12-03 02:00:00,13.8735,13.8735,0,0,0,0,0,0
1985-12-03 03:00:00,14.5946,14.5946,0,0,0,0,0,0
1985-12-03 04:00:00,14.7839,14.7839,0,0,0,0,0,0
1985-12-03 05:00:00,15.7471,15.7471,0,0,0,0,0,0
1985-12-03 06:00:00,17.9053,17.9053,0,0,0,0,0,0
1985-12-03 07:00:00,19.7088,19.7088,0,0,0,0,0,0
1985-12-03 08:00:00,18.7171,18.7171,0,0,0,0,0,0
1985-12-03 09:00:00,16.732,16.732,0,0,0,0,0,0
1985-12-03 10:00:00,15.7782,15.7782,0,0,0,0,0,0
1985-12-03 11:00:00,15.9688,15.9688,0,0,0,0,0,0
1985-12-03 12:00:00,16.3728,16.3728,0,0,0,0,0,0
1985-12-03 13:00:00,16.9252,16.9252,0,0,0,0,0,0
1985-12-03 14:00:00,16.9167,16.9167,0,0,0,0,0,0
1985-12-03 15:00:00,16.3725,16.3725,0,0,0,0,0,0
1985-12-03 16:00:00,15.7053,15.7053,0,0,0,0,0,0
1985-12-03 17:00:00,14.155,14.155,0,0,0,0,0,0
1985-12-03 18:00:00,11.741,11.741,0,0,0,0,0,0
1985-12-03 19:00:00,9.6761,9.6761,0,0,0,0,0,0
1985-12-03 20:00:00,7.936,7.936,0,0,0,0,0,0
1985-12-03 21:00:00,6.3409,6.3409,0,0,0,0,0,0
1985-12-03 22:00:00,5.6249,5.6249,0,0,0,0,0,0
1985-12-03 23:00:00,6.8034,6.8034,0,0,0,0,0,0
1985-12-04 00:00:00,8.2641,8.2641,0,0,0,0,0,0
1985-12-04 01:00:00,8.3728,8.3728,0,0,0,0,0,0
1985-12-04 02:00:00,6.9707,6.9707,0,0,0,0,0,0
1985-12-04 03:00:00,6.4377,6.4377,0,0,0,0,0,0
1985-12-04 04:00:00,7.7889,7.7889,0,0,0,0,0,0
1985-12-04 05:00:00,10.5256,10.5256,0,0,0,0,0,0
1985-12-04 06:00:00,12.9393,12.9393,0,0,0,0,0,0
1985-12-04 07:00:00,13.3701,13.3701,0,0,0,0,0,0
1985-12-04 08:00:00,13.2438,13.2438,0,0,0,0,0,0
1985-12-04 09:00:00,13.2361,13.2361,0,0,0,0,0,0
1985-12-04 10:00:00,11.2513,11.2513,0,0,0,0,0,0
1985-12-04 11:00:00,10.2802,10.2802,0,0,0,0,0,0
1985-12-04 12:00:00,8.4941,8.4941,0,0,0,0,0,0
1985-12-04 13:00:00,6.6087,6.6087,0,0,0,0,0,0
1985-12-04 14:00:00,5.7784,5.7784,0,0,0,0,0,0
1985-12-04 15:00:00,5.7864,5.7864,0,0,0,0,0,0
1985-12-04 16:00:00,5.7074,5.7074,0,0,0,0,0,0
1985-12-04 17:00:00,5.2742,5.2742,0,0,0,0,0,0
1985-12-04 18:00:00,4.5397,4.5397,0,0,0,0,0,0
1985-12-04 19:00:00,3.5664,3.5664,0,0,0,0,0,0
1985-12-04 20:00:00,3.1802,3.1802,0,0,0,0,0,0
1985-12-04 21:00:00,3.1454,3.1454,0,0,0,0,0,0
1985-12-04 22:00:00,3.6086,3.6086,0,0,0,0,0,0
1985-12-04 23:00:00,3.2522,3.2522,0,0,0,0,0,0
1985-12-05 00:00:00,3.0446,3.0446,0,0,0,0,0,0
1985-12-05 01:00:00,3.0508,3.0508,0,0,0,0,0,0
1985-12-05 02:00:00,2.9897,2.9897,0,0,0,0,0,0
1985-12-05 03:00:00,2.9658,2.9658,0,0,0,0,0,0
1985-12-05 04:00:00,3.0497,3.0497,0,0,0,0,0,0
1985-12-05 05:00:00,3.204,3.204,0,0,0,0,0,0
1985-12-05 06:00:00,3.2131,3.2131,0,0,0,0,0,0
1985-12-05 07:00:00,3.424,3.424,0,0,0,0,0,0
1985-12-05 08:00:00,3.7163,3.7163,0,0,0,0,0,0
1985-12-05 09:00:00,3.8941,3.8941,0,0,0,0,0,0
1985-12-05 10:00:00,4.5568,4.5568,0,0,0,0,0,0
1985-12-05 11:00:00,4.6366,4.6366,0,0,0,0,0,0
1985-12-05 12:00:00,4.6849,4.6849,0,0,0,0,0,0
1985-12-05 13:00:00,5.68,5.68,0,0,0,0,0,0
1985-12-05 14:00:00,7.0128,7.0128,0,0,0,0,0,0
1985-12-05 15:00:00,7.3749,7.3749,0,0,0,0,0,0
1985-12-05 16:00:00,7.6928,7.6928,0,0,0,0,0,0
1985-12-05 17:00:00,8.1358,8.1358,0,0,0,0,0,0
1985-12-05 18:00:00,8.5385,8.5385,0,0,0,0,0,0
1985-12-05 19:00:00,9.3437,9.3437,0,0,0,0,0,0
1985-12-05 20:00:00,9.4434,9.4434,0,0,0,0,0,0
1985-12-05 21:00:00,9.5255,9.5255,0,0,0,0,0,0
1985-12-05 22:00:00,11.0343,11.0343,0,0,0,0,0,0
1985-12-05 23:00:00,12.0149,12.0149,0,0,0,0,0,0
1985-12-06 00:00:00,12.9423,12.9423,0,0,0,0,0,0
1985-12-06 01:00:00,13.5109,13.5109,0,0,0,0,0,0
1985-12-06 02:00:00,13.7178,13.7178,0,0,0,0,0,0
1985-12-06 03:00:00,13.7885,13.7885,0,0,0,0,0,0
1985-12-06 04:00:00,14.0523,14.0523,0,0,0,0,0,0
1985-12-06 05:00:00,14.0045,14.0045,0,0,0,0,0,0
1985-12-06 06:00:00,13.4755,13.4755,0,0,0,0,0,0
1985-12-06 07:00:00,13.0791,13.0791,0,0,0,0,0,0
1985-12-06 08:00:00,13.3288,13.3288,0,0,0,0,0,0
1985-12-06 09:00:00,13.9696,13.9696,0,0,0,0,0,0
1985-12-06 10:00:00,14.1841,14.1841,0,0,0,0,0,0
1985-12-06 11:00:00,13.5803,13.5803,0,0,0,0,0,0
1985-12-06 12:00:00,13.3917,13.3917,0,0,0,0,0,0
1985-12-06 13:00:00,13.6866,13.6866,0,0,0,0,0,0
1985-12-06 14:00:00,13.8868,13.8868,0,0,0,0,0,0
1985-12-06 15:00:00,13.5882,13.5882,0,0,0,0,0,0
1985-12-06 16:00:00,13.0967,13.0967,0,0,0,0,0,0
1985-12-06 17:00:00,12.6767,12.6767,0,0,0,0,0,0
1985-12-06 18:00:00,12.2808,12.2808,0,0,0,0,0,0
1985-12-06 19:00:00,12.0347,12.0347,0,0,0,0,0,0
1985-12-06 20:00:00,11.8567,11.8567,0,0,0,0,0,0
1985-12-06 21:00:00,11.7545,11.7545,0,0,0,0,0,0
1985-12-06 22:00:00,10.6354,10.6354,0,0,0,0,0,0
1985-12-06 23:00:00,9.8801,9.8801,0,0,0,0,0,0
1985-12-07 00:00:00,9.8244,9.8244,0,0,0,0,0,0
1985-12-07 01:00:00,10.0577,10.0577,0,0,0,0,0,0
1985-12-07 02:00:00,10.215,10.215,0,0,0,0,0,0
1985-12-07 03:00:00,9.9028,9.9028,0,0,0,0,0,0
1985-12-07 04:00:00,9.4038,9.4038,0,0,0,0,0,0
1985-12-07 05:00:00,9.0511,9.0511,0,0,0,0,0,0
1985-12-07 06:00:00,8.8884,8.8884,0,0,0,0,0,0
1985-12-07 07:00:00,8.6853,8.6853,0,0,0,0,0,0
1985-12-07 08:00:00,8.4813,8.4813,0,0,0,0,0,0
1985-12-07 09:00:00,8.1474,8.1474,0,0,0,0,0,0
1985-12-07 10:00:00,7.5888,7.5888,0,0,0,0,0,0
1985-12-07 11:00:00,7.1685,7.1685,0,0,0,0,0,0
1985-12-07 12:00:00,6.5737,6.5737,0,0,0,0,0,0
1985-12-07 13:00:00,5.6369,5.6369,0,0,0,0,0,0
1985-12-07 14:00:00,4.8533,4.8533,0,0,0,0,0,0
1985-12-07 15:00:00,3.9922,3.9922,0,0,0,0,0,0
1985-12-07 16:00:00,3.2828,3.2828,0,0,0,0,0,0
1985-12-07 17:00:00,2.8392,2.8392,0,0,0,0,0,0
1985-12-07 18:00:00,2.514,2.514,0,0,0,0,0,0
1985-12-07 19:00:00,2.4117,2.4117,0,0,0,0,0,0
1985-12-07 20:00:00,2.3749,2.3749,0,0,0,0,0,0
1985-12-07 21:00:00,2.484,2.484,0,0,0,0,0,0
1985-12-07 22:00:00,3.4658,3.4658,0,0,0,0,0,0
1985-12-07 23:00:00,3.1088,3.1088,0,0,0,0,0,0
1985-12-08 00:00:00,2.9118,2.9118,0,0,0,0,0,0
1985-12-08 01:00:00,2.8758,2.8758,0,0,0,0,0,0
1985-12-08 02:00:00,3.0641,3.0641,0,0,0,0,0,0
1985-12-08 03:00:00,3.3821,3.3821,0,0,0,0,0,0
1985-12-08 04:00:00,3.6322,3.6322,0,0,0,0,0,0
1985-12-08 05:00:00,3.8489,3.8489,0,0,0,0,0,0
1985-12-08 06:00:00,3.8861,3.8861,0,0,0,0,0,0
1985-12-08 07:00:00,4.0418,4.0418,0,0,0,0,0,0
1985-12-08 08:00:00,4.2972,4.2972,0,0,0,0,0,0
1985-12-08 09:00:00,4.7377,4.7377,0,0,0,0,0,0
1985-12-08 10:00:00,5.2107,5.2107,0,0,0,0,0,0
1985-12-08 11:00:00,5.4477,5.4477,0,0,0,0,0,0
1985-12-08 12:00:00,5.4444,5.4444,0,0,0,0,0,0
1985-12-08 13:00:00,5.4579,5.4579,0,0,0,0,0,0
1985-12-08 14:00:00,5.6841,5.6841,0,0,0,0,0,0
1985-12-08 15:00:00,6.4124,6.4124,0,0,0,0,0,0
1985-12-08 16:00:00,6.9568,6.9568,0,0,0,0,0,0
1985-12-08 17:00:00,7.2483,7.2483,0,0,0,0,0,0
1985-12-08 18:00:00,7.3778,7.3778,0,0,0,0,0,0
1985-12-08 19:00:00,7.1544,7.1544,0,0,0,0,0,0
1985-12-08 20:00:00,7.0867,7.0867,0,0,0,0,0,0
1985-12-08 21:00:00,7.4555,7.4555,0,0,0,0,0,0
1985-12-08 22:00:00,7.0141,7.0141,0,0,0,0,0,0
1985-12-08 23:00:00,7.2052,7.2052,0,0,0,0,0,0
1985-12-09 00:00:00,7.3953,7.3953,0,0,0,0,0,0
1985-12-09 01:00:00,7.7647,7.7647,0,0,0,0,0,0
1985-12-09 02:00:00,7.9261,7.9261,0,0,0,0,0,0
1985-12-09 03:00:00,7.5062,7.5062,0,0,0,0,0,0
1985-12-09 04:00:00,7.1976,7.1976,0,0,0,0,0,0
1985-12-09 05:00:00,7.0044,7.0044,0,0,0,0,0,0
1985-12-09 06:00:00,6.9713,6.9713,0,0,0,0,0,0
1985-12-09 07:00:00,7.1765,7.1765,0,0,0,0,0,0
1985-12-09 08:00:00,7.2614,7.2614,0,0,0,0,0,0
1985-12-09 09:00:00,7.3478,7.3478,0,0,0,0,0,0
1985-12-09 10:00:00,6.8879,6.8879,0,0,0,0,0,0
1985-12-09 11:00:00,6.9558,6.9558,0,0,0,0,0,0
1985-12-09 12:00:00,6.7756,6.7756,0,0,0,0,0,0
1985-12-09 13:00:00,6.4927,6.4927,0,0,0,0,0,0
1985-12-09 14:00:00,6.0221,6.0221,0,0,0,0,0,0
1985-12-09 15:00:00,5.8239,5.8239,0,0,0,0,0,0
1985-12-09 16:00:00,5.7784,5.7784,0,0,0,0,0,0
1985-12-09 17:00:00,6.0531,6.0531,0,0,0,0,0,0
1985-12-09 18:00:00,6.4348,6.4348,0,0,0,0,0,0
1985-12-09 19:00:00,6.3779,6.3779,0,0,0,0,0,0
1985-12-09 20:00:00,6.3771,6.3771,0,0,0,0,0,0
1985-12-09 21:00:00,6.51,6.51,0,0,0,0,0,0
1985-12-09 22:00:00,5.6483,5.6483,0,0,0,0,0,0
1985-12-09 23:00:00,5.9807,5.9807,0,0,0,0,0,0
1985-12-10 00:00:00,6.0309,6.0309,0,0,0,0,0,0
1985-12-10 01:00:00,5.8012,5.8012,0,0,0,0,0,0
1985-12-10 02:00:00,5.4408,5.4408,0,0,0,0,0,0
1985-12-10 03:00:00,4.885,4.885,0,0,0,0,0,0
1985-12-10 04:00:00,4.4081,4.4081,0,0,0,0,0,0
1985-12-10 05:00:00,4.5136,4.5136,0,0,0,0,0,0
1985-12-10 06:00:00,4.8382,4.8382,0,0,0,0,0,0
1985-12-10 07:00:00,5.4101,5.4101,0,0,0,0,0,0
1985-12-10 08:00:00,6.1822,6.1822,0,0,0,0,0,0
1985-12-10 09:00:00,6.7823,6.7823,0,0,0,0,0,0
1985-12-10 10:00:00,6.5104,6.5104,0,0,0,0,0,0
1985-12-10 11:00:00,7.1144,7.1144,0,0,0,0,0,0
1985-12-10 12:00:00,7.4524,7.4524,0,0,0,0,0,0
1985-12-10 13:00:00,7.8391,7.8391,0,0,0,0,0,0
1985-12-10 14:00:00,8.2338,8.2338,0,0,0,0,0,0
1985-12-10 15:00:00,8.9177,8.9177,0,0,0,0,0,0
1985-12-10 16:00:00,9.6445,9.6445,0,0,0,0,0,0
1985-12-10 17:00:00,10.3745,10.3745,0,0,0,0,0,0
1985-12-10 18:00:00,10.7829,10.7829,0,0,0,0,0,0
1985-12-10 19:00:00,11.0843,11.0843,0,0,0,0,0,0
1985-12-10 20:00:00,11.4145,11.4145,0,0,0,0,0,0
1985-12-10 21:00:00,11.9088,11.9088,0,0,0,0,0,0
1985-12-10 22:00:00,12.4194,12.4194,0,0,0,0,0,0
1985-12-10 23:00:00,13.2635,13.2635,0,0,0,0,0,0
1985-12-11 00:00:00,13.5515,13.5515,0,0,0,0,0,0
1985-12-11 01:00:00,13.5617,13.5617,0,0,0,0,0,0
1985-12-11 02:00:00,13.2095,13.2095,0,0,0,0,0,0
1985-12-11 03:00:00,13.4282,13.4282,0,0,0,0,0,0
1985-12-11 04:00:00,12.9666,12.9666,0,0,0,0,0,0
1985-12-11 05:00:00,12.7002,12.7002,0,0,0,0,0,0
1985-12-11 06:00:00,12.3571,12.3571,0,0,0,0,0,0
1985-12-11 07:00:00,12.8159,12.8159,0,0,0,0,0,0
1985-12-11 08:00:00,12.8486,12.8486,0,0,0,0,0,0
1985-12-11 09:00:00,13.6032,13.6032,0,0,0,0,0,0
1985-12-11 10:00:00,13.5,13.5,0,0,0,0,0,0
1985-12-11 11:00:00,14.2975,14.2975,0,0,0,0,0,0
1985-12-11 12:00:00,15.0483,15.0483,0,0,0,0,0,0
1985-12-11 13:00:00,15.4667,15.4667,0,0,0,0,0,0
1985-12-11 14:00:00,15.6196,15.6196,0,0,0,0,0,0
1985-12-11 15:00:00,15.8732,15.8732,0,0,0,0,0,0
1985-12-11 16:00:00,15.4089,15.4089,0,0,0,0,0,0
1985-12-11 17:00:00,14.9846,14.9846,0,0,0,0,0,0
1985-12-11 18:00:00,15.6315,15.6315,0,0,0,0,0,0
1985-12-11 19:00:00,16.2265,16.2265,0,0,0,0,0,0
1985-12-11 20:00:00,16.5054,16.5054,0,0,0,0,0,0
1985-12-11 21:00:00,16.1137,16.1137,0,0,0,0,0,0
1985-12-11 22:00:00,16.4245,16.4245,0,0,0,0,0,0
1985-12-11 23:00:00,17.0082,17.0082,0,0,0,0,0,0
1985-12-12 00:00:00,17.6841,17.6841,0,0,0,0,0,0
1985-12-12 01:00:00,18.8771,18.8771,0,0,0,0,0,0
1985-12-12 02:00:00,19.9196,19.9196,0,0,0,0,0,0
1985-12-12 03:00:00,19.9762,19.9762,0,0,0,0,0,0
1985-12-12 04:00:00,19.8818,19.8818,0,0,0,0,0,0
1985-12-12 05:00:00,19.912,19.912,0,0,0,0,0,0
1985-12-12 06:00:00,19.9424,19.9424,0,0,0,0,0,0
1985-12-12 07:00:00,18.6057,18.6057,0,0,0,0,0,0
1985-12-12 08:00:00,16.9614,16.9614,0,0,0,0,0,0
1985-12-12 09:00:00,15.6745,15.6745,0,0,0,0,0,0
1985-12-12 10:00:00,15.3909,15.3909,0,0,0,0,0,0
1985-12-12 11:00:00,14.5503,14.5503,0,0,0,0,0,0
1985-12-12 12:00:00,13.1663,13.1663,0,0,0,0,0,0
1985-12-12 13:00:00,12.3462,12.3462,0,0,0,0,0,0
1985-12-12 14:00:00,10.9502,10.9502,0,0,0,0,0,0
1985-12-12 15:00:00,10.3271,10.3271,0,0,0,0,0,0
1985-12-12 16:00:00,9.4223,9.4223,0,0,0,0,0,0
1985-12-12 17:00:00,9.7168,9.7168,0,0,0,0,0,0
1985-12-12 18:00:00,12.0056,12.0056,0,0,0,0,0,0
1985-12-12 19:00:00,14.5335,14.5335,0,0,0,0,0,0
1985-12-12 20:00:00,16.4061,16.4061,0,0,0,0,0,0
1985-12-12 21:00:00,18.7591,18.7591,0,0,0,0,0,0
1985-12-12 22:00:00,20.3329,20.3329,0,0,0,0,0,0
1985-12-12 23:00:00,20.914,20.914,0,0,0,0,0,0
1985-12-13 00:00:00,20.6695,20.6695,0,0,0,0,0,0
1985-12-13 01:00:00,22.0661,22.0661,0,0,0,0,0,0
1985-12-13 02:00:00,22.6638,22.6638,0,0,0,0,0,0
1985-12-13 03:00:00,20.9882,20.9882,0,0,0,0,0,0
1985-12-13 04:00:00,20.9387,20.9387,0,0,0,0,0,0
1985-12-13 05:00:00,21.0801,21.0801,0,0,0,0,0,0
1985-12-13 06:00:00,21.746,21.746,0,0,0,0,0,0
1985-12-13 07:00:00,23.7407,23.7407,0,0,0,0,0,0
1985-12-13 08:00:00,24.866,24.866,0,0,0,0,0,0
1985-12-13 09:00:00,24.0989,24.0989,0,0,0,0,0,0
1985-12-13 10:00:00,23.3568,23.3568,0,0,0,0,0,0
1985-12-13 11:00:00,21.9649,21.9649,0,0,0,0,0,0
1985-12-13 12:00:00,22.7283,22.7283,0,0,0,0,0,0
1985-12-13 13:00:00,23.6996,23.6996,0,0,0,0,0,0
1985-12-13 14:00:00,22.8737,22.8737,0,0,0,0,0,0
1985-12-13 15:00:00,21.3996,21.3996,0,0,0,0,0,0
1985-12-13 16:00:00,19.6435,19.6435,0,0,0,0,0,0
1985-12-13 17:00:00,17.9687,17.9687,0,0,0,0,0,0
1985-12-13 18:00:00,16.1159,16.1159,0,0,0,0,0,0
1985-12-13 19:00:00,14.0942,14.0942,0,0,0,0,0,0
1985-12-13 20:00:00,12.0092,12.0092,0,0,0,0,0,0
1985-12-13 21:00:00,9.5658,9.5658,0,0,0,0,0,0
1985-12-13 22:00:00,6.7104,6.7104,0,0,0,0,0,0
1985-12-13 23:00:00,5.2935,5.2935,0,0,0,0,0,0
1985-12-14 00:00:00,3.5939,3.5939,0,0,0,0,0,0
1985-12-14 01:00:00,1.7818,1.7818,0,0,0,0,0,0
1985-12-14 02:00:00,1.199,1.199,0,0,0,0,0,0
1985-12-14 03:00:00,3.2777,3.2777,0,0,0,0,0,0
1985-12-14 04:00:00,5.0833,5.0833,0,0,0,0,0,0
1985-12-14 05:00:00,6.7259,6.7259,0,0,0,0,0,0
1985-12-14 06:00:00,8.2915,8.2915,0,0,0,0,0,0
1985-12-14 07:00:00,9.2805,9.2805,0,0,0,0,0,0
1985-12-14 08:00:00,9.984,9.984,0,0,0,0,0,0
1985-12-14 09:00:00,10.2171,10.2171,0,0,0,0,0,0
1985-12-14 10:00:00,9.0998,9.0998,0,0,0,0,0,0
1985-12-14 11:00:00,9.3119,9.3119,0,0,0,0,0,0
1985-12-14 12:00:00,8.9725,8.9725,0,0,0,0,0,0
1985-12-14 13:00:00,7.2437,7.2437,0,0,0,0,0,0
1985-12-14 14:00:00,5.58,5.58,0,0,0,0,0,0
1985-12-14 15:00:00,4.9268,4.9268,0,0,0,0,0,0
1985-12-14 16:00:00,4.9651,4.9651,0,0,0,0,0,0
1985-12-14 17:00:00,5.1735,5.1735,0,0,0,0,0,0
1985-12-14 18:00:00,5.8687,5.8687,0,0,0,0,0,0
1985-12-14 19:00:00,6.8604,6.8604,0,0,0,0,0,0
1985-12-14 20:00:00,7.6718,7.6718,0,0,0,0,0,0
1985-12-14 21:00:00,8.2391,8.2391,0,0,0,0,0,0
1985-12-14 22:00:00,9.0092,9.0092,0,0,0,0,0,0
1985-12-14 23:00:00,10.2898,10.2898,0,0,0,0,0,0
1985-12-15 00:00:00,13.1751,13.1751,0,0,0,0,0,0
1985-12-15 01:00:00,15.7487,15.7487,0,0,0,0,0,0
1985-12-15 02:00:00,18.0405,18.0405,0,0,0,0,0,0
1985-12-15 03:00:00,17.4133,17.4133,0,0,0,0,0,0
1985-12-15 04:00:00,12.8586,12.8586,0,0,0,0,0,0
1985-12-15 05:00:00,9.6108,9.6108,0,0,0,0,0,0
1985-12-15 06:00:00,11.0143,11.0143,0,0,0,0,0,0
1985-12-15 07:00:00,14.0809,14.0809,0,0,0,0,0,0
1985-12-15 08:00:00,15.3224,15.3224,0,0,0,0,0,0
1985-12-15 09:00:00,15.2326,15.2326,0,0,0,0,0,0
1985-12-15 10:00:00,14.9602,14.9602,0,0,0,0,0,0
1985-12-15 11:00:00,13.6637,13.6637,0,0,0,0,0,0
1985-12-15 12:00:00,11.9233,11.9233,0,0,0,0,0,0
1985-12-15 13:00:00,10.6626,10.6626,0,0,0,0,0,0
1985-12-15 14:00:00,9.3415,9.3415,0,0,0,0,0,0
1985-12-15 15:00:00,7.654,7.654,0,0,0,0,0,0
1985-12-15 16:00:00,6.6595,6.6595,0,0,0,0,0,0
1985-12-15 17:00:00,6.2471,6.2471,0,0,0,0,0,0
1985-12-15 18:00:00,6.528,6.528,0,0,0,0,0,0
1985-12-15 19:00:00,7.3451,7.3451,0,0,0,0,0,0
1985-12-15 20:00:00,7.6806,7.6806,0,0,0,0,0,0
1985-12-15 21:00:00,6.9198,6.9198,0,0,0,0,0,0
1985-12-15 22:00:00,5.2261,5.2261,0,0,0,0,0,0
1985-12-15 23:00:00,4.5643,4.5643,0,0,0,0,0,0
1985-12-16 00:00:00,3.7898,3.7898,0,0,0,0,0,0
1985-12-16 01:00:00,3.474,3.474,0,0,0,0,0,0
1985-12-16 02:00:00,3.2418,3.2418,0,0,0,0,0,0
1985-12-16 03:00:00,1.679,1.679,0,0,0,0,0,0
1985-12-16 04:00:00,1.2886,1.2886,0,0,0,0,0,0
1985-12-16 05:00:00,3.3895,3.3895,0,0,0,0,0,0
1985-12-16 06:00:00,6.4995,6.4995,0,0,0,0,0,0
1985-12-16 07:00:00,9.4606,9.4606,0,0,0,0,0,0
1985-12-16 08:00:00,10.3564,10.3564,0,0,0,0,0,0
1985-12-16 09:00:00,10.9018,10.9018,0,0,0,0,0,0
1985-12-16 10:00:00,12.7052,12.7052,0,0,0,0,0,0
1985-12-16 11:00:00,16.2063,16.2063,0,0,0,0,0,0
1985-12-16 12:00:00,19.0458,19.0458,0,0,0,0,0,0
1985-12-16 13:00:00,14.7316,14.7316,0,0,0,0,0,0
1985-12-16 14:00:00,14.514,14.514,0,0,0,0,0,0
1985-12-16 15:00:00,17.9667,17.9667,0,0,0,0,0,0
1985-12-16 16:00:00,15.5146,15.5146,0,0,0,0,0,0
1985-12-16 17:00:00,14.7369,14.7369,0,0,0,0,0,0
1985-12-16 18:00:00,15.1946,15.1946,0,0,0,0,0,0
1985-12-16 19:00:00,15.0471,15.0471,0,0,0,0,0,0
1985-12-16 20:00:00,14.6168,14.6168,0,0,0,0,0,0
1985-12-16 21:00:00,14.4031,14.4031,0,0,0,0,0,0
1985-12-16 22:00:00,14.5295,14.5295,0,0,0,0,0,0
1985-12-16 23:00:00,14.5327,14.5327,0,0,0,0,0,0
1985-12-17 00:00:00,14.228,14.228,0,0,0,0,0,0
1985-12-17 01:00:00,13.5362,13.5362,0,0,0,0,0,0
1985-12-17 02:00:00,13.245,13.245,0,0,0,0,0,0
1985-12-17 03:00:00,13.1278,13.1278,0,0,0,0,0,0
1985-12-17 04:00:00,13.2041,13.2041,0,0,0,0,0,0
1985-12-17 05:00:00,12.8622,12.8622,0,0,0,0,0,0
1985-12-17 06:00:00,11.6106,11.6106,0,0,0,0,0,0
1985-12-17 07:00:00,9.6913,9.6913,0,0,0,0,0,0
1985-12-17 08:00:00,7.6694,7.6694,0,0,0,0,0,0
1985-12-17 09:00:00,6.0667,6.0667,0,0,0,0,0,0
1985-12-17 10:00:00,4.6057,4.6057,0,0,0,0,0,0
1985-12-17 11:00:00,3.1948,3.1948,0,0,0,0,0,0
1985-12-17 12:00:00,3.0445,3.0445,0,0,0,0,0,0
1985-12-17 13:00:00,3.4848,3.4848,0,0,0,0,0,0
1985-12-17 14:00:00,4.0035,4.0035,0,0,0,0,0,0
1985-12-17 15:00:00,4.9046,4.9046,0,0,0,0,0,0
1985-12-17 16:00:00,6.2319,6.2319,0,0,0,0,0,0
1985-12-17 17:00:00,7.5871,7.5871,0,0,0,0,0,0
1985-12-17 18:00:00,9.0459,9.0459,0,0,0,0,0,0
1985-12-17 19:00:00,10.2136,10.2136,0,0,0,0,0,0
1985-12-17 20:00:00,11.7591,11.7591,0,0,0,0,0,0
1985-12-17 21:00:00,13.4147,13.4147,0,0,0,0,0,0
1985-12-17 22:00:00,13.8353,13.8353,0,0,0,0,0,0
1985-12-17 23:00:00,14.3879,14.3879,0,0,0,0,0,0
1985-12-18 00:00:00,15.1538,15.1538,0,0,0,0,0,0
1985-12-18 01:00:00,15.3121,15.3121,0,0,0,0,0,0
1985-12-18 02:00:00,15.7642,15.7642,0,0,0,0,0,0
1985-12-18 03:00:00,16.0431,16.0431,0,0,0,0,0,0
1985-12-18 04:00:00,16.0681,16.0681,0,0,0,0,0,0
1985-12-18 05:00:00,15.8983,15.8983,0,0,0,0,0,0
1985-12-18 06:00:00,15.8223,15.8223,0,0,0,0,0,0
1985-12-18 07:00:00,15.729,15.729,0,0,0,0,0,0
1985-12-18 08:00:00,15.796,15.796,0,0,0,0,0,0
1985-12-18 09:00:00,15.8989,15.8989,0,0,0,0,0,0
1985-12-18 10:00:00,14.9974,14.9974,0,0,0,0,0,0
1985-12-18 11:00:00,16.1699,16.1699,0,0,0,0,0,0
1985-12-18 12:00:00,16.6616,16.6616,0,0,0,0,0,0
1985-12-18 13:00:00,16.9992,16.9992,0,0,0,0,0,0
1985-12-18 14:00:00,17.3636,17.3636,0,0,0,0,0,0
1985-12-18 15:00:00,18.5503,18.5503,0,0,0,0,0,0
1985-12-18 16:00:00,13.9157,13.9157,0,0,0,0,0,0
1985-12-18 17:00:00,10.5821,10.5821,0,0,0,0,0,0
1985-12-18 18:00:00,12.2739,12.2739,0,0,0,0,0,0
1985-12-18 19:00:00,12.3998,12.3998,0,0,0,0,0,0
1985-12-18 20:00:00,12.4137,12.4137,0,0,0,0,0,0
1985-12-18 21:00:00,12.2292,12.2292,0,0,0,0,0,0
1985-12-18 22:00:00,13.5312,13.5312,0,0,0,0,0,0
1985-12-18 23:00:00,13.396,13.396,0,0,0,0,0,0
1985-12-19 00:00:00,12.6475,12.6475,0,0,0,0,0,0
1985-12-19 01:00:00,11.7508,11.7508,0,0,0,0,0,0
1985-12-19 02:00:00,10.7006,10.7006,0,0,0,0,0,0
1985-12-19 03:00:00,9.6107,9.6107,0,0,0,0,0,0
1985-12-19 04:00:00,8.5837,8.5837,0,0,0,0,0,0
1985-12-19 05:00:00,7.902,7.902,0,0,0,0,0,0
1985-12-19 06:00:00,7.4407,7.4407,0,0,0,0,0,0
1985-12-19 07:00:00,7.3454,7.3454,0,0,0,0,0,0
1985-12-19 08:00:00,7.4864,7.4864,0,0,0,0,0,0
1985-12-19 09:00:00,7.436,7.436,0,0,0,0,0,0
1985-12-19 10:00:00,6.2106,6.2106,0,0,0,0,0,0
1985-12-19 11:00:00,5.5298,5.5298,0,0,0,0,0,0
1985-12-19 12:00:00,4.532,4.532,0,0,0,0,0,0
1985-12-19 13:00:00,3.203,3.203,0,0,0,0,0,0
1985-12-19 14:00:00,2.0479,2.0479,0,0,0,0,0,0
1985-12-19 15:00:00,1.6235,1.6235,0,0,0,0,0,0
1985-12-19 16:00:00,1.7573,1.7573,0,0,0,0,0,0
1985-12-19 17:00:00,2.338,2.338,0,0,0,0,0,0
1985-12-19 18:00:00,2.7263,2.7263,0,0,0,0,0,0
1985-12-19 19:00:00,2.7994,2.7994,0,0,0,0,0,0
1985-12-19 20:00:00,3.0704,3.0704,0,0,0,0,0,0
1985-12-19 21:00:00,4.0986,4.0986,0,0,0,0,0,0
1985-12-19 22:00:00,4.5459,4.5459,0,0,0,0,0,0
1985-12-19 23:00:00,4.3992,4.3992,0,0,0,0,0,0
1985-12-20 00:00:00,3.8139,3.8139,0,0,0,0,0,0
1985-12-20 01:00:00,3.1144,3.1144,0,0,0,0,0,0
1985-12-20 02:00:00,3.6251,3.6251,0,0,0,0,0,0
1985-12-20 03:00:00,5.3489,5.3489,0,0,0,0,0,0
1985-12-20 04:00:00,8.8579,8.8579,0,0,0,0,0,0
1985-12-20 05:00:00,11.152,11.152,0,0,0,0,0,0
1985-12-20 06:00:00,11.9658,11.9658,0,0,0,0,0,0
1985-12-20 07:00:00,12.0143,12.0143,0,0,0,0,0,0
1985-12-20 08:00:00,11.6434,11.6434,0,0,0,0,0,0
1985-12-20 09:00:00,12.9389,12.9389,0,0,0,0,0,0
1985-12-20 10:00:00,13.148,13.148,0,0,0,0,0,0
1985-12-20 11:00:00,14.098,14.098,0,0,0,0,0,0
1985-12-20 12:00:00,11.6877,11.6877,0,0,0,0,0,0
1985-12-20 13:00:00,13.0564,13.0564,0,0,0,0,0,0
1985-12-20 14:00:00,14.5578,14.5578,0,0,0,0,0,0
1985-12-20 15:00:00,13.2858,13.2858,0,0,0,0,0,0
1985-12-20 16:00:00,12.1562,12.1562,0,0,0,0,0,0
1985-12-20 17:00:00,11.4477,11.4477,0,0,0,0,0,0
1985-12-20 18:00:00,12.7875,12.7875,0,0,0,0,0,0
1985-12-20 19:00:00,13.0571,13.0571,0,0,0,0,0,0
1985-12-20 20:00:00,14.1504,14.1504,0,0,0,0,0,0
1985-12-20 21:00:00,14.9073,14.9073,0,0,0,0,0,0
1985-12-20 22:00:00,17.81,17.81,0,0,0,0,0,0
1985-12-20 23:00:00,18.5389,18.5389,0,0,0,0,0,0
1985-12-21 00:00:00,17.2055,17.2055,0,0,0,0,0,0
1985-12-21 01:00:00,14.3511,14.3511,0,0,0,0,0,0
1985-12-21 02:00:00,13.9034,13.9034,0,0,0,0,0,0
1985-12-21 03:00:00,13.8437,13.8437,0,0,0,0,0,0
1985-12-21 04:00:00,13.8949,13.8949,0,0,0,0,0,0
1985-12-21 05:00:00,13.401,13.401,0,0,0,0,0,0
1985-12-21 06:00:00,11.3756,11.3756,0,0,0,0,0,0
1985-12-21 07:00:00,11.0869,11.0869,0,0,0,0,0,0
1985-12-21 08:00:00,13.4782,13.4782,0,0,0,0,0,0
1985-12-21 09:00:00,16.1185,16.1185,0,0,0,0,0,0
1985-12-21 10:00:00,18.1059,18.1059,0,0,0,0,0,0
1985-12-21 11:00:00,17.7818,17.7818,0,0,0,0,0,0
1985-12-21 12:00:00,16.9896,16.9896,0,0,0,0,0,0
1985-12-21 13:00:00,16.9535,16.9535,0,0,0,0,0,0
1985-12-21 14:00:00,16.7135,16.7135,0,0,0,0,0,0
1985-12-21 15:00:00,17.1024,17.1024,0,0,0,0,0,0
1985-12-21 16:00:00,17.5657,17.5657,0,0,0,0,0,0
1985-12-21 17:00:00,16.8246,16.8246,0,0,0,0,0,0
1985-12-21 18:00:00,15.6488,15.6488,0,0,0,0,0,0
1985-12-21 19:00:00,16.1827,16.1827,0,0,0,0,0,0
1985-12-21 20:00:00,17.2969,17.2969,0,0,0,0,0,0
1985-12-21 21:00:00,17.1067,17.1067,0,0,0,0,0,0
1985-12-21 22:00:00,17.0602,17.0602,0,0,0,0,0,0
1985-12-21 23:00:00,16.0519,16.0519,0,0,0,0,0,0
1985-12-22 00:00:00,15.4776,15.4776,0,0,0,0,0,0
1985-12-22 01:00:00,15.45,15.45,0,0,0,0,0,0
1985-12-22 02:00:00,14.4817,14.4817,0,0,0,0,0,0
1985-12-22 03:00:00,13.2586,13.2586,0,0,0,0,0,0
1985-12-22 04:00:00,12.4888,12.4888,0,0,0,0,0,0
1985-12-22 05:00:00,11.2085,11.2085,0,0,0,0,0,0
1985-12-22 06:00:00,10.3318,10.3318,0,0,0,0,0,0
1985-12-22 07:00:00,10.1197,10.1197,0,0,0,0,0,0
1985-12-22 08:00:00,9.8107,9.8107,0,0,0,0,0,0
1985-12-22 09:00:00,9.841,9.841,0,0,0,0,0,0
1985-12-22 10:00:00,9.6562,9.6562,0,0,0,0,0,0
1985-12-22 11:00:00,9.7967,9.7967,0,0,0,0,0,0
1985-12-22 12:00:00,10.1293,10.1293,0,0,0,0,0,0
1985-12-22 13:00:00,10.041,10.041,0,0,0,0,0,0
1985-12-22 14:00:00,10.1448,10.1448,0,0,0,0,0,0
1985-12-22 15:00:00,9.6636,9.6636,0,0,0,0,0,0
1985-12-22 16:00:00,9.3563,9.3563,0,0,0,0,0,0
1985-12-22 17:00:00,9.2776,9.2776,0,0,0,0,0,0
1985-12-22 18:00:00,8.6817,8.6817,0,0,0,0,0,0
1985-12-22 19:00:00,8.6228,8.6228,0,0,0,0,0,0
1985-12-22 20:00:00,8.5669,8.5669,0,0,0,0,0,0
1985-12-22 21:00:00,8.179,8.179,0,0,0,0,0,0
1985-12-22 22:00:00,9.0911,9.0911,0,0,0,0,0,0
1985-12-22 23:00:00,9.8183,9.8183,0,0,0,0,0,0
1985-12-23 00:00:00,10.0727,10.0727,0,0,0,0,0,0
1985-12-23 01:00:00,10.418,10.418,0,0,0,0,0,0
1985-12-23 02:00:00,11.083,11.083,0,0,0,0,0,0
1985-12-23 03:00:00,11.3099,11.3099,0,0,0,0,0,0
1985-12-23 04:00:00,11.4601,11.4601,0,0,0,0,0,0
1985-12-23 05:00:00,11.7652,11.7652,0,0,0,0,0,0
1985-12-23 06:00:00,11.3836,11.3836,0,0,0,0,0,0
1985-12-23 07:00:00,11.3961,11.3961,0,0,0,0,0,0
1985-12-23 08:00:00,11.096,11.096,0,0,0,0,0,0
1985-12-23 09:00:00,11.1563,11.1563,0,0,0,0,0,0
1985-12-23 10:00:00,10.6512,10.6512,0,0,0,0,0,0
1985-12-23 11:00:00,10.5544,10.5544,0,0,0,0,0,0
1985-12-23 12:00:00,10.4716,10.4716,0,0,0,0,0,0
1985-12-23 13:00:00,10.1452,10.1452,0,0,0,0,0,0
1985-12-23 14:00:00,9.8188,9.8188,0,0,0,0,0,0
1985-12-23 15:00:00,9.6675,9.6675,0,0,0,0,0,0
1985-12-23 16:00:00,9.591,9.591,0,0,0,0,0,0
1985-12-23 17:00:00,10.7015,10.7015,0,0,0,0,0,0
1985-12-23 18:00:00,11.1366,11.1366,0,0,0,0,0,0
1985-12-23 19:00:00,10.5286,10.5286,0,0,0,0,0,0
1985-12-23 20:00:00,9.8553,9.8553,0,0,0,0,0,0
1985-12-23 21:00:00,9.718,9.718,0,0,0,0,0,0
1985-12-23 22:00:00,8.7236,8.7236,0,0,0,0,0,0
1985-12-23 23:00:00,7.628,7.628,0,0,0,0,0,0
1985-12-24 00:00:00,6.7962,6.7962,0,0,0,0,0,0
1985-12-24 01:00:00,6.14,6.14,0,0,0,0,0,0
1985-12-24 02:00:00,5.8172,5.8172,0,0,0,0,0,0
1985-12-24 03:00:00,5.9916,5.9916,0,0,0,0,0,0
1985-12-24 04:00:00,6.2585,6.2585,0,0,0,0,0,0
1985-12-24 05:00:00,7.0408,7.0408,0,0,0,0,0,0
1985-12-24 06:00:00,7.7943,7.7943,0,0,0,0,0,0
1985-12-24 07:00:00,8.3737,8.3737,0,0,0,0,0,0
1985-12-24 08:00:00,8.6568,8.6568,0,0,0,0,0,0
1985-12-24 09:00:00,8.9844,8.9844,0,0,0,0,0,0
1985-12-24 10:00:00,7.3732,7.3732,0,0,0,0,0,0
1985-12-24 11:00:00,7.6369,7.6369,0,0,0,0,0,0
1985-12-24 12:00:00,8.5389,8.5389,0,0,0,0,0,0
1985-12-24 13:00:00,8.7517,8.7517,0,0,0,0,0,0
1985-12-24 14:00:00,8.932,8.932,0,0,0,0,0,0
1985-12-24 15:00:00,9.5955,9.5955,0,0,0,0,0,0
1985-12-24 16:00:00,10.469,10.469,0,0,0,0,0,0
1985-12-24 17:00:00,10.3343,10.3343,0,0,0,0,0,0
1985-12-24 18:00:00,9.7526,9.7526,0,0,0,0,0,0
1985-12-24 19:00:00,8.6232,8.6232,0,0,0,0,0,0
1985-12-24 20:00:00,7.5291,7.5291,0,0,0,0,0,0
1985-12-24 21:00:00,6.53,6.53,0,0,0,0,0,0
1985-12-24 22:00:00,4.8809,4.8809,0,0,0,0,0,0
1985-12-24 23:00:00,2.7509,2.7509,0,0,0,0,0,0
1985-12-25 00:00:00,1.0678,1.0678,0,0,0,0,0,0
1985-12-25 01:00:00,0.4736,0.4736,0,0,0,0,0,0
1985-12-25 02:00:00,3.6453,3.6453,0,0,0,0,0,0
1985-12-25 03:00:00,6.6936,6.6936,0,0,0,0,0,0
1985-12-25 04:00:00,8.9963,8.9963,0,0,0,0,0,0
1985-12-25 05:00:00,10.1996,10.1996,0,0,0,0,0,0
1985-12-25 06:00:00,11.0427,11.0427,0,0,0,0,0,0
1985-12-25 07:00:00,12.5712,12.5712,0,0,0,0,0,0
1985-12-25 08:00:00,13.8598,13.8598,0,0,0,0,0,0
1985-12-25 09:00:00,14.4266,14.4266,0,0,0,0,0,0
1985-12-25 10:00:00,14.0966,14.0966,0,0,0,0,0,0
1985-12-25 11:00:00,15.3228,15.3228,0,0,0,0,0,0
1985-12-25 12:00:00,16.9372,16.9372,0,0,0,0,0,0
1985-12-25 13:00:00,18.6039,18.6039,0,0,0,0,0,0
1985-12-25 14:00:00,19.2661,19.2661,0,0,0,0,0,0
1985-12-25 15:00:00,19.3726,19.3726,0,0,0,0,0,0
1985-12-25 16:00:00,19.3395,19.3395,0,0,0,0,0,0
1985-12-25 17:00:00,18.9564,18.9564,0,0,0,0,0,0
1985-12-25 18:00:00,18.2638,18.2638,0,0,0,0,0,0
1985-12-25 19:00:00,17.3601,17.3601,0,0,0,0,0,0
1985-12-25 20:00:00,16.4296,16.4296,0,0,0,0,0,0
1985-12-25 21:00:00,15.3912,15.3912,0,0,0,0,0,0
1985-12-25 22:00:00,14.6385,14.6385,0,0,0,0,0,0
1985-12-25 23:00:00,13.2304,13.2304,0,0,0,0,0,0
1985-12-26 00:00:00,12.4652,12.4652,0,0,0,0,0,0
1985-12-26 01:00:00,11.5697,11.5697,0,0,0,0,0,0
1985-12-26 02:00:00,10.5807,10.5807,0,0,0,0,0,0
1985-12-26 03:00:00,10.4405,10.4405,0,0,0,0,0,0
1985-12-26 04:00:00,10.3636,10.3636,0,0,0,0,0,0
1985-12-26 05:00:00,10.0199,10.0199,0,0,0,0,0,0
1985-12-26 06:00:00,9.5546,9.5546,0,0,0,0,0,0
1985-12-26 07:00:00,9.5848,9.5848,0,0,0,0,0,0
1985-12-26 08:00:00,9.4749,9.4749,0,0,0,0,0,0
1985-12-26 09:00:00,8.5739,8.5739,0,0,0,0,0,0
1985-12-26 10:00:00,7.9537,7.9537,0,0,0,0,0,0
1985-12-26 11:00:00,7.9308,7.9308,0,0,0,0,0,0
1985-12-26 12:00:00,7.98,7.98,0,0,0,0,0,0
1985-12-26 13:00:00,8.0922,8.0922,0,0,0,0,0,0
1985-12-26 14:00:00,7.9108,7.9108,0,0,0,0,0,0
1985-12-26 15:00:00,7.9101,7.9101,0,0,0,0,0,0
1985-12-26 16:00:00,7.9187,7.9187,0,0,0,0,0,0
1985-12-26 17:00:00,7.4672,7.4672,0,0,0,0,0,0
1985-12-26 18:00:00,8.281,8.281,0,0,0,0,0,0
1985-12-26 19:00:00,9.6972,9.6972,0,0,0,0,0,0
1985-12-26 20:00:00,10.8543,10.8543,0,0,0,0,0,0
1985-12-26 21:00:00,11.7048,11.7048,0,0,0,0,0,0
1985-12-26 22:00:00,11.9341,11.9341,0,0,0,0,0,0
1985-12-26 23:00:00,11.9097,11.9097,0,0,0,0,0,0
1985-12-27 00:00:00,11.288,11.288,0,0,0,0,0,0
1985-12-27 01:00:00,10.4437,10.4437,0,0,0,0,0,0
1985-12-27 02:00:00,9.8369,9.8369,0,0,0,0,0,0
1985-12-27 03:00:00,10.0925,10.0925,0,0,0,0,0,0
1985-12-27 04:00:00,10.8738,10.8738,0,0,0,0,0,0
1985-12-27 05:00:00,11.6927,11.6927,0,0,0,0,0,0
1985-12-27 06:00:00,12.2859,12.2859,0,0,0,0,0,0
1985-12-27 07:00:00,12.0101,12.0101,0,0,0,0,0,0
1985-12-27 08:00:00,11.2551,11.2551,0,0,0,0,0,0
1985-12-27 09:00:00,9.8183,9.8183,0,0,0,0,0,0
1985-12-27 10:00:00,10.566,10.566,0,0,0,0,0,0
1985-12-27 11:00:00,11.9154,11.9154,0,0,0,0,0,0
1985-12-27 12:00:00,12.0537,12.0537,0,0,0,0,0,0
1985-12-27 13:00:00,11.4662,11.4662,0,0,0,0,0,0
1985-12-27 14:00:00,10.6014,10.6014,0,0,0,0,0,0
1985-12-27 15:00:00,9.7064,9.7064,0,0,0,0,0,0
1985-12-27 16:00:00,9.2043,9.2043,0,0,0,0,0,0
1985-12-27 17:00:00,9.0555,9.0555,0,0,0,0,0,0
1985-12-27 18:00:00,9.1724,9.1724,0,0,0,0,0,0
1985-12-27 19:00:00,8.7744,8.7744,0,0,0,0,0,0
1985-12-27 20:00:00,8.2724,8.2724,0,0,0,0,0,0
1985-12-27 21:00:00,7.8851,7.8851,0,0,0,0,0,0
1985-12-27 22:00:00,8.1423,8.1423,0,0,0,0,0,0
1985-12-27 23:00:00,8.2332,8.2332,0,0,0,0,0,0
1985-12-28 00:00:00,7.9982,7.9982,0,0,0,0,0,0
1985-12-28 01:00:00,7.4947,7.4947,0,0,0,0,0,0
1985-12-28 02:00:00,7.368,7.368,0,0,0,0,0,0
1985-12-28 03:00:00,7.6993,7.6993,0,0,0,0,0,0
1985-12-28 04:00:00,8.3614,8.3614,0,0,0,0,0,0
1985-12-28 05:00:00,8.3387,8.3387,0,0,0,0,0,0
1985-12-28 06:00:00,8.0638,8.0638,0,0,0,0,0,0
1985-12-28 07:00:00,7.7414,7.7414,0,0,0,0,0,0
1985-12-28 08:00:00,6.6923,6.6923,0,0,0,0,0,0
1985-12-28 09:00:00,5.759,5.759,0,0,0,0,0,0
1985-12-28 10:00:00,5.1567,5.1567,0,0,0,0,0,0
1985-12-28 11:00:00,5.2105,5.2105,0,0,0,0,0,0
1985-12-28 12:00:00,5.5429,5.5429,0,0,0,0,0,0
1985-12-28 13:00:00,5.7263,5.7263,0,0,0,0,0,0
1985-12-28 14:00:00,5.8217,5.8217,0,0,0,0,0,0
1985-12-28 15:00:00,5.3328,5.3328,0,0,0,0,0,0
1985-12-28 16:00:00,4.4682,4.4682,0,0,0,0,0,0
1985-12-28 17:00:00,3.2514,3.2514,0,0,0,0,0,0
1985-12-28 18:00:00,1.7114,1.7114,0,0,0,0,0,0
1985-12-28 19:00:00,0.9435,0.9435,0,0,0,0,0,0
1985-12-28 20:00:00,0.9344,0.9344,0,0,0,0,0,0
1985-12-28 21:00:00,1.5405,1.5405,0,0,0,0,0,0
1985-12-28 22:00:00,2.4374,2.4374,0,0,0,0,0,0
1985-12-28 23:00:00,3.4471,3.4471,0,0,0,0,0,0
1985-12-29 00:00:00,4.2326,4.2326,0,0,0,0,0,0
1985-12-29 01:00:00,4.3427,4.3427,0,0,0,0,0,0
1985-12-29 02:00:00,3.7925,3.7925,0,0,0,0,0,0
1985-12-29 03:00:00,3.0645,3.0645,0,0,0,0,0,0
1985-12-29 04:00:00,2.8005,2.8005,0,0,0,0,0,0
1985-12-29 05:00:00,3.0797,3.0797,0,0,0,0,0,0
1985-12-29 06:00:00,2.8052,2.8052,0,0,0,0,0,0
1985-12-29 07:00:00,1.9605,1.9605,0,0,0,0,0,0
1985-12-29 08:00:00,1.3798,1.3798,0,0,0,0,0,0
1985-12-29 09:00:00,1.2964,1.2964,0,0,0,0,0,0
1985-12-29 10:00:00,1.1823,1.1823,0,0,0,0,0,0
1985-12-29 11:00:00,1.7289,1.7289,0,0,0,0,0,0
1985-12-29 12:00:00,2.0807,2.0807,0,0,0,0,0,0
1985-12-29 13:00:00,1.7419,1.7419,0,0,0,0,0,0
1985-12-29 14:00:00,1.4077,1.4077,0,0,0,0,0,0
1985-12-29 15:00:00,0.9342,0.9342,0,0,0,0,0,0
1985-12-29 16:00:00,0.491,0.491,0,0,0,0,0,0
1985-12-29 17:00:00,1.0077,1.0077,0,0,0,0,0,0
1985-12-29 18:00:00,1.9835,1.9835,0,0,0,0,0,0
1985-12-29 19:00:00,1.8304,1.8304,0,0,0,0,0,0
1985-12-29 20:00:00,1.9838,1.9838,0,0,0,0,0,0
1985-12-29 21:00:00,2.5353,2.5353,0,0,0,0,0,0
1985-12-29 22:00:00,1.806,1.806,0,0,0,0,0,0
1985-12-29 23:00:00,1.5071,1.5071,0,0,0,0,0,0
1985-12-30 00:00:00,1.804,1.804,0,0,0,0,0,0
1985-12-30 01:00:00,2.1461,2.1461,0,0,0,0,0,0
1985-12-30 02:00:00,2.2596,2.2596,0,0,0,0,0,0
1985-12-30 03:00:00,2.308,2.308,0,0,0,0,0,0
1985-12-30 04:00:00,2.0196,2.0196,0,0,0,0,0,0
1985-12-30 05:00:00,1.5578,1.5578,0,0,0,0,0,0
1985-12-30 06:00:00,1.1562,1.1562,0,0,0,0,0,0
1985-12-30 07:00:00,1.105,1.105,0,0,0,0,0,0
1985-12-30 08:00:00,1.3826,1.3826,0,0,0,0,0,0
1985-12-30 09:00:00,2.2376,2.2376,0,0,0,0,0,0
1985-12-30 10:00:00,1.813,1.813,0,0,0,0,0,0
1985-12-30 11:00:00,2.5253,2.5253,0,0,0,0,0,0
1985-12-30 12:00:00,2.5899,2.5899,0,0,0,0,0,0
1985-12-30 13:00:00,2.827,2.827,0,0,0,0,0,0
1985-12-30 14:00:00,2.8929,2.8929,0,0,0,0,0,0
1985-12-30 15:00:00,2.7893,2.7893,0,0,0,0,0,0
1985-12-30 16:00:00,2.8096,2.8096,0,0,0,0,0,0
1985-12-30 17:00:00,2.8704,2.8704,0,0,0,0,0,0
1985-12-30 18:00:00,3.1134,3.1134,0,0,0,0,0,0
1985-12-30 19:00:00,3.3143,3.3143,0,0,0,0,0,0
1985-12-30 20:00:00,3.4825,3.4825,0,0,0,0,0,0
1985-12-30 21:00:00,3.8325,3.8325,0,0,0,0,0,0
1985-12-30 22:00:00,2.7148,2.7148,0,0,0,0,0,0
1985-12-30 23:00:00,3.3008,3.3008,0,0,0,0,0,0
1985-12-31 00:00:00,4.4281,4.4281,0,0,0,0,0,0
1985-12-31 01:00:00,5.2592,5.2592,0,0,0,0,0,0
1985-12-31 02:00:00,5.4859,5.4859,0,0,0,0,0,0
1985-12-31 03:00:00,5.2599,5.2599,0,0,0,0,0,0
1985-12-31 04:00:00,5.0949,5.0949,0,0,0,0,0,0
1985-12-31 05:00:00,5.1085,5.1085,0,0,0,0,0,0
1985-12-31 06:00:00,5.0621,5.0621,0,0,0,0,0,0
1985-12-31 07:00:00,4.6876,4.6876,0,0,0,0,0,0
1985-12-31 08:00:00,3.9985,3.9985,0,0,0,0,0,0
1985-12-31 09:00:00,3.4017,3.4017,0,0,0,0,0,0
1985-12-31 10:00:00,3.1398,3.1398,0,0,0,0,0,0
1985-12-31 11:00:00,3.6332,3.6332,0,0,0,0,0,0
1985-12-31 12:00:00,4.6833,4.6833,0,0,0,0,0,0
1985-12-31 13:00:00,5.3792,5.3792,0,0,0,0,0,0
1985-12-31 14:00:00,5.9081,5.9081,0,0,0,0,0,0
1985-12-31 15:00:00,6.5168,6.5168,0,0,0,0,0,0
1985-12-31 16:00:00,6.8224,6.8224,0,0,0,0,0,0
1985-12-31 17:00:00,6.9698,6.9698,0,0,0,0,0,0
1985-12-31 18:00:00,6.7853,6.7853,0,0,0,0,0,0
1985-12-31 19:00:00,6.4661,6.4661,0,0,0,0,0,0
1985-12-31 20:00:00,6.02,6.02,0,0,0,0,0,0
1985-12-31 21:00:00,5.5921,5.5921,0,0,0,0,0,0
1985-12-31 22:00:00,5.3275,5.3275,0,0,0,0,0,0
1985-12-31 23:00:00,4.9759,4.9759,0,0,0,0,0,0
